competition_id,season_id,team_id,treatment,transition,memory_age,age_bucket,dimension,target,prior_mean,prior_sd,prior_source,realized,realized_variance,squared_error,log_score
eng-premier-league,2016-2017,burnley,current,eng-championship->eng-premier-league,2.0,recent_returner,attack,entry,-0.20669209889127066,0.1773255405154968,Championship promotion bridge,-0.4775753013030825,0.10551221891769184,0.07337770934887863,0.19277960247394124
eng-premier-league,2016-2017,burnley,current,eng-championship->eng-premier-league,2.0,recent_returner,attack,season,-0.20669209889127066,0.1773255405154968,Championship promotion bridge,-0.24509190150581292,0.022748593904326368,0.0014745448408358067,-0.5250591901814919
eng-premier-league,2016-2017,burnley,current,eng-championship->eng-premier-league,2.0,recent_returner,defense,entry,-0.2413551339981017,0.1734515310632313,Championship promotion bridge,0.06165510617368277,0.07111538381857739,0.0918152056489625,0.2272430856663558
eng-premier-league,2016-2017,burnley,current,eng-championship->eng-premier-league,2.0,recent_returner,defense,season,-0.2413551339981017,0.1734515310632313,Championship promotion bridge,-0.05666251257327373,0.01683937684075646,0.034111364408774825,-0.24719751079433755
eng-premier-league,2016-2017,hull-city,current,eng-championship->eng-premier-league,2.0,recent_returner,attack,entry,-0.20669209889127066,0.1773255405154968,Championship promotion bridge,-0.42945062732513695,0.10605071700594619,0.049621361990021616,0.10730269768437234
eng-premier-league,2016-2017,hull-city,current,eng-championship->eng-premier-league,2.0,recent_returner,attack,season,-0.20669209889127066,0.1773255405154968,Championship promotion bridge,-0.27167781322411133,0.023840229688267107,0.004223143067349573,-0.4904975338192159
eng-premier-league,2016-2017,hull-city,current,eng-championship->eng-premier-league,2.0,recent_returner,defense,entry,-0.2413551339981017,0.1734515310632313,Championship promotion bridge,-0.4728629658559302,0.04250410912933166,0.05359587621151258,-0.02335789032588531
eng-premier-league,2016-2017,hull-city,current,eng-championship->eng-premier-league,2.0,recent_returner,defense,season,-0.2413551339981017,0.1734515310632313,Championship promotion bridge,-0.4219566334665896,0.012109399393535215,0.03261690161026624,-0.27728671583585546
eng-premier-league,2016-2017,middlesbrough,current,eng-championship->eng-premier-league,,no_target_history,attack,entry,-0.20669209889127066,0.1773255405154968,Championship promotion bridge,-0.38499147796496536,0.09629280891773628,0.031790668578065076,0.014486064690769074
eng-premier-league,2016-2017,middlesbrough,current,eng-championship->eng-premier-league,,no_target_history,attack,season,-0.20669209889127066,0.1773255405154968,Championship promotion bridge,-0.5855751074149362,0.030910997762049985,0.14355233414794405,0.6825684213380461
eng-premier-league,2016-2017,middlesbrough,current,eng-championship->eng-premier-league,,no_target_history,defense,entry,-0.2413551339981017,0.1734515310632313,Championship promotion bridge,0.17995489718802796,0.08210211026568487,0.17750214237805753,0.6162424683403785
eng-premier-league,2016-2017,middlesbrough,current,eng-championship->eng-premier-league,,no_target_history,defense,season,-0.2413551339981017,0.1734515310632313,Championship promotion bridge,-0.010176505831446017,0.01737836192138434,0.05344355812101685,-0.041962613272691685
eng-premier-league,2016-2017,burnley,population,eng-championship->eng-premier-league,2.0,recent_returner,attack,entry,0.001086418083820347,0.40026014447338604,eng-championship->eng-premier-league population,-0.4775753013030825,0.10551221891769184,0.22911704160642615,0.6874075059284355
eng-premier-league,2016-2017,burnley,population,eng-championship->eng-premier-league,2.0,recent_returner,attack,season,0.001086418083820347,0.40026014447338604,eng-championship->eng-premier-league population,-0.24509190150581292,0.022748593904326368,0.060603765035975615,0.23530903706771894
eng-premier-league,2016-2017,burnley,population,eng-championship->eng-premier-league,2.0,recent_returner,defense,entry,-0.001086418083820347,0.40026014447338604,eng-championship->eng-premier-league population,0.06165510617368277,0.07111538381857739,0.003936498866154853,0.19547826261782159
eng-premier-league,2016-2017,burnley,population,eng-championship->eng-premier-league,2.0,recent_returner,defense,season,-0.001086418083820347,0.40026014447338604,eng-championship->eng-premier-league population,-0.05666251257327373,0.01683937684075646,0.003088702278700651,0.06199289635639292
eng-premier-league,2016-2017,hull-city,population,eng-championship->eng-premier-league,2.0,recent_returner,attack,entry,0.001086418083820347,0.40026014447338604,eng-championship->eng-premier-league population,-0.42945062732513695,0.10605071700594619,0.18536214746947458,0.6053817596688519
eng-premier-league,2016-2017,hull-city,population,eng-championship->eng-premier-league,2.0,recent_returner,attack,season,0.001086418083820347,0.40026014447338604,eng-championship->eng-premier-league population,-0.27167781322411133,0.023840229688267107,0.07440032588100687,0.2747819297214681
eng-premier-league,2016-2017,hull-city,population,eng-championship->eng-premier-league,2.0,recent_returner,defense,entry,-0.001086418083820347,0.40026014447338604,eng-championship->eng-premier-league population,-0.4728629658559302,0.04250410912933166,0.2225731110277698,0.6699424428990612
eng-premier-league,2016-2017,hull-city,population,eng-championship->eng-premier-league,2.0,recent_returner,defense,season,-0.001086418083820347,0.40026014447338604,eng-championship->eng-premier-league population,-0.4219566334665896,0.012109399393535215,0.17713173819633857,0.5536993322265901
eng-premier-league,2016-2017,middlesbrough,population,eng-championship->eng-premier-league,,no_target_history,attack,entry,0.001086418083820347,0.40026014447338604,eng-championship->eng-premier-league population,-0.38499147796496536,0.09629280891773628,0.149056141817457,0.529183817486867
eng-premier-league,2016-2017,middlesbrough,population,eng-championship->eng-premier-league,,no_target_history,attack,season,0.001086418083820347,0.40026014447338604,eng-championship->eng-premier-league population,-0.5855751074149362,0.030910997762049985,0.34417174550052826,0.9919208157952326
eng-premier-league,2016-2017,middlesbrough,population,eng-championship->eng-premier-league,,no_target_history,defense,entry,-0.001086418083820347,0.40026014447338604,eng-championship->eng-premier-league population,0.17995489718802796,0.08210211026568487,0.032775957835360775,0.2778026512679676
eng-premier-league,2016-2017,middlesbrough,population,eng-championship->eng-premier-league,,no_target_history,defense,season,-0.001086418083820347,0.40026014447338604,eng-championship->eng-premier-league population,-0.010176505831446017,0.01737836192138434,8.262969525953432e-05,0.05502257425514081
eng-premier-league,2016-2017,burnley,transition,eng-championship->eng-premier-league,2.0,recent_returner,attack,entry,-0.16670116885236144,0.08690726665038509,transition entry prior,-0.4775753013030825,0.10551221891769184,0.09664272622698845,0.2564192362203481
eng-premier-league,2016-2017,burnley,transition,eng-championship->eng-premier-league,2.0,recent_returner,attack,season,-0.16670116885236144,0.08690726665038509,transition entry prior,-0.24509190150581292,0.022748593904326368,0.006145106965944904,-0.727941547959977
eng-premier-league,2016-2017,burnley,transition,eng-championship->eng-premier-league,2.0,recent_returner,defense,entry,-0.16813345730768162,0.11156845261709014,transition entry prior,0.06165510617368277,0.07111538381857739,0.052802783906829034,-0.006192943391845174
eng-premier-league,2016-2017,burnley,transition,eng-championship->eng-premier-league,2.0,recent_returner,defense,season,-0.16813345730768162,0.11156845261709014,transition entry prior,-0.05666251257327373,0.01683937684075646,0.012425771519981416,-0.634230252943315
eng-premier-league,2016-2017,hull-city,transition,eng-championship->eng-premier-league,2.0,recent_returner,attack,entry,-0.16670116885236144,0.08690726665038509,transition entry prior,-0.42945062732513695,0.10605071700594619,0.0690372779277368,0.13527010379875004
eng-premier-league,2016-2017,hull-city,transition,eng-championship->eng-premier-league,2.0,recent_returner,attack,season,-0.16670116885236144,0.08690726665038509,transition entry prior,-0.27167781322411133,0.023840229688267107,0.011020095863552848,-0.6361272140682931
eng-premier-league,2016-2017,hull-city,transition,eng-championship->eng-premier-league,2.0,recent_returner,defense,entry,-0.16813345730768162,0.11156845261709014,transition entry prior,-0.4728629658559302,0.04250410912933166,0.09286007338005708,0.3132131323344397
eng-premier-league,2016-2017,hull-city,transition,eng-championship->eng-premier-league,2.0,recent_returner,defense,season,-0.16813345730768162,0.11156845261709014,transition entry prior,-0.4219566334665896,0.012109399393535215,0.06442620475539607,0.37733067919188323
eng-premier-league,2016-2017,middlesbrough,transition,eng-championship->eng-premier-league,,no_target_history,attack,entry,-0.16670116885236144,0.08690726665038509,transition entry prior,-0.38499147796496536,0.09629280891773628,0.04765065905247617,0.015944020223106703
eng-premier-league,2016-2017,middlesbrough,transition,eng-championship->eng-premier-league,,no_target_history,attack,season,-0.16670116885236144,0.08690726665038509,transition entry prior,-0.5855751074149362,0.030910997762049985,0.1754553764069237,1.570702170457217
eng-premier-league,2016-2017,middlesbrough,transition,eng-championship->eng-premier-league,,no_target_history,defense,entry,-0.16813345730768162,0.11156845261709014,transition entry prior,0.17995489718802796,0.08210211026568487,0.12116550253553078,0.3803741369705296
eng-premier-league,2016-2017,middlesbrough,transition,eng-championship->eng-premier-league,,no_target_history,defense,season,-0.16813345730768162,0.11156845261709014,transition entry prior,-0.010176505831446017,0.01737836192138434,0.024950398519665844,-0.41898326508470163
eng-premier-league,2016-2017,burnley,source,eng-championship->eng-premier-league,2.0,recent_returner,attack,entry,-0.16388997398434077,0.09489211772266058,source entry prior,-0.4775753013030825,0.10551221891769184,0.09839848457506616,0.26504628998878826
eng-premier-league,2016-2017,burnley,source,eng-championship->eng-premier-league,2.0,recent_returner,attack,season,-0.16388997398434077,0.09489211772266058,source entry prior,-0.24509190150581292,0.022748593904326368,0.0065937530332024165,-0.7021153355507278
eng-premier-league,2016-2017,burnley,source,eng-championship->eng-premier-league,2.0,recent_returner,defense,entry,-0.20003704219241167,0.12271817576573395,source entry prior,0.06165510617368277,0.07111538381857739,0.06848278051646199,0.09059825555135997
eng-premier-league,2016-2017,burnley,source,eng-championship->eng-premier-league,2.0,recent_returner,defense,season,-0.20003704219241167,0.12271817576573395,source entry prior,-0.05666251257327373,0.01683937684075646,0.020556255743509062,-0.4814425984985945
eng-premier-league,2016-2017,hull-city,source,eng-championship->eng-premier-league,2.0,recent_returner,attack,entry,-0.17301512036239042,0.09528157929548568,source entry prior,-0.42945062732513695,0.10605071700594619,0.06575916923124082,0.12367714004586167
eng-premier-league,2016-2017,hull-city,source,eng-championship->eng-premier-league,2.0,recent_returner,attack,season,-0.17301512036239042,0.09528157929548568,source entry prior,-0.27167781322411133,0.023840229688267107,0.009734326962726275,-0.6400634360386517
eng-premier-league,2016-2017,hull-city,source,eng-championship->eng-premier-league,2.0,recent_returner,defense,entry,-0.20053278644242573,0.12287400519984785,source entry prior,-0.4728629658559302,0.04250410912933166,0.07416372661939152,0.1355992095714479
eng-premier-league,2016-2017,hull-city,source,eng-championship->eng-premier-league,2.0,recent_returner,defense,season,-0.20053278644242573,0.12287400519984785,source entry prior,-0.4219566334665896,0.012109399393535215,0.049028520030980335,0.017819518891766806
eng-premier-league,2016-2017,middlesbrough,source,eng-championship->eng-premier-league,,no_target_history,attack,entry,-0.1930701871523283,0.1001448267404301,source entry prior,-0.38499147796496536,0.09629280891773628,0.03683378186718881,-0.028485559565281315
eng-premier-league,2016-2017,middlesbrough,source,eng-championship->eng-premier-league,,no_target_history,attack,season,-0.1930701871523283,0.1001448267404301,source entry prior,-0.5855751074149362,0.030910997762049985,0.15406011243035625,1.2026505461270105
eng-premier-league,2016-2017,middlesbrough,source,eng-championship->eng-premier-league,,no_target_history,defense,entry,-0.2272496030272427,0.1353830021219,source entry prior,0.17995489718802796,0.08210211026568487,0.16581550499556835,0.5953169693812568
eng-premier-league,2016-2017,middlesbrough,source,eng-championship->eng-premier-league,,no_target_history,defense,season,-0.2272496030272427,0.1353830021219,source entry prior,-0.010176505831446017,0.01737836192138434,0.04712072952617579,-0.0874405529280553
eng-premier-league,2016-2017,burnley,memory,eng-championship->eng-premier-league,2.0,recent_returner,attack,entry,-0.14563811041656197,0.14135281014667553,memory entry prior,-0.4775753013030825,0.10551221891769184,0.11018229869363436,0.32018359148504255
eng-premier-league,2016-2017,burnley,memory,eng-championship->eng-premier-league,2.0,recent_returner,attack,season,-0.14563811041656197,0.14135281014667553,memory entry prior,-0.24509190150581292,0.022748593904326368,0.009891056562024372,-0.5417565592509835
eng-premier-league,2016-2017,burnley,memory,eng-championship->eng-premier-league,2.0,recent_returner,defense,entry,-0.20067472734667077,0.13424543865579486,memory entry prior,0.06165510617368277,0.07111538381857739,0.06881694155481641,0.0961662571129071
eng-premier-league,2016-2017,burnley,memory,eng-championship->eng-premier-league,2.0,recent_returner,defense,season,-0.20067472734667077,0.13424543865579486,memory entry prior,-0.05666251257327373,0.01683937684075646,0.020739518003939035,-0.4617933258640203
eng-premier-league,2016-2017,hull-city,memory,eng-championship->eng-premier-league,2.0,recent_returner,attack,entry,-0.16221393910825752,0.12116329172845014,memory entry prior,-0.42945062732513695,0.10605071700594619,0.07141544752912561,0.1576064761940492
eng-premier-league,2016-2017,hull-city,memory,eng-championship->eng-premier-league,2.0,recent_returner,attack,season,-0.16221393910825752,0.12116329172845014,memory entry prior,-0.27167781322411133,0.023840229688267107,0.011982339736451492,-0.5538093958430689
eng-premier-league,2016-2017,hull-city,memory,eng-championship->eng-premier-league,2.0,recent_returner,defense,entry,-0.19893282383714742,0.13355193401450433,memory entry prior,-0.4728629658559302,0.04250410912933166,0.07503772270643048,0.13684892423239514
eng-premier-league,2016-2017,hull-city,memory,eng-championship->eng-premier-league,2.0,recent_returner,defense,season,-0.19893282383714742,0.13355193401450433,memory entry prior,-0.4219566334665896,0.012109399393535215,0.04973961966162968,-0.004747371669606371
eng-premier-league,2016-2017,middlesbrough,memory,eng-championship->eng-premier-league,,no_target_history,attack,entry,-0.19880761620397933,0.1058452491184195,memory entry prior,-0.38499147796496536,0.09629280891773628,0.03466443038023396,-0.03497629835485025
eng-premier-league,2016-2017,middlesbrough,memory,eng-championship->eng-premier-league,,no_target_history,attack,season,-0.19880761620397933,0.1058452491184195,memory entry prior,-0.5855751074149362,0.030910997762049985,0.1495890922576176,1.11124645761547
eng-premier-league,2016-2017,middlesbrough,memory,eng-championship->eng-premier-league,,no_target_history,defense,entry,-0.2227127154630442,0.13641425614394223,memory entry prior,0.17995489718802796,0.08210211026568487,0.16214120627811388,0.5761711358475765
eng-premier-league,2016-2017,middlesbrough,memory,eng-championship->eng-premier-league,,no_target_history,defense,season,-0.2227127154630442,0.13641425614394223,memory entry prior,-0.010176505831446017,0.01737836192138434,0.04517164040456664,-0.11575044248609223
eng-premier-league,2017-2018,brighton-hove-albion,current,eng-championship->eng-premier-league,,no_target_history,attack,entry,-0.23888878141836214,0.1642367664548845,Championship promotion bridge,-0.25707795064650063,0.08883299950344302,0.00033084587720986,-0.15754939082535424
eng-premier-league,2017-2018,brighton-hove-albion,current,eng-championship->eng-premier-league,,no_target_history,attack,season,-0.23888878141836214,0.1642367664548845,Championship promotion bridge,-0.31646222890529907,0.025694579236981378,0.006017639755008561,-0.4958045529846173
eng-premier-league,2017-2018,brighton-hove-albion,current,eng-championship->eng-premier-league,,no_target_history,defense,entry,-0.22588282751392194,0.1696134525744185,Championship promotion bridge,0.18479033326973904,0.0820695287033022,0.1686524449880427,0.5799012024095952
eng-premier-league,2017-2018,brighton-hove-albion,current,eng-championship->eng-premier-league,,no_target_history,defense,season,-0.22588282751392194,0.1696134525744185,Championship promotion bridge,-0.07031182211374522,0.017153701283442038,0.024202337721221812,-0.3579490480286091
eng-premier-league,2017-2018,huddersfield-town,current,eng-championship->eng-premier-league,,no_target_history,attack,entry,-0.23888878141836214,0.1642367664548845,Championship promotion bridge,-0.46131989386488464,0.11818487098272669,0.049475599784197535,0.12439344505244687
eng-premier-league,2017-2018,huddersfield-town,current,eng-championship->eng-premier-league,,no_target_history,attack,season,-0.23888878141836214,0.1642367664548845,Championship promotion bridge,-0.49107537751990604,0.030191747974017583,0.06359807925328324,0.04429898883173655
eng-premier-league,2017-2018,huddersfield-town,current,eng-championship->eng-premier-league,,no_target_history,defense,entry,-0.22588282751392194,0.1696134525744185,Championship promotion bridge,0.00014101864275652796,0.07142785195294733,0.05108677903145786,0.023560658615236818
eng-premier-league,2017-2018,huddersfield-town,current,eng-championship->eng-premier-league,,no_target_history,defense,season,-0.22588282751392194,0.1696134525744185,Championship promotion bridge,-0.13411494866486476,0.016103885719186143,0.008421343588455237,-0.5391891980911302
eng-premier-league,2017-2018,newcastle-united,current,eng-championship->eng-premier-league,2.0,recent_returner,attack,entry,-0.23888878141836214,0.1642367664548845,Championship promotion bridge,-0.23441356651038409,0.08901221181504165,2.0027548472589065e-05,-0.15811833661535604
eng-premier-league,2017-2018,newcastle-united,current,eng-championship->eng-premier-league,2.0,recent_returner,attack,season,-0.23888878141836214,0.1642367664548845,Championship promotion bridge,-0.19436259035273523,0.022860304802597,0.001982581690812714,-0.5606983122403216
eng-premier-league,2017-2018,newcastle-united,current,eng-championship->eng-premier-league,2.0,recent_returner,defense,entry,-0.22588282751392194,0.1696134525744185,Championship promotion bridge,0.18981756432259225,0.09813718387866728,0.17280681577303145,0.5676300808992647
eng-premier-league,2017-2018,newcastle-united,current,eng-championship->eng-premier-league,2.0,recent_returner,defense,season,-0.22588282751392194,0.1696134525744185,Championship promotion bridge,0.05886599672913033,0.019370333157758848,0.08108189290780067,0.24427110587735124
eng-premier-league,2017-2018,brighton-hove-albion,population,eng-championship->eng-premier-league,,no_target_history,attack,entry,0.003233246035351521,0.400248700486064,eng-championship->eng-premier-league population,-0.25707795064650063,0.08883299950344302,0.06776191911793791,0.3599022528844502
eng-premier-league,2017-2018,brighton-hove-albion,population,eng-championship->eng-premier-league,,no_target_history,attack,season,0.003233246035351521,0.400248700486064,eng-championship->eng-premier-league population,-0.31646222890529907,0.025694579236981378,0.10220519669752814,0.35255053742881454
eng-premier-league,2017-2018,brighton-hove-albion,population,eng-championship->eng-premier-league,,no_target_history,defense,entry,-0.003233246035351521,0.400248700486064,eng-championship->eng-premier-league population,0.18479033326973904,0.0820695287033022,0.03535286637469768,0.28304645165874
eng-premier-league,2017-2018,brighton-hove-albion,population,eng-championship->eng-premier-league,,no_target_history,defense,season,-0.003233246035351521,0.400248700486064,eng-championship->eng-premier-league population,-0.07031182211374522,0.017153701283442038,0.004499535368704851,0.06681643547854259
eng-premier-league,2017-2018,huddersfield-town,population,eng-championship->eng-premier-league,,no_target_history,attack,entry,0.003233246035351521,0.400248700486064,eng-championship->eng-premier-league population,-0.46131989386488464,0.11818487098272669,0.2158096197911684,0.667172970899288
eng-premier-league,2017-2018,huddersfield-town,population,eng-championship->eng-premier-league,,no_target_history,attack,season,0.003233246035351521,0.400248700486064,eng-championship->eng-premier-league population,-0.49107537751990604,0.030191747974017583,0.24434101532109334,0.7312831484411694
eng-premier-league,2017-2018,huddersfield-town,population,eng-championship->eng-premier-league,,no_target_history,defense,entry,-0.003233246035351521,0.400248700486064,eng-championship->eng-premier-league population,0.00014101864275652796,0.07142785195294733,1.1385662117927616e-05,0.18764935934316457
eng-premier-league,2017-2018,huddersfield-town,population,eng-championship->eng-premier-league,,no_target_history,defense,season,-0.003233246035351521,0.400248700486064,eng-championship->eng-premier-league population,-0.13411494866486476,0.016103885719186143,0.01713002008320033,0.09974390374368326
eng-premier-league,2017-2018,newcastle-united,population,eng-championship->eng-premier-league,2.0,recent_returner,attack,entry,0.003233246035351521,0.400248700486064,eng-championship->eng-premier-league population,-0.23441356651038409,0.08901221181504165,0.056476007513148,0.33752084067136806
eng-premier-league,2017-2018,newcastle-united,population,eng-championship->eng-premier-league,2.0,recent_returner,attack,season,0.003233246035351521,0.400248700486064,eng-championship->eng-premier-league population,-0.19436259035273523,0.022860304802597,0.03904411455790755,0.17660937537772914
eng-premier-league,2017-2018,newcastle-united,population,eng-championship->eng-premier-league,2.0,recent_returner,defense,entry,-0.003233246035351521,0.400248700486064,eng-championship->eng-premier-league population,0.18981756432259225,0.09813718387866728,0.037268615379858774,0.3143238260763047
eng-premier-league,2017-2018,newcastle-united,population,eng-championship->eng-premier-league,2.0,recent_returner,defense,season,-0.003233246035351521,0.400248700486064,eng-championship->eng-premier-league population,0.05886599672913033,0.019370333157758848,0.0038563159519220515,0.07107932921868619
eng-premier-league,2017-2018,brighton-hove-albion,transition,eng-championship->eng-premier-league,,no_target_history,attack,entry,-0.19540424444274443,0.090533583722894,transition entry prior,-0.25707795064650063,0.08883299950344302,0.0038036460369072363,-0.22783196161304461
eng-premier-league,2017-2018,brighton-hove-albion,transition,eng-championship->eng-premier-league,,no_target_history,attack,season,-0.19540424444274443,0.090533583722894,transition entry prior,-0.31646222890529907,0.025694579236981378,0.01465503560213612,-0.5571567538916997
eng-premier-league,2017-2018,brighton-hove-albion,transition,eng-championship->eng-premier-league,,no_target_history,defense,entry,-0.16851980301154398,0.11952159725307722,transition entry prior,0.18479033326973904,0.0820695287033022,0.1248280523990988,0.3968314059904189
eng-premier-league,2017-2018,brighton-hove-albion,transition,eng-championship->eng-premier-league,,no_target_history,defense,season,-0.16851980301154398,0.11952159725307722,transition entry prior,-0.07031182211374522,0.017153701283442038,0.009644807512022407,-0.6575240526420865
eng-premier-league,2017-2018,huddersfield-town,transition,eng-championship->eng-premier-league,,no_target_history,attack,entry,-0.19540424444274443,0.090533583722894,transition entry prior,-0.46131989386488464,0.11818487098272669,0.07071113260759856,0.16446563090210525
eng-premier-league,2017-2018,huddersfield-town,transition,eng-championship->eng-premier-league,,no_target_history,attack,season,-0.19540424444274443,0.090533583722894,transition entry prior,-0.49107537751990604,0.030191747974017583,0.08742141893513262,0.4275876110632316
eng-premier-league,2017-2018,huddersfield-town,transition,eng-championship->eng-premier-league,,no_target_history,defense,entry,-0.16851980301154398,0.11952159725307722,transition entry prior,0.00014101864275652796,0.07142785195294733,0.028446472761103767,-0.14349557683195716
eng-premier-league,2017-2018,huddersfield-town,transition,eng-championship->eng-premier-league,,no_target_history,defense,season,-0.16851980301154398,0.11952159725307722,transition entry prior,-0.13411494866486476,0.016103885719186143,0.0011836940026162125,-0.8084183464220266
eng-premier-league,2017-2018,newcastle-united,transition,eng-championship->eng-premier-league,2.0,recent_returner,attack,entry,-0.19540424444274443,0.090533583722894,transition entry prior,-0.23441356651038409,0.08901221181504165,0.0015217272081768382,-0.23868268719248847
eng-premier-league,2017-2018,newcastle-united,transition,eng-championship->eng-premier-league,2.0,recent_returner,attack,season,-0.19540424444274443,0.090533583722894,transition entry prior,-0.19436259035273523,0.022860304802597,1.0850432432328894e-06,-0.8170154076194309
eng-premier-league,2017-2018,newcastle-united,transition,eng-championship->eng-premier-league,2.0,recent_returner,defense,entry,-0.16851980301154398,0.11952159725307722,transition entry prior,0.18981756432259225,0.09813718387866728,0.12840566882795967,0.39727815639654734
eng-premier-league,2017-2018,newcastle-united,transition,eng-championship->eng-premier-league,2.0,recent_returner,defense,season,-0.16851980301154398,0.11952159725307722,transition entry prior,0.05886599672913033,0.019370333157758848,0.051704301923706036,-0.008712364769064784
eng-premier-league,2017-2018,brighton-hove-albion,source,eng-championship->eng-premier-league,,no_target_history,attack,entry,-0.20104299876175327,0.0963860528831844,source entry prior,-0.25707795064650063,0.08883299950344302,0.0031399158327259516,-0.22582697696825846
eng-premier-league,2017-2018,brighton-hove-albion,source,eng-championship->eng-premier-league,,no_target_history,attack,season,-0.20104299876175327,0.0963860528831844,source entry prior,-0.31646222890529907,0.025694579236981378,0.01332159868692879,-0.5670905824262814
eng-premier-league,2017-2018,brighton-hove-albion,source,eng-championship->eng-premier-league,,no_target_history,defense,entry,-0.18060557550948428,0.1227915659786443,source entry prior,0.18479033326973904,0.0820695287033022,0.1335141701525945,0.4403489498970059
eng-premier-league,2017-2018,brighton-hove-albion,source,eng-championship->eng-premier-league,,no_target_history,defense,season,-0.18060557550948428,0.1227915659786443,source entry prior,-0.07031182211374522,0.017153701283442038,0.012164712038120102,-0.6097588408160132
eng-premier-league,2017-2018,huddersfield-town,source,eng-championship->eng-premier-league,,no_target_history,attack,entry,-0.2762093244616939,0.12106216937950205,source entry prior,-0.46131989386488464,0.11818487098272669,0.0342659229047735,0.03861057732543241
eng-premier-league,2017-2018,huddersfield-town,source,eng-championship->eng-premier-league,,no_target_history,attack,season,-0.2762093244616939,0.12106216937950205,source entry prior,-0.49107537751990604,0.030191747974017583,0.046167420756814445,-0.11858962496705572
eng-premier-league,2017-2018,huddersfield-town,source,eng-championship->eng-premier-league,,no_target_history,defense,entry,-0.12384869607670881,0.133707940045174,source entry prior,0.00014101864275652796,0.07142785195294733,0.015373449356214399,-0.20283455981325405
eng-premier-league,2017-2018,huddersfield-town,source,eng-championship->eng-premier-league,,no_target_history,defense,season,-0.12384869607670881,0.133707940045174,source entry prior,-0.13411494866486476,0.016103885719186143,0.00010539594220381862,-0.7704772744643383
eng-premier-league,2017-2018,newcastle-united,source,eng-championship->eng-premier-league,2.0,recent_returner,attack,entry,-0.1615162724468668,0.09983785896647614,source entry prior,-0.23441356651038409,0.08901221181504165,0.005314015481782911,-0.21063722523728956
eng-premier-league,2017-2018,newcastle-united,source,eng-championship->eng-premier-league,2.0,recent_returner,attack,season,-0.1615162724468668,0.09983785896647614,source entry prior,-0.19436259035273523,0.022860304802597,0.0010788805999733726,-0.7728673089164273
eng-premier-league,2017-2018,newcastle-united,source,eng-championship->eng-premier-league,2.0,recent_returner,defense,entry,-0.1793761581724809,0.12255475620832007,source entry prior,0.18981756432259225,0.09813718387866728,0.13630400472976908,0.43172741629699407
eng-premier-league,2017-2018,newcastle-united,source,eng-championship->eng-premier-league,2.0,recent_returner,defense,season,-0.1793761581724809,0.12255475620832007,source entry prior,0.05886599672913033,0.019370333157758848,0.056759324372163314,0.059173864730849846
eng-premier-league,2017-2018,brighton-hove-albion,memory,eng-championship->eng-premier-league,,no_target_history,attack,entry,-0.20320316270173247,0.10290664862147063,memory entry prior,-0.25707795064650063,0.08883299950344302,0.0029024927760937366,-0.22065176657117597
eng-premier-league,2017-2018,brighton-hove-albion,memory,eng-championship->eng-premier-league,,no_target_history,attack,season,-0.20320316270173247,0.10290664862147063,memory entry prior,-0.31646222890529907,0.025694579236981378,0.012827616077303882,-0.5624806441118559
eng-premier-league,2017-2018,brighton-hove-albion,memory,eng-championship->eng-premier-league,,no_target_history,defense,entry,-0.1754403110835502,0.1214388716420302,memory entry prior,0.18479033326973904,0.0820695287033022,0.12976611713118594,0.4216341560948515
eng-premier-league,2017-2018,brighton-hove-albion,memory,eng-championship->eng-premier-league,,no_target_history,defense,season,-0.1754403110835502,0.1214388716420302,memory entry prior,-0.07031182211374522,0.017153701283442038,0.01105199919307441,-0.630395997539998
eng-premier-league,2017-2018,huddersfield-town,memory,eng-championship->eng-premier-league,,no_target_history,attack,entry,-0.27895453655648117,0.1269094751505328,memory entry prior,-0.46131989386488464,0.11818487098272669,0.03325712354622167,0.03888995894447336
eng-premier-league,2017-2018,huddersfield-town,memory,eng-championship->eng-premier-league,,no_target_history,attack,season,-0.27895453655648117,0.1269094751505328,memory entry prior,-0.49107537751990604,0.030191747974017583,0.044995251171030586,-0.13145896614387437
eng-premier-league,2017-2018,huddersfield-town,memory,eng-championship->eng-premier-league,,no_target_history,defense,entry,-0.11838965422325884,0.1331166851178167,memory entry prior,0.00014101864275652796,0.07142785195294733,0.01404952041007035,-0.2109917521336685
eng-premier-league,2017-2018,huddersfield-town,memory,eng-championship->eng-premier-league,,no_target_history,defense,season,-0.11838965422325884,0.1331166851178167,memory entry prior,-0.13411494866486476,0.016103885719186143,0.000247284885275202,-0.7706992526378104
eng-premier-league,2017-2018,newcastle-united,memory,eng-championship->eng-premier-league,2.0,recent_returner,attack,entry,-0.1618007394285935,0.10788888060617538,memory entry prior,-0.23441356651038409,0.08901221181504165,0.0052726226568100215,-0.202911208893736
eng-premier-league,2017-2018,newcastle-united,memory,eng-championship->eng-premier-league,2.0,recent_returner,attack,season,-0.1618007394285935,0.10788888060617538,memory entry prior,-0.19436259035273523,0.022860304802597,0.0010602741356060302,-0.7490887224786954
eng-premier-league,2017-2018,newcastle-united,memory,eng-championship->eng-premier-league,2.0,recent_returner,defense,entry,-0.19372227561922203,0.15035674997925325,memory entry prior,0.18981756432259225,0.09813718387866728,0.14710280882259252,0.47104852076252973
eng-premier-league,2017-2018,newcastle-united,memory,eng-championship->eng-premier-league,2.0,recent_returner,defense,season,-0.19372227561922203,0.15035674997925325,memory entry prior,0.05886599672913033,0.019370333157758848,0.06380083532792542,0.09356872929309157
eng-premier-league,2018-2019,cardiff-city,current,eng-championship->eng-premier-league,5.0,stale_history,attack,entry,-0.24593384960262382,0.15599960239057983,Championship promotion bridge,-0.33527001872292633,0.0967560594148429,0.007980951113091292,-0.10370998112564493
eng-premier-league,2018-2019,cardiff-city,current,eng-championship->eng-premier-league,5.0,stale_history,attack,season,-0.24593384960262382,0.15599960239057983,Championship promotion bridge,-0.3699576628824705,0.025564191564093328,0.015381906260474275,-0.4258008197346724
eng-premier-league,2018-2019,cardiff-city,current,eng-championship->eng-premier-league,5.0,stale_history,defense,entry,-0.1904831337996195,0.1718863479845241,Championship promotion bridge,-0.43111981526539017,0.04242882954819774,0.057906012466858774,0.00548337126864018
eng-premier-league,2018-2019,cardiff-city,current,eng-championship->eng-premier-league,5.0,stale_history,defense,season,-0.1904831337996195,0.1718863479845241,Championship promotion bridge,-0.2722588249408629,0.013798372016323609,0.0066872636616280325,-0.5732201577767231
eng-premier-league,2018-2019,fulham,current,eng-championship->eng-premier-league,5.0,stale_history,attack,entry,-0.24593384960262382,0.15599960239057983,Championship promotion bridge,-0.19899673067506118,0.08197395425850422,0.002203093133220159,-0.1913985653588151
eng-premier-league,2018-2019,fulham,current,eng-championship->eng-premier-league,5.0,stale_history,attack,season,-0.24593384960262382,0.15599960239057983,Championship promotion bridge,-0.3590210254719577,0.02558904023512749,0.012788709346101648,-0.45159957877246903
eng-premier-league,2018-2019,fulham,current,eng-championship->eng-premier-league,5.0,stale_history,defense,entry,-0.1904831337996195,0.1718863479845241,Championship promotion bridge,-0.6606026431254227,0.03528656546245927,0.22101235304873398,1.2554706720111446
eng-premier-league,2018-2019,fulham,current,eng-championship->eng-premier-league,5.0,stale_history,defense,season,-0.1904831337996195,0.1718863479845241,Championship promotion bridge,-0.43027818492445824,0.011983449355553243,0.05750166654396402,0.020567201068008356
eng-premier-league,2018-2019,wolverhampton-wanderers,current,eng-championship->eng-premier-league,7.0,stale_history,attack,entry,-0.24593384960262382,0.15599960239057983,Championship promotion bridge,-0.3509076620593672,0.09660988510847607,0.011019501301703528,-0.09171246172736353
eng-premier-league,2018-2019,wolverhampton-wanderers,current,eng-championship->eng-premier-league,7.0,stale_history,attack,season,-0.24593384960262382,0.15599960239057983,Championship promotion bridge,-0.08496920655288283,0.019340935282299066,0.025909616312130537,-0.3499243544618187
eng-premier-league,2018-2019,wolverhampton-wanderers,current,eng-championship->eng-premier-league,7.0,stale_history,defense,entry,-0.1904831337996195,0.1718863479845241,Championship promotion bridge,0.37190422215027796,0.0964143110639603,0.31627953813231674,1.1385238201137151
eng-premier-league,2018-2019,wolverhampton-wanderers,current,eng-championship->eng-premier-league,7.0,stale_history,defense,season,-0.1904831337996195,0.1718863479845241,Championship promotion bridge,0.1094363371252092,0.01970091610705702,0.08995168903982918,0.3267656634626187
eng-premier-league,2018-2019,cardiff-city,population,eng-championship->eng-premier-league,5.0,stale_history,attack,entry,0.007951655508851487,0.40023425216306724,eng-championship->eng-premier-league population,-0.33527001872292633,0.0967560594148429,0.11780111766246461,0.4687244687169691
eng-premier-league,2018-2019,cardiff-city,population,eng-championship->eng-premier-league,5.0,stale_history,attack,season,0.007951655508851487,0.40023425216306724,eng-championship->eng-premier-league population,-0.3699576628824705,0.025564191564093328,0.14281545292699357,0.46169197478901886
eng-premier-league,2018-2019,cardiff-city,population,eng-championship->eng-premier-league,5.0,stale_history,defense,entry,-0.007951655508851487,0.40023425216306724,eng-championship->eng-premier-league population,-0.43111981526539017,0.04242882954819774,0.17907129143173547,0.5626154569137989
eng-premier-league,2018-2019,cardiff-city,population,eng-championship->eng-premier-league,5.0,stale_history,defense,season,-0.007951655508851487,0.40023425216306724,eng-championship->eng-premier-league population,-0.2722588249408629,0.013798372016323609,0.069858279813162,0.24530635339988927
eng-premier-league,2018-2019,fulham,population,eng-championship->eng-premier-league,5.0,stale_history,attack,entry,0.007951655508851487,0.40023425216306724,eng-championship->eng-premier-league population,-0.19899673067506118,0.08197395425850422,0.04282763454412586,0.2982910071320916
eng-premier-league,2018-2019,fulham,population,eng-championship->eng-premier-league,5.0,stale_history,attack,season,0.007951655508851487,0.40023425216306724,eng-championship->eng-premier-league population,-0.3590210254719577,0.02558904023512749,0.13466894858624273,0.4397818863578947
eng-premier-league,2018-2019,fulham,population,eng-championship->eng-premier-league,5.0,stale_history,defense,entry,-0.007951655508851487,0.40023425216306724,eng-championship->eng-premier-league population,-0.6606026431254227,0.03528656546245927,0.4259533116368858,1.1923140756072208
eng-premier-league,2018-2019,fulham,population,eng-championship->eng-premier-league,5.0,stale_history,defense,season,-0.007951655508851487,0.40023425216306724,eng-championship->eng-premier-league population,-0.43027818492445824,0.011983449355553243,0.17835969744823138,0.557277519541212
eng-premier-league,2018-2019,wolverhampton-wanderers,population,eng-championship->eng-premier-league,7.0,stale_history,attack,entry,0.007951655508851487,0.40023425216306724,eng-championship->eng-premier-league population,-0.3509076620593672,0.09660988510847607,0.1287800098055276,0.48994699386561735
eng-premier-league,2018-2019,wolverhampton-wanderers,population,eng-championship->eng-premier-league,7.0,stale_history,attack,season,0.007951655508851487,0.40023425216306724,eng-championship->eng-premier-league population,-0.08496920655288283,0.019340935282299066,0.008634286606295857,0.08427471149655458
eng-premier-league,2018-2019,wolverhampton-wanderers,population,eng-championship->eng-premier-league,7.0,stale_history,defense,entry,-0.007951655508851487,0.40023425216306724,eng-championship->eng-premier-league population,0.37190422215027796,0.0964143110639603,0.1442904877921875,0.5199800213471798
eng-premier-league,2018-2019,wolverhampton-wanderers,population,eng-championship->eng-premier-league,7.0,stale_history,defense,season,-0.007951655508851487,0.40023425216306724,eng-championship->eng-premier-league population,0.1094363371252092,0.01970091610705702,0.013779940814654286,0.09953051319834169
eng-premier-league,2018-2019,cardiff-city,transition,eng-championship->eng-premier-league,5.0,stale_history,attack,entry,-0.20915360939761585,0.08651006431471928,transition entry prior,-0.33527001872292633,0.0967560594148429,0.01590534870110926,-0.13529896980693484
eng-premier-league,2018-2019,cardiff-city,transition,eng-championship->eng-premier-league,5.0,stale_history,attack,season,-0.20915360939761585,0.08651006431471928,transition entry prior,-0.3699576628824705,0.025564191564093328,0.025857943617159998,-0.394739999382856
eng-premier-league,2018-2019,cardiff-city,transition,eng-championship->eng-premier-league,5.0,stale_history,defense,entry,-0.15586674504691234,0.11159429057035465,transition entry prior,-0.43111981526539017,0.04242882954819774,0.07576425266469829,0.1579000337110198
eng-premier-league,2018-2019,cardiff-city,transition,eng-championship->eng-premier-league,5.0,stale_history,defense,season,-0.15586674504691234,0.11159429057035465,transition entry prior,-0.2722588249408629,0.013798372016323609,0.013547116262039771,-0.6430505220738032
eng-premier-league,2018-2019,fulham,transition,eng-championship->eng-premier-league,5.0,stale_history,attack,entry,-0.20915360939761585,0.08651006431471928,transition entry prior,-0.19899673067506118,0.08197395425850422,0.00010316218538468365,-0.2874781942878314
eng-premier-league,2018-2019,fulham,transition,eng-championship->eng-premier-league,5.0,stale_history,attack,season,-0.20915360939761585,0.08651006431471928,transition entry prior,-0.3590210254719577,0.02558904023512749,0.022460242400799895,-0.4460247689081445
eng-premier-league,2018-2019,fulham,transition,eng-championship->eng-premier-league,5.0,stale_history,defense,entry,-0.15586674504691234,0.11159429057035465,transition entry prior,-0.6606026431254227,0.03528656546245927,0.2547583268091204,2.066137705410568
eng-premier-league,2018-2019,fulham,transition,eng-championship->eng-premier-league,5.0,stale_history,defense,season,-0.15586674504691234,0.11159429057035465,transition entry prior,-0.43027818492445824,0.011983449355553243,0.07530163833566798,0.603851372959086
eng-premier-league,2018-2019,wolverhampton-wanderers,transition,eng-championship->eng-premier-league,7.0,stale_history,attack,entry,-0.20915360939761585,0.08651006431471928,transition entry prior,-0.3509076620593672,0.09660988510847607,0.02009421144603057,-0.11577287010879588
eng-premier-league,2018-2019,wolverhampton-wanderers,transition,eng-championship->eng-premier-league,7.0,stale_history,attack,season,-0.20915360939761585,0.08651006431471928,transition entry prior,-0.08496920655288283,0.019340935282299066,0.015421765909902935,-0.6028211760161712
eng-premier-league,2018-2019,wolverhampton-wanderers,transition,eng-championship->eng-premier-league,7.0,stale_history,defense,entry,-0.15586674504691234,0.11159429057035465,transition entry prior,0.37190422215027796,0.0964143110639603,0.2785421938162577,1.0893975376108955
eng-premier-league,2018-2019,wolverhampton-wanderers,transition,eng-championship->eng-premier-league,7.0,stale_history,defense,season,-0.15586674504691234,0.11159429057035465,transition entry prior,0.1094363371252092,0.01970091610705702,0.07038572541002745,0.29483522446839383
eng-premier-league,2018-2019,cardiff-city,source,eng-championship->eng-premier-league,5.0,stale_history,attack,entry,-0.2309246561446145,0.09383518154662786,source entry prior,-0.33527001872292633,0.0967560594148429,0.010887954691599361,-0.15372232382381645
eng-premier-league,2018-2019,cardiff-city,source,eng-championship->eng-premier-league,5.0,stale_history,attack,season,-0.2309246561446145,0.09383518154662786,source entry prior,-0.3699576628824705,0.025564191564093328,0.019330176962568717,-0.4851448310900422
eng-premier-league,2018-2019,cardiff-city,source,eng-championship->eng-premier-league,5.0,stale_history,defense,entry,-0.16633458136603013,0.1159001140593371,source entry prior,-0.43111981526539017,0.04242882954819774,0.0701112200911388,0.10404331123978017
eng-premier-league,2018-2019,cardiff-city,source,eng-championship->eng-premier-league,5.0,stale_history,defense,season,-0.16633458136603013,0.1159001140593371,source entry prior,-0.2722588249408629,0.013798372016323609,0.0112199453769005,-0.6767446403969636
eng-premier-league,2018-2019,fulham,source,eng-championship->eng-premier-league,5.0,stale_history,attack,entry,-0.17993689524303103,0.09294740584061266,source entry prior,-0.19899673067506118,0.08197395425850422,0.0003632773266960723,-0.27963474776427905
eng-premier-league,2018-2019,fulham,source,eng-championship->eng-premier-league,5.0,stale_history,attack,season,-0.17993689524303103,0.09294740584061266,source entry prior,-0.3590210254719577,0.02558904023512749,0.03207112569985116,-0.29992430963801264
eng-premier-league,2018-2019,fulham,source,eng-championship->eng-premier-league,5.0,stale_history,defense,entry,-0.1465389614551013,0.11490921459005378,source entry prior,-0.6606026431254227,0.03528656546245927,0.2642614688124456,2.130614765296527
eng-premier-league,2018-2019,fulham,source,eng-championship->eng-premier-league,5.0,stale_history,defense,season,-0.1465389614551013,0.11490921459005378,source entry prior,-0.43027818492445824,0.011983449355553243,0.08050794693499366,0.6764041022957064
eng-premier-league,2018-2019,wolverhampton-wanderers,source,eng-championship->eng-premier-league,7.0,stale_history,attack,entry,-0.16813774248382946,0.09426786333331531,source entry prior,-0.3509076620593672,0.09660988510847607,0.03340484350164853,-0.04727877017813012
eng-premier-league,2018-2019,wolverhampton-wanderers,source,eng-championship->eng-premier-league,7.0,stale_history,attack,season,-0.16813774248382946,0.09426786333331531,source entry prior,-0.08496920655288283,0.019340935282299066,0.00691700536889716,-0.7422701089783839
eng-premier-league,2018-2019,wolverhampton-wanderers,source,eng-championship->eng-premier-league,7.0,stale_history,defense,entry,-0.16524883223314363,0.11562970055521873,source entry prior,0.37190422215027796,0.0964143110639603,0.288533403833439,1.1284101768444241
eng-premier-league,2018-2019,wolverhampton-wanderers,source,eng-championship->eng-premier-league,7.0,stale_history,defense,season,-0.16524883223314363,0.11562970055521873,source entry prior,0.1094363371252092,0.01970091610705702,0.075451942265427,0.3551433818238994
eng-premier-league,2018-2019,cardiff-city,memory,eng-championship->eng-premier-league,5.0,stale_history,attack,entry,-0.22931566342775436,0.10239471735840769,memory entry prior,-0.33527001872292633,0.0967560594148429,0.011226325406015536,-0.14505930902449238
eng-premier-league,2018-2019,cardiff-city,memory,eng-championship->eng-premier-league,5.0,stale_history,attack,season,-0.22931566342775436,0.10239471735840769,memory entry prior,-0.3699576628824705,0.025564191564093328,0.019780172010620375,-0.4681491710006744
eng-premier-league,2018-2019,cardiff-city,memory,eng-championship->eng-premier-league,5.0,stale_history,defense,entry,-0.15833899023515532,0.12505572775573345,memory entry prior,-0.43111981526539017,0.04242882954819774,0.07440937850417559,0.1365778164220709
eng-premier-league,2018-2019,cardiff-city,memory,eng-championship->eng-premier-league,5.0,stale_history,defense,season,-0.15833899023515532,0.12505572775573345,memory entry prior,-0.2722588249408629,0.013798372016323609,0.012977728739375735,-0.623377739145843
eng-premier-league,2018-2019,fulham,memory,eng-championship->eng-premier-league,5.0,stale_history,attack,entry,-0.1816545731995853,0.09820588957850601,memory entry prior,-0.19899673067506118,0.08197395425850422,0.00030075042590420385,-0.27448198925348855
eng-premier-league,2018-2019,fulham,memory,eng-championship->eng-premier-league,5.0,stale_history,attack,season,-0.1816545731995853,0.09820588957850601,memory entry prior,-0.3590210254719577,0.02558904023512749,0.03145885839168775,-0.3075066240179094
eng-premier-league,2018-2019,fulham,memory,eng-championship->eng-premier-league,5.0,stale_history,defense,entry,-0.13477519067695634,0.13484728746868765,memory entry prior,-0.6606026431254227,0.03528656546245927,0.2764945097484442,2.0401180253197326
eng-premier-league,2018-2019,fulham,memory,eng-championship->eng-premier-league,5.0,stale_history,defense,season,-0.13477519067695634,0.13484728746868765,memory entry prior,-0.43027818492445824,0.011983449355553243,0.08732201960923916,0.6157379533899694
eng-premier-league,2018-2019,wolverhampton-wanderers,memory,eng-championship->eng-premier-league,7.0,stale_history,attack,entry,-0.16991954326640604,0.09963904771173518,memory entry prior,-0.3509076620593672,0.09660988510847607,0.032756699144215015,-0.04695634373431737
eng-premier-league,2018-2019,wolverhampton-wanderers,memory,eng-championship->eng-premier-league,7.0,stale_history,attack,season,-0.16991954326640604,0.09963904771173518,memory entry prior,-0.08496920655288283,0.019340935282299066,0.00721655970774097,-0.7233963302614261
eng-premier-league,2018-2019,wolverhampton-wanderers,memory,eng-championship->eng-premier-league,7.0,stale_history,defense,entry,-0.1570982939931788,0.12857033588347708,memory entry prior,0.37190422215027796,0.0964143110639603,0.27984366208610817,1.0673629928934014
eng-premier-league,2018-2019,wolverhampton-wanderers,memory,eng-championship->eng-premier-league,7.0,stale_history,defense,season,-0.1570982939931788,0.12857033588347708,memory entry prior,0.1094363371252092,0.01970091610705702,0.07104070958541515,0.24040088046442476
eng-premier-league,2019-2020,aston-villa,current,eng-championship->eng-premier-league,4.0,stale_history,attack,entry,-0.2549858569709821,0.14400884913341636,Championship promotion bridge,0.09540678260952527,0.0628749183541881,0.12277500187219534,0.41234517372372853
eng-premier-league,2019-2020,aston-villa,current,eng-championship->eng-premier-league,4.0,stale_history,attack,season,-0.2549858569709821,0.14400884913341636,Championship promotion bridge,-0.15712679145393446,0.021872439686601162,0.00957639670386982,-0.5465129880118422
eng-premier-league,2019-2020,aston-villa,current,eng-championship->eng-premier-league,4.0,stale_history,defense,entry,-0.2042710687497635,0.1977209808327253,Championship promotion bridge,-0.2077169105483748,0.05955116375022095,1.1873825701056712e-05,-0.23911641514274262
eng-premier-league,2019-2020,aston-villa,current,eng-championship->eng-premier-league,4.0,stale_history,defense,season,-0.2042710687497635,0.1977209808327253,Championship promotion bridge,-0.2655641706011485,0.014164361420359343,0.003756844334564256,-0.5120953139486799
eng-premier-league,2019-2020,norwich-city,current,eng-championship->eng-premier-league,4.0,stale_history,attack,entry,-0.2549858569709821,0.14400884913341636,Championship promotion bridge,-0.13619619844352032,0.08239814054161806,0.014110982973070969,-0.1485023794063864
eng-premier-league,2019-2020,norwich-city,current,eng-championship->eng-premier-league,4.0,stale_history,attack,season,-0.2549858569709821,0.14400884913341636,Championship promotion bridge,-0.5706555369552779,0.032014282679768837,0.09964734686138775,0.39234353723600845
eng-premier-league,2019-2020,norwich-city,current,eng-championship->eng-premier-league,4.0,stale_history,defense,entry,-0.2042710687497635,0.1977209808327253,Championship promotion bridge,-0.5008198763355226,0.0408176924677602,0.08794119528053557,0.20576209379792937
eng-premier-league,2019-2020,norwich-city,current,eng-championship->eng-premier-league,4.0,stale_history,defense,season,-0.2042710687497635,0.1977209808327253,Championship promotion bridge,-0.36240607844873063,0.012806462908095262,0.02500668129249243,-0.3193673145631184
eng-premier-league,2019-2020,sheffield-united,current,eng-championship->eng-premier-league,,no_target_history,attack,entry,-0.2549858569709821,0.14400884913341636,Championship promotion bridge,-0.34000405779834336,0.09671176088618733,0.007228094471921534,-0.12116057134546925
eng-premier-league,2019-2020,sheffield-united,current,eng-championship->eng-premier-league,,no_target_history,attack,season,-0.2549858569709821,0.14400884913341636,Championship promotion bridge,-0.23044629559054816,0.022777703843897764,0.000602190072744084,-0.6414527222535344
eng-premier-league,2019-2020,sheffield-united,current,eng-championship->eng-premier-league,,no_target_history,defense,entry,-0.2042710687497635,0.1977209808327253,Championship promotion bridge,0.4621938112079009,0.10568373676889889,0.44417543621698397,1.4866545197269365
eng-premier-league,2019-2020,sheffield-united,current,eng-championship->eng-premier-league,,no_target_history,defense,season,-0.2042710687497635,0.1977209808327253,Championship promotion bridge,0.25773717129385654,0.022701760352577233,0.21345161386820327,1.2540597757176313
eng-premier-league,2019-2020,aston-villa,population,eng-championship->eng-premier-league,4.0,stale_history,attack,entry,0.0015892683126816807,0.400233928946581,eng-championship->eng-premier-league population,0.09540678260952527,0.0628749183541881,0.008801725988838452,0.18851535018768498
eng-premier-league,2019-2020,aston-villa,population,eng-championship->eng-premier-league,4.0,stale_history,attack,season,0.0015892683126816807,0.400233928946581,eng-championship->eng-premier-league population,-0.15712679145393446,0.021872439686601162,0.02519078762784007,0.13641084065589681
eng-premier-league,2019-2020,aston-villa,population,eng-championship->eng-premier-league,4.0,stale_history,defense,entry,-0.0015892683126816807,0.400233928946581,eng-championship->eng-premier-league population,-0.2077169105483748,0.05955116375022095,0.04248860489364589,0.2579596696426765
eng-premier-league,2019-2020,aston-villa,population,eng-championship->eng-premier-league,4.0,stale_history,defense,season,-0.0015892683126816807,0.400233928946581,eng-championship->eng-premier-league population,-0.2655641706011485,0.014164361420359343,0.06968274903820561,0.24543178078793162
eng-premier-league,2019-2020,norwich-city,population,eng-championship->eng-premier-league,4.0,stale_history,attack,entry,0.0015892683126816807,0.400233928946581,eng-championship->eng-premier-league population,-0.13619619844352032,0.08239814054161806,0.01898483484922445,0.2498678924824891
eng-premier-league,2019-2020,norwich-city,population,eng-championship->eng-premier-league,4.0,stale_history,attack,season,0.0015892683126816807,0.400233928946581,eng-championship->eng-premier-league population,-0.5706555369552779,0.032014282679768837,0.327464117156165,0.9462101908891061
eng-premier-league,2019-2020,norwich-city,population,eng-championship->eng-premier-league,4.0,stale_history,defense,entry,-0.0015892683126816807,0.400233928946581,eng-championship->eng-premier-league population,-0.5008198763355226,0.0408176924677602,0.24923119998685545,0.7366885383041702
eng-premier-league,2019-2020,norwich-city,population,eng-championship->eng-premier-league,4.0,stale_history,defense,season,-0.0015892683126816807,0.400233928946581,eng-championship->eng-premier-league population,-0.36240607844873063,0.012806462908095262,0.1301887704767536,0.4179702800094411
eng-premier-league,2019-2020,sheffield-united,population,eng-championship->eng-premier-league,,no_target_history,attack,entry,0.0015892683126816807,0.400233928946581,eng-championship->eng-premier-league population,-0.34000405779834336,0.09671176088618733,0.1166860004435931,0.4665071720583722
eng-premier-league,2019-2020,sheffield-united,population,eng-championship->eng-premier-league,,no_target_history,attack,season,0.0015892683126816807,0.400233928946581,eng-championship->eng-premier-league population,-0.23044629559054816,0.022777703843897764,0.05384050291588986,0.2168414825174994
eng-premier-league,2019-2020,sheffield-united,population,eng-championship->eng-premier-league,,no_target_history,defense,entry,-0.0015892683126816807,0.400233928946581,eng-championship->eng-premier-league population,0.4621938112079009,0.10568373676889889,0.215094744849595,0.6610760867320793
eng-premier-league,2019-2020,sheffield-united,population,eng-championship->eng-premier-league,,no_target_history,defense,season,-0.0015892683126816807,0.400233928946581,eng-championship->eng-premier-league population,0.25773717129385654,0.022701760352577233,0.06725020227900352,0.25335576805724097
eng-premier-league,2019-2020,aston-villa,transition,eng-championship->eng-premier-league,4.0,stale_history,attack,entry,-0.21805531731884084,0.08093501268478742,transition entry prior,0.09540678260952527,0.0628749183541881,0.09825848809150098,0.2928424887787412
eng-premier-league,2019-2020,aston-villa,transition,eng-championship->eng-premier-league,4.0,stale_history,attack,season,-0.21805531731884084,0.08093501268478742,transition entry prior,-0.15712679145393446,0.021872439686601162,0.003712285264070566,-0.7960368055349001
eng-premier-league,2019-2020,aston-villa,transition,eng-championship->eng-premier-league,4.0,stale_history,defense,entry,-0.1596533899606349,0.1272886505324827,transition entry prior,-0.2077169105483748,0.05955116375022095,0.0023101020112880955,-0.35594887723551943
eng-premier-league,2019-2020,aston-villa,transition,eng-championship->eng-premier-league,4.0,stale_history,defense,season,-0.1596533899606349,0.1272886505324827,transition entry prior,-0.2655641706011485,0.014164361420359343,0.01121709345588299,-0.6435711746418832
eng-premier-league,2019-2020,norwich-city,transition,eng-championship->eng-premier-league,4.0,stale_history,attack,entry,-0.21805531731884084,0.08093501268478742,transition entry prior,-0.13619619844352032,0.08239814054161806,0.006700915343043856,-0.2532423356912926
eng-premier-league,2019-2020,norwich-city,transition,eng-championship->eng-premier-league,4.0,stale_history,attack,season,-0.21805531731884084,0.08093501268478742,transition entry prior,-0.5706555369552779,0.032014282679768837,0.12432691488766366,0.9031542535254502
eng-premier-league,2019-2020,norwich-city,transition,eng-championship->eng-premier-league,4.0,stale_history,defense,entry,-0.1596533899606349,0.1272886505324827,transition entry prior,-0.5008198763355226,0.0408176924677602,0.11639457142538641,0.5074079768645275
eng-premier-league,2019-2020,norwich-city,transition,eng-championship->eng-premier-league,4.0,stale_history,defense,season,-0.1596533899606349,0.1272886505324827,transition entry prior,-0.36240607844873063,0.012806462908095262,0.04110865268915078,-0.14258508222454058
eng-premier-league,2019-2020,sheffield-united,transition,eng-championship->eng-premier-league,,no_target_history,attack,entry,-0.21805531731884084,0.08093501268478742,transition entry prior,-0.34000405779834336,0.09671176088618733,0.014871495304537057,-0.1442948420034869
eng-premier-league,2019-2020,sheffield-united,transition,eng-championship->eng-premier-league,,no_target_history,attack,season,-0.21805531731884084,0.08093501268478742,transition entry prior,-0.23044629559054816,0.022777703843897764,0.00015353634252992292,-0.8430471333304441
eng-premier-league,2019-2020,sheffield-united,transition,eng-championship->eng-premier-league,,no_target_history,defense,entry,-0.1596533899606349,0.1272886505324827,transition entry prior,0.4621938112079009,0.10568373676889889,0.3866939416011414,1.4528962710007038
eng-premier-league,2019-2020,sheffield-united,transition,eng-championship->eng-premier-league,,no_target_history,defense,season,-0.1596533899606349,0.1272886505324827,transition entry prior,0.25773717129385654,0.022701760352577233,0.1742148806243394,1.534637820418788
eng-premier-league,2019-2020,aston-villa,source,eng-championship->eng-premier-league,4.0,stale_history,attack,entry,-0.18598724764049884,0.0885625658243544,source entry prior,0.09540678260952527,0.0628749183541881,0.0791826002603515,0.15425831927257128
eng-premier-league,2019-2020,aston-villa,source,eng-championship->eng-premier-league,4.0,stale_history,attack,season,-0.18598724764049884,0.0885625658243544,source entry prior,-0.15712679145393446,0.021872439686601162,0.0008329259312966023,-0.8250853218860654
eng-premier-league,2019-2020,aston-villa,source,eng-championship->eng-premier-league,4.0,stale_history,defense,entry,-0.1401511988329353,0.14502384862496198,source entry prior,-0.2077169105483748,0.05955116375022095,0.0045651253996138765,-0.31196917013054365
eng-premier-league,2019-2020,aston-villa,source,eng-championship->eng-premier-league,4.0,stale_history,defense,season,-0.1401511988329353,0.14502384862496198,source entry prior,-0.2655641706011485,0.014164361420359343,0.01572841348773464,-0.5310303459816574
eng-premier-league,2019-2020,norwich-city,source,eng-championship->eng-premier-league,4.0,stale_history,attack,entry,-0.13929105652803955,0.09704295653324432,source entry prior,-0.13619619844352032,0.08239814054161806,9.578146563314042e-06,-0.2749965131262093
eng-premier-league,2019-2020,norwich-city,source,eng-championship->eng-premier-league,4.0,stale_history,attack,season,-0.13929105652803955,0.09704295653324432,source entry prior,-0.5706555369552779,0.032014282679768837,0.18607531497426136,1.5726544697510179
eng-premier-league,2019-2020,norwich-city,source,eng-championship->eng-premier-league,4.0,stale_history,defense,entry,-0.14386828698114676,0.13989781322637143,source entry prior,-0.5008198763355226,0.0408176924677602,0.127414437142615,0.5704109461371338
eng-premier-league,2019-2020,norwich-city,source,eng-championship->eng-premier-league,4.0,stale_history,defense,season,-0.14386828698114676,0.13989781322637143,source entry prior,-0.36240607844873063,0.012806462908095262,0.04775876629952917,-0.05867971427558072
eng-premier-league,2019-2020,sheffield-united,source,eng-championship->eng-premier-league,,no_target_history,attack,entry,-0.21002517737107504,0.08720910337647945,source entry prior,-0.34000405779834336,0.09671176088618733,0.016894509357126115,-0.13024439944747687
eng-premier-league,2019-2020,sheffield-united,source,eng-championship->eng-premier-league,,no_target_history,attack,season,-0.21002517737107504,0.08720910337647945,source entry prior,-0.23044629559054816,0.022777703843897764,0.0004170220693336971,-0.8211325969789014
eng-premier-league,2019-2020,sheffield-united,source,eng-championship->eng-premier-league,,no_target_history,defense,entry,-0.16458107450415152,0.13179072216406515,source entry prior,0.4621938112079009,0.10568373676889889,0.39284675735935637,1.4676228713527992
eng-premier-league,2019-2020,sheffield-united,source,eng-championship->eng-premier-league,,no_target_history,defense,season,-0.16458107450415152,0.13179072216406515,source entry prior,0.25773717129385654,0.022701760352577233,0.17835270073390672,1.5358650747797604
eng-premier-league,2019-2020,aston-villa,memory,eng-championship->eng-premier-league,4.0,stale_history,attack,entry,-0.1849140209692733,0.10010361659913504,memory entry prior,0.09540678260952527,0.0628749183541881,0.07857975291906337,0.14856331882046075
eng-premier-league,2019-2020,aston-villa,memory,eng-championship->eng-premier-league,4.0,stale_history,attack,season,-0.1849140209692733,0.10010361659913504,memory entry prior,-0.15712679145393446,0.021872439686601162,0.0007721301241381186,-0.7916381640962964
eng-premier-league,2019-2020,aston-villa,memory,eng-championship->eng-premier-league,4.0,stale_history,defense,entry,-0.14939954149226112,0.14980389163062827,memory entry prior,-0.2077169105483748,0.05955116375022095,0.003400915533626965,-0.31088679137670533
eng-premier-league,2019-2020,aston-villa,memory,eng-championship->eng-premier-league,4.0,stale_history,defense,season,-0.14939954149226112,0.14980389163062827,memory entry prior,-0.2655641706011485,0.014164361420359343,0.013494221056005368,-0.5505196902561278
eng-premier-league,2019-2020,norwich-city,memory,eng-championship->eng-premier-league,4.0,stale_history,attack,entry,-0.14086557530337582,0.10118577768565457,memory entry prior,-0.13619619844352032,0.08239814054161806,2.1803080259353963e-05,-0.2704787184089537
eng-premier-league,2019-2020,norwich-city,memory,eng-championship->eng-premier-league,4.0,stale_history,attack,season,-0.14086557530337582,0.10118577768565457,memory entry prior,-0.5706555369552779,0.032014282679768837,0.18471941113674348,1.5227781094871347
eng-premier-league,2019-2020,norwich-city,memory,eng-championship->eng-premier-league,4.0,stale_history,defense,entry,-0.15004915232175156,0.1416929036114131,memory entry prior,-0.5008198763355226,0.0408176924677602,0.12304010082514516,0.529904416222253
eng-premier-league,2019-2020,norwich-city,memory,eng-championship->eng-premier-league,4.0,stale_history,defense,season,-0.15004915232175156,0.1416929036114131,memory entry prior,-0.36240607844873063,0.012806462908095262,0.04509546407409924,-0.10276742307037245
eng-premier-league,2019-2020,sheffield-united,memory,eng-championship->eng-premier-league,,no_target_history,attack,entry,-0.2139767048332819,0.09141894415571263,memory entry prior,-0.34000405779834336,0.09671176088618733,0.015882893695380186,-0.13204656529534792
eng-premier-league,2019-2020,sheffield-united,memory,eng-championship->eng-premier-league,,no_target_history,attack,season,-0.2139767048332819,0.09141894415571263,memory entry prior,-0.23044629559054816,0.022777703843897764,0.0002712474197118301,-0.8114147985416527
eng-premier-league,2019-2020,sheffield-united,memory,eng-championship->eng-premier-league,,no_target_history,defense,entry,-0.16301210535753008,0.13142936293891289,memory entry prior,0.4621938112079009,0.10568373676889889,0.39088243810842055,1.4604832561611607
eng-premier-league,2019-2020,sheffield-united,memory,eng-championship->eng-premier-league,,no_target_history,defense,season,-0.16301210535753008,0.13142936293891289,memory entry prior,0.25773717129385654,0.022701760352577233,0.17702995380266506,1.5234275832197475
eng-premier-league,2020-2021,fulham,current,eng-championship->eng-premier-league,2.0,recent_returner,attack,entry,-0.2346285131251917,0.14123827533251182,Championship promotion bridge,-0.1840302876344777,0.0820746482397451,0.0025601804228091393,-0.2097933766610787
eng-premier-league,2020-2021,fulham,current,eng-championship->eng-premier-league,2.0,recent_returner,attack,season,-0.2346285131251917,0.14123827533251182,Championship promotion bridge,-0.5474998212549023,0.03103036484161311,0.09788845545079627,0.39085732691404507
eng-premier-league,2020-2021,fulham,current,eng-championship->eng-premier-league,2.0,recent_returner,defense,entry,-0.20243921235314458,0.200079508917534,Championship promotion bridge,-0.4009530079935672,0.05102288904189346,0.03940772705956748,-0.0628129996835374
eng-premier-league,2020-2021,fulham,current,eng-championship->eng-premier-league,2.0,recent_returner,defense,season,-0.20243921235314458,0.200079508917534,Championship promotion bridge,-0.030958833803819898,0.017391598796634294,0.029405520227419695,-0.25367185912097096
eng-premier-league,2020-2021,leeds-united,current,eng-championship->eng-premier-league,,no_target_history,attack,entry,-0.2346285131251917,0.14123827533251182,Championship promotion bridge,0.189899122841366,0.06325070331744262,0.18022371369935417,0.7587671026155337
eng-premier-league,2020-2021,leeds-united,current,eng-championship->eng-premier-league,,no_target_history,attack,season,-0.2346285131251917,0.14123827533251182,Championship promotion bridge,0.23957903198343597,0.015269004934943523,0.22487279583795114,2.4384797635077127
eng-premier-league,2020-2021,leeds-united,current,eng-championship->eng-premier-league,,no_target_history,defense,entry,-0.20243921235314458,0.200079508917534,Championship promotion bridge,-0.2632384488037294,0.05638007801556955,0.003696547152974119,-0.23145375170318938
eng-premier-league,2020-2021,leeds-united,current,eng-championship->eng-premier-league,,no_target_history,defense,season,-0.20243921235314458,0.200079508917534,Championship promotion bridge,-0.0822023362988681,0.017160914253701972,0.014456906363291444,-0.38533812562697034
eng-premier-league,2020-2021,west-bromwich-albion,current,eng-championship->eng-premier-league,3.0,recent_returner,attack,entry,-0.2346285131251917,0.14123827533251182,Championship promotion bridge,-0.5199951998772498,0.1173709581449538,0.08143414590784727,0.22272903375141553
eng-premier-league,2020-2021,west-bromwich-albion,current,eng-championship->eng-premier-league,3.0,recent_returner,attack,season,-0.2346285131251917,0.14123827533251182,Championship promotion bridge,-0.28788729783619477,0.025078829204757,0.0028364981488929737,-0.5998093754379304
eng-premier-league,2020-2021,west-bromwich-albion,current,eng-championship->eng-premier-league,3.0,recent_returner,defense,entry,-0.20243921235314458,0.200079508917534,Championship promotion bridge,-0.35091157009106744,0.05362192386820503,0.022044041012257744,-0.14744789104054765
eng-premier-league,2020-2021,west-bromwich-albion,current,eng-championship->eng-premier-league,3.0,recent_returner,defense,season,-0.20243921235314458,0.200079508917534,Championship promotion bridge,-0.39078806356521717,0.012674386798217906,0.03547528975290746,-0.2160344597966498
eng-premier-league,2020-2021,fulham,population,eng-championship->eng-premier-league,2.0,recent_returner,attack,entry,0.0019316015887856175,0.40022470170048147,eng-championship->eng-premier-league population,-0.1840302876344777,0.0820746482397451,0.03458182424348526,0.281430224703631
eng-premier-league,2020-2021,fulham,population,eng-championship->eng-premier-league,2.0,recent_returner,attack,season,0.0019316015887856175,0.40022470170048147,eng-championship->eng-premier-league population,-0.5474998212549023,0.03103036484161311,0.30187488840803933,0.8811272702755557
eng-premier-league,2020-2021,fulham,population,eng-championship->eng-premier-league,2.0,recent_returner,defense,entry,-0.0019316015887856175,0.40022470170048147,eng-championship->eng-premier-league population,-0.4009530079935672,0.05102288904189346,0.15921808276924984,0.5184019924028525
eng-premier-league,2020-2021,fulham,population,eng-championship->eng-premier-league,2.0,recent_returner,defense,season,-0.0019316015887856175,0.40022470170048147,eng-championship->eng-premier-league population,-0.030958833803819898,0.017391598796634294,0.0008425802100655238,0.057119825360008473
eng-premier-league,2020-2021,leeds-united,population,eng-championship->eng-premier-league,,no_target_history,attack,entry,0.0019316015887856175,0.40022470170048147,eng-championship->eng-premier-league population,0.189899122841366,0.06325070331744262,0.035331789045839265,0.2486777445253887
eng-premier-league,2020-2021,leeds-united,population,eng-championship->eng-premier-league,,no_target_history,attack,season,0.0019316015887856175,0.40022470170048147,eng-championship->eng-premier-league population,0.23957903198343597,0.015269004934943523,0.056476301173180185,0.20968265498003363
eng-premier-league,2020-2021,leeds-united,population,eng-championship->eng-premier-league,,no_target_history,defense,entry,-0.0019316015887856175,0.40022470170048147,eng-championship->eng-premier-league population,-0.2632384488037294,0.05638007801556955,0.06828126840141395,0.3116443123057594
eng-premier-league,2020-2021,leeds-united,population,eng-championship->eng-premier-league,,no_target_history,defense,season,-0.0019316015887856175,0.40022470170048147,eng-championship->eng-premier-league population,-0.0822023362988681,0.017160914253701972,0.0064433908508964395,0.07226403595989903
eng-premier-league,2020-2021,west-bromwich-albion,population,eng-championship->eng-premier-league,3.0,recent_returner,attack,entry,0.0019316015887856175,0.40022470170048147,eng-championship->eng-premier-league population,-0.5199951998772498,0.1173709581449538,0.27240758608856636,0.7687975265115474
eng-premier-league,2020-2021,west-bromwich-albion,population,eng-championship->eng-premier-league,3.0,recent_returner,attack,season,0.0019316015887856175,0.40022470170048147,eng-championship->eng-premier-league population,-0.28788729783619477,0.025078829204757,0.0839949944639069,0.3026339111538836
eng-premier-league,2020-2021,west-bromwich-albion,population,eng-championship->eng-premier-league,3.0,recent_returner,defense,entry,-0.0019316015887856175,0.40022470170048147,eng-championship->eng-premier-league population,-0.35091157009106744,0.05362192386820503,0.1217870184158536,0.43239843093564817
eng-premier-league,2020-2021,west-bromwich-albion,population,eng-championship->eng-premier-league,3.0,recent_returner,defense,season,-0.0019316015887856175,0.40022470170048147,eng-championship->eng-premier-league population,-0.39078806356521717,0.012674386798217906,0.15120934802082794,0.4786749836254585
eng-premier-league,2020-2021,fulham,transition,eng-championship->eng-premier-league,2.0,recent_returner,attack,entry,-0.22229810928822827,0.07940104453942416,transition entry prior,-0.1840302876344777,0.0820746482397451,0.0014644261741232603,-0.2858360235275365
eng-premier-league,2020-2021,fulham,transition,eng-championship->eng-premier-league,2.0,recent_returner,attack,season,-0.22229810928822827,0.07940104453942416,transition entry prior,-0.5474998212549023,0.03103036484161311,0.10575615346605562,0.6913430151911322
eng-premier-league,2020-2021,fulham,transition,eng-championship->eng-premier-league,2.0,recent_returner,defense,entry,-0.16148253808040178,0.1416346283152432,transition entry prior,-0.4009530079935672,0.05102288904189346,0.05734610596043226,0.00035961364225761683
eng-premier-league,2020-2021,fulham,transition,eng-championship->eng-premier-league,2.0,recent_returner,defense,season,-0.16148253808040178,0.1416346283152432,transition entry prior,-0.030958833803819898,0.017391598796634294,0.0170364373780806,-0.4959656656203538
eng-premier-league,2020-2021,leeds-united,transition,eng-championship->eng-premier-league,,no_target_history,attack,entry,-0.22229810928822827,0.07940104453942416,transition entry prior,0.189899122841366,0.06325070331744262,0.1699065581752986,0.8075001974245266
eng-premier-league,2020-2021,leeds-united,transition,eng-championship->eng-premier-league,,no_target_history,attack,season,-0.22229810928822827,0.07940104453942416,transition entry prior,0.23957903198343597,0.015269004934943523,0.21333049362928488,3.9450591617368476
eng-premier-league,2020-2021,leeds-united,transition,eng-championship->eng-premier-league,,no_target_history,defense,entry,-0.16148253808040178,0.1416346283152432,transition entry prior,-0.2632384488037294,0.05638007801556955,0.010354265367133816,-0.298955467632445
eng-premier-league,2020-2021,leeds-united,transition,eng-championship->eng-premier-league,,no_target_history,defense,season,-0.16148253808040178,0.1416346283152432,transition entry prior,-0.0822023362988681,0.017160914253701972,0.006285350394520696,-0.6420665442530691
eng-premier-league,2020-2021,west-bromwich-albion,transition,eng-championship->eng-premier-league,3.0,recent_returner,attack,entry,-0.22229810928822827,0.07940104453942416,transition entry prior,-0.5199951998772498,0.1173709581449538,0.08862355774516814,0.23218215439766662
eng-premier-league,2020-2021,west-bromwich-albion,transition,eng-championship->eng-premier-league,3.0,recent_returner,attack,season,-0.22229810928822827,0.07940104453942416,transition entry prior,-0.28788729783619477,0.025078829204757,0.0043019416543807,-0.7432616891503276
eng-premier-league,2020-2021,west-bromwich-albion,transition,eng-championship->eng-premier-league,3.0,recent_returner,defense,entry,-0.16148253808040178,0.1416346283152432,transition entry prior,-0.35091157009106744,0.05362192386820503,0.035883358168497796,-0.14155730128135058
eng-premier-league,2020-2021,west-bromwich-albion,transition,eng-championship->eng-premier-league,3.0,recent_returner,defense,season,-0.16148253808040178,0.1416346283152432,transition entry prior,-0.39078806356521717,0.012674386798217906,0.05258102401786732,0.012417157859972994
eng-premier-league,2020-2021,fulham,source,eng-championship->eng-premier-league,2.0,recent_returner,attack,entry,-0.2758087752353578,0.09483569989954738,source entry prior,-0.1840302876344777,0.0820746482397451,0.0084232907863049,-0.23288632398142112
eng-premier-league,2020-2021,fulham,source,eng-championship->eng-premier-league,2.0,recent_returner,attack,season,-0.2758087752353578,0.09483569989954738,source entry prior,-0.5474998212549023,0.03103036484161311,0.07381602448719422,0.23194570484248356
eng-premier-league,2020-2021,fulham,source,eng-championship->eng-premier-league,2.0,recent_returner,defense,entry,-0.16585689926020314,0.14418987682156517,source entry prior,-0.4009530079935672,0.05102288904189346,0.05527018034156974,-0.013085209147616073
eng-premier-league,2020-2021,fulham,source,eng-championship->eng-premier-league,2.0,recent_returner,defense,season,-0.16585689926020314,0.14418987682156517,source entry prior,-0.030958833803819898,0.017391598796634294,0.01819748806387466,-0.47545551292477833
eng-premier-league,2020-2021,leeds-united,source,eng-championship->eng-premier-league,,no_target_history,attack,entry,-0.22770994650159998,0.08395232583841092,source entry prior,0.189899122841366,0.06325070331744262,0.17439733479749817,0.8318398604361795
eng-premier-league,2020-2021,leeds-united,source,eng-championship->eng-premier-league,,no_target_history,attack,season,-0.22770994650159998,0.08395232583841092,source entry prior,0.23957903198343597,0.015269004934943523,0.21835898941358836,3.9099476351050115
eng-premier-league,2020-2021,leeds-united,source,eng-championship->eng-premier-league,,no_target_history,defense,entry,-0.1392794145719189,0.15229635692421056,source entry prior,-0.2632384488037294,0.05638007801556955,0.015365842167683164,-0.25004344753338503
eng-premier-league,2020-2021,leeds-united,source,eng-championship->eng-premier-league,,no_target_history,defense,season,-0.1392794145719189,0.15229635692421056,source entry prior,-0.0822023362988681,0.017160914253701972,0.003257792864187967,-0.6457161988654693
eng-premier-league,2020-2021,west-bromwich-albion,source,eng-championship->eng-premier-league,3.0,recent_returner,attack,entry,-0.22585315714302506,0.08391296566267409,source entry prior,-0.5199951998772498,0.1173709581449538,0.08651954130386252,0.22457444504698135
eng-premier-league,2020-2021,west-bromwich-albion,source,eng-championship->eng-premier-league,3.0,recent_returner,attack,season,-0.22585315714302506,0.08391296566267409,source entry prior,-0.28788729783619477,0.025078829204757,0.0038482346115399735,-0.7402926900472631
eng-premier-league,2020-2021,west-bromwich-albion,source,eng-championship->eng-premier-league,3.0,recent_returner,defense,entry,-0.16099263669676728,0.1438981148325961,source entry prior,-0.35091157009106744,0.05362192386820503,0.036069201261628624,-0.1380578386177632
eng-premier-league,2020-2021,west-bromwich-albion,source,eng-championship->eng-premier-league,3.0,recent_returner,defense,season,-0.16099263669676728,0.1438981148325961,source entry prior,-0.39078806356521717,0.012674386798217906,0.052805938209653104,0.010011861973958425
eng-premier-league,2020-2021,fulham,memory,eng-championship->eng-premier-league,2.0,recent_returner,attack,entry,-0.26173419400757997,0.11351478206125509,memory entry prior,-0.1840302876344777,0.0820746482397451,0.006037897065639842,-0.22641818721112855
eng-premier-league,2020-2021,fulham,memory,eng-championship->eng-premier-league,2.0,recent_returner,attack,season,-0.26173419400757997,0.11351478206125509,memory entry prior,-0.5474998212549023,0.03103036484161311,0.08166199371605555,0.28595272347778256
eng-premier-league,2020-2021,fulham,memory,eng-championship->eng-premier-league,2.0,recent_returner,defense,entry,-0.18954184068071797,0.19579676902852045,memory entry prior,-0.4009530079935672,0.05102288904189346,0.04469468166458153,-0.038522438890879085
eng-premier-league,2020-2021,fulham,memory,eng-championship->eng-premier-league,2.0,recent_returner,defense,season,-0.18954184068071797,0.19579676902852045,memory entry prior,-0.030958833803819898,0.017391598796634294,0.025148570070118306,-0.2990611255059745
eng-premier-league,2020-2021,leeds-united,memory,eng-championship->eng-premier-league,,no_target_history,attack,entry,-0.2326940442294517,0.0884677772103001,memory entry prior,0.189899122841366,0.06325070331744262,0.17858498485494406,0.853218417820855
eng-premier-league,2020-2021,leeds-united,memory,eng-championship->eng-premier-league,,no_target_history,attack,season,-0.2326940442294517,0.0884677772103001,memory entry prior,0.23957903198343597,0.015269004934943523,0.223041858515584,3.8635564517075673
eng-premier-league,2020-2021,leeds-united,memory,eng-championship->eng-premier-league,,no_target_history,defense,entry,-0.1340369754990193,0.149857825589756,memory entry prior,-0.2632384488037294,0.05638007801556955,0.01669302070410771,-0.24537519079104697
eng-premier-league,2020-2021,leeds-united,memory,eng-championship->eng-premier-league,,no_target_history,defense,season,-0.1340369754990193,0.149857825589756,memory entry prior,-0.0822023362988681,0.017160914253701972,0.0026868298210098516,-0.6613848010805093
eng-premier-league,2020-2021,west-bromwich-albion,memory,eng-championship->eng-premier-league,3.0,recent_returner,attack,entry,-0.22395738063336365,0.09339831229928836,memory entry prior,-0.5199951998772498,0.1173709581449538,0.08763839042267582,0.2310871048249578
eng-premier-league,2020-2021,west-bromwich-albion,memory,eng-championship->eng-premier-league,3.0,recent_returner,attack,season,-0.22395738063336365,0.09339831229928836,memory entry prior,-0.28788729783619477,0.025078829204757,0.004087034313560842,-0.7142226483440312
eng-premier-league,2020-2021,west-bromwich-albion,memory,eng-championship->eng-premier-league,3.0,recent_returner,defense,entry,-0.16181917796966153,0.1436051274790811,memory entry prior,-0.35091157009106744,0.05362192386820503,0.03575593275819553,-0.14045922791418133
eng-premier-league,2020-2021,west-bromwich-albion,memory,eng-championship->eng-premier-league,3.0,recent_returner,defense,season,-0.16181917796966153,0.1436051274790811,memory entry prior,-0.39078806356521717,0.012674386798217906,0.05242675057087065,0.005055474180800212
eng-premier-league,2021-2022,brentford,current,eng-championship->eng-premier-league,,no_target_history,attack,entry,-0.22365989516798734,0.13326459635607177,Championship promotion bridge,0.04442795270943119,0.07718686572463102,0.07187109417954589,0.12019951068131957
eng-premier-league,2021-2022,brentford,current,eng-championship->eng-premier-league,,no_target_history,attack,season,-0.22365989516798734,0.13326459635607177,Championship promotion bridge,-0.05014328124427048,0.0190157495585528,0.030108015307552215,-0.323175085685987
eng-premier-league,2021-2022,brentford,current,eng-championship->eng-premier-league,,no_target_history,defense,entry,-0.21898757956605286,0.1729465181620923,Championship promotion bridge,0.14516213224091112,0.07607361475955608,0.13260501260909494,0.4222946007260061
eng-premier-league,2021-2022,brentford,current,eng-championship->eng-premier-league,,no_target_history,defense,season,-0.21898757956605286,0.1729465181620923,Championship promotion bridge,-0.08079181128850582,0.016589619098482455,0.019098070369821477,-0.4098566117133069
eng-premier-league,2021-2022,norwich-city,current,eng-championship->eng-premier-league,2.0,recent_returner,attack,entry,-0.22365989516798734,0.13326459635607177,Championship promotion bridge,-1.1364815018489325,0.19468579798059021,0.8332432856235821,2.105480746150205
eng-premier-league,2021-2022,norwich-city,current,eng-championship->eng-premier-league,2.0,recent_returner,attack,season,-0.22365989516798734,0.13326459635607177,Championship promotion bridge,-0.7037852648733861,0.03520755213713679,0.23052037063474584,1.6259706740992401
eng-premier-league,2021-2022,norwich-city,current,eng-championship->eng-premier-league,2.0,recent_returner,defense,entry,-0.21898757956605286,0.1729465181620923,Championship promotion bridge,-0.5069013010146968,0.039226302451800525,0.08289431099840731,0.18259931744534963
eng-premier-league,2021-2022,norwich-city,current,eng-championship->eng-premier-league,2.0,recent_returner,defense,season,-0.21898757956605286,0.1729465181620923,Championship promotion bridge,-0.45594859441878327,0.011588432396729872,0.05615052256003592,0.004424476354603746
eng-premier-league,2021-2022,watford,current,eng-championship->eng-premier-league,2.0,recent_returner,attack,entry,-0.22365989516798734,0.13326459635607177,Championship promotion bridge,-0.13453308036679568,0.07613517693253806,0.007943589116605919,-0.2215519596040731
eng-premier-league,2021-2022,watford,current,eng-championship->eng-premier-league,2.0,recent_returner,attack,season,-0.22365989516798734,0.13326459635607177,Championship promotion bridge,-0.3571690073837116,0.025594389897458554,0.017824683044630852,-0.4446693120460625
eng-premier-league,2021-2022,watford,current,eng-championship->eng-premier-league,2.0,recent_returner,defense,entry,-0.21898757956605286,0.1729465181620923,Championship promotion bridge,-0.3594831293962365,0.053646581097598615,0.019738999522085614,-0.20405725609352376
eng-premier-league,2021-2022,watford,current,eng-championship->eng-premier-league,2.0,recent_returner,defense,season,-0.21898757956605286,0.1729465181620923,Championship promotion bridge,-0.3799240359492758,0.012522459911933412,0.025900542993189026,-0.3557827192188314
eng-premier-league,2021-2022,brentford,population,eng-championship->eng-premier-league,,no_target_history,attack,entry,-0.0034030021363692813,0.40022062119042223,eng-championship->eng-premier-league population,0.04442795270943119,0.07718686572463102,0.002287800241461003,0.20467626080774834
eng-premier-league,2021-2022,brentford,population,eng-championship->eng-premier-league,,no_target_history,attack,season,-0.0034030021363692813,0.40022062119042223,eng-championship->eng-premier-league population,-0.05014328124427048,0.0190157495585528,0.002184653691084505,0.06538648172013989
eng-premier-league,2021-2022,brentford,population,eng-championship->eng-premier-league,,no_target_history,defense,entry,0.0034030021363692813,0.40022062119042223,eng-championship->eng-premier-league population,0.14516213224091112,0.07607361475955608,0.02009565096799642,0.24003696570688351
eng-premier-league,2021-2022,brentford,population,eng-championship->eng-premier-league,,no_target_history,defense,season,0.0034030021363692813,0.40022062119042223,eng-championship->eng-premier-league population,-0.08079181128850582,0.016589619098482455,0.007088766607649529,0.07252602586728665
eng-premier-league,2021-2022,norwich-city,population,eng-championship->eng-premier-league,2.0,recent_returner,attack,entry,-0.0034030021363692813,0.40022062119042223,eng-championship->eng-premier-league population,-1.1364815018489325,0.19468579798059021,1.2838668865108729,2.2098905413056866
eng-premier-league,2021-2022,norwich-city,population,eng-championship->eng-premier-league,2.0,recent_returner,attack,season,-0.0034030021363692813,0.40022062119042223,eng-championship->eng-premier-league population,-0.7037852648733861,0.03520755213713679,0.49053531395662375,1.3578548017826373
eng-premier-league,2021-2022,norwich-city,population,eng-championship->eng-premier-league,2.0,recent_returner,defense,entry,0.0034030021363692813,0.40022062119042223,eng-championship->eng-premier-league population,-0.5069013010146968,0.039226302451800525,0.26041048181449505,0.7657002974523742
eng-premier-league,2021-2022,norwich-city,population,eng-championship->eng-premier-league,2.0,recent_returner,defense,season,0.0034030021363692813,0.40022062119042223,eng-championship->eng-premier-league population,-0.45594859441878327,0.011588432396729872,0.21100388925776764,0.652347138580653
eng-premier-league,2021-2022,watford,population,eng-championship->eng-premier-league,2.0,recent_returner,attack,entry,-0.0034030021363692813,0.40022062119042223,eng-championship->eng-premier-league population,-0.13453308036679568,0.07613517693253806,0.017195097416717743,0.234019024952589
eng-premier-league,2021-2022,watford,population,eng-championship->eng-premier-league,2.0,recent_returner,attack,season,-0.0034030021363692813,0.40022062119042223,eng-championship->eng-premier-league population,-0.3571690073837116,0.025594389897458554,0.12515038646866264,0.414158685563391
eng-premier-league,2021-2022,watford,population,eng-championship->eng-premier-league,2.0,recent_returner,defense,entry,0.0034030021363692813,0.40022062119042223,eng-championship->eng-premier-league population,-0.3594831293962365,0.053646581097598615,0.13168634445869967,0.45556835974007737
eng-premier-league,2021-2022,watford,population,eng-championship->eng-premier-league,2.0,recent_returner,defense,season,0.0034030021363692813,0.40022062119042223,eng-championship->eng-premier-league population,-0.3799240359492758,0.012522459911933412,0.1469396181275136,0.4662571543645512
eng-premier-league,2021-2022,brentford,transition,eng-championship->eng-premier-league,,no_target_history,attack,entry,-0.21837377306531736,0.1258738714079119,transition entry prior,0.04442795270943119,0.07718686572463102,0.06906474707018613,0.1027195275629168
eng-premier-league,2021-2022,brentford,transition,eng-championship->eng-premier-league,,no_target_history,attack,season,-0.21837377306531736,0.1258738714079119,transition entry prior,-0.05014328124427048,0.0190157495585528,0.02830149837835132,-0.35333829428194496
eng-premier-league,2021-2022,brentford,transition,eng-championship->eng-premier-league,,no_target_history,defense,entry,-0.1621500261757608,0.1384776208950153,transition entry prior,0.14516213224091112,0.07607361475955608,0.09444076271071365,0.2390654210621932
eng-premier-league,2021-2022,brentford,transition,eng-championship->eng-premier-league,,no_target_history,defense,season,-0.1621500261757608,0.1384776208950153,transition entry prior,-0.08079181128850582,0.016589619098482455,0.006619159129640757,-0.6539097601786551
eng-premier-league,2021-2022,norwich-city,transition,eng-championship->eng-premier-league,2.0,recent_returner,attack,entry,-0.21837377306531736,0.1258738714079119,transition entry prior,-1.1364815018489325,0.19468579798059021,0.8429218016522082,2.141779009369446
eng-premier-league,2021-2022,norwich-city,transition,eng-championship->eng-premier-league,2.0,recent_returner,attack,season,-0.21837377306531736,0.1258738714079119,transition entry prior,-0.7037852648733861,0.03520755213713679,0.23562431637933479,1.739180294597249
eng-premier-league,2021-2022,norwich-city,transition,eng-championship->eng-premier-league,2.0,recent_returner,defense,entry,-0.1621500261757608,0.1384776208950153,transition entry prior,-0.5069013010146968,0.039226302451800525,0.11885344150307156,0.5162788124294846
eng-premier-league,2021-2022,norwich-city,transition,eng-championship->eng-premier-league,2.0,recent_returner,defense,season,-0.1621500261757608,0.1384776208950153,transition entry prior,-0.45594859441878327,0.011588432396729872,0.08631759870164993,0.5811187517459693
eng-premier-league,2021-2022,watford,transition,eng-championship->eng-premier-league,2.0,recent_returner,attack,entry,-0.21837377306531736,0.1258738714079119,transition entry prior,-0.13453308036679568,0.07613517693253806,0.007029261752167946,-0.235945678988849
eng-premier-league,2021-2022,watford,transition,eng-championship->eng-premier-league,2.0,recent_returner,attack,season,-0.21837377306531736,0.1258738714079119,transition entry prior,-0.3571690073837116,0.025594389897458554,0.019264117069497964,-0.44039086359884977
eng-premier-league,2021-2022,watford,transition,eng-championship->eng-premier-league,2.0,recent_returner,defense,entry,-0.1621500261757608,0.1384776208950153,transition entry prior,-0.3594831293962365,0.053646581097598615,0.03894035362662292,-0.12356134570761657
eng-premier-league,2021-2022,watford,transition,eng-championship->eng-premier-league,2.0,recent_returner,defense,season,-0.1621500261757608,0.1384776208950153,transition entry prior,-0.3799240359492758,0.012522459911933412,0.047425519332835016,-0.058732534667410574
eng-premier-league,2021-2022,brentford,source,eng-championship->eng-premier-league,,no_target_history,attack,entry,-0.1627895513050701,0.12478161265454962,source entry prior,0.04442795270943119,0.07718686572463102,0.042939093969999856,-0.0384864777495246
eng-premier-league,2021-2022,brentford,source,eng-championship->eng-premier-league,,no_target_history,attack,season,-0.1627895513050701,0.12478161265454962,source entry prior,-0.05014328124427048,0.0190157495585528,0.012689182158610604,-0.5797688737590584
eng-premier-league,2021-2022,brentford,source,eng-championship->eng-premier-league,,no_target_history,defense,entry,-0.16991378846400867,0.1412611208916578,source entry prior,0.14516213224091112,0.07607361475955608,0.0992728358080529,0.26427600410571145
eng-premier-league,2021-2022,brentford,source,eng-championship->eng-premier-league,,no_target_history,defense,season,-0.16991378846400867,0.1412611208916578,source entry prior,-0.08079181128850582,0.016589619098482455,0.007942726815670851,-0.6270036631850447
eng-premier-league,2021-2022,norwich-city,source,eng-championship->eng-premier-league,2.0,recent_returner,attack,entry,-0.18047559577582672,0.12159439569453091,source entry prior,-1.1364815018489325,0.19468579798059021,0.91394729244666,2.3189140226107376
eng-premier-league,2021-2022,norwich-city,source,eng-championship->eng-premier-league,2.0,recent_returner,attack,season,-0.18047559577582672,0.12159439569453091,source entry prior,-0.7037852648733861,0.03520755213713679,0.2738530097709971,2.1599271690938746
eng-premier-league,2021-2022,norwich-city,source,eng-championship->eng-premier-league,2.0,recent_returner,defense,entry,-0.15505438921974368,0.14158259958517694,source entry prior,-0.5069013010146968,0.039226302451800525,0.1237962493396455,0.5504363285161441
eng-premier-league,2021-2022,norwich-city,source,eng-championship->eng-premier-league,2.0,recent_returner,defense,season,-0.15505438921974368,0.14158259958517694,source entry prior,-0.45594859441878327,0.011588432396729872,0.09053732272236174,0.623188106694083
eng-premier-league,2021-2022,watford,source,eng-championship->eng-premier-league,2.0,recent_returner,attack,entry,-0.23603607381974512,0.12064036217526126,source entry prior,-0.13453308036679568,0.07613517693253806,0.010302857679909497,-0.22441649435977137
eng-premier-league,2021-2022,watford,source,eng-championship->eng-premier-league,2.0,recent_returner,attack,season,-0.23603607381974512,0.12064036217526126,source entry prior,-0.3571690073837116,0.025594389897458554,0.014673187593812318,-0.5059102341367632
eng-premier-league,2021-2022,watford,source,eng-championship->eng-premier-league,2.0,recent_returner,defense,entry,-0.1372950023098667,0.14972138228889445,source entry prior,-0.3594831293962365,0.053646581097598615,0.04936756381814882,-0.044640368726408086
eng-premier-league,2021-2022,watford,source,eng-championship->eng-premier-league,2.0,recent_returner,defense,season,-0.1372950023098667,0.14972138228889445,source entry prior,-0.3799240359492758,0.012522459911933412,0.058868847964793525,0.08431501938394681
eng-premier-league,2021-2022,brentford,memory,eng-championship->eng-premier-league,,no_target_history,attack,entry,-0.15529730088081212,0.12915752121735616,memory entry prior,0.04442795270943119,0.07718686572463102,0.03989017692168699,-0.051512541213088237
eng-premier-league,2021-2022,brentford,memory,eng-championship->eng-premier-league,,no_target_history,attack,season,-0.15529730088081212,0.12915752121735616,memory entry prior,-0.05014328124427048,0.0190157495585528,0.011057367845722185,-0.5925236588677301
eng-premier-league,2021-2022,brentford,memory,eng-championship->eng-premier-league,,no_target_history,defense,entry,-0.16884594585158508,0.1417274200096873,memory entry prior,0.14516213224091112,0.07607361475955608,0.09860107310734319,0.26076036045411355
eng-premier-league,2021-2022,brentford,memory,eng-championship->eng-premier-league,,no_target_history,defense,season,-0.16884594585158508,0.1417274200096873,memory entry prior,-0.08079181128850582,0.016589619098482455,0.007753530613652869,-0.6281717369693641
eng-premier-league,2021-2022,norwich-city,memory,eng-championship->eng-premier-league,2.0,recent_returner,attack,entry,-0.2112234092168627,0.1587350168154839,memory entry prior,-1.1364815018489325,0.19468579798059021,0.8561025379811359,2.108334184506824
eng-premier-league,2021-2022,norwich-city,memory,eng-championship->eng-premier-league,2.0,recent_returner,attack,season,-0.2112234092168627,0.1587350168154839,memory entry prior,-0.7037852648733861,0.03520755213713679,0.24261718164779783,1.5238670046672684
eng-premier-league,2021-2022,norwich-city,memory,eng-championship->eng-premier-league,2.0,recent_returner,defense,entry,-0.13846401440002962,0.17095429228033027,memory entry prior,-0.5069013010146968,0.039226302451800525,0.13574603416797837,0.5696713980221041
eng-premier-league,2021-2022,norwich-city,memory,eng-championship->eng-premier-league,2.0,recent_returner,defense,season,-0.13846401440002962,0.17095429228033027,memory entry prior,-0.45594859441878327,0.011588432396729872,0.10079645854968441,0.5544040328355954
eng-premier-league,2021-2022,watford,memory,eng-championship->eng-premier-league,2.0,recent_returner,attack,entry,-0.24746849874834687,0.13213952995935782,memory entry prior,-0.13453308036679568,0.07613517693253806,0.01275440872501601,-0.19730969642668794
eng-premier-league,2021-2022,watford,memory,eng-championship->eng-premier-league,2.0,recent_returner,attack,season,-0.24746849874834687,0.13213952995935782,memory entry prior,-0.3571690073837116,0.025594389897458554,0.012034201594857732,-0.5139440481726578
eng-premier-league,2021-2022,watford,memory,eng-championship->eng-premier-league,2.0,recent_returner,defense,entry,-0.12772939140612477,0.161718535772751,memory entry prior,-0.3594831293962365,0.053646581097598615,0.053709795072389356,-0.008650910104754217
eng-premier-league,2021-2022,watford,memory,eng-championship->eng-premier-league,2.0,recent_returner,defense,season,-0.12772939140612477,0.161718535772751,memory entry prior,-0.3799240359492758,0.012522459911933412,0.0636021387362463,0.11491895658520146
eng-premier-league,2022-2023,bournemouth,current,eng-championship->eng-premier-league,3.0,recent_returner,attack,entry,-0.22356889946318143,0.12837499604104216,Championship promotion bridge,-0.20964418228798198,0.08920889760087743,0.0001938977484092943,-0.2037712175508628
eng-premier-league,2022-2023,bournemouth,current,eng-championship->eng-premier-league,3.0,recent_returner,attack,season,-0.22356889946318143,0.12837499604104216,Championship promotion bridge,-0.30198577127730303,0.023774363015893817,0.006149205785112379,-0.610949069014164
eng-premier-league,2022-2023,bournemouth,current,eng-championship->eng-premier-league,3.0,recent_returner,defense,entry,-0.22726394872022343,0.16877765738467415,Championship promotion bridge,-0.32442570382025027,0.044100316355316055,0.00944040665411759,-0.3275226762821973
eng-premier-league,2022-2023,bournemouth,current,eng-championship->eng-premier-league,3.0,recent_returner,defense,season,-0.22726394872022343,0.16877765738467415,Championship promotion bridge,-0.2722130981632396,0.013393886053383363,0.0020204260356505984,-0.6434157614646839
eng-premier-league,2022-2023,fulham,current,eng-championship->eng-premier-league,2.0,recent_returner,attack,entry,-0.22356889946318143,0.12837499604104216,Championship promotion bridge,0.16873980607238329,0.05941325774054518,0.15390612043899043,0.6436882555583932
eng-premier-league,2022-2023,fulham,current,eng-championship->eng-premier-league,2.0,recent_returner,attack,season,-0.22356889946318143,0.12837499604104216,Championship promotion bridge,0.06028968076975441,0.016847742776510594,0.08057569357185809,0.4270911536395615
eng-premier-league,2022-2023,fulham,current,eng-championship->eng-premier-league,2.0,recent_returner,defense,entry,-0.22726394872022343,0.16877765738467415,Championship promotion bridge,-0.2946325284598864,0.04829665551092089,0.00453852553613933,-0.3348959791764915
eng-premier-league,2022-2023,fulham,current,eng-championship->eng-premier-league,2.0,recent_returner,defense,season,-0.22726394872022343,0.16877765738467415,Championship promotion bridge,-0.0033340764566369896,0.017353304293565665,0.05014458769198614,-0.07540744352241002
eng-premier-league,2022-2023,nottingham-forest,current,eng-championship->eng-premier-league,,no_target_history,attack,entry,-0.22356889946318143,0.12837499604104216,Championship promotion bridge,-0.5824976282739239,0.11651619881672089,0.12882983236569553,0.39455770446195215
eng-premier-league,2022-2023,nottingham-forest,current,eng-championship->eng-premier-league,,no_target_history,attack,season,-0.22356889946318143,0.12837499604104216,Championship promotion bridge,-0.2796566734450786,0.023235326722874348,0.0031458383902443826,-0.6544640586505504
eng-premier-league,2022-2023,nottingham-forest,current,eng-championship->eng-premier-league,,no_target_history,defense,entry,-0.22726394872022343,0.16877765738467415,Championship promotion bridge,-0.49326810935730425,0.042541005047072034,0.0707582134762379,0.09469879104687501
eng-premier-league,2022-2023,nottingham-forest,current,eng-championship->eng-premier-league,,no_target_history,defense,season,-0.22726394872022343,0.16877765738467415,Championship promotion bridge,-0.2307347848683674,0.013915511645892529,1.20467035672629e-05,-0.661206251135519
eng-premier-league,2022-2023,bournemouth,population,eng-championship->eng-premier-league,3.0,recent_returner,attack,entry,-0.0018480131471673392,0.4002143134935381,eng-championship->eng-premier-league population,-0.20964418228798198,0.08920889760087743,0.04317924790959805,0.31112366356698307
eng-premier-league,2022-2023,bournemouth,population,eng-championship->eng-premier-league,3.0,recent_returner,attack,season,-0.0018480131471673392,0.4002143134935381,eng-championship->eng-premier-league population,-0.30198577127730303,0.023774363015893817,0.09008267385538385,0.3172435535114169
eng-premier-league,2022-2023,bournemouth,population,eng-championship->eng-premier-league,3.0,recent_returner,defense,entry,0.0018480131471673392,0.4002143134935381,eng-championship->eng-premier-league population,-0.32442570382025027,0.044100316355316055,0.10645453838373452,0.3853574529850099
eng-premier-league,2022-2023,bournemouth,population,eng-championship->eng-premier-league,3.0,recent_returner,defense,season,0.0018480131471673392,0.4002143134935381,eng-championship->eng-premier-league population,-0.2722130981632396,0.013393886053383363,0.07510949273269524,0.25971041140805795
eng-premier-league,2022-2023,fulham,population,eng-championship->eng-premier-league,2.0,recent_returner,attack,entry,-0.0018480131471673392,0.4002143134935381,eng-championship->eng-premier-league population,0.16873980607238329,0.05941325774054518,0.02910020406608209,0.22719193067725746
eng-premier-league,2022-2023,fulham,population,eng-championship->eng-premier-league,2.0,recent_returner,attack,season,-0.0018480131471673392,0.4002143134935381,eng-championship->eng-premier-league population,0.06028968076975441,0.016847742776510594,0.003861093005313054,0.0640959628673366
eng-premier-league,2022-2023,fulham,population,eng-championship->eng-premier-league,2.0,recent_returner,defense,entry,0.0018480131471673392,0.4002143134935381,eng-championship->eng-premier-league population,-0.2946325284598864,0.04829665551092089,0.08790071155161192,0.3457793111731668
eng-premier-league,2022-2023,fulham,population,eng-championship->eng-premier-league,2.0,recent_returner,defense,season,0.0018480131471673392,0.4002143134935381,eng-championship->eng-premier-league population,-0.0033340764566369896,0.017353304293565665,2.6854052661856904e-05,0.054691689966299195
eng-premier-league,2022-2023,nottingham-forest,population,eng-championship->eng-premier-league,,no_target_history,attack,entry,-0.0018480131471673392,0.4002143134935381,eng-championship->eng-premier-league population,-0.5824976282739239,0.11651619881672089,0.33715397554685056,0.8857737067213607
eng-premier-league,2022-2023,nottingham-forest,population,eng-championship->eng-premier-league,,no_target_history,attack,season,-0.0018480131471673392,0.4002143134935381,eng-championship->eng-premier-league population,-0.2796566734450786,0.023235326722874348,0.07717765173652028,0.28131444065971034
eng-premier-league,2022-2023,nottingham-forest,population,eng-championship->eng-premier-league,,no_target_history,defense,entry,0.0018480131471673392,0.4002143134935381,eng-championship->eng-premier-league population,-0.49326810935730425,0.042541005047072034,0.2451399747638629,0.7256046320189828
eng-premier-league,2022-2023,nottingham-forest,population,eng-championship->eng-premier-league,,no_target_history,defense,season,0.0018480131471673392,0.4002143134935381,eng-championship->eng-premier-league population,-0.2307347848683674,0.013915511645892529,0.054094757932735035,0.20020552060508223
eng-premier-league,2022-2023,bournemouth,transition,eng-championship->eng-premier-league,3.0,recent_returner,attack,entry,-0.2289677379482686,0.13723154104144838,transition entry prior,-0.20964418228798198,0.08920889760087743,0.0003733998033561952,-0.191953852579666
eng-premier-league,2022-2023,bournemouth,transition,eng-championship->eng-premier-league,3.0,recent_returner,attack,season,-0.2289677379482686,0.13723154104144838,transition entry prior,-0.30198577127730303,0.023774363015893817,0.005331633191239982,-0.5963637023860183
eng-premier-league,2022-2023,bournemouth,transition,eng-championship->eng-premier-league,3.0,recent_returner,defense,entry,-0.1765645975546313,0.1443658173901194,transition entry prior,-0.32442570382025027,0.044100316355316055,0.021862906746092665,-0.2798664125887525
eng-premier-league,2022-2023,bournemouth,transition,eng-championship->eng-premier-league,3.0,recent_returner,defense,season,-0.1765645975546313,0.1443658173901194,transition entry prior,-0.2722130981632396,0.013393886053383363,0.009148635668674937,-0.634695590989139
eng-premier-league,2022-2023,fulham,transition,eng-championship->eng-premier-league,2.0,recent_returner,attack,entry,-0.2289677379482686,0.13723154104144838,transition entry prior,0.16873980607238329,0.05941325774054518,0.15817129057093876,0.6557221967338116
eng-premier-league,2022-2023,fulham,transition,eng-championship->eng-premier-league,2.0,recent_returner,attack,season,-0.2289677379482686,0.13723154104144838,transition entry prior,0.06028968076975441,0.016847742776510594,0.0836698542834137,0.4248551131960425
eng-premier-league,2022-2023,fulham,transition,eng-championship->eng-premier-league,2.0,recent_returner,defense,entry,-0.1765645975546313,0.1443658173901194,transition entry prior,-0.2946325284598864,0.04829665551092089,0.013940036308248095,-0.3160728873545636
eng-premier-league,2022-2023,fulham,transition,eng-championship->eng-premier-league,2.0,recent_returner,defense,season,-0.1765645975546313,0.1443658173901194,transition entry prior,-0.0033340764566369896,0.017353304293565665,0.03000881343988265,-0.3207504424152087
eng-premier-league,2022-2023,nottingham-forest,transition,eng-championship->eng-premier-league,,no_target_history,attack,entry,-0.2289677379482686,0.13723154104144838,transition entry prior,-0.5824976282739239,0.11651619881672089,0.12498338335366986,0.38069694083679984
eng-premier-league,2022-2023,nottingham-forest,transition,eng-championship->eng-premier-league,,no_target_history,attack,season,-0.2289677379482686,0.13723154104144838,transition entry prior,-0.2796566734450786,0.023235326722874348,0.0025693681817997647,-0.6347591343710635
eng-premier-league,2022-2023,nottingham-forest,transition,eng-championship->eng-premier-league,,no_target_history,defense,entry,-0.1765645975546313,0.1443658173901194,transition entry prior,-0.49326810935730425,0.042541005047072034,0.10030111438814582,0.3308914726158784
eng-premier-league,2022-2023,nottingham-forest,transition,eng-championship->eng-premier-league,,no_target_history,defense,season,-0.1765645975546313,0.1443658173901194,transition entry prior,-0.2307347848683674,0.013915511645892529,0.0029344091936052558,-0.7185353878185463
eng-premier-league,2022-2023,bournemouth,source,eng-championship->eng-premier-league,3.0,recent_returner,attack,entry,-0.22400350503985447,0.12968116284807757,source entry prior,-0.20964418228798198,0.08920889760087743,0.0002061901498924429,-0.20212409802655557
eng-premier-league,2022-2023,bournemouth,source,eng-championship->eng-premier-league,3.0,recent_returner,attack,season,-0.22400350503985447,0.12968116284807757,source entry prior,-0.30198577127730303,0.023774363015893817,0.006081233847528309,-0.6082513368408449
eng-premier-league,2022-2023,bournemouth,source,eng-championship->eng-premier-league,3.0,recent_returner,defense,entry,-0.17565806235584844,0.1482033510473471,source entry prior,-0.32442570382025027,0.044100316355316055,0.02213181114688081,-0.27212154652736287
eng-premier-league,2022-2023,bournemouth,source,eng-championship->eng-premier-league,3.0,recent_returner,defense,season,-0.17565806235584844,0.1482033510473471,source entry prior,-0.2722130981632396,0.013393886053383363,0.009322874939766584,-0.6203400868787808
eng-premier-league,2022-2023,fulham,source,eng-championship->eng-premier-league,2.0,recent_returner,attack,entry,-0.11940593977258952,0.15421805417734474,source entry prior,0.16873980607238329,0.05941325774054518,0.08302797084855568,0.17465069512808645
eng-premier-league,2022-2023,fulham,source,eng-championship->eng-premier-league,2.0,recent_returner,attack,season,-0.11940593977258952,0.15421805417734474,source entry prior,0.06028968076975441,0.016847742776510594,0.032290516042098066,-0.28531052057347195
eng-premier-league,2022-2023,fulham,source,eng-championship->eng-premier-league,2.0,recent_returner,defense,entry,-0.17594285535460127,0.1477756979519159,source entry prior,-0.2946325284598864,0.04829665551092089,0.014087238501839445,-0.3093025986984626
eng-premier-league,2022-2023,fulham,source,eng-championship->eng-premier-league,2.0,recent_returner,defense,season,-0.17594285535460127,0.1477756979519159,source entry prior,-0.0033340764566369896,0.017353304293565665,0.029793790552646318,-0.3206055518244056
eng-premier-league,2022-2023,nottingham-forest,source,eng-championship->eng-premier-league,,no_target_history,attack,entry,-0.22769773888180334,0.12971753631877478,source entry prior,-0.5824976282739239,0.11651619881672089,0.125882961512661,0.38355012136791555
eng-premier-league,2022-2023,nottingham-forest,source,eng-championship->eng-premier-league,,no_target_history,attack,season,-0.22769773888180334,0.12971753631877478,source entry prior,-0.2796566734450786,0.023235326722874348,0.0026997308809507217,-0.6560309658687905
eng-premier-league,2022-2023,nottingham-forest,source,eng-championship->eng-premier-league,,no_target_history,defense,entry,-0.17571522702903675,0.14783064679966013,source entry prior,-0.49326810935730425,0.042541005047072034,0.1008398330749905,0.33055805449716413
eng-premier-league,2022-2023,nottingham-forest,source,eng-championship->eng-premier-league,,no_target_history,defense,season,-0.17571522702903675,0.14783064679966013,source entry prior,-0.2307347848683674,0.013915511645892529,0.0030271517448354516,-0.7040777417279669
eng-premier-league,2022-2023,bournemouth,memory,eng-championship->eng-premier-league,3.0,recent_returner,attack,entry,-0.22304139040655108,0.126756835309366,memory entry prior,-0.20964418228798198,0.08920889760087743,0.0001794851853722536,-0.2057930045943095
eng-premier-league,2022-2023,bournemouth,memory,eng-championship->eng-premier-league,3.0,recent_returner,attack,season,-0.22304139040655108,0.126756835309366,memory entry prior,-0.30198577127730303,0.023774363015893817,0.006232215271066347,-0.6142702806276232
eng-premier-league,2022-2023,bournemouth,memory,eng-championship->eng-premier-league,3.0,recent_returner,defense,entry,-0.1970427697564629,0.14543785563119535,memory entry prior,-0.32442570382025027,0.044100316355316055,0.0162264118906992,-0.3214714486905522
eng-premier-league,2022-2023,bournemouth,memory,eng-championship->eng-premier-league,3.0,recent_returner,defense,season,-0.1970427697564629,0.14543785563119535,memory entry prior,-0.2722130981632396,0.013393886053383363,0.0056505782727826566,-0.682009150662878
eng-premier-league,2022-2023,fulham,memory,eng-championship->eng-premier-league,2.0,recent_returner,attack,entry,-0.21541910861317548,0.17272820250743282,memory entry prior,0.16873980607238329,0.05941325774054518,0.1475780717323864,0.5375557750477995
eng-premier-league,2022-2023,fulham,memory,eng-championship->eng-premier-league,2.0,recent_returner,attack,season,-0.21541910861317548,0.17272820250743282,memory entry prior,0.06028968076975441,0.016847742776510594,0.07601533654300079,0.20091752278453634
eng-premier-league,2022-2023,fulham,memory,eng-championship->eng-premier-league,2.0,recent_returner,defense,entry,-0.15970713734454534,0.14728753052348056,memory entry prior,-0.2946325284598864,0.04829665551092089,0.01820486116762776,-0.2807081787174678
eng-premier-league,2022-2023,fulham,memory,eng-championship->eng-premier-league,2.0,recent_returner,defense,season,-0.15970713734454534,0.14728753052348056,memory entry prior,-0.0033340764566369896,0.017353304293565665,0.02445253417145349,-0.38943977820068065
eng-premier-league,2022-2023,nottingham-forest,memory,eng-championship->eng-premier-league,,no_target_history,attack,entry,-0.1959336210285119,0.12387416514414323,memory entry prior,-0.5824976282739239,0.11651619881672089,0.149431731697631,0.47256101963965474
eng-premier-league,2022-2023,nottingham-forest,memory,eng-championship->eng-premier-league,,no_target_history,attack,season,-0.1959336210285119,0.12387416514414323,memory entry prior,-0.2796566734450786,0.023235326722874348,0.007009549505947178,-0.61772632238115
eng-premier-league,2022-2023,nottingham-forest,memory,eng-championship->eng-premier-league,,no_target_history,defense,entry,-0.1532799089511798,0.14096535585948472,memory entry prior,-0.49326810935730425,0.042541005047072034,0.11559197641539502,0.4579777361110675
eng-premier-league,2022-2023,nottingham-forest,memory,eng-championship->eng-premier-league,,no_target_history,defense,season,-0.1532799089511798,0.14096535585948472,memory entry prior,-0.2307347848683674,0.013915511645892529,0.005999257803346929,-0.6861236116703678
eng-premier-league,2023-2024,burnley,current,eng-championship->eng-premier-league,2.0,recent_returner,attack,entry,-0.22202142794570584,0.13677789186559755,Championship promotion bridge,-0.6027955900733994,0.10413634140392614,0.14498896254404708,0.4606526212826817
eng-premier-league,2023-2024,burnley,current,eng-championship->eng-premier-league,2.0,recent_returner,attack,season,-0.22202142794570584,0.13677789186559755,Championship promotion bridge,-0.35382055050985506,0.021498391501888155,0.01737100870867963,-0.47190178830926954
eng-premier-league,2023-2024,burnley,current,eng-championship->eng-premier-league,2.0,recent_returner,defense,entry,-0.24237811853250008,0.14817366227589812,Championship promotion bridge,-0.37327378332812194,0.03902176156037575,0.0171336750622878,-0.3391966479548679
eng-premier-league,2023-2024,burnley,current,eng-championship->eng-premier-league,2.0,recent_returner,defense,season,-0.24237811853250008,0.14817366227589812,Championship promotion bridge,-0.23638680964509165,0.012185589354367116,3.5895782184339184e-05,-0.7691635587147593
eng-premier-league,2023-2024,luton-town,current,eng-championship->eng-premier-league,,no_target_history,attack,entry,-0.22202142794570584,0.13677789186559755,Championship promotion bridge,-0.521575970727387,0.09504279613454782,0.08973292410114207,0.22649377504592935
eng-premier-league,2023-2024,luton-town,current,eng-championship->eng-premier-league,,no_target_history,attack,season,-0.22202142794570584,0.13677789186559755,Championship promotion bridge,-0.12190212011460652,0.01749286651332807,0.010023875800578426,-0.6019476547815004
eng-premier-league,2023-2024,luton-town,current,eng-championship->eng-premier-league,,no_target_history,defense,entry,-0.24237811853250008,0.14817366227589812,Championship promotion bridge,-0.27028167639918704,0.04823992224059787,0.0007786085416195481,-0.4037520139654004
eng-premier-league,2023-2024,luton-town,current,eng-championship->eng-premier-league,,no_target_history,defense,season,-0.24237811853250008,0.14817366227589812,Championship promotion bridge,-0.32988418972163147,0.011300025954439873,0.0076573124949573315,-0.6677009715363761
eng-premier-league,2023-2024,sheffield-united,current,eng-championship->eng-premier-league,3.0,recent_returner,attack,entry,-0.22202142794570584,0.13677789186559755,Championship promotion bridge,-0.6168180382244283,0.11605211988508682,0.15586436348756944,0.4951119373962801
eng-premier-league,2023-2024,sheffield-united,current,eng-championship->eng-premier-league,3.0,recent_returner,attack,season,-0.22202142794570584,0.13677789186559755,Championship promotion bridge,-0.4809296769845155,0.024643884379197612,0.06703348142034228,0.12286703995938819
eng-premier-league,2023-2024,sheffield-united,current,eng-championship->eng-premier-league,3.0,recent_returner,defense,entry,-0.24237811853250008,0.14817366227589812,Championship promotion bridge,-0.5303289195587457,0.03393319176418262,0.0829156638116565,0.21853506052960603
eng-premier-league,2023-2024,sheffield-united,current,eng-championship->eng-premier-league,3.0,recent_returner,defense,season,-0.24237811853250008,0.14817366227589812,Championship promotion bridge,-0.5161575348772568,0.009440248072719771,0.07495516881407564,0.38211387036783817
eng-premier-league,2023-2024,burnley,population,eng-championship->eng-premier-league,2.0,recent_returner,attack,entry,-0.004560706404676723,0.4002082380021267,eng-championship->eng-premier-league population,-0.6027955900733994,0.10413634140392614,0.3578849760381302,0.9306443991094022
eng-premier-league,2023-2024,burnley,population,eng-championship->eng-premier-league,2.0,recent_returner,attack,season,-0.004560706404676723,0.4002082380021267,eng-championship->eng-premier-league population,-0.35382055050985506,0.021498391501888155,0.12198243870437349,0.40187764518701696
eng-premier-league,2023-2024,burnley,population,eng-championship->eng-premier-league,2.0,recent_returner,defense,entry,0.004560706404676723,0.4002082380021267,eng-championship->eng-premier-league population,-0.37327378332812194,0.03902176156037575,0.14275890163164434,0.4705378898905999
eng-premier-league,2023-2024,burnley,population,eng-championship->eng-premier-league,2.0,recent_returner,defense,season,0.004560706404676723,0.4002082380021267,eng-championship->eng-premier-league population,-0.23638680964509165,0.012185589354367116,0.058055705490553396,0.20825267988864476
eng-premier-league,2023-2024,luton-town,population,eng-championship->eng-premier-league,,no_target_history,attack,entry,-0.004560706404676723,0.4002082380021267,eng-championship->eng-premier-league population,-0.521575970727387,0.09504279613454782,0.267304783542682,0.75980006217888
eng-premier-league,2023-2024,luton-town,population,eng-championship->eng-premier-league,,no_target_history,attack,season,-0.004560706404676723,0.4002082380021267,eng-championship->eng-premier-league population,-0.12190212011460652,0.01749286651332807,0.0137690073714449,0.09374640775542421
eng-premier-league,2023-2024,luton-town,population,eng-championship->eng-premier-league,,no_target_history,defense,entry,0.004560706404676723,0.4002082380021267,eng-championship->eng-premier-league population,-0.27028167639918704,0.04823992224059787,0.07553833538530558,0.31603458660911415
eng-premier-league,2023-2024,luton-town,population,eng-championship->eng-premier-league,,no_target_history,defense,season,0.004560706404676723,0.4002082380021267,eng-championship->eng-premier-league population,-0.32988418972163147,0.011300025954439873,0.11185338854493707,0.3634218972609728
eng-premier-league,2023-2024,sheffield-united,population,eng-championship->eng-premier-league,3.0,recent_returner,attack,entry,-0.004560706404676723,0.4002082380021267,eng-championship->eng-premier-league population,-0.6168180382244283,0.11605211988508682,0.3748590403670413,0.9542121141786774
eng-premier-league,2023-2024,sheffield-united,population,eng-championship->eng-premier-league,3.0,recent_returner,attack,season,-0.004560706404676723,0.4002082380021267,eng-championship->eng-premier-league population,-0.4809296769845155,0.024643884379197612,0.2269273961312953,0.6886725372483308
eng-premier-league,2023-2024,sheffield-united,population,eng-championship->eng-premier-league,3.0,recent_returner,defense,entry,0.004560706404676723,0.4002082380021267,eng-championship->eng-premier-league population,-0.5303289195587457,0.03393319176418262,0.28610691196329,0.8362568986307555
eng-premier-league,2023-2024,sheffield-united,population,eng-championship->eng-premier-league,3.0,recent_returner,defense,season,0.004560706404676723,0.4002082380021267,eng-championship->eng-premier-league population,-0.5161575348772568,0.009440248072719771,0.27114748680374995,0.8311435956966985
eng-premier-league,2023-2024,burnley,transition,eng-championship->eng-premier-league,2.0,recent_returner,attack,entry,-0.22522974927662331,0.13549817894290112,transition entry prior,-0.6027955900733994,0.10413634140392614,0.1425559641365765,0.45098009474345785
eng-premier-league,2023-2024,burnley,transition,eng-championship->eng-premier-league,2.0,recent_returner,attack,season,-0.22522974927662331,0.13549817894290112,transition entry prior,-0.35382055050985506,0.021498391501888155,0.016535594161804515,-0.4848451428134328
eng-premier-league,2023-2024,burnley,transition,eng-championship->eng-premier-league,2.0,recent_returner,defense,entry,-0.17470389933562142,0.13630811312358856,transition entry prior,-0.37327378332812194,0.03902176156037575,0.03942999882879512,-0.16589897246557062
eng-premier-league,2023-2024,burnley,transition,eng-championship->eng-premier-league,2.0,recent_returner,defense,season,-0.17470389933562142,0.13630811312358856,transition entry prior,-0.23638680964509165,0.012185589354367116,0.003804781424246149,-0.7599070718346647
eng-premier-league,2023-2024,luton-town,transition,eng-championship->eng-premier-league,,no_target_history,attack,entry,-0.22522974927662331,0.13549817894290112,transition entry prior,-0.521575970727387,0.09504279613454782,0.0878210829681451,0.2177423070180459
eng-premier-league,2023-2024,luton-town,transition,eng-championship->eng-premier-league,,no_target_history,attack,season,-0.22522974927662331,0.13549817894290112,transition entry prior,-0.12190212011460652,0.01749286651332807,0.010676598948243262,-0.5963350946900602
eng-premier-league,2023-2024,luton-town,transition,eng-championship->eng-premier-league,,no_target_history,defense,entry,-0.17470389933562142,0.13630811312358856,transition entry prior,-0.27028167639918704,0.04823992224059787,0.009135111468412652,-0.36558290816647654
eng-premier-league,2023-2024,luton-town,transition,eng-championship->eng-premier-league,,no_target_history,defense,season,-0.17470389933562142,0.13630811312358856,transition entry prior,-0.32988418972163147,0.011300025954439873,0.024080922524286404,-0.4333841101528094
eng-premier-league,2023-2024,sheffield-united,transition,eng-championship->eng-premier-league,3.0,recent_returner,attack,entry,-0.22522974927662331,0.13549817894290112,transition entry prior,-0.6168180382244283,0.11605211988508682,0.1533413880410696,0.48593135679135513
eng-premier-league,2023-2024,sheffield-united,transition,eng-championship->eng-premier-league,3.0,recent_returner,attack,season,-0.22522974927662331,0.13549817894290112,transition entry prior,-0.4809296769845155,0.024643884379197612,0.06538245302982129,0.10590000025482804
eng-premier-league,2023-2024,sheffield-united,transition,eng-championship->eng-premier-league,3.0,recent_returner,defense,entry,-0.17470389933562142,0.13630811312358856,transition entry prior,-0.5303289195587457,0.03393319176418262,0.12646915500869757,0.6497599868855513
eng-premier-league,2023-2024,sheffield-united,transition,eng-championship->eng-premier-league,3.0,recent_returner,defense,season,-0.17470389933562142,0.13630811312358856,transition entry prior,-0.5161575348772568,0.009440248072719771,0.11659058522459996,1.2120003888090833
eng-premier-league,2023-2024,burnley,source,eng-championship->eng-premier-league,2.0,recent_returner,attack,entry,-0.15130909705063134,0.12316443309151469,source entry prior,-0.6027955900733994,0.10413634140392614,0.20384005338199804,0.7101813495279503
eng-premier-league,2023-2024,burnley,source,eng-championship->eng-premier-league,2.0,recent_returner,attack,season,-0.15130909705063134,0.12316443309151469,source entry prior,-0.35382055050985506,0.021498391501888155,0.04101088878216733,-0.1747676175514249
eng-premier-league,2023-2024,burnley,source,eng-championship->eng-premier-league,2.0,recent_returner,defense,entry,-0.17551465081725337,0.14177951172876074,source entry prior,-0.37327378332812194,0.03902176156037575,0.03910867449145128,-0.16438861206901545
eng-premier-league,2023-2024,burnley,source,eng-championship->eng-premier-league,2.0,recent_returner,defense,season,-0.17551465081725337,0.14177951172876074,source entry prior,-0.23638680964509165,0.012185589354367116,0.0037054197203615696,-0.740223971950624
eng-premier-league,2023-2024,luton-town,source,eng-championship->eng-premier-league,,no_target_history,attack,entry,-0.31110249760034914,0.12950844487425292,source entry prior,-0.521575970727387,0.09504279613454782,0.044299082890157944,0.021575350658396553
eng-premier-league,2023-2024,luton-town,source,eng-championship->eng-premier-league,,no_target_history,attack,season,-0.31110249760034914,0.12950844487425292,source entry prior,-0.12190212011460652,0.01749286651332807,0.0357967828407475,-0.24552508783111326
eng-premier-league,2023-2024,luton-town,source,eng-championship->eng-premier-league,,no_target_history,defense,entry,-0.17424180485701274,0.13962958142085632,source entry prior,-0.27028167639918704,0.04823992224059787,0.009223656925837341,-0.3590426876739637
eng-premier-league,2023-2024,luton-town,source,eng-championship->eng-premier-league,,no_target_history,defense,season,-0.17424180485701274,0.13962958142085632,source entry prior,-0.32988418972163147,0.011300025954439873,0.024224551966346097,-0.42793836296203763
eng-premier-league,2023-2024,sheffield-united,source,eng-championship->eng-premier-league,3.0,recent_returner,attack,entry,-0.21735532832970605,0.1187290243168154,source entry prior,-0.6168180382244283,0.11605211988508682,0.159570456596435,0.5124310260785779
eng-premier-league,2023-2024,sheffield-united,source,eng-championship->eng-premier-league,3.0,recent_returner,attack,season,-0.21735532832970605,0.1187290243168154,source entry prior,-0.4809296769845155,0.024643884379197612,0.06947143726880704,0.19012948821755182
eng-premier-league,2023-2024,sheffield-united,source,eng-championship->eng-premier-league,3.0,recent_returner,defense,entry,-0.1740582866906083,0.13949336746065275,source entry prior,-0.5303289195587457,0.03393319176418262,0.12692876384426316,0.6425462722287618
eng-premier-league,2023-2024,sheffield-united,source,eng-championship->eng-premier-league,3.0,recent_returner,defense,season,-0.1740582866906083,0.13949336746065275,source entry prior,-0.5161575348772568,0.009440248072719771,0.11703189560987012,1.1718263266479672
eng-premier-league,2023-2024,burnley,memory,eng-championship->eng-premier-league,2.0,recent_returner,attack,entry,-0.1813215985498953,0.1307495543665112,memory entry prior,-0.6027955900733994,0.10413634140392614,0.17764032553075487,0.5965605231875797
eng-premier-league,2023-2024,burnley,memory,eng-championship->eng-premier-league,2.0,recent_returner,attack,season,-0.1813215985498953,0.1307495543665112,memory entry prior,-0.35382055050985506,0.021498391501888155,0.029755888427284504,-0.3228922851230887
eng-premier-league,2023-2024,burnley,memory,eng-championship->eng-premier-league,2.0,recent_returner,defense,entry,-0.15719426743438578,0.13997393413929896,memory entry prior,-0.37327378332812194,0.03902176156037575,0.04669035718887138,-0.1011647800445486
eng-premier-league,2023-2024,burnley,memory,eng-championship->eng-premier-league,2.0,recent_returner,defense,season,-0.15719426743438578,0.13997393413929896,memory entry prior,-0.23638680964509165,0.012185589354367116,0.006271458741794432,-0.7068722022027332
eng-premier-league,2023-2024,luton-town,memory,eng-championship->eng-premier-league,,no_target_history,attack,entry,-0.29638710743683394,0.12935755797791273,memory entry prior,-0.521575970727387,0.09504279613454782,0.05071002415009141,0.05014746491602359
eng-premier-league,2023-2024,luton-town,memory,eng-championship->eng-premier-league,,no_target_history,attack,season,-0.29638710743683394,0.12935755797791273,memory entry prior,-0.12190212011460652,0.01749286651332807,0.030445010800837863,-0.32368154527708826
eng-premier-league,2023-2024,luton-town,memory,eng-championship->eng-premier-league,,no_target_history,defense,entry,-0.15082231415007114,0.1306479226999103,memory entry prior,-0.27028167639918704,0.04823992224059787,0.014270539228965498,-0.33612136317866836
eng-premier-league,2023-2024,luton-town,memory,eng-championship->eng-premier-league,,no_target_history,defense,season,-0.15082231415007114,0.1306479226999103,memory entry prior,-0.32988418972163147,0.011300025954439873,0.032063155283204955,-0.29718137509106424
eng-premier-league,2023-2024,sheffield-united,memory,eng-championship->eng-premier-league,3.0,recent_returner,attack,entry,-0.2878880288329178,0.14788001148521496,memory entry prior,-0.6168180382244283,0.11605211988508682,0.10819495107829916,0.3206363564965452
eng-premier-league,2023-2024,sheffield-united,memory,eng-championship->eng-premier-league,3.0,recent_returner,attack,season,-0.2878880288329178,0.14788001148521496,memory entry prior,-0.4809296769845155,0.024643884379197612,0.037265077921085236,-0.21448673471570995
eng-premier-league,2023-2024,sheffield-united,memory,eng-championship->eng-premier-league,3.0,recent_returner,defense,entry,-0.1897522830200719,0.13428645183389568,memory entry prior,-0.5303289195587457,0.03393319176418262,0.11599244535599593,0.5563969084595487
eng-premier-league,2023-2024,sheffield-united,memory,eng-championship->eng-premier-league,3.0,recent_returner,defense,season,-0.1897522830200719,0.13428645183389568,memory entry prior,-0.5161575348772568,0.009440248072719771,0.1065403884399523,1.0606592676481048
eng-premier-league,2024-2025,ipswich-town,current,eng-championship->eng-premier-league,,no_target_history,attack,entry,-0.24867672741043295,0.13274135671116288,Championship promotion bridge,-0.3456557323799217,0.08813946267962733,0.009404927404872122,-0.15989054193441038
eng-premier-league,2024-2025,ipswich-town,current,eng-championship->eng-premier-league,,no_target_history,attack,season,-0.24867672741043295,0.13274135671116288,Championship promotion bridge,-0.36009859084003026,0.024259542267570464,0.012414831650123834,-0.5193174108049984
eng-premier-league,2024-2025,ipswich-town,current,eng-championship->eng-premier-league,,no_target_history,defense,entry,-0.2563659306031178,0.13372548395866912,Championship promotion bridge,-0.3818915971546488,0.04625751621582123,0.015756692963206153,-0.3315744119261678
eng-premier-league,2024-2025,ipswich-town,current,eng-championship->eng-premier-league,,no_target_history,defense,season,-0.2563659306031178,0.13372548395866912,Championship promotion bridge,-0.3876063883131613,0.01176351311335527,0.017224057739941716,-0.5497798977006465
eng-premier-league,2024-2025,leicester-city,current,eng-championship->eng-premier-league,2.0,recent_returner,attack,entry,-0.24867672741043295,0.13274135671116288,Championship promotion bridge,-0.007353366497348108,0.06663400105127236,0.058236964522387004,0.02758296829327045
eng-premier-league,2024-2025,leicester-city,current,eng-championship->eng-premier-league,2.0,recent_returner,attack,season,-0.24867672741043295,0.13274135671116288,Championship promotion bridge,-0.4426100343339173,0.02610085974017908,0.03761012753427839,-0.21590950066179543
eng-premier-league,2024-2025,leicester-city,current,eng-championship->eng-premier-league,2.0,recent_returner,defense,entry,-0.2563659306031178,0.13372548395866912,Championship promotion bridge,-0.29404076313895705,0.05345889977293702,0.001419393006603532,-0.3912527795994075
eng-premier-league,2024-2025,leicester-city,current,eng-championship->eng-premier-league,2.0,recent_returner,defense,season,-0.2563659306031178,0.13372548395866912,Championship promotion bridge,-0.36058200705202503,0.012019754250115179,0.010860990590404478,-0.6543638928991964
eng-premier-league,2024-2025,southampton,current,eng-championship->eng-premier-league,2.0,recent_returner,attack,entry,-0.24867672741043295,0.13274135671116288,Championship promotion bridge,-0.585716650210027,0.11647251368067656,0.11359590956075628,0.3378989267038769
eng-premier-league,2024-2025,southampton,current,eng-championship->eng-premier-league,2.0,recent_returner,attack,season,-0.24867672741043295,0.13274135671116288,Championship promotion bridge,-0.6536107678620632,0.03176056443430662,0.1639715771164825,1.0751176161309197
eng-premier-league,2024-2025,southampton,current,eng-championship->eng-premier-league,2.0,recent_returner,defense,entry,-0.2563659306031178,0.13372548395866912,Championship promotion bridge,-0.2879776121058014,0.05073046186342264,0.0009992984074271097,-0.4134161971451603
eng-premier-league,2024-2025,southampton,current,eng-championship->eng-premier-league,2.0,recent_returner,defense,season,-0.2563659306031178,0.13372548395866912,Championship promotion bridge,-0.42594439713547516,0.011269157057278632,0.028756856311465847,-0.35545472408348894
eng-premier-league,2024-2025,ipswich-town,population,eng-championship->eng-premier-league,,no_target_history,attack,entry,-0.00788203814594001,0.40020316005344286,eng-championship->eng-premier-league population,-0.3456557323799217,0.08813946267962733,0.11409106851647136,0.45212635058808015
eng-premier-league,2024-2025,ipswich-town,population,eng-championship->eng-premier-league,,no_target_history,attack,season,-0.00788203814594001,0.40020316005344286,eng-championship->eng-premier-league population,-0.36009859084003026,0.024259542267570464,0.12405649999170885,0.41001296656810604
eng-premier-league,2024-2025,ipswich-town,population,eng-championship->eng-premier-league,,no_target_history,defense,entry,0.00788203814594001,0.40020316005344286,eng-championship->eng-premier-league population,-0.3818915971546488,0.04625751621582123,0.15192348677543643,0.49801345640841443
eng-premier-league,2024-2025,ipswich-town,population,eng-championship->eng-premier-league,,no_target_history,defense,season,0.00788203814594001,0.40020316005344286,eng-championship->eng-premier-league population,-0.3876063883131613,0.01176351311335527,0.15641109546309598,0.4934721120379666
eng-premier-league,2024-2025,leicester-city,population,eng-championship->eng-premier-league,2.0,recent_returner,attack,entry,-0.00788203814594001,0.40020316005344286,eng-championship->eng-premier-league population,-0.007353366497348108,0.06663400105127236,2.7949371202487867e-07,0.17708823484331515
eng-premier-league,2024-2025,leicester-city,population,eng-championship->eng-premier-league,2.0,recent_returner,attack,season,-0.00788203814594001,0.40020316005344286,eng-championship->eng-premier-league population,-0.4426100343339173,0.02610085974017908,0.18898843066961402,0.58595678535212
eng-premier-league,2024-2025,leicester-city,population,eng-championship->eng-premier-league,2.0,recent_returner,defense,entry,0.00788203814594001,0.40020316005344286,eng-championship->eng-premier-league population,-0.29404076313895705,0.05345889977293702,0.09115737793571944,0.3605256302475416
eng-premier-league,2024-2025,leicester-city,population,eng-championship->eng-premier-league,2.0,recent_returner,defense,season,0.00788203814594001,0.40020316005344286,eng-championship->eng-premier-league population,-0.36058200705202503,0.012019754250115179,0.13576575260364804,0.43358783410575596
eng-premier-league,2024-2025,southampton,population,eng-championship->eng-premier-league,2.0,recent_returner,attack,entry,-0.00788203814594001,0.40020316005344286,eng-championship->eng-premier-league population,-0.585716650210027,0.11647251368067656,0.3338928388992538,0.8799002038671502
eng-premier-league,2024-2025,southampton,population,eng-championship->eng-premier-league,2.0,recent_returner,attack,season,-0.00788203814594001,0.40020316005344286,eng-championship->eng-premier-league population,-0.6536107678620632,0.03176056443430662,0.41696559238079806,1.1798911518814905
eng-premier-league,2024-2025,southampton,population,eng-championship->eng-premier-league,2.0,recent_returner,defense,entry,0.00788203814594001,0.40020316005344286,eng-championship->eng-premier-league population,-0.2879776121058014,0.05073046186342264,0.08753293264708277,0.3482656358429141
eng-premier-league,2024-2025,southampton,population,eng-championship->eng-premier-league,2.0,recent_returner,defense,season,0.00788203814594001,0.40020316005344286,eng-championship->eng-premier-league population,-0.42594439713547516,0.011269157057278632,0.1882053759489799,0.5860756831496026
eng-premier-league,2024-2025,ipswich-town,transition,eng-championship->eng-premier-league,,no_target_history,attack,entry,-0.23521811125366363,0.13249132203324476,transition entry prior,-0.3456557323799217,0.08813946267962733,0.012196468160026924,-0.14697042927534149
eng-premier-league,2024-2025,ipswich-town,transition,eng-championship->eng-premier-league,,no_target_history,attack,season,-0.23521811125366363,0.13249132203324476,transition entry prior,-0.36009859084003026,0.024259542267570464,0.015595134181720935,-0.48184509519347507
eng-premier-league,2024-2025,ipswich-town,transition,eng-championship->eng-premier-league,,no_target_history,defense,entry,-0.18701965343070517,0.14293260616333417,transition entry prior,-0.3818915971546488,0.04625751621582123,0.03797507445074786,-0.15020707920609616
eng-premier-league,2024-2025,ipswich-town,transition,eng-championship->eng-premier-league,,no_target_history,defense,season,-0.18701965343070517,0.14293260616333417,transition entry prior,-0.3876063883131613,0.01176351311335527,0.04023503821080474,-0.17416200765547118
eng-premier-league,2024-2025,leicester-city,transition,eng-championship->eng-premier-league,2.0,recent_returner,attack,entry,-0.23521811125366363,0.13249132203324476,transition entry prior,-0.007353366497348108,0.06663400105127236,0.05192234190286082,-0.010041625726088188
eng-premier-league,2024-2025,leicester-city,transition,eng-championship->eng-premier-league,2.0,recent_returner,attack,season,-0.23521811125366363,0.13249132203324476,transition entry prior,-0.4426100343339173,0.02610085974017908,0.04301140975892587,-0.15415155004960018
eng-premier-league,2024-2025,leicester-city,transition,eng-championship->eng-premier-league,2.0,recent_returner,defense,entry,-0.18701965343070517,0.14293260616333417,transition entry prior,-0.29404076313895705,0.05345889977293702,0.011453517923185684,-0.30615434829032967
eng-premier-league,2024-2025,leicester-city,transition,eng-championship->eng-premier-league,2.0,recent_returner,defense,season,-0.18701965343070517,0.14293260616333417,transition entry prior,-0.36058200705202503,0.012019754250115179,0.030123890594572083,-0.3309308936356505
eng-premier-league,2024-2025,southampton,transition,eng-championship->eng-premier-league,2.0,recent_returner,attack,entry,-0.23521811125366363,0.13249132203324476,transition entry prior,-0.585716650210027,0.11647251368067656,0.12284922581054532,0.3723816526101008
eng-premier-league,2024-2025,southampton,transition,eng-championship->eng-premier-league,2.0,recent_returner,attack,season,-0.23521811125366363,0.13249132203324476,transition entry prior,-0.6536107678620632,0.03176056443430662,0.17505241510383412,1.1890270342160758
eng-premier-league,2024-2025,southampton,transition,eng-championship->eng-premier-league,2.0,recent_returner,defense,entry,-0.18701965343070517,0.14293260616333417,transition entry prior,-0.2879776121058014,0.05073046186342264,0.010192509419842441,-0.3308556751681031
eng-premier-league,2024-2025,southampton,transition,eng-championship->eng-premier-league,2.0,recent_returner,defense,season,-0.18701965343070517,0.14293260616333417,transition entry prior,-0.42594439713547516,0.011269157057278632,0.05708503315439003,0.09362813817170235
eng-premier-league,2024-2025,ipswich-town,source,eng-championship->eng-premier-league,,no_target_history,attack,entry,-0.18673607330612982,0.12703217023388125,source entry prior,-0.3456557323799217,0.08813946267962733,0.02525545804013024,-0.09031709108402486
eng-premier-league,2024-2025,ipswich-town,source,eng-championship->eng-premier-league,,no_target_history,attack,season,-0.18673607330612982,0.12703217023388125,source entry prior,-0.36009859084003026,0.024259542267570464,0.030054562485691938,-0.313572218424382
eng-premier-league,2024-2025,ipswich-town,source,eng-championship->eng-premier-league,,no_target_history,defense,entry,-0.17449074557815816,0.15150281005935373,source entry prior,-0.3818915971546488,0.04625751621582123,0.043015113234653506,-0.10560680286961543
eng-premier-league,2024-2025,ipswich-town,source,eng-championship->eng-premier-league,,no_target_history,defense,season,-0.17449074557815816,0.15150281005935373,source entry prior,-0.3876063883131613,0.01176351311335527,0.04541827717835349,-0.10720108365010661
eng-premier-league,2024-2025,leicester-city,source,eng-championship->eng-premier-league,2.0,recent_returner,attack,entry,-0.19929685730411167,0.1252557598083538,source entry prior,-0.007353366497348108,0.06663400105127236,0.03684230366308613,-0.10584704744927725
eng-premier-league,2024-2025,leicester-city,source,eng-championship->eng-premier-league,2.0,recent_returner,attack,season,-0.19929685730411167,0.1252557598083538,source entry prior,-0.4426100343339173,0.02610085974017908,0.05920130211633754,0.03970910553738294
eng-premier-league,2024-2025,leicester-city,source,eng-championship->eng-premier-league,2.0,recent_returner,defense,entry,-0.1895180205429517,0.14592918762039403,source entry prior,-0.29404076313895705,0.05345889977293702,0.010925003719790792,-0.3047634076326929
eng-premier-league,2024-2025,leicester-city,source,eng-championship->eng-premier-league,2.0,recent_returner,defense,season,-0.1895180205429517,0.14592918762039403,source entry prior,-0.36058200705202503,0.012019754250115179,0.029262887480376427,-0.3427502196189958
eng-premier-league,2024-2025,southampton,source,eng-championship->eng-premier-league,2.0,recent_returner,attack,entry,-0.20149981084812302,0.12509087229279758,source entry prior,-0.585716650210027,0.11647251368067656,0.1476225796492511,0.46558464495599816
eng-premier-league,2024-2025,southampton,source,eng-championship->eng-premier-league,2.0,recent_returner,attack,season,-0.20149981084812302,0.12509087229279758,source entry prior,-0.6536107678620632,0.03176056443430662,0.20440431745206086,1.5502460718900541
eng-premier-league,2024-2025,southampton,source,eng-championship->eng-premier-league,2.0,recent_returner,defense,entry,-0.17004074384248835,0.15762253306680735,source entry prior,-0.2879776121058014,0.05073046186342264,0.01390910489575806,-0.28035271760847813
eng-premier-league,2024-2025,southampton,source,eng-championship->eng-premier-league,2.0,recent_returner,defense,season,-0.17004074384248835,0.15762253306680735,source entry prior,-0.42594439713547516,0.011269157057278632,0.0654866797686972,0.16506707919940755
eng-premier-league,2024-2025,ipswich-town,memory,eng-championship->eng-premier-league,,no_target_history,attack,entry,-0.13569480250884008,0.11978231184781898,memory entry prior,-0.3456557323799217,0.08813946267962733,0.04408359207232925,-0.0050011995403526355
eng-premier-league,2024-2025,ipswich-town,memory,eng-championship->eng-premier-league,,no_target_history,attack,season,-0.13569480250884008,0.11978231184781898,memory entry prior,-0.36009859084003026,0.024259542267570464,0.05035706021738961,-0.056048404551670816
eng-premier-league,2024-2025,ipswich-town,memory,eng-championship->eng-premier-league,,no_target_history,defense,entry,-0.14479780085082306,0.14381192262242867,memory entry prior,-0.3818915971546488,0.04625751621582123,0.056213468245760026,-0.01316198824084458
eng-premier-league,2024-2025,ipswich-town,memory,eng-championship->eng-premier-league,,no_target_history,defense,season,-0.14479780085082306,0.14381192262242867,memory entry prior,-0.3876063883131613,0.01176351311335527,0.05895601014545596,0.11338234717691176
eng-premier-league,2024-2025,leicester-city,memory,eng-championship->eng-premier-league,2.0,recent_returner,attack,entry,-0.1511432796810421,0.12329743775289063,memory entry prior,-0.007353366497348108,0.06663400105127236,0.020675539133374256,-0.20625629382220137
eng-premier-league,2024-2025,leicester-city,memory,eng-championship->eng-premier-league,2.0,recent_returner,attack,season,-0.1511432796810421,0.12329743775289063,memory entry prior,-0.4426100343339173,0.02610085974017908,0.08495286906787934,0.3539373484252549
eng-premier-league,2024-2025,leicester-city,memory,eng-championship->eng-premier-league,2.0,recent_returner,defense,entry,-0.2326987454196128,0.14707172144822242,memory entry prior,-0.29404076313895705,0.05345889977293702,0.003762843137880344,-0.3505462368011921
eng-premier-league,2024-2025,leicester-city,memory,eng-championship->eng-premier-league,2.0,recent_returner,defense,season,-0.2326987454196128,0.14707172144822242,memory entry prior,-0.36058200705202503,0.012019754250115179,0.016354128605744,-0.5339303613953948
eng-premier-league,2024-2025,southampton,memory,eng-championship->eng-premier-league,2.0,recent_returner,attack,entry,-0.23026929310550376,0.12358102466006626,memory entry prior,-0.585716650210027,0.11647251368067656,0.12634282367259042,0.3849925819949067
eng-premier-league,2024-2025,southampton,memory,eng-championship->eng-premier-league,2.0,recent_returner,attack,season,-0.23026929310550376,0.12358102466006626,memory entry prior,-0.6536107678620632,0.03176056443430662,0.17921800424905865,1.2957273860630472
eng-premier-league,2024-2025,southampton,memory,eng-championship->eng-premier-league,2.0,recent_returner,defense,entry,-0.2193776693540001,0.15929195956200837,memory entry prior,-0.2879776121058014,0.05073046186342264,0.004705952145550417,-0.3379683852157166
eng-premier-league,2024-2025,southampton,memory,eng-championship->eng-premier-league,2.0,recent_returner,defense,season,-0.2193776693540001,0.15929195956200837,memory entry prior,-0.42594439713547516,0.011269157057278632,0.042669813026346017,-0.15209119676717298
eng-premier-league,2025-2026,burnley,current,eng-championship->eng-premier-league,2.0,recent_returner,attack,entry,-0.24347244607223759,0.12643693533006123,Championship promotion bridge,-0.05064467636013027,0.07662456719945757,0.03718254877214548,-0.06998972223791186
eng-premier-league,2025-2026,burnley,current,eng-championship->eng-premier-league,2.0,recent_returner,attack,season,-0.24347244607223759,0.12643693533006123,Championship promotion bridge,-0.2599100546917871,0.02325963308130912,0.0002701949771294876,-0.696572881342483
eng-premier-league,2025-2026,burnley,current,eng-championship->eng-premier-league,2.0,recent_returner,defense,entry,-0.2698414813096942,0.11765164009396371,Championship promotion bridge,-0.27995608260702676,0.05070982621483947,0.00010230515940400127,-0.45041318382445267
eng-premier-league,2025-2026,burnley,current,eng-championship->eng-premier-league,2.0,recent_returner,defense,season,-0.2698414813096942,0.11765164009396371,Championship promotion bridge,-0.35783414425220367,0.012798069277969271,0.007742708731714077,-0.748411370587672
eng-premier-league,2025-2026,leeds-united,current,eng-championship->eng-premier-league,3.0,recent_returner,attack,entry,-0.24347244607223759,0.12643693533006123,Championship promotion bridge,-0.4016042827883274,0.09613901594533,0.025005677783204085,-0.06362281703653763
eng-premier-league,2025-2026,leeds-united,current,eng-championship->eng-premier-league,3.0,recent_returner,attack,season,-0.24347244607223759,0.12643693533006123,Championship promotion bridge,-0.035682363965613,0.018646389485622587,0.04317671822187779,-0.13918800949855137
eng-premier-league,2025-2026,leeds-united,current,eng-championship->eng-premier-league,3.0,recent_returner,defense,entry,-0.2698414813096942,0.11765164009396371,Championship promotion bridge,-0.2845612752639595,0.056447938746428075,0.0002166723340560257,-0.4070841452795902
eng-premier-league,2025-2026,leeds-united,current,eng-championship->eng-premier-league,3.0,recent_returner,defense,season,-0.2698414813096942,0.11765164009396371,Championship promotion bridge,-0.0821049722923141,0.016569926138924884,0.03524499681803284,-0.2480613263681859
eng-premier-league,2025-2026,sunderland,current,eng-championship->eng-premier-league,9.0,stale_history,attack,entry,-0.24347244607223759,0.12643693533006123,Championship promotion bridge,-0.167645393305127,0.07594372191313972,0.005749741931346171,-0.24315290101345718
eng-premier-league,2025-2026,sunderland,current,eng-championship->eng-premier-league,9.0,stale_history,attack,season,-0.24347244607223759,0.12643693533006123,Championship promotion bridge,-0.1904381326513898,0.021299374315045375,0.002812638400020714,-0.687917116707943
eng-premier-league,2025-2026,sunderland,current,eng-championship->eng-premier-league,9.0,stale_history,defense,entry,-0.2698414813096942,0.11765164009396371,Championship promotion bridge,0.4096855807935655,0.10627347655920985,0.4617570281306873,1.7814267053183404
eng-premier-league,2025-2026,sunderland,current,eng-championship->eng-premier-league,9.0,stale_history,defense,season,-0.2698414813096942,0.11765164009396371,Championship promotion bridge,0.073228715211716,0.018951372448622553,0.11769715974123904,1.0047043483210032
eng-premier-league,2025-2026,burnley,population,eng-championship->eng-premier-league,2.0,recent_returner,attack,entry,-0.0021246489616739027,0.40019821615531626,eng-championship->eng-premier-league population,-0.05064467636013027,0.07662456719945757,0.002354193058746957,0.20360452746444388
eng-premier-league,2025-2026,burnley,population,eng-championship->eng-premier-league,2.0,recent_returner,attack,season,-0.0021246489616739027,0.40019821615531626,eng-championship->eng-premier-league population,-0.2599100546917871,0.02325963308130912,0.06645331540743905,0.2520978258512055
eng-premier-league,2025-2026,burnley,population,eng-championship->eng-premier-league,2.0,recent_returner,defense,entry,0.0021246489616739027,0.40019821615531626,eng-championship->eng-premier-league population,-0.27995608260702676,0.05070982621483947,0.07956953912233336,0.3293491553287806
eng-premier-league,2025-2026,burnley,population,eng-championship->eng-premier-league,2.0,recent_returner,defense,season,0.0021246489616739027,0.40019821615531626,eng-championship->eng-premier-league population,-0.35783414425220367,0.012798069277969271,0.12957033281199107,0.41615599991790414
eng-premier-league,2025-2026,leeds-united,population,eng-championship->eng-premier-league,3.0,recent_returner,attack,entry,-0.0021246489616739027,0.40019821615531626,eng-championship->eng-premier-league population,-0.4016042827883274,0.09613901594533,0.15958397784227712,0.5495560898749918
eng-premier-league,2025-2026,leeds-united,population,eng-championship->eng-premier-league,3.0,recent_returner,attack,season,-0.0021246489616739027,0.40019821615531626,eng-championship->eng-premier-league population,-0.035682363965613,0.018646389485622587,0.0011261202362855994,0.061357829459619456
eng-premier-league,2025-2026,leeds-united,population,eng-championship->eng-premier-league,3.0,recent_returner,defense,entry,0.0021246489616739027,0.40019821615531626,eng-championship->eng-premier-league population,-0.2845612752639595,0.056447938746428075,0.08218881914910564,0.3438213276756932
eng-premier-league,2025-2026,leeds-united,population,eng-championship->eng-premier-league,3.0,recent_returner,defense,season,0.0021246489616739027,0.40019821615531626,eng-championship->eng-premier-league population,-0.0821049722923141,0.016569926138924884,0.007094629096590267,0.07244043989936637
eng-premier-league,2025-2026,sunderland,population,eng-championship->eng-premier-league,9.0,stale_history,attack,entry,-0.0021246489616739027,0.40019821615531626,eng-championship->eng-premier-league population,-0.167645393305127,0.07594372191313972,0.02739711680801076,0.25521313942169804
eng-premier-league,2025-2026,sunderland,population,eng-championship->eng-premier-league,9.0,stale_history,attack,season,-0.0021246489616739027,0.40019821615531626,eng-championship->eng-premier-league population,-0.1904381326513898,0.021299374315045375,0.0354619681393569,0.16328695861783638
eng-premier-league,2025-2026,sunderland,population,eng-championship->eng-premier-league,9.0,stale_history,defense,entry,0.0021246489616739027,0.40019821615531626,eng-championship->eng-premier-league population,0.4096855807935655,0.10627347655920985,0.16610591315567977,0.5693433855541792
eng-premier-league,2025-2026,sunderland,population,eng-championship->eng-premier-league,9.0,stale_history,defense,season,0.0021246489616739027,0.40019821615531626,eng-championship->eng-premier-league population,0.073228715211716,0.018951372448622553,0.005055788237290377,0.07317456355014014
eng-premier-league,2025-2026,burnley,transition,eng-championship->eng-premier-league,2.0,recent_returner,attack,entry,-0.246037664889258,0.14044674225004555,transition entry prior,-0.05064467636013027,0.07662456719945757,0.03817841996634384,-0.05282225272977961
eng-premier-league,2025-2026,burnley,transition,eng-championship->eng-premier-league,2.0,recent_returner,attack,season,-0.246037664889258,0.14044674225004555,transition entry prior,-0.2599100546917871,0.02325963308130912,0.00019244319883331292,-0.652275925707628
eng-premier-league,2025-2026,burnley,transition,eng-championship->eng-premier-league,2.0,recent_returner,defense,entry,-0.2088396218958471,0.1432121114943721,transition entry prior,-0.27995608260702676,0.05070982621483947,0.005057550984084761,-0.36654876349513515
eng-premier-league,2025-2026,burnley,transition,eng-championship->eng-premier-league,2.0,recent_returner,defense,season,-0.2088396218958471,0.1432121114943721,transition entry prior,-0.35783414425220367,0.012798069277969271,0.022199367692198838,-0.4487976320965058
eng-premier-league,2025-2026,leeds-united,transition,eng-championship->eng-premier-league,3.0,recent_returner,attack,entry,-0.246037664889258,0.14044674225004555,transition entry prior,-0.4016042827883274,0.09613901594533,0.024200972604555056,-0.05429254543394098
eng-premier-league,2025-2026,leeds-united,transition,eng-championship->eng-premier-league,3.0,recent_returner,attack,season,-0.246037664889258,0.14044674225004555,transition entry prior,-0.035682363965613,0.018646389485622587,0.04424935262667724,-0.1346905765228532
eng-premier-league,2025-2026,leeds-united,transition,eng-championship->eng-premier-league,3.0,recent_returner,defense,entry,-0.2088396218958471,0.1432121114943721,transition entry prior,-0.2845612752639595,0.056447938746428075,0.005733768788800573,-0.32605873141559505
eng-premier-league,2025-2026,leeds-united,transition,eng-championship->eng-premier-league,3.0,recent_returner,defense,season,-0.2088396218958471,0.1432121114943721,transition entry prior,-0.0821049722923141,0.016569926138924884,0.01606167141013028,-0.5118216959667226
eng-premier-league,2025-2026,sunderland,transition,eng-championship->eng-premier-league,9.0,stale_history,attack,entry,-0.246037664889258,0.14044674225004555,transition entry prior,-0.167645393305127,0.07594372191313972,0.00614534824412015,-0.2223741407080668
eng-premier-league,2025-2026,sunderland,transition,eng-championship->eng-premier-league,9.0,stale_history,attack,season,-0.246037664889258,0.14044674225004555,transition entry prior,-0.1904381326513898,0.021299374315045375,0.0030913079850697425,-0.6401761952046198
eng-premier-league,2025-2026,sunderland,transition,eng-championship->eng-premier-league,9.0,stale_history,defense,entry,-0.2088396218958471,0.1432121114943721,transition entry prior,0.4096855807935655,0.10627347655920985,0.38257342636197894,1.3950704735124626
eng-premier-league,2025-2026,sunderland,transition,eng-championship->eng-premier-league,9.0,stale_history,defense,season,-0.2088396218958471,0.1432121114943721,transition entry prior,0.073228715211716,0.018951372448622553,0.07956254679862584,0.3108324684972247
eng-premier-league,2025-2026,burnley,source,eng-championship->eng-premier-league,2.0,recent_returner,attack,entry,-0.26121130797493514,0.13922117149489727,source entry prior,-0.05064467636013027,0.07662456719945757,0.04433830634960494,-0.02181642666392694
eng-premier-league,2025-2026,burnley,source,eng-championship->eng-premier-league,2.0,recent_returner,attack,season,-0.26121130797493514,0.13922117149489727,source entry prior,-0.2599100546917871,0.02325963308130912,1.6932601069036125e-06,-0.658497444398694
eng-premier-league,2025-2026,burnley,source,eng-championship->eng-premier-league,2.0,recent_returner,defense,entry,-0.156046539326901,0.20516841039550665,source entry prior,-0.27995608260702676,0.05070982621483947,0.015353574915889361,-0.18697423475724964
eng-premier-league,2025-2026,burnley,source,eng-championship->eng-premier-league,2.0,recent_returner,defense,season,-0.156046539326901,0.20516841039550665,source entry prior,-0.35783414425220367,0.012798069277969271,0.040718237501490034,-0.16136085731687622
eng-premier-league,2025-2026,leeds-united,source,eng-championship->eng-premier-league,3.0,recent_returner,attack,entry,-0.19896038440750957,0.14629607392604213,source entry prior,-0.4016042827883274,0.09613901594533,0.041064549550975216,0.023137851540323218
eng-premier-league,2025-2026,leeds-united,source,eng-championship->eng-premier-league,3.0,recent_returner,attack,season,-0.19896038440750957,0.14629607392604213,source entry prior,-0.035682363965613,0.018646389485622587,0.026659711959424393,-0.3570488710798246
eng-premier-league,2025-2026,leeds-united,source,eng-championship->eng-premier-league,3.0,recent_returner,defense,entry,-0.19111783753560746,0.15289213002963276,source entry prior,-0.2845612752639595,0.056447938746428075,0.00873167605449241,-0.29033402272812364
eng-premier-league,2025-2026,leeds-united,source,eng-championship->eng-premier-league,3.0,recent_returner,defense,season,-0.19111783753560746,0.15289213002963276,source entry prior,-0.0821049722923141,0.016569926138924884,0.011883804788552436,-0.542427084464405
eng-premier-league,2025-2026,sunderland,source,eng-championship->eng-premier-league,9.0,stale_history,attack,entry,-0.28992244115244653,0.14600671811925664,source entry prior,-0.167645393305127,0.07594372191313972,0.014951676430255667,-0.16937341044224605
eng-premier-league,2025-2026,sunderland,source,eng-championship->eng-premier-league,9.0,stale_history,attack,season,-0.28992244115244653,0.14600671811925664,source entry prior,-0.1904381326513898,0.021299374315045375,0.009897127637933425,-0.5426923297761952
eng-premier-league,2025-2026,sunderland,source,eng-championship->eng-premier-league,9.0,stale_history,defense,entry,-0.21192679909536521,0.14579117778960568,source entry prior,0.4096855807935655,0.10627347655920985,0.3864019508311803,1.4041936065535905
eng-premier-league,2025-2026,sunderland,source,eng-championship->eng-premier-league,9.0,stale_history,defense,season,-0.21192679909536521,0.14579117778960568,source entry prior,0.073228715211716,0.018951372448622553,0.08131366733973598,0.323276513075781
eng-premier-league,2025-2026,burnley,memory,eng-championship->eng-premier-league,2.0,recent_returner,attack,entry,-0.30628154743364705,0.14083731827126228,memory entry prior,-0.05064467636013027,0.07662456719945757,0.06535020985225784,0.08836716362609953
eng-premier-league,2025-2026,burnley,memory,eng-championship->eng-premier-league,2.0,recent_returner,attack,season,-0.30628154743364705,0.14083731827126228,memory entry prior,-0.2599100546917871,0.02325963308130912,0.0021503153391083723,-0.6282894566636097
eng-premier-league,2025-2026,burnley,memory,eng-championship->eng-premier-league,2.0,recent_returner,defense,entry,-0.22050724072766342,0.2040412478832927,memory entry prior,-0.27995608260702676,0.05070982621483947,0.003534164800797544,-0.25304986642957467
eng-premier-league,2025-2026,burnley,memory,eng-championship->eng-premier-league,2.0,recent_returner,defense,season,-0.22050724072766342,0.2040412478832927,memory entry prior,-0.35783414425220367,0.012798069277969271,0.018858678431638385,-0.36323806052116037
eng-premier-league,2025-2026,leeds-united,memory,eng-championship->eng-premier-league,3.0,recent_returner,attack,entry,-0.16131351973547017,0.14348162693911737,memory entry prior,-0.4016042827883274,0.09613901594533,0.05773965080852437,0.09230539442920468
eng-premier-league,2025-2026,leeds-united,memory,eng-championship->eng-premier-league,3.0,recent_returner,attack,season,-0.16131351973547017,0.14348162693911737,memory entry prior,-0.035682363965613,0.018646389485622587,0.01578318730007012,-0.4990303661336137
eng-premier-league,2025-2026,leeds-united,memory,eng-championship->eng-premier-league,3.0,recent_returner,defense,entry,-0.25570223037076373,0.15450174589183252,memory entry prior,-0.2845612752639595,0.056447938746428075,0.0008328444721474903,-0.3367530733879932
eng-premier-league,2025-2026,leeds-united,memory,eng-championship->eng-premier-league,3.0,recent_returner,defense,season,-0.25570223037076373,0.15450174589183252,memory entry prior,-0.0821049722923141,0.016569926138924884,0.030136008012355837,-0.3124256709070617
eng-premier-league,2025-2026,sunderland,memory,eng-championship->eng-premier-league,9.0,stale_history,attack,entry,-0.30432804548436027,0.14554666008029174,memory entry prior,-0.167645393305127,0.07594372191313972,0.01868214740674926,-0.15075329965089448
eng-premier-league,2025-2026,sunderland,memory,eng-championship->eng-premier-league,9.0,stale_history,attack,season,-0.30432804548436027,0.14554666008029174,memory entry prior,-0.1904381326513898,0.021299374315045375,0.012970912245101609,-0.5077254041271841
eng-premier-league,2025-2026,sunderland,memory,eng-championship->eng-premier-league,9.0,stale_history,defense,entry,-0.20674552672264943,0.1379942024822228,memory entry prior,0.4096855807935655,0.10627347655920985,0.3799873103136673,1.396597667674041
eng-premier-league,2025-2026,sunderland,memory,eng-championship->eng-premier-league,9.0,stale_history,defense,season,-0.20674552672264943,0.1379942024822228,memory entry prior,0.073228715211716,0.018951372448622553,0.07838557614672259,0.3153302411425316
eng-championship,2016-2017,aston-villa,current,eng-premier-league->eng-championship,,no_target_history,attack,entry,-0.0007038575684818441,0.40019132342570574,league population,-0.2594835101624924,0.08881402056297061,0.06696690859667678,0.35821077058272766
eng-championship,2016-2017,aston-villa,current,eng-premier-league->eng-championship,,no_target_history,attack,season,-0.0007038575684818441,0.40019132342570574,league population,-0.22279222862197115,0.01926811540306998,0.04932324455719234,0.1973799665615377
eng-championship,2016-2017,aston-villa,current,eng-premier-league->eng-championship,,no_target_history,defense,entry,0.0007038575684818441,0.40019132342570574,league population,0.22458443090235655,0.08909015796138556,0.05012251111630445,0.32482494785037574
eng-championship,2016-2017,aston-villa,current,eng-premier-league->eng-championship,,no_target_history,defense,season,0.0007038575684818441,0.40019132342570574,league population,0.20710707677571283,0.01890624114212842,0.04260228889910824,0.1778808861702259
eng-championship,2016-2017,barnsley,current,outside->eng-championship,3.0,recent_returner,attack,entry,-0.12048468062765996,0.1591500888030724,previous league state,0.41526544103075375,0.048579688853178676,0.2870281928570051,1.5582566594412706
eng-championship,2016-2017,barnsley,current,outside->eng-championship,3.0,recent_returner,attack,season,-0.12048468062765996,0.1591500888030724,previous league state,0.08761502064023677,0.014660785032112062,0.04330548566778786,-0.1491699792916925
eng-championship,2016-2017,barnsley,current,outside->eng-championship,3.0,recent_returner,defense,entry,-0.12094128177724864,0.15850721495502124,previous league state,-0.14248184621638002,0.06730599213471866,0.00046399591635637146,-0.2692004711507946
eng-championship,2016-2017,barnsley,current,outside->eng-championship,3.0,recent_returner,defense,season,-0.12094128177724864,0.15850721495502124,previous league state,-0.12649264344289396,0.014062537726989793,3.0817616342796394e-05,-0.7003724092988566
eng-championship,2016-2017,burton-albion,current,outside->eng-championship,,no_target_history,attack,entry,-0.0007038575684818441,0.40019132342570574,league population,0.11457292336211297,0.06717979906464773,0.01328873622172035,0.20749609506466268
eng-championship,2016-2017,burton-albion,current,outside->eng-championship,,no_target_history,attack,season,-0.0007038575684818441,0.40019132342570574,league population,-0.17306523546232372,0.018587901818459773,0.029708444589463763,0.14113453102647985
eng-championship,2016-2017,burton-albion,current,outside->eng-championship,,no_target_history,defense,entry,0.0007038575684818441,0.40019132342570574,league population,-0.14327620745297312,0.05932350866673964,0.0207302591235824,0.20791029405692696
eng-championship,2016-2017,burton-albion,current,outside->eng-championship,,no_target_history,defense,season,0.0007038575684818441,0.40019132342570574,league population,-0.056271514691825876,0.014848518026700232,0.003246193044200643,0.05673324205088581
eng-championship,2016-2017,newcastle-united,current,eng-premier-league->eng-championship,,no_target_history,attack,entry,-0.0007038575684818441,0.40019132342570574,league population,0.5092302288840812,0.04653160452837863,0.26003277252621,0.7597147717750131
eng-championship,2016-2017,newcastle-united,current,eng-premier-league->eng-championship,,no_target_history,attack,season,-0.0007038575684818441,0.40019132342570574,league population,0.34756341116094824,0.011344288296555842,0.12129009046825708,0.3909657179424036
eng-championship,2016-2017,newcastle-united,current,eng-premier-league->eng-championship,,no_target_history,defense,entry,0.0007038575684818441,0.40019132342570574,league population,0.26663811692096534,0.08875762136161412,0.07072103029735395,0.3656690655366921
eng-championship,2016-2017,newcastle-united,current,eng-premier-league->eng-championship,,no_target_history,defense,season,0.0007038575684818441,0.40019132342570574,league population,0.35425291254723545,0.02220954540665633,0.12499693427636974,0.410774811847351
eng-championship,2016-2017,norwich-city,current,eng-premier-league->eng-championship,2.0,recent_returner,attack,entry,0.22617852829145768,0.14575861022082207,previous league state,0.3963188473746284,0.05101082762030526,0.02894772817772315,-0.1945160989298212
eng-championship,2016-2017,norwich-city,current,eng-premier-league->eng-championship,2.0,recent_returner,attack,season,0.22617852829145768,0.14575861022082207,previous league state,0.3676859837203508,0.0113636412604922,0.020024359941960165,-0.4856063595978662
eng-championship,2016-2017,norwich-city,current,eng-premier-league->eng-championship,2.0,recent_returner,defense,entry,0.18784821946167896,0.14793040951711442,previous league state,-0.1369976859681649,0.06728115752602164,0.10552486227453503,0.30204489590491684
eng-championship,2016-2017,norwich-city,current,eng-premier-league->eng-championship,2.0,recent_returner,defense,season,0.18784821946167896,0.14793040951711442,previous league state,-0.16994097386350232,0.013712064838714039,0.12801310686028394,1.049335757866444
eng-championship,2016-2017,wigan-athletic,current,outside->eng-championship,2.0,recent_returner,attack,entry,-0.11326236010550471,0.1462198617112448,previous league state,-0.09332688984297961,0.07637478300306855,0.0003974229745880224,-0.24167402422613735
eng-championship,2016-2017,wigan-athletic,current,outside->eng-championship,2.0,recent_returner,attack,season,-0.11326236010550471,0.1462198617112448,previous league state,-0.3692627413314359,0.022186244745012986,0.06553619518782208,0.10434496612234412
eng-championship,2016-2017,wigan-athletic,current,outside->eng-championship,2.0,recent_returner,defense,entry,-0.05801380138769156,0.14604400906518855,previous league state,-0.04204143663786041,0.06685404266658346,0.00025511643570164875,-0.293786081061123
eng-championship,2016-2017,wigan-athletic,current,outside->eng-championship,2.0,recent_returner,defense,season,-0.05801380138769156,0.14604400906518855,previous league state,0.04673079477660475,0.0162300620639995,0.01097143042562152,-0.5759274513372891
eng-championship,2016-2017,aston-villa,population,eng-premier-league->eng-championship,,no_target_history,attack,entry,0.0025315090920112193,0.40020983520477976,eng-premier-league->eng-championship population,-0.2594835101624924,0.08881402056297061,0.0686518703149379,0.36161622568840024
eng-championship,2016-2017,aston-villa,population,eng-premier-league->eng-championship,,no_target_history,attack,season,0.0025315090920112193,0.40020983520477976,eng-premier-league->eng-championship population,-0.22279222862197115,0.01926811540306998,0.05077078677739952,0.20144349415912977
eng-championship,2016-2017,aston-villa,population,eng-premier-league->eng-championship,,no_target_history,defense,entry,-0.0025315090920112193,0.40020983520477976,eng-premier-league->eng-championship population,0.22458443090235655,0.08909015796138556,0.051581650199525264,0.32777565817634663
eng-championship,2016-2017,aston-villa,population,eng-premier-league->eng-championship,,no_target_history,defense,season,-0.0025315090920112193,0.40020983520477976,eng-premier-league->eng-championship population,0.20710707677571283,0.01890624114212842,0.04394833668461911,0.18167076862161774
eng-championship,2016-2017,barnsley,population,outside->eng-championship,3.0,recent_returner,attack,entry,0.0025315090920112193,0.40020983520477976,outside->eng-championship population,0.41526544103075375,0.048579688853178676,0.17034929857361455,0.5436507906257568
eng-championship,2016-2017,barnsley,population,outside->eng-championship,3.0,recent_returner,attack,season,0.0025315090920112193,0.40020983520477976,outside->eng-championship population,0.08761502064023677,0.014660785032112062,0.007239203937377031,0.06766791059562716
eng-championship,2016-2017,barnsley,population,outside->eng-championship,3.0,recent_returner,defense,entry,-0.0025315090920112193,0.40020983520477976,outside->eng-championship population,-0.14248184621638002,0.06730599213471866,0.01958609686122448,0.22162996147866437
eng-championship,2016-2017,barnsley,population,outside->eng-championship,3.0,recent_returner,defense,season,-0.0025315090920112193,0.40020983520477976,outside->eng-championship population,-0.12649264344289396,0.014062537726989793,0.015366362829557601,0.08934812839245845
eng-championship,2016-2017,burton-albion,population,outside->eng-championship,,no_target_history,attack,entry,0.0025315090920112193,0.40020983520477976,outside->eng-championship population,0.11457292336211297,0.06717979906464773,0.012553278511644561,0.20590930430214274
eng-championship,2016-2017,burton-albion,population,outside->eng-championship,,no_target_history,attack,season,0.0025315090920112193,0.40020983520477976,outside->eng-championship population,-0.17306523546232372,0.018587901818459773,0.030834216698080355,0.14431799914999238
eng-championship,2016-2017,burton-albion,population,outside->eng-championship,,no_target_history,defense,entry,-0.0025315090920112193,0.40020983520477976,outside->eng-championship population,-0.14327620745297312,0.05932350866673964,0.01980907011671815,0.20584239738920593
eng-championship,2016-2017,burton-albion,population,outside->eng-championship,,no_target_history,defense,season,-0.0025315090920112193,0.40020983520477976,outside->eng-championship population,-0.056271514691825876,0.014848518026700232,0.0028879882018681105,0.055751442198013715
eng-championship,2016-2017,newcastle-united,population,eng-premier-league->eng-championship,,no_target_history,attack,entry,0.0025315090920112193,0.40020983520477976,eng-premier-league->eng-championship population,0.5092302288840812,0.04653160452837863,0.2567435926389227,0.7517490933000373
eng-championship,2016-2017,newcastle-united,population,eng-premier-league->eng-championship,,no_target_history,attack,season,0.0025315090920112193,0.40020983520477976,eng-premier-league->eng-championship population,0.34756341116094824,0.011344288296555842,0.11904701344530855,0.3844392474641524
eng-championship,2016-2017,newcastle-united,population,eng-premier-league->eng-championship,,no_target_history,defense,entry,-0.0025315090920112193,0.40020983520477976,eng-premier-league->eng-championship population,0.26663811692096534,0.08875762136161412,0.07245228756796566,0.36916783230054434
eng-championship,2016-2017,newcastle-united,population,eng-premier-league->eng-championship,,no_target_history,defense,season,-0.0025315090920112193,0.40020983520477976,eng-premier-league->eng-championship population,0.35425291254723545,0.02220954540665633,0.12729512352445174,0.41708823130092443
eng-championship,2016-2017,norwich-city,population,eng-premier-league->eng-championship,2.0,recent_returner,attack,entry,0.0025315090920112193,0.40020983520477976,eng-premier-league->eng-championship population,0.3963188473746284,0.05101082762030526,0.15506846779170838,0.5085631437827393
eng-championship,2016-2017,norwich-city,population,eng-premier-league->eng-championship,2.0,recent_returner,attack,season,0.0025315090920112193,0.40020983520477976,eng-premier-league->eng-championship population,0.3676859837203508,0.0113636412604922,0.1333377903410987,0.426112915447473
eng-championship,2016-2017,norwich-city,population,eng-premier-league->eng-championship,2.0,recent_returner,defense,entry,-0.0025315090920112193,0.40020983520477976,eng-premier-league->eng-championship population,-0.1369976859681649,0.06728115752602164,0.018081152723689042,0.2182717611840535
eng-championship,2016-2017,norwich-city,population,eng-premier-league->eng-championship,2.0,recent_returner,defense,season,-0.0025315090920112193,0.40020983520477976,eng-premier-league->eng-championship population,-0.16994097386350232,0.013712064838714039,0.02802592889507712,0.12483339902310928
eng-championship,2016-2017,wigan-athletic,population,outside->eng-championship,2.0,recent_returner,attack,entry,0.0025315090920112193,0.40020983520477976,outside->eng-championship population,-0.09332688984297961,0.07637478300306855,0.009188832646379852,0.2175484552607049
eng-championship,2016-2017,wigan-athletic,population,outside->eng-championship,2.0,recent_returner,attack,season,0.0025315090920112193,0.40020983520477976,outside->eng-championship population,-0.3692627413314359,0.022186244745012986,0.13823096464793289,0.44705411044750554
eng-championship,2016-2017,wigan-athletic,population,outside->eng-championship,2.0,recent_returner,defense,entry,-0.0025315090920112193,0.40020983520477976,outside->eng-championship population,-0.04204143663786041,0.06685404266658346,0.0015610343746782528,0.1810223280260994
eng-championship,2016-2017,wigan-athletic,population,outside->eng-championship,2.0,recent_returner,defense,season,-0.0025315090920112193,0.40020983520477976,outside->eng-championship population,0.04673079477660475,0.0162300620639995,0.002426774582443856,0.05831091532520332
eng-championship,2016-2017,aston-villa,transition,eng-premier-league->eng-championship,,no_target_history,attack,entry,0.13273306328373624,0.13349088163700945,transition entry prior,-0.2594835101624924,0.08881402056297061,0.15383384048590085,0.5210794697333045
eng-championship,2016-2017,aston-villa,transition,eng-premier-league->eng-championship,,no_target_history,attack,season,0.13273306328373624,0.13349088163700945,transition entry prior,-0.22279222862197115,0.01926811540306998,0.12639823318463844,0.9757412718993816
eng-championship,2016-2017,aston-villa,transition,eng-premier-league->eng-championship,,no_target_history,defense,entry,0.07330205738195257,0.16212943798652296,transition entry prior,0.22458443090235655,0.08909015796138556,0.022886356537967025,-0.061658917718917586
eng-championship,2016-2017,aston-villa,transition,eng-premier-league->eng-championship,,no_target_history,defense,season,0.07330205738195257,0.16212943798652296,transition entry prior,0.20710707677571283,0.01890624114212842,0.017903783214964563,-0.43139199946130863
eng-championship,2016-2017,barnsley,transition,outside->eng-championship,3.0,recent_returner,attack,entry,-0.031314242994018374,0.21612489338364327,transition entry prior,0.41526544103075375,0.048579688853178676,0.19943341418366528,0.7899803958312651
eng-championship,2016-2017,barnsley,transition,outside->eng-championship,3.0,recent_returner,attack,season,-0.031314242994018374,0.21612489338364327,transition entry prior,0.08761502064023677,0.014660785032112062,0.014144169748586163,-0.36123697721041476
eng-championship,2016-2017,barnsley,transition,outside->eng-championship,3.0,recent_returner,defense,entry,-0.0706334403191524,0.12046887456226904,transition entry prior,-0.14248184621638002,0.06730599213471866,0.005162193429972772,-0.301139416789752
eng-championship,2016-2017,barnsley,transition,outside->eng-championship,3.0,recent_returner,defense,season,-0.0706334403191524,0.12046887456226904,transition entry prior,-0.12649264344289396,0.014062537726989793,0.0031202505736194182,-0.8040709603615881
eng-championship,2016-2017,burton-albion,transition,outside->eng-championship,,no_target_history,attack,entry,-0.031314242994018374,0.21612489338364327,transition entry prior,0.11457292336211297,0.06717979906464773,0.021283065307421547,-0.07388646106449827
eng-championship,2016-2017,burton-albion,transition,outside->eng-championship,,no_target_history,attack,season,-0.031314242994018374,0.21612489338364327,transition entry prior,-0.17306523546232372,0.018587901818459773,0.020093343865749562,-0.29160028407679395
eng-championship,2016-2017,burton-albion,transition,outside->eng-championship,,no_target_history,defense,entry,-0.0706334403191524,0.12046887456226904,transition entry prior,-0.14327620745297312,0.05932350866673964,0.005276971616858503,-0.3482798639143805
eng-championship,2016-2017,burton-albion,transition,outside->eng-championship,,no_target_history,defense,season,-0.0706334403191524,0.12046887456226904,transition entry prior,-0.056271514691825876,0.014848518026700232,0.0002062649077248585,-0.8415883807889368
eng-championship,2016-2017,newcastle-united,transition,eng-premier-league->eng-championship,,no_target_history,attack,entry,0.13273306328373624,0.13349088163700945,transition entry prior,0.5092302288840812,0.04653160452837863,0.14175011570509358,0.6486155905211446
eng-championship,2016-2017,newcastle-united,transition,eng-premier-league->eng-championship,,no_target_history,attack,season,0.13273306328373624,0.13349088163700945,transition entry prior,0.34756341116094824,0.011344288296555842,0.046152078369043927,-0.057221777431021636
eng-championship,2016-2017,newcastle-united,transition,eng-premier-league->eng-championship,,no_target_history,defense,entry,0.07330205738195257,0.16212943798652296,transition entry prior,0.26663811692096534,0.08875762136161412,0.037378831918072696,0.0001714856905101203
eng-championship,2016-2017,newcastle-united,transition,eng-premier-league->eng-championship,,no_target_history,defense,season,0.07330205738195257,0.16212943798652296,transition entry prior,0.35425291254723545,0.02220954540665633,0.07893338301810376,0.219618124251043
eng-championship,2016-2017,norwich-city,transition,eng-premier-league->eng-championship,2.0,recent_returner,attack,entry,0.13273306328373624,0.13349088163700945,transition entry prior,0.3963188473746284,0.05101082762030526,0.06947746557481042,0.08558406553050102
eng-championship,2016-2017,norwich-city,transition,eng-premier-league->eng-championship,2.0,recent_returner,attack,season,0.13273306328373624,0.13349088163700945,transition entry prior,0.3676859837203508,0.0113636412604922,0.05520287482169412,0.09765243654804068
eng-championship,2016-2017,norwich-city,transition,eng-premier-league->eng-championship,2.0,recent_returner,defense,entry,0.07330205738195257,0.16212943798652296,transition entry prior,-0.1369976859681649,0.06728115752602164,0.04422598205312528,-0.02926668479733699
eng-championship,2016-2017,norwich-city,transition,eng-premier-league->eng-championship,2.0,recent_returner,defense,season,0.07330205738195257,0.16212943798652296,transition entry prior,-0.16994097386350232,0.013712064838714039,0.05916717224947734,0.04910213776879757
eng-championship,2016-2017,wigan-athletic,transition,outside->eng-championship,2.0,recent_returner,attack,entry,-0.031314242994018374,0.21612489338364327,transition entry prior,-0.09332688984297961,0.07637478300306855,0.0038455683692139825,-0.11288089696904664
eng-championship,2016-2017,wigan-athletic,transition,outside->eng-championship,2.0,recent_returner,attack,season,-0.031314242994018374,0.21612489338364327,transition entry prior,-0.3692627413314359,0.022186244745012986,0.1142091875285155,0.4102110239826263
eng-championship,2016-2017,wigan-athletic,transition,outside->eng-championship,2.0,recent_returner,defense,entry,-0.0706334403191524,0.12046887456226904,transition entry prior,-0.04204143663786041,0.06685404266658346,0.0008175026745110149,-0.3304319246658382
eng-championship,2016-2017,wigan-athletic,transition,outside->eng-championship,2.0,recent_returner,defense,season,-0.0706334403191524,0.12046887456226904,transition entry prior,0.04673079477660475,0.0162300620639995,0.013774363679612158,-0.5980852420942896
eng-championship,2016-2017,aston-villa,source,eng-premier-league->eng-championship,,no_target_history,attack,entry,0.18406821564794384,0.15331191941486488,source entry prior,-0.2594835101624924,0.08881402056297061,0.1967381334694164,0.7015346374885959
eng-championship,2016-2017,aston-villa,source,eng-premier-league->eng-championship,,no_target_history,attack,season,0.18406821564794384,0.15331191941486488,source entry prior,-0.22279222862197115,0.01926811540306998,0.1655354211115126,1.278071550243695
eng-championship,2016-2017,aston-villa,source,eng-premier-league->eng-championship,,no_target_history,defense,entry,-0.0006583498729939574,0.12632686596319337,source entry prior,0.22458443090235655,0.08909015796138556,0.05073431029141261,0.03375271295831059
eng-championship,2016-2017,aston-villa,source,eng-premier-league->eng-championship,,no_target_history,defense,season,-0.0006583498729939574,0.12632686596319337,source entry prior,0.20710707677571283,0.01890624114212842,0.04316647251051916,-0.14014474998921667
eng-championship,2016-2017,barnsley,source,outside->eng-championship,3.0,recent_returner,attack,entry,-0.029961792489228176,0.21612717023614733,source entry prior,0.41526544103075375,0.048579688853178676,0.19822728946785653,0.7836460890220569
eng-championship,2016-2017,barnsley,source,outside->eng-championship,3.0,recent_returner,attack,season,-0.029961792489228176,0.21612717023614733,source entry prior,0.08761502064023677,0.014660785032112062,0.01382430698568112,-0.36383675204813154
eng-championship,2016-2017,barnsley,source,outside->eng-championship,3.0,recent_returner,defense,entry,-0.0719858908239426,0.12047295925847071,source entry prior,-0.14248184621638002,0.06730599213471866,0.004969679726692526,-0.3023102323556841
eng-championship,2016-2017,barnsley,source,outside->eng-championship,3.0,recent_returner,defense,season,-0.0719858908239426,0.12047295925847071,source entry prior,-0.12649264344289396,0.014062537726989793,0.0029709860810635605,-0.8066673061904841
eng-championship,2016-2017,burton-albion,source,outside->eng-championship,,no_target_history,attack,entry,-0.029961792489228176,0.21612717023614733,source entry prior,0.11457292336211297,0.06717979906464773,0.020890284086227926,-0.07560732491867282
eng-championship,2016-2017,burton-albion,source,outside->eng-championship,,no_target_history,attack,season,-0.029961792489228176,0.21612717023614733,source entry prior,-0.17306523546232372,0.018587901818459773,0.020478595390754008,-0.28864515679969066
eng-championship,2016-2017,burton-albion,source,outside->eng-championship,,no_target_history,defense,entry,-0.0719858908239426,0.12047295925847071,source entry prior,-0.14327620745297312,0.05932350866673964,0.005082309245067425,-0.349591861233013
eng-championship,2016-2017,burton-albion,source,outside->eng-championship,,no_target_history,defense,season,-0.0719858908239426,0.12047295925847071,source entry prior,-0.056271514691825876,0.014848518026700232,0.00024694161722163993,-0.8408790689422164
eng-championship,2016-2017,newcastle-united,source,eng-premier-league->eng-championship,,no_target_history,attack,entry,0.1133818066232186,0.13651517151981468,source entry prior,0.5092302288840812,0.04653160452837863,0.15669597340641417,0.7557915032946965
eng-championship,2016-2017,newcastle-united,source,eng-premier-league->eng-championship,,no_target_history,attack,season,0.1133818066232186,0.13651517151981468,source entry prior,0.34756341116094824,0.011344288296555842,0.05484102390386559,0.07994354732766573
eng-championship,2016-2017,newcastle-united,source,eng-premier-league->eng-championship,,no_target_history,defense,entry,0.10923547330102963,0.13060735310902807,source entry prior,0.26663811692096534,0.08875762136161412,0.02477559221854449,-0.08701937687957423
eng-championship,2016-2017,newcastle-united,source,eng-premier-league->eng-championship,,no_target_history,defense,season,0.10923547330102963,0.13060735310902807,source entry prior,0.35425291254723545,0.02220954540665633,0.06003354553476817,0.06467501894513039
eng-championship,2016-2017,norwich-city,source,eng-premier-league->eng-championship,2.0,recent_returner,attack,entry,0.13133098856482173,0.13437716442193778,source entry prior,0.3963188473746284,0.05101082762030526,0.07021856531660604,0.09093587228904482
eng-championship,2016-2017,norwich-city,source,eng-premier-league->eng-championship,2.0,recent_returner,attack,season,0.13133098856482173,0.13437716442193778,source entry prior,0.3676859837203508,0.0113636412604922,0.05586368373497016,0.10530184676274934
eng-championship,2016-2017,norwich-city,source,eng-premier-league->eng-championship,2.0,recent_returner,defense,entry,0.08932209785329451,0.12888496651763337,source entry prior,-0.1369976859681649,0.06728115752602164,0.05122064454899211,-0.014895547006558207
eng-championship,2016-2017,norwich-city,source,eng-premier-league->eng-championship,2.0,recent_returner,defense,season,0.08932209785329451,0.12888496651763337,source entry prior,-0.16994097386350232,0.013712064838714039,0.06721734035602894,0.2793618399289912
eng-championship,2016-2017,wigan-athletic,source,outside->eng-championship,2.0,recent_returner,attack,entry,-0.029961792489228176,0.21612717023614733,source entry prior,-0.09332688984297961,0.07637478300306855,0.004015135562650398,-0.11218820654322448
eng-championship,2016-2017,wigan-athletic,source,outside->eng-championship,2.0,recent_returner,attack,season,-0.029961792489228176,0.21612717023614733,source entry prior,-0.3692627413314359,0.022186244745012986,0.11512513388522244,0.41685352247162927
eng-championship,2016-2017,wigan-athletic,source,outside->eng-championship,2.0,recent_returner,defense,entry,-0.0719858908239426,0.12047295925847071,source entry prior,-0.04204143663786041,0.06685404266658346,0.0008966703365023754,-0.3299394572703843
eng-championship,2016-2017,wigan-athletic,source,outside->eng-championship,2.0,recent_returner,defense,season,-0.0719858908239426,0.12047295925847071,source entry prior,0.04673079477660475,0.0162300620639995,0.014093651439979206,-0.5928836887498216
eng-championship,2016-2017,aston-villa,memory,eng-premier-league->eng-championship,,no_target_history,attack,entry,0.17491313060306585,0.16108660067695574,memory entry prior,-0.2594835101624924,0.08881402056297061,0.18870044150840146,0.658626709690675
eng-championship,2016-2017,aston-villa,memory,eng-premier-league->eng-championship,,no_target_history,attack,season,0.17491313060306585,0.16108660067695574,memory entry prior,-0.22279222862197115,0.01926811540306998,0.15816955275631575,1.1198026074840772
eng-championship,2016-2017,aston-villa,memory,eng-premier-league->eng-championship,,no_target_history,defense,entry,-0.013398020727202739,0.12696871638059784,memory entry prior,0.22458443090235655,0.08909015796138556,0.056635647283615524,0.06219797938938082
eng-championship,2016-2017,aston-villa,memory,eng-premier-league->eng-championship,,no_target_history,defense,season,-0.013398020727202739,0.12696871638059784,memory entry prior,0.20710707677571283,0.01890624114212842,0.048622498024770304,-0.0628094624925769
eng-championship,2016-2017,barnsley,memory,outside->eng-championship,3.0,recent_returner,attack,entry,-0.0583467107001069,0.22680548721213958,memory entry prior,0.41526544103075375,0.048579688853178676,0.22430847026713574,0.889061468580608
eng-championship,2016-2017,barnsley,memory,outside->eng-championship,3.0,recent_returner,attack,season,-0.0583467107001069,0.22680548721213958,memory entry prior,0.08761502064023677,0.014660785032112062,0.021304827015870668,-0.27819094260771826
eng-championship,2016-2017,barnsley,memory,outside->eng-championship,3.0,recent_returner,defense,entry,-0.08555012958357865,0.13219309441143157,memory entry prior,-0.14248184621638002,0.06730599213471866,0.0032412203587575926,-0.29578808775852333
eng-championship,2016-2017,barnsley,memory,outside->eng-championship,3.0,recent_returner,defense,season,-0.08555012958357865,0.13219309441143157,memory entry prior,-0.12649264344289396,0.014062537726989793,0.0016762894411202266,-0.7827735389965167
eng-championship,2016-2017,burton-albion,memory,outside->eng-championship,,no_target_history,attack,entry,-0.022231140931475726,0.21156306866886962,memory entry prior,0.11457292336211297,0.06717979906464773,0.018715352007244355,-0.09236685789829212
eng-championship,2016-2017,burton-albion,memory,outside->eng-championship,,no_target_history,attack,season,-0.022231140931475726,0.21156306866886962,memory entry prior,-0.17306523546232372,0.018587901818459773,0.02275092407294079,-0.281052363577075
eng-championship,2016-2017,burton-albion,memory,outside->eng-championship,,no_target_history,defense,entry,-0.06660606989069447,0.12378760474450916,memory entry prior,-0.14327620745297312,0.05932350866673964,0.005878309993818732,-0.3391806266279938
eng-championship,2016-2017,burton-albion,memory,outside->eng-championship,,no_target_history,defense,season,-0.06660606989069447,0.12378760474450916,memory entry prior,-0.056271514691825876,0.014848518026700232,0.00010680303115846181,-0.8297138632611677
eng-championship,2016-2017,newcastle-united,memory,eng-premier-league->eng-championship,,no_target_history,attack,entry,0.11305896088779067,0.13804635757136577,memory entry prior,0.5092302288840812,0.04653160452837863,0.15695167358578865,0.7532498789866626
eng-championship,2016-2017,newcastle-united,memory,eng-premier-league->eng-championship,,no_target_history,attack,season,0.11305896088779067,0.13804635757136577,memory entry prior,0.34756341116094824,0.011344288296555842,0.05499233719791584,0.07674699099949422
eng-championship,2016-2017,newcastle-united,memory,eng-premier-league->eng-championship,,no_target_history,defense,entry,0.09122343453365374,0.13264148712218807,memory entry prior,0.26663811692096534,0.08875762136161412,0.03077031079704141,-0.05690139939064712
eng-championship,2016-2017,newcastle-united,memory,eng-premier-league->eng-championship,,no_target_history,defense,season,0.09122343453365374,0.13264148712218807,memory entry prior,0.35425291254723545,0.02220954540665633,0.06918450630409727,0.17611574706773792
eng-championship,2016-2017,norwich-city,memory,eng-premier-league->eng-championship,2.0,recent_returner,attack,entry,0.1537565140658299,0.2007492535157421,memory entry prior,0.3963188473746284,0.05101082762030526,0.05883648554020866,0.04437302983431629
eng-championship,2016-2017,norwich-city,memory,eng-premier-league->eng-championship,2.0,recent_returner,attack,season,0.1537565140658299,0.2007492535157421,memory entry prior,0.3676859837203508,0.0113636412604922,0.04576581798666456,-0.1196407322414138
eng-championship,2016-2017,norwich-city,memory,eng-premier-league->eng-championship,2.0,recent_returner,defense,entry,0.10056112314884509,0.13566207297441563,memory entry prior,-0.1369976859681649,0.06728115752602164,0.05643418778909199,0.019712436264762934
eng-championship,2016-2017,norwich-city,memory,eng-premier-league->eng-championship,2.0,recent_returner,defense,season,0.10056112314884509,0.13566207297441563,memory entry prior,-0.16994097386350232,0.013712064838714039,0.0731713844880774,0.33890621516904074
eng-championship,2016-2017,wigan-athletic,memory,outside->eng-championship,2.0,recent_returner,attack,entry,-0.11621123600029261,0.2772264124897099,memory entry prior,-0.09332688984297961,0.07637478300306855,0.000523693299047726,-0.0172626131962297
eng-championship,2016-2017,wigan-athletic,memory,outside->eng-championship,2.0,recent_returner,attack,season,-0.11621123600029261,0.2772264124897099,memory entry prior,-0.3692627413314359,0.022186244745012986,0.06403506435035763,0.08610289634133644
eng-championship,2016-2017,wigan-athletic,memory,outside->eng-championship,2.0,recent_returner,defense,entry,-0.07211049657658201,0.13085532760128668,memory entry prior,-0.04204143663786041,0.06685404266658346,0.0009041483655984324,-0.3142833818455798
eng-championship,2016-2017,wigan-athletic,memory,outside->eng-championship,2.0,recent_returner,defense,season,-0.07211049657658201,0.13085532760128668,memory entry prior,0.04673079477660475,0.0162300620639995,0.014123252530493026,-0.5696398281217333
eng-championship,2017-2018,bolton-wanderers,current,outside->eng-championship,2.0,recent_returner,attack,entry,-0.16189171627631743,0.14545766860838671,previous league state,-0.8963467759043348,0.16959653799307417,0.5394242346131944,1.5044773595226653
eng-championship,2017-2018,bolton-wanderers,current,outside->eng-championship,2.0,recent_returner,attack,season,-0.16189171627631743,0.14545766860838671,previous league state,-0.3607000605233929,0.022731789466521234,0.039524757742263654,-0.19382551751046656
eng-championship,2017-2018,bolton-wanderers,current,outside->eng-championship,2.0,recent_returner,defense,entry,-0.18486861754556005,0.14417076744397378,previous league state,-0.47002832039326126,0.04644687948880134,0.08131605612818925,0.17387762338582208
eng-championship,2017-2018,bolton-wanderers,current,outside->eng-championship,2.0,recent_returner,defense,season,-0.18486861754556005,0.14417076744397378,previous league state,-0.2339875719029451,0.012875823836863054,0.0024126716771628765,-0.7409308988709082
eng-championship,2017-2018,hull-city,current,eng-premier-league->eng-championship,2.0,recent_returner,attack,entry,0.1481045486445104,0.1463158710563542,previous league state,0.2113036553492006,0.059563886288206,0.003994127088270818,-0.3132224732582729
eng-championship,2017-2018,hull-city,current,eng-premier-league->eng-championship,2.0,recent_returner,attack,season,0.1481045486445104,0.1463158710563542,previous league state,0.19867265546617083,0.01355396588821848,0.0025571334275268608,-0.7212340685807206
eng-championship,2017-2018,hull-city,current,eng-premier-league->eng-championship,2.0,recent_returner,defense,entry,0.17794813496284967,0.14828331171662537,previous league state,-0.3256003041388718,0.05354924475680113,0.25356103052178014,1.3057589049840699
eng-championship,2017-2018,hull-city,current,eng-premier-league->eng-championship,2.0,recent_returner,defense,season,0.17794813496284967,0.14828331171662537,previous league state,-0.20122929702798426,0.013558144016018625,0.1437755249311635,1.2728579245518306
eng-championship,2017-2018,middlesbrough,current,eng-premier-league->eng-championship,2.0,recent_returner,attack,entry,0.1337356491187896,0.14457018668050578,previous league state,-0.1105450974303509,0.08257266637916923,0.05967308313460542,0.07306765404051443
eng-championship,2017-2018,middlesbrough,current,eng-premier-league->eng-championship,2.0,recent_returner,attack,season,0.1337356491187896,0.14457018668050578,previous league state,0.13825910541907274,0.014077449393920388,2.046165690057124e-05,-0.757287134403665
eng-championship,2017-2018,middlesbrough,current,eng-premier-league->eng-championship,2.0,recent_returner,defense,entry,0.2010183565399331,0.14631181677119526,previous league state,0.5154834270847204,0.11743314499554497,0.09888828059273805,0.2878454580407883
eng-championship,2017-2018,middlesbrough,current,eng-premier-league->eng-championship,2.0,recent_returner,defense,season,0.2010183565399331,0.14631181677119526,previous league state,0.22797498946328335,0.02007232586509524,0.00072666005856425,-0.663580487061012
eng-championship,2017-2018,millwall,current,outside->eng-championship,3.0,recent_returner,attack,entry,-0.14800103321987695,0.15921622252645706,previous league state,0.0010766625209895613,0.07143406502718119,0.02222415936740637,-0.13388558683092777
eng-championship,2017-2018,millwall,current,outside->eng-championship,3.0,recent_returner,attack,season,-0.14800103321987695,0.15921622252645706,previous league state,-0.035969204429854684,0.01652437606848901,0.012551130662036863,-0.5177372076855841
eng-championship,2017-2018,millwall,current,outside->eng-championship,3.0,recent_returner,defense,entry,-0.1434561337843906,0.15853815604127422,previous league state,0.181804457886987,0.08943100407149929,0.1057944524944146,0.29735458030114975
eng-championship,2017-2018,millwall,current,outside->eng-championship,3.0,recent_returner,defense,season,-0.1434561337843906,0.15853815604127422,previous league state,0.23549292571583175,0.020060920280278203,0.14360238969610306,0.9592454386162821
eng-championship,2017-2018,sheffield-united,current,outside->eng-championship,7.0,stale_history,attack,entry,-0.09532623553220572,0.18225974798364372,previous league state,0.1373857669570461,0.06728291431912252,0.05415487610255755,0.039570512095416455
eng-championship,2017-2018,sheffield-united,current,outside->eng-championship,7.0,stale_history,attack,season,-0.09532623553220572,0.18225974798364372,previous league state,0.06956678853484788,0.015097987204205354,0.027189709385977912,-0.3146812314858601
eng-championship,2017-2018,sheffield-united,current,outside->eng-championship,7.0,stale_history,defense,entry,-0.09599589588239073,0.1822013063314221,previous league state,0.40537543664123055,0.106322177858443,0.25137321307651167,0.8350164320993532
eng-championship,2017-2018,sheffield-united,current,outside->eng-championship,7.0,stale_history,defense,season,-0.09599589588239073,0.1822013063314221,previous league state,0.03915639811314575,0.016810793547370136,0.018266142572255922,-0.396214709993963
eng-championship,2017-2018,sunderland,current,eng-premier-league->eng-championship,,no_target_history,attack,entry,0.00038433516370232754,0.4001805971413219,league population,-0.20550207005469118,0.08924187365708275,0.04238921185375253,0.30954963334490637
eng-championship,2017-2018,sunderland,current,eng-premier-league->eng-championship,,no_target_history,attack,season,0.00038433516370232754,0.4001805971413219,league population,-0.08315750041963332,0.017680419929181655,0.006979238292633087,0.07508456072218046
eng-championship,2017-2018,sunderland,current,eng-premier-league->eng-championship,,no_target_history,defense,entry,-0.00038433516370232754,0.4001805971413219,league population,-0.3920391968382572,0.050999693952812876,0.1533935306733147,0.504575086415517
eng-championship,2017-2018,sunderland,current,eng-premier-league->eng-championship,,no_target_history,defense,season,-0.00038433516370232754,0.4001805971413219,league population,-0.3197188458040031,0.012013517211037019,0.10197452968588036,0.3354327834882735
eng-championship,2017-2018,bolton-wanderers,population,outside->eng-championship,2.0,recent_returner,attack,entry,-0.00012626773584426253,0.4001936775626755,outside->eng-championship population,-0.8963467759043348,0.16959653799307417,0.8032111992617874,1.5821343097438074
eng-championship,2017-2018,bolton-wanderers,population,outside->eng-championship,2.0,recent_returner,attack,season,-0.00012626773584426253,0.4001936775626755,outside->eng-championship population,-0.3607000605233929,0.022731789466521234,0.13001346004519804,0.4249424659409337
eng-championship,2017-2018,bolton-wanderers,population,outside->eng-championship,2.0,recent_returner,defense,entry,0.00012626773584426253,0.4001936775626755,outside->eng-championship population,-0.47002832039326126,0.04644687948880134,0.22104533673884888,0.6654125301513101
eng-championship,2017-2018,bolton-wanderers,population,outside->eng-championship,2.0,recent_returner,defense,season,0.00012626773584426253,0.4001936775626755,outside->eng-championship population,-0.2339875719029451,0.012875823836863054,0.05480928991041679,0.20017586227083253
eng-championship,2017-2018,hull-city,population,eng-premier-league->eng-championship,2.0,recent_returner,attack,entry,-0.00012626773584426253,0.4001936775626755,eng-premier-league->eng-championship population,0.2113036553492006,0.059563886288206,0.044702612375747984,0.26296215830329184
eng-championship,2017-2018,hull-city,population,eng-premier-league->eng-championship,2.0,recent_returner,attack,season,-0.00012626773584426253,0.4001936775626755,eng-premier-league->eng-championship population,0.19867265546617083,0.01355396588821848,0.039521011866280695,0.15750788888895442
eng-championship,2017-2018,hull-city,population,eng-premier-league->eng-championship,2.0,recent_returner,defense,entry,0.00012626773584426253,0.4001936775626755,eng-premier-league->eng-championship population,-0.3256003041388718,0.05354924475680113,0.10609779962525459,0.39559250682061564
eng-championship,2017-2018,hull-city,population,eng-premier-league->eng-championship,2.0,recent_returner,defense,season,0.00012626773584426253,0.4001936775626755,eng-premier-league->eng-championship population,-0.20122929702798426,0.013558144016018625,0.04054406346136034,0.16046183725612162
eng-championship,2017-2018,middlesbrough,population,eng-premier-league->eng-championship,2.0,recent_returner,attack,entry,-0.00012626773584426253,0.4001936775626755,eng-premier-league->eng-championship population,-0.1105450974303509,0.08257266637916923,0.012192317951104462,0.23614612488219383
eng-championship,2017-2018,middlesbrough,population,eng-premier-league->eng-championship,2.0,recent_returner,attack,season,-0.00012626773584426253,0.4001936775626755,eng-premier-league->eng-championship population,0.13825910541907274,0.014077449393920388,0.019150511503225623,0.10021279118503398
eng-championship,2017-2018,middlesbrough,population,eng-premier-league->eng-championship,2.0,recent_returner,defense,entry,0.00012626773584426253,0.4001936775626755,eng-premier-league->eng-championship population,0.5154834270847204,0.11743314499554497,0.26559300169214295,0.75652414541667
eng-championship,2017-2018,middlesbrough,population,eng-premier-league->eng-championship,2.0,recent_returner,defense,season,0.00012626773584426253,0.4001936775626755,eng-premier-league->eng-championship population,0.22797498946328335,0.02007232586509524,0.05191503999282797,0.20619689131992364
eng-championship,2017-2018,millwall,population,outside->eng-championship,3.0,recent_returner,attack,entry,-0.00012626773584426253,0.4001936775626755,outside->eng-championship population,0.0010766625209895613,0.07143406502718119,1.4470412028062892e-06,0.18754623858127678
eng-championship,2017-2018,millwall,population,outside->eng-championship,3.0,recent_returner,attack,season,-0.00012626773584426253,0.4001936775626755,outside->eng-championship population,-0.035969204429854684,0.01652437606848901,0.001284716110850839,0.05586489138163304
eng-championship,2017-2018,millwall,population,outside->eng-championship,3.0,recent_returner,defense,entry,0.00012626773584426253,0.4001936775626755,outside->eng-championship population,0.181804457886987,0.08943100407149929,0.033006964776594774,0.2910860678033152
eng-championship,2017-2018,millwall,population,outside->eng-championship,3.0,recent_returner,defense,season,0.00012626773584426253,0.4001936775626755,outside->eng-championship population,0.23549292571583175,0.020060920280278203,0.05539746368866841,0.21583617367355432
eng-championship,2017-2018,sheffield-united,population,outside->eng-championship,7.0,stale_history,attack,entry,-0.00012626773584426253,0.4001936775626755,outside->eng-championship population,0.1373857669570461,0.06728291431912252,0.018909559685378684,0.22007031772559205
eng-championship,2017-2018,sheffield-united,population,outside->eng-championship,7.0,stale_history,attack,season,-0.00012626773584426253,0.4001936775626755,outside->eng-championship population,0.06956678853484788,0.015097987204205354,0.004857122092349861,0.06203358137542134
eng-championship,2017-2018,sheffield-united,population,outside->eng-championship,7.0,stale_history,defense,entry,0.00012626773584426253,0.4001936775626755,outside->eng-championship population,0.40537543664123055,0.106322177858443,0.16422688889850628,0.5658495595421911
eng-championship,2017-2018,sheffield-united,population,outside->eng-championship,7.0,stale_history,defense,season,0.00012626773584426253,0.4001936775626755,outside->eng-championship population,0.03915639811314575,0.016810793547370136,0.0015233510772691527,0.057343148438123666
eng-championship,2017-2018,sunderland,population,eng-premier-league->eng-championship,,no_target_history,attack,entry,-0.00012626773584426253,0.4001936775626755,eng-premier-league->eng-championship population,-0.20550207005469118,0.08924187365708275,0.042179220178110086,0.30914605623806
eng-championship,2017-2018,sunderland,population,eng-premier-league->eng-championship,,no_target_history,attack,season,-0.00012626773584426253,0.4001936775626755,eng-premier-league->eng-championship population,-0.08315750041963332,0.017680419929181655,0.006894185600989521,0.07487370831219667
eng-championship,2017-2018,sunderland,population,eng-premier-league->eng-championship,,no_target_history,defense,entry,0.00012626773584426253,0.4001936775626755,eng-premier-league->eng-championship population,-0.3920391968382572,0.050999693952812876,0.15379375160462086,0.5055295636592585
eng-championship,2017-2018,sunderland,population,eng-premier-league->eng-championship,,no_target_history,defense,season,0.00012626773584426253,0.4001936775626755,eng-premier-league->eng-championship population,-0.3197188458040031,0.012013517211037019,0.10230089665531787,0.33639299187721977
eng-championship,2017-2018,bolton-wanderers,transition,outside->eng-championship,2.0,recent_returner,attack,entry,-0.05043389657788425,0.2081808499888542,transition entry prior,-0.8963467759043348,0.16959653799307417,0.7155685994103661,1.8258011621112777
eng-championship,2017-2018,bolton-wanderers,transition,outside->eng-championship,2.0,recent_returner,attack,season,-0.05043389657788425,0.2081808499888542,transition entry prior,-0.3607000605233929,0.022731789466521234,0.09626509248946122,0.2889229787409914
eng-championship,2017-2018,bolton-wanderers,transition,outside->eng-championship,2.0,recent_returner,defense,entry,-0.06659552206850375,0.09886084274523359,transition entry prior,-0.47002832039326126,0.04644687948880134,0.1627580227641445,0.9272013353680315
eng-championship,2017-2018,bolton-wanderers,transition,outside->eng-championship,2.0,recent_returner,defense,season,-0.06659552206850375,0.09886084274523359,transition entry prior,-0.2339875719029451,0.012875823836863054,0.0280200983477761,-0.3563102469236815
eng-championship,2017-2018,hull-city,transition,eng-premier-league->eng-championship,2.0,recent_returner,attack,entry,0.13860007956870726,0.16197027439023465,transition entry prior,0.2113036553492006,0.059563886288206,0.005285809931269936,-0.2781360516024833
eng-championship,2017-2018,hull-city,transition,eng-premier-league->eng-championship,2.0,recent_returner,attack,season,0.13860007956870726,0.16197027439023465,transition entry prior,0.19867265546617083,0.01355396588821848,0.0036087143749565205,-0.6478033100874439
eng-championship,2017-2018,hull-city,transition,eng-premier-league->eng-championship,2.0,recent_returner,defense,entry,0.08220014978846696,0.1680915509394278,transition entry prior,-0.3256003041388718,0.05354924475680113,0.16630121022334354,0.6836852350294744
eng-championship,2017-2018,hull-city,transition,eng-premier-league->eng-championship,2.0,recent_returner,defense,season,0.08220014978846696,0.1680915509394278,transition entry prior,-0.20122929702798426,0.013558144016018625,0.08033225132267954,0.2922788362549579
eng-championship,2017-2018,middlesbrough,transition,eng-premier-league->eng-championship,2.0,recent_returner,attack,entry,0.13860007956870726,0.16197027439023465,transition entry prior,-0.1105450974303509,0.08257266637916923,0.06207331922189202,0.0950938637652878
eng-championship,2017-2018,middlesbrough,transition,eng-premier-league->eng-championship,2.0,recent_returner,attack,season,0.13860007956870726,0.16197027439023465,transition entry prior,0.13825910541907274,0.014077449393920388,1.1626337071898464e-07,-0.6866153113085123
eng-championship,2017-2018,middlesbrough,transition,eng-premier-league->eng-championship,2.0,recent_returner,defense,entry,0.08220014978846696,0.1680915509394278,transition entry prior,0.5154834270847204,0.11743314499554497,0.18773439838458206,0.6000975411160433
eng-championship,2017-2018,middlesbrough,transition,eng-premier-league->eng-championship,2.0,recent_returner,defense,season,0.08220014978846696,0.1680915509394278,transition entry prior,0.22797498946328335,0.02007232586509524,0.02125030388221842,-0.3760838091541826
eng-championship,2017-2018,millwall,transition,outside->eng-championship,3.0,recent_returner,attack,entry,-0.05043389657788425,0.2081808499888542,transition entry prior,0.0010766625209895613,0.07143406502718119,0.002653337698678572,-0.15190049649535828
eng-championship,2017-2018,millwall,transition,outside->eng-championship,3.0,recent_returner,attack,season,-0.05043389657788425,0.2081808499888542,transition entry prior,-0.035969204429854684,0.01652437606848901,0.00020922731893726826,-0.48715689944118373
eng-championship,2017-2018,millwall,transition,outside->eng-championship,3.0,recent_returner,defense,entry,-0.06659552206850375,0.09886084274523359,transition entry prior,0.181804457886987,0.08943100407149929,0.061702550041888196,0.074639174210955
eng-championship,2017-2018,millwall,transition,outside->eng-championship,3.0,recent_returner,defense,season,-0.06659552206850375,0.09886084274523359,transition entry prior,0.23549292571583175,0.020060920280278203,0.09125743028474921,0.6922918607125577
eng-championship,2017-2018,sheffield-united,transition,outside->eng-championship,7.0,stale_history,attack,entry,-0.05043389657788425,0.2081808499888542,transition entry prior,0.1373857669570461,0.06728291431912252,0.035276226010374445,-0.022434164609755114
eng-championship,2017-2018,sheffield-united,transition,outside->eng-championship,7.0,stale_history,attack,season,-0.05043389657788425,0.2081808499888542,transition entry prior,0.06956678853484788,0.015097987204205354,0.01440016442752509,-0.37775182907628657
eng-championship,2017-2018,sheffield-united,transition,outside->eng-championship,7.0,stale_history,defense,entry,-0.06659552206850375,0.09886084274523359,transition entry prior,0.40537543664123055,0.106322177858443,0.2227565858653857,0.8016347610048763
eng-championship,2017-2018,sheffield-united,transition,outside->eng-championship,7.0,stale_history,defense,season,-0.06659552206850375,0.09886084274523359,transition entry prior,0.03915639811314575,0.016810793547370136,0.011183468622105968,-0.684439413095959
eng-championship,2017-2018,sunderland,transition,eng-premier-league->eng-championship,,no_target_history,attack,entry,0.13860007956870726,0.16197027439023465,transition entry prior,-0.20550207005469118,0.08924187365708275,0.1184062893754437,0.3522800968801344
eng-championship,2017-2018,sunderland,transition,eng-premier-league->eng-championship,,no_target_history,attack,season,0.13860007956870726,0.16197027439023465,transition entry prior,-0.08315750041963332,0.017680419929181655,0.049176424282285275,-0.08390620857845643
eng-championship,2017-2018,sunderland,transition,eng-premier-league->eng-championship,,no_target_history,defense,entry,0.08220014978846696,0.1680915509394278,transition entry prior,-0.3920391968382572,0.050999693952812876,0.22490295788894224,1.0702589542661687
eng-championship,2017-2018,sunderland,transition,eng-premier-league->eng-championship,,no_target_history,defense,season,0.08220014978846696,0.1680915509394278,transition entry prior,-0.3197188458040031,0.012013517211037019,0.16153887901805997,1.318625873798712
eng-championship,2017-2018,bolton-wanderers,source,outside->eng-championship,2.0,recent_returner,attack,entry,-0.0499172047688082,0.20818167231895507,source entry prior,-0.8963467759043348,0.16959653799307417,0.7164430188926714,1.8278525077708598
eng-championship,2017-2018,bolton-wanderers,source,outside->eng-championship,2.0,recent_returner,attack,season,-0.0499172047688082,0.20818167231895507,source entry prior,-0.3607000605233929,0.022731789466521234,0.09658598343097499,0.29135015965854855
eng-championship,2017-2018,bolton-wanderers,source,outside->eng-championship,2.0,recent_returner,defense,entry,-0.0671122138775798,0.0988625743936136,source entry prior,-0.47002832039326126,0.04644687948880134,0.16234138888975594,0.9234902219652408
eng-championship,2017-2018,bolton-wanderers,source,outside->eng-championship,2.0,recent_returner,defense,season,-0.0671122138775798,0.0988625743936136,source entry prior,-0.2339875719029451,0.012875823836863054,0.02784738511609385,-0.3601247551616914
eng-championship,2017-2018,hull-city,source,eng-premier-league->eng-championship,2.0,recent_returner,attack,entry,0.13721709561967388,0.1672782074421011,source entry prior,0.2113036553492006,0.059563886288206,0.005488818332556729,-0.26750934130216597
eng-championship,2017-2018,hull-city,source,eng-premier-league->eng-championship,2.0,recent_returner,attack,season,0.13721709561967388,0.1672782074421011,source entry prior,0.19867265546617083,0.01355396588821848,0.003776785836046368,-0.6261952282742576
eng-championship,2017-2018,hull-city,source,eng-premier-league->eng-championship,2.0,recent_returner,defense,entry,-0.017714561326883135,0.12758963169081752,source entry prior,-0.3256003041388718,0.05354924475680113,0.09479363062689003,0.26684269736187105
eng-championship,2017-2018,hull-city,source,eng-premier-league->eng-championship,2.0,recent_returner,defense,season,-0.017714561326883135,0.12758963169081752,source entry prior,-0.20122929702798426,0.013558144016018625,0.033677658219444996,-0.2727043827656237
eng-championship,2017-2018,middlesbrough,source,eng-premier-league->eng-championship,2.0,recent_returner,attack,entry,0.12310120594363659,0.18576537035189944,source entry prior,-0.1105450974303509,0.08257266637916923,0.05459059508032941,0.07962663875341933
eng-championship,2017-2018,middlesbrough,source,eng-premier-league->eng-championship,2.0,recent_returner,attack,season,0.12310120594363659,0.18576537035189944,source entry prior,0.13825910541907274,0.014077449393920388,0.00022976191650742755,-0.5909046316401508
eng-championship,2017-2018,middlesbrough,source,eng-premier-league->eng-championship,2.0,recent_returner,defense,entry,0.2962859130148368,0.15826950896792602,source entry prior,0.5154834270847204,0.11743314499554497,0.04804755017441681,0.11327881458806321
eng-championship,2017-2018,middlesbrough,source,eng-premier-league->eng-championship,2.0,recent_returner,defense,season,0.2962859130148368,0.15826950896792602,source entry prior,0.22797498946328335,0.02007232586509524,0.004666382276466182,-0.5785499739400355
eng-championship,2017-2018,millwall,source,outside->eng-championship,3.0,recent_returner,attack,entry,-0.0499172047688082,0.20818167231895507,source entry prior,0.0010766625209895613,0.07143406502718119,0.002600374501169506,-0.15212976825775468
eng-championship,2017-2018,millwall,source,outside->eng-championship,3.0,recent_returner,attack,season,-0.0499172047688082,0.20818167231895507,source entry prior,-0.035969204429854684,0.01652437606848901,0.0001945467134554473,-0.4872766660570547
eng-championship,2017-2018,millwall,source,outside->eng-championship,3.0,recent_returner,defense,entry,-0.0671122138775798,0.0988625743936136,source entry prior,0.181804457886987,0.08943100407149929,0.06195950948234907,0.07593492219745313
eng-championship,2017-2018,millwall,source,outside->eng-championship,3.0,recent_returner,defense,season,-0.0671122138775798,0.0988625743936136,source entry prior,0.23549292571583175,0.020060920280278203,0.0915698705083481,0.6975162305953475
eng-championship,2017-2018,sheffield-united,source,outside->eng-championship,7.0,stale_history,attack,entry,-0.0499172047688082,0.20818167231895507,source entry prior,0.1373857669570461,0.06728291431912252,0.035082403217336175,-0.023309165393891135
eng-championship,2017-2018,sheffield-united,source,outside->eng-championship,7.0,stale_history,attack,season,-0.0499172047688082,0.20818167231895507,source entry prior,0.06956678853484788,0.015097987204205354,0.014276424655788131,-0.3788083557253792
eng-championship,2017-2018,sheffield-united,source,outside->eng-championship,7.0,stale_history,defense,entry,-0.0671122138775798,0.0988625743936136,source entry prior,0.40537543664123055,0.106322177858443,0.22324457989278548,0.80373508970682
eng-championship,2017-2018,sheffield-united,source,outside->eng-championship,7.0,stale_history,defense,season,-0.0671122138775798,0.0988625743936136,source entry prior,0.03915639811314575,0.016810793547370136,0.011293017894435379,-0.6823752929387119
eng-championship,2017-2018,sunderland,source,eng-premier-league->eng-championship,,no_target_history,attack,entry,0.12663859642225744,0.17867968348999685,source entry prior,-0.20550207005469118,0.08924187365708275,0.11031742232775162,0.3188750808758277
eng-championship,2017-2018,sunderland,source,eng-premier-league->eng-championship,,no_target_history,attack,season,0.12663859642225744,0.17867968348999685,source entry prior,-0.08315750041963332,0.017680419929181655,0.04401440225009201,-0.13924233935248093
eng-championship,2017-2018,sunderland,source,eng-premier-league->eng-championship,,no_target_history,defense,entry,0.09899847681746952,0.12792794887989803,source entry prior,-0.3920391968382572,0.050999693952812876,0.241117996949228,1.3597573413411406
eng-championship,2017-2018,sunderland,source,eng-premier-league->eng-championship,,no_target_history,defense,season,0.09899847681746952,0.12792794887989803,source entry prior,-0.3197188458040031,0.012013517211037019,0.1753241962632944,2.2268562572601676
eng-championship,2017-2018,bolton-wanderers,memory,outside->eng-championship,2.0,recent_returner,attack,entry,-0.12594039324871895,0.2237596135035175,memory entry prior,-0.8963467759043348,0.16959653799307417,0.5935259944365111,1.5120929887564236
eng-championship,2017-2018,bolton-wanderers,memory,outside->eng-championship,2.0,recent_returner,attack,season,-0.12594039324871895,0.2237596135035175,memory entry prior,-0.3607000605233929,0.022731789466521234,0.05511210137891561,-0.01256369173154942
eng-championship,2017-2018,bolton-wanderers,memory,outside->eng-championship,2.0,recent_returner,defense,entry,-0.11785652200756047,0.15529468872199528,memory entry prior,-0.47002832039326126,0.04644687948880134,0.12402497557821868,0.472136563976996
eng-championship,2017-2018,bolton-wanderers,memory,outside->eng-championship,2.0,recent_returner,defense,season,-0.11785652200756047,0.15529468872199528,memory entry prior,-0.2339875719029451,0.012875823836863054,0.013486420749804317,-0.5472976580476911
eng-championship,2017-2018,hull-city,memory,eng-premier-league->eng-championship,2.0,recent_returner,attack,entry,0.19011944838237083,0.17403314252938348,memory entry prior,0.2113036553492006,0.059563886288206,0.0004487706248134788,-0.2833630993199418
eng-championship,2017-2018,hull-city,memory,eng-premier-league->eng-championship,2.0,recent_returner,attack,season,0.19011944838237083,0.17403314252938348,memory entry prior,0.19867265546617083,0.01355396588821848,7.315735141836654e-05,-0.6438143318573445
eng-championship,2017-2018,hull-city,memory,eng-premier-league->eng-championship,2.0,recent_returner,defense,entry,-0.017180818068060877,0.1593791428775266,memory entry prior,-0.3256003041388718,0.05354924475680113,0.09512257938818314,0.2518899459882062
eng-championship,2017-2018,hull-city,memory,eng-premier-league->eng-championship,2.0,recent_returner,defense,season,-0.017180818068060877,0.1593791428775266,memory entry prior,-0.20122929702798426,0.013558144016018625,0.03387384260746136,-0.2689457033425807
eng-championship,2017-2018,middlesbrough,memory,eng-premier-league->eng-championship,2.0,recent_returner,attack,entry,0.1251148244427877,0.18598538376169288,memory entry prior,-0.1105450974303509,0.08257266637916923,0.055535598777253795,0.08384590958281624
eng-championship,2017-2018,middlesbrough,memory,eng-premier-league->eng-championship,2.0,recent_returner,attack,season,0.1251148244427877,0.18598538376169288,memory entry prior,0.13825910541907274,0.014077449393920388,0.00017277212238352862,-0.5906531072995503
eng-championship,2017-2018,middlesbrough,memory,eng-premier-league->eng-championship,2.0,recent_returner,defense,entry,0.29309977070766663,0.1877382444835189,memory entry prior,0.5154834270847204,0.11743314499554497,0.04945449062362752,0.14118504746176902
eng-championship,2017-2018,middlesbrough,memory,eng-premier-league->eng-championship,2.0,recent_returner,defense,season,0.29309977070766663,0.1877382444835189,memory entry prior,0.22797498946328335,0.02007232586509524,0.004241237132128777,-0.4900550894022451
eng-championship,2017-2018,millwall,memory,outside->eng-championship,3.0,recent_returner,attack,entry,-0.0914170938480538,0.21253927281124693,memory entry prior,0.0010766625209895613,0.07143406502718119,0.00855509496725595,-0.118850969536659
eng-championship,2017-2018,millwall,memory,outside->eng-championship,3.0,recent_returner,attack,season,-0.0914170938480538,0.21253927281124693,memory entry prior,-0.035969204429854684,0.01652437606848901,0.0030744684409328375,-0.44890313306234847
eng-championship,2017-2018,millwall,memory,outside->eng-championship,3.0,recent_returner,defense,entry,-0.07956655069090621,0.10714587342820893,memory entry prior,0.181804457886987,0.08943100407149929,0.06831480412502512,0.11067112490985379
eng-championship,2017-2018,millwall,memory,outside->eng-championship,3.0,recent_returner,defense,season,-0.07956655069090621,0.10714587342820893,memory entry prior,0.23549292571583175,0.020060920280278203,0.09926247367368785,0.7642463550744415
eng-championship,2017-2018,sheffield-united,memory,outside->eng-championship,7.0,stale_history,attack,entry,-0.05915931212218187,0.2050550377167086,memory entry prior,0.1373857669570461,0.06728291431912252,0.038629968110259975,-0.01108543698092479
eng-championship,2017-2018,sheffield-united,memory,outside->eng-championship,7.0,stale_history,attack,season,-0.05915931212218187,0.2050550377167086,memory entry prior,0.06956678853484788,0.015097987204205354,0.016570408990363755,-0.36715406363836384
eng-championship,2017-2018,sheffield-united,memory,outside->eng-championship,7.0,stale_history,defense,entry,-0.06978286174910128,0.10373053615118857,memory entry prior,0.40537543664123055,0.106322177858443,0.22577540852919564,0.8106737905520232
eng-championship,2017-2018,sheffield-united,memory,outside->eng-championship,7.0,stale_history,defense,season,-0.06978286174910128,0.10373053615118857,memory entry prior,0.03915639811314575,0.016810793547370136,0.011867762339334188,-0.6613369081985857
eng-championship,2017-2018,sunderland,memory,eng-premier-league->eng-championship,,no_target_history,attack,entry,0.09075014460171427,0.17143057228705183,memory entry prior,-0.20550207005469118,0.08924187365708275,0.08776537468882493,0.2229781675057606
eng-championship,2017-2018,sunderland,memory,eng-premier-league->eng-championship,,no_target_history,attack,season,0.09075014460171427,0.17143057228705183,memory entry prior,-0.08315750041963332,0.017680419929181655,0.030243868996871044,-0.28786069570643186
eng-championship,2017-2018,sunderland,memory,eng-premier-league->eng-championship,,no_target_history,defense,entry,0.09890784671761835,0.13267276409084458,memory entry prior,-0.3920391968382572,0.050999693952812876,0.24102899957625482,1.3359461203862666
eng-championship,2017-2018,sunderland,memory,eng-premier-league->eng-championship,,no_target_history,defense,season,0.09890784671761835,0.13267276409084458,memory entry prior,-0.3197188458040031,0.012013517211037019,0.17524830769159216,2.1179293612666443
eng-championship,2018-2019,blackburn-rovers,current,outside->eng-championship,2.0,recent_returner,attack,entry,-0.03591709165787675,0.14497744541873425,previous league state,0.0144350136993604,0.0715022954724772,0.00253533451390631,-0.25752117004050723
eng-championship,2018-2019,blackburn-rovers,current,outside->eng-championship,2.0,recent_returner,attack,season,-0.03591709165787675,0.14497744541873425,previous league state,0.07557716321785293,0.014654972802566798,0.012430968870294172,-0.573503126992758
eng-championship,2018-2019,blackburn-rovers,current,outside->eng-championship,2.0,recent_returner,defense,entry,-0.014798012670931037,0.14442727172308248,previous league state,-0.03549913931074905,0.07161014990625614,0.00042853664415778297,-0.2691831074116058
eng-championship,2018-2019,blackburn-rovers,current,outside->eng-championship,2.0,recent_returner,defense,season,-0.014798012670931037,0.14442727172308248,previous league state,-0.12892449937419706,0.013665986991469582,0.013024854967230758,-0.5754659120757487
eng-championship,2018-2019,rotherham-united,current,outside->eng-championship,2.0,recent_returner,attack,entry,-0.2300953292379921,0.14566015951678915,previous league state,-0.4169227607898639,0.10619180229063736,0.03490448918026934,0.025739301015275315
eng-championship,2018-2019,rotherham-united,current,outside->eng-championship,2.0,recent_returner,attack,season,-0.2300953292379921,0.14566015951678915,previous league state,-0.11599849167483524,0.017644816464668433,0.013018088341913406,-0.5374420011924594
eng-championship,2018-2019,rotherham-united,current,outside->eng-championship,2.0,recent_returner,defense,entry,-0.25570214748912024,0.14330492290198543,previous league state,-0.1841239914818484,0.05946761259975074,0.005123432417401344,-0.3118814437747486
eng-championship,2018-2019,rotherham-united,current,outside->eng-championship,2.0,recent_returner,defense,season,-0.25570214748912024,0.14330492290198543,previous league state,-0.3022325126234533,0.0115647410922845,0.002165074879534358,-0.7667720475557385
eng-championship,2018-2019,stoke-city,current,eng-premier-league->eng-championship,,no_target_history,attack,entry,-0.0009189619796834683,0.4001726613500766,league population,0.0252364727682762,0.06677901779093154,0.000684106766854776,0.17886083203851016
eng-championship,2018-2019,stoke-city,current,eng-premier-league->eng-championship,,no_target_history,attack,season,-0.0009189619796834683,0.4001726613500766,league population,-0.2744548356952752,0.020009449024618587,0.07482187420935216,0.2696174155013129
eng-championship,2018-2019,stoke-city,current,eng-premier-league->eng-championship,,no_target_history,defense,entry,0.0009189619796834683,0.4001726613500766,league population,-0.2271687028769874,0.0532684699592039,0.05202398285976901,0.2685499263984411
eng-championship,2018-2019,stoke-city,current,eng-premier-league->eng-championship,,no_target_history,defense,season,0.0009189619796834683,0.4001726613500766,league population,0.1576307798600018,0.017578432594886857,0.02455859386335406,0.12425076890207398
eng-championship,2018-2019,swansea-city,current,eng-premier-league->eng-championship,8.0,stale_history,attack,entry,0.059344477206557895,0.18400495060846664,previous league state,-0.14706544715977593,0.08970970922708593,0.042605056876915647,0.04585064317554824
eng-championship,2018-2019,swansea-city,current,eng-premier-league->eng-championship,8.0,stale_history,attack,season,0.059344477206557895,0.18400495060846664,previous league state,0.08598205325165204,0.014447754174330522,0.0007095604575581731,-0.588821108024493
eng-championship,2018-2019,swansea-city,current,eng-premier-league->eng-championship,8.0,stale_history,defense,entry,0.062087565386564965,0.18401889471353505,previous league state,0.6453181811395837,0.13079900356101903,0.3401579511516454,1.0499060214627962
eng-championship,2018-2019,swansea-city,current,eng-premier-league->eng-championship,8.0,stale_history,defense,season,0.062087565386564965,0.18401889471353505,previous league state,-0.02532043491332764,0.01504301535070366,0.0076401585164260245,-0.5118786837632
eng-championship,2018-2019,west-bromwich-albion,current,eng-premier-league->eng-championship,,no_target_history,attack,entry,-0.0009189619796834683,0.4001726613500766,league population,0.6572258370671739,0.03945897925660533,0.43315457651242817,1.1982835187153813
eng-championship,2018-2019,west-bromwich-albion,current,eng-premier-league->eng-championship,,no_target_history,attack,season,-0.0009189619796834683,0.4001726613500766,league population,0.3723070916986345,0.011118870127702617,0.13929768714429067,0.44333553733361675
eng-championship,2018-2019,west-bromwich-albion,current,eng-premier-league->eng-championship,,no_target_history,defense,entry,0.0009189619796834683,0.4001726613500766,league population,-0.10766165160981246,0.06714862210393553,0.011789749647471428,0.20410302542332215
eng-championship,2018-2019,west-bromwich-albion,current,eng-premier-league->eng-championship,,no_target_history,defense,season,0.0009189619796834683,0.4001726613500766,league population,-0.040236606398981356,0.015060042287940301,0.001693780808570956,0.052853748289831595
eng-championship,2018-2019,wigan-athletic,current,outside->eng-championship,2.0,recent_returner,attack,entry,-0.13273428321587025,0.14712103123724815,previous league state,0.059063140543166505,0.0669302072156909,0.03678625176060351,-0.08535897312369883
eng-championship,2018-2019,wigan-athletic,current,outside->eng-championship,2.0,recent_returner,attack,season,-0.13273428321587025,0.14712103123724815,previous league state,-0.14730704618236234,0.017933736077362077,0.00021236542047756355,-0.6931153343444293
eng-championship,2018-2019,wigan-athletic,current,outside->eng-championship,2.0,recent_returner,defense,entry,-0.06706076865816599,0.1460923184572545,previous league state,0.13766419404201993,0.07611703155371438,0.04191231035259252,-0.030194956651624943
eng-championship,2018-2019,wigan-athletic,current,outside->eng-championship,2.0,recent_returner,defense,season,-0.06706076865816599,0.1460923184572545,previous league state,-0.04688543251435467,0.014610928985977378,0.0004070441885157794,-0.7381597605163099
eng-championship,2018-2019,blackburn-rovers,population,outside->eng-championship,2.0,recent_returner,attack,entry,-0.0009790149393101764,0.4001884323625826,outside->eng-championship population,0.0144350136993604,0.0715022954724772,0.0002375922788737567,0.1881941599772948
eng-championship,2018-2019,blackburn-rovers,population,outside->eng-championship,2.0,recent_returner,attack,season,-0.0009790149393101764,0.4001884323625826,outside->eng-championship population,0.07557716321785293,0.014654972802566798,0.005860848414031297,0.06366247313094316
eng-championship,2018-2019,blackburn-rovers,population,outside->eng-championship,2.0,recent_returner,defense,entry,0.0009790149393101764,0.4001884323625826,outside->eng-championship population,-0.03549913931074905,0.07161014990625614,0.0013306557374911142,0.19078483039327884
eng-championship,2018-2019,blackburn-rovers,population,outside->eng-championship,2.0,recent_returner,defense,season,0.0009790149393101764,0.4001884323625826,outside->eng-championship population,-0.12892449937419706,0.013665986991469582,0.01687492303099958,0.09260401410786973
eng-championship,2018-2019,rotherham-united,population,outside->eng-championship,2.0,recent_returner,attack,entry,-0.0009790149393101764,0.4001884323625826,outside->eng-championship population,-0.4169227607898639,0.10619180229063736,0.17300919971219003,0.5822395547722524
eng-championship,2018-2019,rotherham-united,population,outside->eng-championship,2.0,recent_returner,attack,season,-0.0009790149393101764,0.4001884323625826,outside->eng-championship population,-0.11599849167483524,0.017644816464668433,0.013229480028513992,0.09258235894147848
eng-championship,2018-2019,rotherham-united,population,outside->eng-championship,2.0,recent_returner,defense,entry,0.0009790149393101764,0.4001884323625826,outside->eng-championship population,-0.1841239914818484,0.05946761259975074,0.03426312298615148,0.23901266867406099
eng-championship,2018-2019,rotherham-united,population,outside->eng-championship,2.0,recent_returner,defense,season,0.0009790149393101764,0.4001884323625826,outside->eng-championship population,-0.3022325126234533,0.0115647410922845,0.09193723044694448,0.305682631849668
eng-championship,2018-2019,stoke-city,population,eng-premier-league->eng-championship,,no_target_history,attack,entry,-0.0009790149393101764,0.4001884323625826,eng-premier-league->eng-championship population,0.0252364727682762,0.06677901779093154,0.0006872517957466123,0.1788954899606449
eng-championship,2018-2019,stoke-city,population,eng-premier-league->eng-championship,,no_target_history,attack,season,-0.0009790149393101764,0.4001884323625826,eng-premier-league->eng-championship population,-0.2744548356952752,0.020009449024618587,0.07478902453814869,0.26954673033705134
eng-championship,2018-2019,stoke-city,population,eng-premier-league->eng-championship,,no_target_history,defense,entry,0.0009790149393101764,0.4001884323625826,eng-premier-league->eng-championship population,-0.2271687028769874,0.0532684699592039,0.05205138114478495,0.26863647919423544
eng-championship,2018-2019,stoke-city,population,eng-premier-league->eng-championship,,no_target_history,defense,season,0.0009790149393101764,0.4001884323625826,eng-premier-league->eng-championship population,0.1576307798600018,0.017578432594886857,0.024539775452767625,0.12422843223360923
eng-championship,2018-2019,swansea-city,population,eng-premier-league->eng-championship,8.0,stale_history,attack,entry,-0.0009790149393101764,0.4001884323625826,eng-premier-league->eng-championship population,-0.14706544715977593,0.08970970922708593,0.021341245678904733,0.2682185790998694
eng-championship,2018-2019,swansea-city,population,eng-premier-league->eng-championship,8.0,stale_history,attack,season,-0.0009790149393101764,0.4001884323625826,eng-premier-league->eng-championship population,0.08598205325165204,0.014447754174330522,0.007562227380913179,0.06796156642837373
eng-championship,2018-2019,swansea-city,population,eng-premier-league->eng-championship,8.0,stale_history,defense,entry,0.0009790149393101764,0.4001884323625826,eng-premier-league->eng-championship population,0.6453181811395837,0.13079900356101903,0.41517296109966373,1.0151149610666876
eng-championship,2018-2019,swansea-city,population,eng-premier-league->eng-championship,8.0,stale_history,defense,season,0.0009790149393101764,0.4001884323625826,eng-premier-league->eng-championship population,-0.02532043491332764,0.01504301535070366,0.0006916610625514111,0.04998126775514065
eng-championship,2018-2019,west-bromwich-albion,population,eng-premier-league->eng-championship,,no_target_history,attack,entry,-0.0009790149393101764,0.4001884323625826,eng-premier-league->eng-championship population,0.6572258370671739,0.03945897925660533,0.43323362720487757,1.1984445352414421
eng-championship,2018-2019,west-bromwich-albion,population,eng-premier-league->eng-championship,,no_target_history,attack,season,-0.0009790149393101764,0.4001884323625826,eng-premier-league->eng-championship population,0.3723070916986345,0.011118870127702617,0.139342517408915,0.4434732917275862
eng-championship,2018-2019,west-bromwich-albion,population,eng-premier-league->eng-championship,,no_target_history,defense,entry,0.0009790149393101764,0.4001884323625826,eng-premier-league->eng-championship population,-0.10766165160981246,0.06714862210393553,0.011802794428237654,0.20415804731300524
eng-championship,2018-2019,west-bromwich-albion,population,eng-premier-league->eng-championship,,no_target_history,defense,season,0.0009790149393101764,0.4001884323625826,eng-premier-league->eng-championship population,-0.040236606398981356,0.015060042287940301,0.0016987274423014324,0.05290353848273065
eng-championship,2018-2019,wigan-athletic,population,outside->eng-championship,2.0,recent_returner,attack,entry,-0.0009790149393101764,0.4001884323625826,outside->eng-championship population,0.059063140543166505,0.0669302072156909,0.003605060434981905,0.18565208936140257
eng-championship,2018-2019,wigan-athletic,population,outside->eng-championship,2.0,recent_returner,attack,season,-0.0009790149393101764,0.4001884323625826,outside->eng-championship population,-0.14730704618236234,0.017933736077362077,0.02141189272746765,0.11630724254337702
eng-championship,2018-2019,wigan-athletic,population,outside->eng-championship,2.0,recent_returner,defense,entry,0.0009790149393101764,0.4001884323625826,outside->eng-championship population,0.13766419404201993,0.07611703155371438,0.018682838186339843,0.23708129205239983
eng-championship,2018-2019,wigan-athletic,population,outside->eng-championship,2.0,recent_returner,defense,season,0.0009790149393101764,0.4001884323625826,outside->eng-championship population,-0.04688543251435467,0.014610928985977378,0.002291005330044643,0.05332724394284015
eng-championship,2018-2019,blackburn-rovers,transition,outside->eng-championship,2.0,recent_returner,attack,entry,-0.05695172165162388,0.19730554922475882,transition entry prior,0.0144350136993604,0.0715022954724772,0.005096065984071468,-0.15966678249659733
eng-championship,2018-2019,blackburn-rovers,transition,outside->eng-championship,2.0,recent_returner,attack,season,-0.05695172165162388,0.19730554922475882,transition entry prior,0.07557716321785293,0.014654972802566798,0.01756390532474704,-0.3804196863738958
eng-championship,2018-2019,blackburn-rovers,transition,outside->eng-championship,2.0,recent_returner,defense,entry,-0.057498601788121356,0.10758853302951817,transition entry prior,-0.03549913931074905,0.07161014990625614,0.00048397634929331205,-0.32149390521962457
eng-championship,2018-2019,blackburn-rovers,transition,outside->eng-championship,2.0,recent_returner,defense,season,-0.057498601788121356,0.10758853302951817,transition entry prior,-0.12892449937419706,0.013665986991469582,0.0051016588459765755,-0.8196408930879734
eng-championship,2018-2019,rotherham-united,transition,outside->eng-championship,2.0,recent_returner,attack,entry,-0.05695172165162388,0.19730554922475882,transition entry prior,-0.4169227607898639,0.10619180229063736,0.12957914901826434,0.4002970315928869
eng-championship,2018-2019,rotherham-united,transition,outside->eng-championship,2.0,recent_returner,attack,season,-0.05695172165162388,0.19730554922475882,transition entry prior,-0.11599849167483524,0.017644816464668433,0.003486521050174012,-0.4863480811192903
eng-championship,2018-2019,rotherham-united,transition,outside->eng-championship,2.0,recent_returner,defense,entry,-0.057498601788121356,0.10758853302951817,transition entry prior,-0.1841239914818484,0.05946761259975074,0.01603398931508824,-0.29044988631052926
eng-championship,2018-2019,rotherham-united,transition,outside->eng-championship,2.0,recent_returner,defense,season,-0.057498601788121356,0.10758853302951817,transition entry prior,-0.3022325126234533,0.0115647410922845,0.0598946871127562,0.3300218970412405
eng-championship,2018-2019,stoke-city,transition,eng-premier-league->eng-championship,,no_target_history,attack,entry,0.1323962428653926,0.14831785553628032,transition entry prior,0.0252364727682762,0.06677901779093154,0.01148321632726684,-0.2271998010639959
eng-championship,2018-2019,stoke-city,transition,eng-premier-league->eng-championship,,no_target_history,attack,season,0.1323962428653926,0.14831785553628032,transition entry prior,-0.2744548356952752,0.020009449024618587,0.16552780012597865,1.3041974700341643
eng-championship,2018-2019,stoke-city,transition,eng-premier-league->eng-championship,,no_target_history,defense,entry,0.05592157758901627,0.19103067795854295,transition entry prior,-0.2271687028769874,0.0532684699592039,0.0801401068943206,0.16004457641102204
eng-championship,2018-2019,stoke-city,transition,eng-premier-league->eng-championship,,no_target_history,defense,season,0.05592157758901627,0.19103067795854295,transition entry prior,0.1576307798600018,0.017578432594886857,0.010344761826600244,-0.4441299091122655
eng-championship,2018-2019,swansea-city,transition,eng-premier-league->eng-championship,8.0,stale_history,attack,entry,0.1323962428653926,0.14831785553628032,transition entry prior,-0.14706544715977593,0.08970970922708593,0.07809883619172338,0.1725718044779598
eng-championship,2018-2019,swansea-city,transition,eng-premier-league->eng-championship,8.0,stale_history,attack,season,0.1323962428653926,0.14831785553628032,transition entry prior,0.08598205325165204,0.014447754174330522,0.0021542769975002613,-0.7074696504174027
eng-championship,2018-2019,swansea-city,transition,eng-premier-league->eng-championship,8.0,stale_history,defense,entry,0.05592157758901627,0.19103067795854295,transition entry prior,0.6453181811395837,0.13079900356101903,0.34738835627694475,1.0632016594385836
eng-championship,2018-2019,swansea-city,transition,eng-premier-league->eng-championship,8.0,stale_history,defense,season,0.05592157758901627,0.19103067795854295,transition entry prior,-0.02532043491332764,0.01504301535070366,0.0066002645954310055,-0.49976557331376914
eng-championship,2018-2019,west-bromwich-albion,transition,eng-premier-league->eng-championship,,no_target_history,attack,entry,0.1323962428653926,0.14831785553628032,transition entry prior,0.6572258370671739,0.03945897925660533,0.27544610295000643,1.7651911415680712
eng-championship,2018-2019,west-bromwich-albion,transition,eng-premier-league->eng-championship,,no_target_history,attack,season,0.1323962428653926,0.14831785553628032,transition entry prior,0.3723070916986345,0.011118870127702617,0.05755721538788666,0.08408166618036539
eng-championship,2018-2019,west-bromwich-albion,transition,eng-premier-league->eng-championship,,no_target_history,defense,entry,0.05592157758901627,0.19103067795854295,transition entry prior,-0.10766165160981246,0.06714862210393553,0.02675947287511653,-0.08537443543436535
eng-championship,2018-2019,west-bromwich-albion,transition,eng-premier-league->eng-championship,,no_target_history,defense,season,0.05592157758901627,0.19103067795854295,transition entry prior,-0.040236606398981356,0.015060042287940301,0.009246396347869605,-0.47395724878529694
eng-championship,2018-2019,wigan-athletic,transition,outside->eng-championship,2.0,recent_returner,attack,entry,-0.05695172165162388,0.19730554922475882,transition entry prior,0.059063140543166505,0.0669302072156909,0.013459448250076202,-0.1403097372313425
eng-championship,2018-2019,wigan-athletic,transition,outside->eng-championship,2.0,recent_returner,attack,season,-0.05695172165162388,0.19730554922475882,transition entry prior,-0.14730704618236234,0.017933736077362077,0.00816408467105507,-0.4428277286747442
eng-championship,2018-2019,wigan-athletic,transition,outside->eng-championship,2.0,recent_returner,defense,entry,-0.057498601788121356,0.10758853302951817,transition entry prior,0.13766419404201993,0.07611703155371438,0.03808851687623741,-0.08085059359477453
eng-championship,2018-2019,wigan-athletic,transition,outside->eng-championship,2.0,recent_returner,defense,season,-0.057498601788121356,0.10758853302951817,transition entry prior,-0.04688543251435467,0.014610928985977378,0.00011263936203362534,-0.9001716827483754
eng-championship,2018-2019,blackburn-rovers,source,outside->eng-championship,2.0,recent_returner,attack,entry,-0.055753700591699706,0.19730650684330944,source entry prior,0.0144350136993604,0.0715022954724772,0.004926455613832065,-0.16043308975079373
eng-championship,2018-2019,blackburn-rovers,source,outside->eng-championship,2.0,recent_returner,attack,season,-0.055753700591699706,0.19730650684330944,source entry prior,0.07557716321785293,0.014654972802566798,0.017247795788963263,-0.3833669338320542
eng-championship,2018-2019,blackburn-rovers,source,outside->eng-championship,2.0,recent_returner,defense,entry,-0.05869662284804553,0.10759028918665894,source entry prior,-0.03549913931074905,0.07161014990625614,0.000538123242463141,-0.32116618961176463
eng-championship,2018-2019,blackburn-rovers,source,outside->eng-championship,2.0,recent_returner,defense,season,-0.05869662284804553,0.10759028918665894,source entry prior,-0.12892449937419706,0.013665986991469582,0.0049319546413723854,-0.8229965105276941
eng-championship,2018-2019,rotherham-united,source,outside->eng-championship,2.0,recent_returner,attack,entry,-0.055753700591699706,0.19730650684330944,source entry prior,-0.4169227607898639,0.10619180229063736,0.13044309004442514,0.40327378054238194
eng-championship,2018-2019,rotherham-united,source,outside->eng-championship,2.0,recent_returner,attack,season,-0.055753700591699706,0.19730650684330944,source entry prior,-0.11599849167483524,0.017644816464668433,0.0036294348526506467,-0.48508189262047463
eng-championship,2018-2019,rotherham-united,source,outside->eng-championship,2.0,recent_returner,defense,entry,-0.05869662284804553,0.10759028918665894,source entry prior,-0.1841239914818484,0.05946761259975074,0.01573202480239988,-0.2925730420728592
eng-championship,2018-2019,rotherham-united,source,outside->eng-championship,2.0,recent_returner,defense,season,-0.05869662284804553,0.10759028918665894,source entry prior,-0.3022325126234533,0.0115647410922845,0.05930972960869956,0.3173696215167765
eng-championship,2018-2019,stoke-city,source,eng-premier-league->eng-championship,,no_target_history,attack,entry,0.1326363218197809,0.15161257898008654,source entry prior,0.0252364727682762,0.06677901779093154,0.011534727576285996,-0.22209004906247143
eng-championship,2018-2019,stoke-city,source,eng-premier-league->eng-championship,,no_target_history,attack,season,0.1326363218197809,0.15161257898008654,source entry prior,-0.2744548356952752,0.020009449024618587,0.16572321052694822,1.2728136584624852
eng-championship,2018-2019,stoke-city,source,eng-premier-league->eng-championship,,no_target_history,defense,entry,0.04251661391345858,0.13731495417250036,source entry prior,-0.2271687028769874,0.0532684699592039,0.07273017009236321,0.1084566087191095
eng-championship,2018-2019,stoke-city,source,eng-premier-league->eng-championship,,no_target_history,defense,season,0.04251661391345858,0.13731495417250036,source entry prior,0.1576307798600018,0.017578432594886857,0.013251271201568288,-0.555336301848222
eng-championship,2018-2019,swansea-city,source,eng-premier-league->eng-championship,8.0,stale_history,attack,entry,0.1127220062715322,0.1586362828551912,source entry prior,-0.14706544715977593,0.08970970922708593,0.06748952096032411,0.13073550174043794
eng-championship,2018-2019,swansea-city,source,eng-premier-league->eng-championship,8.0,stale_history,attack,season,0.1127220062715322,0.1586362828551912,source entry prior,0.08598205325165204,0.014447754174330522,0.0007150250875053983,-0.6863325195107509
eng-championship,2018-2019,swansea-city,source,eng-premier-league->eng-championship,8.0,stale_history,defense,entry,0.18802026403251834,0.1512843418223101,source entry prior,0.6453181811395837,0.13079900356101903,0.20912138499046043,0.6628694741308012
eng-championship,2018-2019,swansea-city,source,eng-premier-league->eng-championship,8.0,stale_history,defense,season,0.18802026403251834,0.1512843418223101,source entry prior,-0.02532043491332764,0.01504301535070366,0.045514253826702086,-0.1170908609569562
eng-championship,2018-2019,west-bromwich-albion,source,eng-premier-league->eng-championship,,no_target_history,attack,entry,0.12125675164266791,0.15420395528739025,source entry prior,0.6572258370671739,0.03945897925660533,0.28726286053078137,1.809801662003225
eng-championship,2018-2019,west-bromwich-albion,source,eng-premier-league->eng-championship,,no_target_history,attack,season,0.12125675164266791,0.15420395528739025,source entry prior,0.3723070916986345,0.011118870127702617,0.06302627324221646,0.14428572506233406
eng-championship,2018-2019,west-bromwich-albion,source,eng-premier-league->eng-championship,,no_target_history,defense,entry,0.18596171796221173,0.15106175523334753,source entry prior,-0.10766165160981246,0.06714862210393553,0.08621468315882949,0.1939288066562117
eng-championship,2018-2019,west-bromwich-albion,source,eng-premier-league->eng-championship,,no_target_history,defense,season,0.18596171796221173,0.15106175523334753,source entry prior,-0.040236606398981356,0.015060042287940301,0.05116568194381151,-0.04236067560994705
eng-championship,2018-2019,wigan-athletic,source,outside->eng-championship,2.0,recent_returner,attack,entry,-0.055753700591699706,0.19730650684330944,source entry prior,0.059063140543166505,0.0669302072156909,0.013182907008189105,-0.14161434345850182
eng-championship,2018-2019,wigan-athletic,source,outside->eng-championship,2.0,recent_returner,attack,season,-0.055753700591699706,0.19730650684330944,source entry prior,-0.14730704618236234,0.017933736077362077,0.008382015088843306,-0.4409086268585494
eng-championship,2018-2019,wigan-athletic,source,outside->eng-championship,2.0,recent_returner,defense,entry,-0.05869662284804553,0.10759028918665894,source entry prior,0.13766419404201993,0.07611703155371438,0.038557570409733816,-0.07817495879695985
eng-championship,2018-2019,wigan-athletic,source,outside->eng-championship,2.0,recent_returner,defense,season,-0.05869662284804553,0.10759028918665894,source entry prior,-0.04688543251435467,0.014610928985977378,0.00013950421709867238,-0.8996515480066293
eng-championship,2018-2019,blackburn-rovers,memory,outside->eng-championship,2.0,recent_returner,attack,entry,-0.06941435692252644,0.19344916504303677,memory entry prior,0.0144350136993604,0.0715022954724772,0.00703071695368654,-0.15733665581424575
eng-championship,2018-2019,blackburn-rovers,memory,outside->eng-championship,2.0,recent_returner,attack,season,-0.06941435692252644,0.19344916504303677,memory entry prior,0.07557716321785293,0.014654972802566798,0.021022540912618033,-0.356733311522688
eng-championship,2018-2019,blackburn-rovers,memory,outside->eng-championship,2.0,recent_returner,defense,entry,-0.06627790160674187,0.11404216673880485,memory entry prior,-0.03549913931074905,0.07161014990625614,0.0009473322084732289,-0.3102809568312562
eng-championship,2018-2019,blackburn-rovers,memory,outside->eng-championship,2.0,recent_returner,defense,season,-0.06627790160674187,0.11404216673880485,memory entry prior,-0.12892449937419706,0.013665986991469582,0.003924596211837322,-0.8195668292498641
eng-championship,2018-2019,rotherham-united,memory,outside->eng-championship,2.0,recent_returner,attack,entry,-0.18373799513364958,0.22022580850350826,memory entry prior,-0.4169227607898639,0.10619180229063736,0.05437513493414359,0.16153015647750257
eng-championship,2018-2019,rotherham-united,memory,outside->eng-championship,2.0,recent_returner,attack,season,-0.18373799513364958,0.22022580850350826,memory entry prior,-0.11599849167483524,0.017644816464668433,0.0045886403288467196,-0.4043336978311209
eng-championship,2018-2019,rotherham-united,memory,outside->eng-championship,2.0,recent_returner,defense,entry,-0.16076451555155008,0.1606214014593772,memory entry prior,-0.1841239914818484,0.05946761259975074,0.000545665115738187,-0.30884649779920803
eng-championship,2018-2019,rotherham-united,memory,outside->eng-championship,2.0,recent_returner,defense,season,-0.16076451555155008,0.1606214014593772,memory entry prior,-0.3022325126234533,0.0115647410922845,0.020013194195536016,-0.4567715594152719
eng-championship,2018-2019,stoke-city,memory,eng-premier-league->eng-championship,,no_target_history,attack,entry,0.10654906812906875,0.14093220321067607,memory entry prior,0.0252364727682762,0.06677901779093154,0.006611738164307982,-0.2658971040526388
eng-championship,2018-2019,stoke-city,memory,eng-premier-league->eng-championship,,no_target_history,attack,season,0.10654906812906875,0.14093220321067607,memory entry prior,-0.2744548356952752,0.020009449024618587,0.1451639747293899,1.128294963616445
eng-championship,2018-2019,stoke-city,memory,eng-premier-league->eng-championship,,no_target_history,defense,entry,0.04566118594725375,0.1434938879681558,memory entry prior,-0.2271687028769874,0.0532684699592039,0.07443614823584778,0.12004692546470702
eng-championship,2018-2019,stoke-city,memory,eng-premier-league->eng-championship,,no_target_history,defense,season,0.04566118594725375,0.1434938879681558,memory entry prior,0.1576307798600018,0.017578432594886857,0.012537189960985705,-0.5496952787097191
eng-championship,2018-2019,swansea-city,memory,eng-premier-league->eng-championship,8.0,stale_history,attack,entry,0.08316822860797941,0.15060104580287562,memory entry prior,-0.14706544715977593,0.08970970922708593,0.05300754545753189,0.0618689497785577
eng-championship,2018-2019,swansea-city,memory,eng-premier-league->eng-championship,8.0,stale_history,attack,season,0.08316822860797941,0.15060104580287562,memory entry prior,0.08598205325165204,0.014447754174330522,7.917609125339356e-06,-0.7276410011156167
eng-championship,2018-2019,swansea-city,memory,eng-premier-league->eng-championship,8.0,stale_history,defense,entry,0.19183270044630119,0.15838475296894017,memory entry prior,0.6453181811395837,0.13079900356101903,0.20564908119961753,0.6492383718346864
eng-championship,2018-2019,swansea-city,memory,eng-premier-league->eng-championship,8.0,stale_history,defense,season,0.19183270044630119,0.15838475296894017,memory entry prior,-0.02532043491332764,0.01504301535070366,0.04715548419651728,-0.10134021029909557
eng-championship,2018-2019,west-bromwich-albion,memory,eng-premier-league->eng-championship,,no_target_history,attack,entry,0.08871234069845116,0.14464413776356894,memory entry prior,0.6572258370671739,0.03945897925660533,0.3232075955533897,2.1918030106227984
eng-championship,2018-2019,west-bromwich-albion,memory,eng-premier-league->eng-championship,,no_target_history,attack,season,0.08871234069845116,0.14464413776356894,memory entry prior,0.3723070916986345,0.011118870127702617,0.08042598279485602,0.45362180145977726
eng-championship,2018-2019,west-bromwich-albion,memory,eng-premier-league->eng-championship,,no_target_history,defense,entry,0.1882128022323095,0.15954940759761746,memory entry prior,-0.10766165160981246,0.06714862210393553,0.08754169243637396,0.20189415654447057
eng-championship,2018-2019,west-bromwich-albion,memory,eng-premier-league->eng-championship,,no_target_history,defense,season,0.1882128022323095,0.15954940759761746,memory entry prior,-0.040236606398981356,0.015060042287940301,0.0521891323039865,-0.040034992056638186
eng-championship,2018-2019,wigan-athletic,memory,outside->eng-championship,2.0,recent_returner,attack,entry,-0.19659244010396643,0.22456718267463535,memory entry prior,0.059063140543166505,0.0669302072156909,0.0653597759160227,0.12614363010332186
eng-championship,2018-2019,wigan-athletic,memory,outside->eng-championship,2.0,recent_returner,attack,season,-0.19659244010396643,0.22456718267463535,memory entry prior,-0.14730704618236234,0.017933736077362077,0.0024290500540076884,-0.4047492593288174
eng-championship,2018-2019,wigan-athletic,memory,outside->eng-championship,2.0,recent_returner,defense,entry,-0.03372844340795082,0.11806508026408491,memory entry prior,0.13766419404201993,0.07611703155371438,0.029375436172057113,-0.12162639399991951
eng-championship,2018-2019,wigan-athletic,memory,outside->eng-championship,2.0,recent_returner,defense,season,-0.03372844340795082,0.11806508026408491,memory entry prior,-0.04688543251435467,0.014610928985977378,0.00017310636234602945,-0.8560739175148301
eng-championship,2019-2020,barnsley,current,outside->eng-championship,2.0,recent_returner,attack,entry,-0.10922219158932815,0.14516541764322885,previous league state,-0.5184608025661508,0.11739209972049813,0.16747624071423917,0.5351298071579116
eng-championship,2019-2020,barnsley,current,outside->eng-championship,2.0,recent_returner,attack,season,-0.10922219158932815,0.14516541764322885,previous league state,-0.19258102662042637,0.018553526886171325,0.006948695377741847,-0.6075124194101031
eng-championship,2019-2020,barnsley,current,outside->eng-championship,2.0,recent_returner,defense,entry,-0.12022588495569579,0.14427646443705097,previous league state,-0.2682707365360257,0.056396078754737615,0.0219172780794419,-0.21973347666058068
eng-championship,2019-2020,barnsley,current,outside->eng-championship,2.0,recent_returner,defense,season,-0.12022588495569579,0.14427646443705097,previous league state,-0.1375647229697843,0.01368075366863139,0.000300635303678801,-0.7601533877138746
eng-championship,2019-2020,cardiff-city,current,eng-premier-league->eng-championship,2.0,recent_returner,attack,entry,0.10531897096189985,0.14414776774936505,previous league state,-0.019128433652283453,0.0665817596818316,0.015487156515206251,-0.21127889474956896
eng-championship,2019-2020,cardiff-city,current,eng-premier-league->eng-championship,2.0,recent_returner,attack,season,0.10531897096189985,0.14414776774936505,previous league state,0.11688202723310846,0.013845405326866803,0.00013370427033113685,-0.7607349875451284
eng-championship,2019-2020,cardiff-city,current,eng-premier-league->eng-championship,2.0,recent_returner,defense,entry,0.1372326101595886,0.1451786192742575,previous league state,0.041780012453226406,0.07667664989327594,0.00911119840889262,-0.19711176389312252
eng-championship,2019-2020,cardiff-city,current,eng-premier-league->eng-championship,2.0,recent_returner,defense,season,0.1372326101595886,0.1451786192742575,previous league state,0.01863832061514478,0.01599739447482835,0.014064605512551375,-0.5387963863114131
eng-championship,2019-2020,charlton-athletic,current,outside->eng-championship,4.0,stale_history,attack,entry,-0.1287377393637508,0.16784509130318925,previous league state,0.0494595248586124,0.0716818105923502,0.031754264976334726,-0.07408181006718453
eng-championship,2019-2020,charlton-athletic,current,outside->eng-championship,4.0,stale_history,attack,season,-0.1287377393637508,0.16784509130318925,previous league state,-0.1759332058864155,0.01822189094345498,0.0022274120602919652,-0.5923500254839559
eng-championship,2019-2020,charlton-athletic,current,outside->eng-championship,4.0,stale_history,defense,entry,-0.12541304949757567,0.16760099675334159,previous league state,0.2379878058447382,0.08898390150235903,0.13206018166352532,0.4104670336939264
eng-championship,2019-2020,charlton-athletic,current,outside->eng-championship,4.0,stale_history,defense,season,-0.12541304949757567,0.16760099675334159,previous league state,-0.07995002723568675,0.014434556170491029,0.0020668863931850075,-0.6355949339974356
eng-championship,2019-2020,fulham,current,eng-premier-league->eng-championship,2.0,recent_returner,attack,entry,0.1841948702969406,0.14341592397140085,previous league state,0.34125031832650826,0.0535941591510922,0.02466641375576823,-0.21551097910886063
eng-championship,2019-2020,fulham,current,eng-premier-league->eng-championship,2.0,recent_returner,attack,season,0.1841948702969406,0.14341592397140085,previous league state,0.05107241372355298,0.014612184351576275,0.017721588444133473,-0.5028278222101765
eng-championship,2019-2020,fulham,current,eng-premier-league->eng-championship,2.0,recent_returner,defense,entry,0.14526037654516238,0.14470939189413196,previous league state,0.41436084877679524,0.10622070006270576,0.07241506415528781,0.1725264650846564
eng-championship,2019-2020,fulham,current,eng-premier-league->eng-championship,2.0,recent_returner,defense,season,0.14526037654516238,0.14470939189413196,previous league state,0.2032675961697317,0.01891529411415965,0.003364837528573019,-0.6500890190957297
eng-championship,2019-2020,huddersfield-town,current,eng-premier-league->eng-championship,3.0,recent_returner,attack,entry,-0.03613493011556142,0.15850851425123752,previous league state,-0.34704183050565984,0.09664598021163408,0.0966631007101786,0.2630372092070431
eng-championship,2019-2020,huddersfield-town,current,eng-premier-league->eng-championship,3.0,recent_returner,attack,season,-0.03613493011556142,0.15850851425123752,previous league state,-0.13498619618284033,0.017604672345665578,0.009771572803103968,-0.5431510041739402
eng-championship,2019-2020,huddersfield-town,current,eng-premier-league->eng-championship,3.0,recent_returner,defense,entry,-0.0382946125780787,0.15839557523159725,previous league state,-0.2795676483373252,0.053417569702186064,0.05821267778448265,0.017402669023798722
eng-championship,2019-2020,huddersfield-town,current,eng-premier-league->eng-championship,3.0,recent_returner,defense,season,-0.0382946125780787,0.15839557523159725,previous league state,-0.1536488850095035,0.013507194542691645,0.01330660816818337,-0.5359785352281343
eng-championship,2019-2020,luton-town,current,outside->eng-championship,,no_target_history,attack,entry,-0.002121720452105052,0.4001661631773205,league population,0.07399631017426339,0.06279039107838748,0.005793954586436765,0.18147028360224018
eng-championship,2019-2020,luton-town,current,outside->eng-championship,,no_target_history,attack,season,-0.002121720452105052,0.4001661631773205,league population,-0.09054331094222688,0.017035232749403623,0.007818377664802803,0.07567549585953227
eng-championship,2019-2020,luton-town,current,outside->eng-championship,,no_target_history,defense,entry,0.002121720452105052,0.4001661631773205,league population,-0.32208893734365984,0.0535391777295347,0.10511255062836258,0.39324918754694976
eng-championship,2019-2020,luton-town,current,outside->eng-championship,,no_target_history,defense,season,0.002121720452105052,0.4001661631773205,league population,-0.3104248012391003,0.011716722589410027,0.09768532822127113,0.3225883353966798
eng-championship,2019-2020,barnsley,population,outside->eng-championship,2.0,recent_returner,attack,entry,-0.0031507343500197216,0.4001796285807372,outside->eng-championship population,-0.5184608025661508,0.11739209972049813,0.2655444664049137,0.7564326438960065
eng-championship,2019-2020,barnsley,population,outside->eng-championship,2.0,recent_returner,attack,season,-0.0031507343500197216,0.4001796285807372,outside->eng-championship population,-0.19258102662042637,0.018553526886171325,0.03588383562965168,0.1583114322575518
eng-championship,2019-2020,barnsley,population,outside->eng-championship,2.0,recent_returner,defense,entry,0.0031507343500197216,0.4001796285807372,outside->eng-championship population,-0.2682707365360257,0.056396078754737615,0.07366961485794439,0.3240545043633623
eng-championship,2019-2020,barnsley,population,outside->eng-championship,2.0,recent_returner,defense,season,0.0031507343500197216,0.4001796285807372,outside->eng-championship population,-0.1375647229697843,0.01368075366863139,0.01980083992872159,0.1010403626572402
eng-championship,2019-2020,cardiff-city,population,eng-premier-league->eng-championship,2.0,recent_returner,attack,entry,-0.0031507343500197216,0.4001796285807372,eng-premier-league->eng-championship population,-0.019128433652283453,0.0665817596818316,0.00025528687499355897,0.17749388629453589
eng-championship,2019-2020,cardiff-city,population,eng-premier-league->eng-championship,2.0,recent_returner,attack,season,-0.0031507343500197216,0.4001796285807372,eng-premier-league->eng-championship population,0.11688202723310846,0.013845405326866803,0.014407863853272094,0.08596182849301433
eng-championship,2019-2020,cardiff-city,population,eng-premier-league->eng-championship,2.0,recent_returner,defense,entry,0.0031507343500197216,0.4001796285807372,eng-premier-league->eng-championship population,0.041780012453226406,0.07667664989327594,0.0014922211267748833,0.20186241959835707
eng-championship,2019-2020,cardiff-city,population,eng-premier-league->eng-championship,2.0,recent_returner,defense,season,0.0031507343500197216,0.4001796285807372,eng-premier-league->eng-championship population,0.01863832061514478,0.01599739447482835,0.0002398653283196903,0.05138455655381339
eng-championship,2019-2020,charlton-athletic,population,outside->eng-championship,4.0,stale_history,attack,entry,-0.0031507343500197216,0.4001796285807372,outside->eng-championship population,0.0494595248586124,0.0716818105923502,0.0027678393739994614,0.19402311906992317
eng-championship,2019-2020,charlton-athletic,population,outside->eng-championship,4.0,stale_history,attack,season,-0.0031507343500197216,0.4001796285807372,outside->eng-championship population,-0.1759332058864155,0.01822189094345498,0.02985378247022542,0.1406656947530614
eng-championship,2019-2020,charlton-athletic,population,outside->eng-championship,4.0,stale_history,defense,entry,0.0031507343500197216,0.4001796285807372,outside->eng-championship population,0.2379878058447382,0.08898390150235903,0.05514845014821551,0.33472669864692073
eng-championship,2019-2020,charlton-athletic,population,outside->eng-championship,4.0,stale_history,defense,season,0.0031507343500197216,0.4001796285807372,outside->eng-championship population,-0.07995002723568675,0.014434556170491029,0.006905736576124429,0.06602588165881915
eng-championship,2019-2020,fulham,population,eng-premier-league->eng-championship,2.0,recent_returner,attack,entry,-0.0031507343500197216,0.4001796285807372,eng-premier-league->eng-championship population,0.34125031832650826,0.0535941591510922,0.1186120850847006,0.4249070136863449
eng-championship,2019-2020,fulham,population,eng-premier-league->eng-championship,2.0,recent_returner,attack,season,-0.0031507343500197216,0.4001796285807372,eng-premier-league->eng-championship population,0.05107241372355298,0.014612184351576275,0.002940149787008591,0.055168181775762506
eng-championship,2019-2020,fulham,population,eng-premier-league->eng-championship,2.0,recent_returner,defense,entry,0.0031507343500197216,0.4001796285807372,eng-premier-league->eng-championship population,0.41436084877679524,0.10622070006270576,0.16909375820688183,0.5749041474219414
eng-championship,2019-2020,fulham,population,eng-premier-league->eng-championship,2.0,recent_returner,defense,season,0.0031507343500197216,0.4001796285807372,eng-premier-league->eng-championship population,0.2032675961697317,0.01891529411415965,0.0400467583845697,0.17074423222063706
eng-championship,2019-2020,huddersfield-town,population,eng-premier-league->eng-championship,3.0,recent_returner,attack,entry,-0.0031507343500197216,0.4001796285807372,eng-premier-league->eng-championship population,-0.34704183050565984,0.09664598021163408,0.11826108601512772,0.4694580005208438
eng-championship,2019-2020,huddersfield-town,population,eng-premier-league->eng-championship,3.0,recent_returner,attack,season,-0.0031507343500197216,0.4001796285807372,eng-premier-league->eng-championship population,-0.13498619618284033,0.017604672345665578,0.017380588996673097,0.1041364320954611
eng-championship,2019-2020,huddersfield-town,population,eng-premier-league->eng-championship,3.0,recent_returner,defense,entry,0.0031507343500197216,0.4001796285807372,eng-premier-league->eng-championship population,-0.2795676483373252,0.053417569702186064,0.07992968390934803,0.3341580813726045
eng-championship,2019-2020,huddersfield-town,population,eng-premier-league->eng-championship,3.0,recent_returner,defense,season,0.0031507343500197216,0.4001796285807372,eng-premier-league->eng-championship population,-0.1536488850095035,0.013507194542691645,0.02458612063129137,0.11437625113466793
eng-championship,2019-2020,luton-town,population,outside->eng-championship,,no_target_history,attack,entry,-0.0031507343500197216,0.4001796285807372,outside->eng-championship population,0.07399631017426339,0.06279039107838748,0.005951666478831721,0.18184754533529723
eng-championship,2019-2020,luton-town,population,outside->eng-championship,,no_target_history,attack,season,-0.0031507343500197216,0.4001796285807372,outside->eng-championship population,-0.09054331094222688,0.017035232749403623,0.0076374624434247945,0.07519402364685894
eng-championship,2019-2020,luton-town,population,outside->eng-championship,,no_target_history,defense,entry,0.0031507343500197216,0.4001796285807372,outside->eng-championship population,-0.32208893734365984,0.0535391777295347,0.10578084404341247,0.39482575044640267
eng-championship,2019-2020,luton-town,population,outside->eng-championship,,no_target_history,defense,season,0.0031507343500197216,0.4001796285807372,outside->eng-championship population,-0.3104248012391003,0.011716722589410027,0.0983296165200035,0.3244763194478211
eng-championship,2019-2020,barnsley,transition,outside->eng-championship,2.0,recent_returner,attack,entry,-0.05665069706630464,0.1799097697578311,transition entry prior,-0.5184608025661508,0.11739209972049813,0.21326857354177903,0.6816129313923568
eng-championship,2019-2020,barnsley,transition,outside->eng-championship,2.0,recent_returner,attack,season,-0.05665069706630464,0.1799097697578311,transition entry prior,-0.19258102662042637,0.018553526886171325,0.018477054492692133,-0.388372444442903
eng-championship,2019-2020,barnsley,transition,outside->eng-championship,2.0,recent_returner,defense,entry,-0.07137870258046215,0.10377652005602526,transition entry prior,-0.2682707365360257,0.056396078754737615,0.03876647303515879,-0.14276960964246432
eng-championship,2019-2020,barnsley,transition,outside->eng-championship,2.0,recent_returner,defense,season,-0.07137870258046215,0.10377652005602526,transition entry prior,-0.1375647229697843,0.01368075366863139,0.0043805892949757685,-0.8470360273011168
eng-championship,2019-2020,cardiff-city,transition,eng-premier-league->eng-championship,2.0,recent_returner,attack,entry,0.12442678649598575,0.16388714437671612,transition entry prior,-0.019128433652283453,0.0665817596818316,0.02060810123181804,-0.15600168022930566
eng-championship,2019-2020,cardiff-city,transition,eng-premier-league->eng-championship,2.0,recent_returner,attack,season,0.12442678649598575,0.16388714437671612,transition entry prior,0.11688202723310846,0.013845405326866803,5.692339233477263e-05,-0.6810717625439013
eng-championship,2019-2020,cardiff-city,transition,eng-premier-league->eng-championship,2.0,recent_returner,defense,entry,0.05155925015195893,0.1724032166247343,transition entry prior,0.041780012453226406,0.07667664989327594,9.563348996831143e-05,-0.20088917066605494
eng-championship,2019-2020,cardiff-city,transition,eng-premier-league->eng-championship,2.0,recent_returner,defense,season,0.05155925015195893,0.1724032166247343,transition entry prior,0.01863832061514478,0.01599739447482835,0.0010837876015678824,-0.6118159273069657
eng-championship,2019-2020,charlton-athletic,transition,outside->eng-championship,4.0,stale_history,attack,entry,-0.05665069706630464,0.1799097697578311,transition entry prior,0.0494595248586124,0.0716818105923502,0.011259379196955145,-0.15840055758971694
eng-championship,2019-2020,charlton-athletic,transition,outside->eng-championship,4.0,stale_history,attack,season,-0.05665069706630464,0.1799097697578311,transition entry prior,-0.1759332058864155,0.01822189094345498,0.014228316910419826,-0.4324424811372186
eng-championship,2019-2020,charlton-athletic,transition,outside->eng-championship,4.0,stale_history,defense,entry,-0.07137870258046215,0.10377652005602526,transition entry prior,0.2379878058447382,0.08898390150235903,0.09570763653519956,0.24613265275443846
eng-championship,2019-2020,charlton-athletic,transition,outside->eng-championship,4.0,stale_history,defense,season,-0.07137870258046215,0.10377652005602526,transition entry prior,-0.07995002723568675,0.014434556170491029,7.346760634526114e-05,-0.9199778721511906
eng-championship,2019-2020,fulham,transition,eng-premier-league->eng-championship,2.0,recent_returner,attack,entry,0.12442678649598575,0.16388714437671612,transition entry prior,0.34125031832650826,0.0535941591510922,0.0470124439554616,-0.048928780602783495
eng-championship,2019-2020,fulham,transition,eng-premier-league->eng-championship,2.0,recent_returner,attack,season,0.12442678649598575,0.16388714437671612,transition entry prior,0.05107241372355298,0.014612184351576275,0.005380864004837027,-0.6075649979776524
eng-championship,2019-2020,fulham,transition,eng-premier-league->eng-championship,2.0,recent_returner,defense,entry,0.05155925015195893,0.1724032166247343,transition entry prior,0.41436084877679524,0.10622070006270576,0.1316249999647368,0.405297143916134
eng-championship,2019-2020,fulham,transition,eng-premier-league->eng-championship,2.0,recent_returner,defense,season,0.05155925015195893,0.1724032166247343,transition entry prior,0.2032675961697317,0.01891529411415965,0.023015422251448273,-0.3561364788902275
eng-championship,2019-2020,huddersfield-town,transition,eng-premier-league->eng-championship,3.0,recent_returner,attack,entry,0.12442678649598575,0.16388714437671612,transition entry prior,-0.34704183050565984,0.09664598021163408,0.22228265681744439,0.7730951427355891
eng-championship,2019-2020,huddersfield-town,transition,eng-premier-league->eng-championship,3.0,recent_returner,attack,season,0.12442678649598575,0.16388714437671612,transition entry prior,-0.13498619618284033,0.017604672345665578,0.06729509558232491,0.11913960577817939
eng-championship,2019-2020,huddersfield-town,transition,eng-premier-league->eng-championship,3.0,recent_returner,defense,entry,0.05155925015195893,0.1724032166247343,transition entry prior,-0.2795676483373252,0.053417569702186064,0.1096450229031327,0.33472296463189716
eng-championship,2019-2020,huddersfield-town,transition,eng-premier-league->eng-championship,3.0,recent_returner,defense,season,0.05155925015195893,0.1724032166247343,transition entry prior,-0.1536488850095035,0.013507194542691645,0.04211037873644503,-0.16462132455189132
eng-championship,2019-2020,luton-town,transition,outside->eng-championship,,no_target_history,attack,entry,-0.05665069706630464,0.1799097697578311,transition entry prior,0.07399631017426339,0.06279039107838748,0.01706864050091704,-0.1674843446859542
eng-championship,2019-2020,luton-town,transition,outside->eng-championship,,no_target_history,attack,season,-0.05665069706630464,0.1799097697578311,transition entry prior,-0.09054331094222688,0.017035232749403623,0.0011487092753423567,-0.5733100169305868
eng-championship,2019-2020,luton-town,transition,outside->eng-championship,,no_target_history,defense,entry,-0.07137870258046215,0.10377652005602526,transition entry prior,-0.32208893734365984,0.0535391777295347,0.0628556218150177,0.03561068442629067
eng-championship,2019-2020,luton-town,transition,outside->eng-championship,,no_target_history,defense,season,-0.07137870258046215,0.10377652005602526,transition entry prior,-0.3104248012391003,0.011716722589410027,0.05714303728391538,0.2921333369889676
eng-championship,2019-2020,barnsley,source,outside->eng-championship,2.0,recent_returner,attack,entry,-0.054909606610260564,0.1799098595583699,source entry prior,-0.5184608025661508,0.11739209972049813,0.21487971127213615,0.6869919635593568
eng-championship,2019-2020,barnsley,source,outside->eng-championship,2.0,recent_returner,attack,season,-0.054909606610260564,0.1799098595583699,source entry prior,-0.19258102662042637,0.018553526886171325,0.01895341988761548,-0.3836947555501595
eng-championship,2019-2020,barnsley,source,outside->eng-championship,2.0,recent_returner,defense,entry,-0.07311979303650623,0.10377667573657967,source entry prior,-0.2682707365360257,0.056396078754737615,0.03808389074875263,-0.14785084050909042
eng-championship,2019-2020,barnsley,source,outside->eng-championship,2.0,recent_returner,defense,season,-0.07311979303650623,0.10377667573657967,source entry prior,-0.1375647229697843,0.01368075366863139,0.004153148994105121,-0.8516865488370372
eng-championship,2019-2020,cardiff-city,source,eng-premier-league->eng-championship,2.0,recent_returner,attack,entry,0.12054560900447095,0.16875893356255578,source entry prior,-0.019128433652283453,0.0665817596818316,0.01950883819208085,-0.15506609278459116
eng-championship,2019-2020,cardiff-city,source,eng-premier-league->eng-championship,2.0,recent_returner,attack,season,0.12054560900447095,0.16875893356255578,source entry prior,0.11688202723310846,0.013845405326866803,1.3421831395459497e-05,-0.6620917864489646
eng-championship,2019-2020,cardiff-city,source,eng-premier-league->eng-championship,2.0,recent_returner,defense,entry,0.04552822669418838,0.13201107297823006,source entry prior,0.041780012453226406,0.07667664989327594,1.4049109996150135e-05,-0.26266644967073494
eng-championship,2019-2020,cardiff-city,source,eng-premier-league->eng-championship,2.0,recent_returner,defense,season,0.04552822669418838,0.13201107297823006,source entry prior,0.01863832061514478,0.01599739447482835,0.0007230670489397859,-0.7694807671214727
eng-championship,2019-2020,charlton-athletic,source,outside->eng-championship,4.0,stale_history,attack,entry,-0.054909606610260564,0.1799098595583699,source entry prior,0.0494595248586124,0.0716818105923502,0.01089291560356689,-0.16016142737881223
eng-championship,2019-2020,charlton-athletic,source,outside->eng-championship,4.0,stale_history,attack,season,-0.054909606610260564,0.1799098595583699,source entry prior,-0.1759332058864155,0.01822189094345498,0.014646711581755331,-0.42830705460173524
eng-championship,2019-2020,charlton-athletic,source,outside->eng-championship,4.0,stale_history,defense,entry,-0.07311979303650623,0.10377667573657967,source entry prior,0.2379878058447382,0.08898390150235903,0.09678793808165326,0.2515475146778011
eng-championship,2019-2020,charlton-athletic,source,outside->eng-championship,4.0,stale_history,defense,season,-0.07311979303650623,0.10377667573657967,source entry prior,-0.07995002723568675,0.014434556170491029,4.665209921565521e-05,-0.9205091990242097
eng-championship,2019-2020,fulham,source,eng-premier-league->eng-championship,2.0,recent_returner,attack,entry,0.12122038451510542,0.16855053216264282,source entry prior,0.34125031832650826,0.0535941591510922,0.048413171773050316,-0.03636862154524684
eng-championship,2019-2020,fulham,source,eng-premier-league->eng-championship,2.0,recent_returner,attack,season,0.12122038451510542,0.16855053216264282,source entry prior,0.05107241372355298,0.014612184351576275,0.004920737806172494,-0.5969001715393535
eng-championship,2019-2020,fulham,source,eng-premier-league->eng-championship,2.0,recent_returner,defense,entry,-0.05088380109971091,0.134174393336239,source entry prior,0.41436084877679524,0.10622070006270576,0.2164525842387128,0.7473245412646995
eng-championship,2019-2020,fulham,source,eng-premier-league->eng-championship,2.0,recent_returner,defense,season,-0.05088380109971091,0.134174393336239,source entry prior,0.2032675961697317,0.01891529411415965,0.06459293273401003,0.14422613467989187
eng-championship,2019-2020,huddersfield-town,source,eng-premier-league->eng-championship,3.0,recent_returner,attack,entry,0.09679542115718914,0.19392303642198705,source entry prior,-0.34704183050565984,0.09664598021163408,0.19699150596363116,0.6485832007199733
eng-championship,2019-2020,huddersfield-town,source,eng-premier-league->eng-championship,3.0,recent_returner,attack,season,0.09679542115718914,0.19392303642198705,source entry prior,-0.13498619618284033,0.017604672345665578,0.05372271813675985,-0.042836174827506956
eng-championship,2019-2020,huddersfield-town,source,eng-premier-league->eng-championship,3.0,recent_returner,defense,entry,-0.005923296837208825,0.1315788320444856,source entry prior,-0.2795676483373252,0.053417569702186064,0.07488123110791926,0.12384118533247263
eng-championship,2019-2020,huddersfield-town,source,eng-premier-league->eng-championship,3.0,recent_returner,defense,season,-0.005923296837208825,0.1315788320444856,source entry prior,-0.1536488850095035,0.013507194542691645,0.021822849400850407,-0.46681918040227927
eng-championship,2019-2020,luton-town,source,outside->eng-championship,,no_target_history,attack,entry,-0.054909606610260564,0.1799098595583699,source entry prior,0.07399631017426339,0.06279039107838748,0.016616735382058614,-0.16985870546795484
eng-championship,2019-2020,luton-town,source,outside->eng-championship,,no_target_history,attack,season,-0.054909606610260564,0.1799098595583699,source entry prior,-0.09054331094222688,0.017035232749403623,0.0012697608844179952,-0.5720845479945931
eng-championship,2019-2020,luton-town,source,outside->eng-championship,,no_target_history,defense,entry,-0.07311979303650623,0.10377667573657967,source entry prior,-0.32208893734365984,0.0535391777295347,0.06198563481703628,0.028846551131840814
eng-championship,2019-2020,luton-town,source,outside->eng-championship,,no_target_history,defense,season,-0.07311979303650623,0.10377667573657967,source entry prior,-0.3104248012391003,0.011716722589410027,0.05631366691803325,0.2736905653641587
eng-championship,2019-2020,barnsley,memory,outside->eng-championship,2.0,recent_returner,attack,entry,-0.0871517936149713,0.17776887373879957,memory entry prior,-0.5184608025661508,0.11739209972049813,0.18602746120244865,0.5912923828983945
eng-championship,2019-2020,barnsley,memory,outside->eng-championship,2.0,recent_returner,attack,season,-0.0871517936149713,0.17776887373879957,memory entry prior,-0.19258102662042637,0.018553526886171325,0.011115323172118536,-0.46656795660739986
eng-championship,2019-2020,barnsley,memory,outside->eng-championship,2.0,recent_returner,defense,entry,-0.12443858787880824,0.10444981349175742,memory entry prior,-0.2682707365360257,0.056396078754737615,0.020687686987351895,-0.27663140036187617
eng-championship,2019-2020,barnsley,memory,outside->eng-championship,2.0,recent_returner,defense,season,-0.12443858787880824,0.10444981349175742,memory entry prior,-0.1375647229697843,0.01368075366863139,0.0001722954224265534,-0.9302553717423157
eng-championship,2019-2020,cardiff-city,memory,eng-premier-league->eng-championship,2.0,recent_returner,attack,entry,0.15759924905616704,0.17499849691386044,memory entry prior,-0.019128433652283453,0.0665817596818316,0.03123267383549875,-0.08587008613614905
eng-championship,2019-2020,cardiff-city,memory,eng-premier-league->eng-championship,2.0,recent_returner,attack,season,0.15759924905616704,0.17499849691386044,memory entry prior,0.11688202723310846,0.013845405326866803,0.0016578921529881577,-0.6188924426854366
eng-championship,2019-2020,cardiff-city,memory,eng-premier-league->eng-championship,2.0,recent_returner,defense,entry,0.05289506385384548,0.14916144102445142,memory entry prior,0.041780012453226406,0.07667664989327594,0.00012354436763840402,-0.23712971353285323
eng-championship,2019-2020,cardiff-city,memory,eng-premier-league->eng-championship,2.0,recent_returner,defense,season,0.05289506385384548,0.14916144102445142,memory entry prior,0.01863832061514478,0.01599739447482835,0.0011735244573222664,-0.6975711073929036
eng-championship,2019-2020,charlton-athletic,memory,outside->eng-championship,4.0,stale_history,attack,entry,-0.04640228223915657,0.1673369769691629,memory entry prior,0.0494595248586124,0.0716818105923502,0.009189486060049872,-0.1878458235763233
eng-championship,2019-2020,charlton-athletic,memory,outside->eng-championship,4.0,stale_history,attack,season,-0.04640228223915657,0.1673369769691629,memory entry prior,-0.1759332058864155,0.01822189094345498,0.016778260180912025,-0.43670397950985046
eng-championship,2019-2020,charlton-athletic,memory,outside->eng-championship,4.0,stale_history,defense,entry,-0.0819677917064563,0.09690172349810845,memory entry prior,0.2379878058447382,0.08898390150235903,0.10237158440434195,0.279767493911463
eng-championship,2019-2020,charlton-athletic,memory,outside->eng-championship,4.0,stale_history,defense,season,-0.0819677917064563,0.09690172349810845,memory entry prior,-0.07995002723568675,0.014434556170491029,4.071373459499881e-06,-0.9494964257759746
eng-championship,2019-2020,fulham,memory,eng-premier-league->eng-championship,2.0,recent_returner,attack,entry,0.2090124758717072,0.18762235645893327,memory entry prior,0.34125031832650826,0.0535941591510922,0.017486846977100783,-0.19330050083345868
eng-championship,2019-2020,fulham,memory,eng-premier-league->eng-championship,2.0,recent_returner,attack,season,0.2090124758717072,0.18762235645893327,memory entry prior,0.05107241372355298,0.014612184351576275,0.02494506323136282,-0.33040734958648954
eng-championship,2019-2020,fulham,memory,eng-premier-league->eng-championship,2.0,recent_returner,defense,entry,-0.046116194756809586,0.14353811717662712,memory entry prior,0.41436084877679524,0.10622070006270576,0.21203910762144942,0.7224194608024235
eng-championship,2019-2020,fulham,memory,eng-premier-league->eng-championship,2.0,recent_returner,defense,season,-0.046116194756809586,0.14353811717662712,memory entry prior,0.2032675961697317,0.01891529411415965,0.06219227517689285,0.09032091249755425
eng-championship,2019-2020,huddersfield-town,memory,eng-premier-league->eng-championship,3.0,recent_returner,attack,entry,0.05391784084430347,0.1956679056327069,memory entry prior,-0.34704183050565984,0.09664598021163408,0.1607686580490706,0.5131859823131082
eng-championship,2019-2020,huddersfield-town,memory,eng-premier-league->eng-championship,3.0,recent_returner,attack,season,0.05391784084430347,0.1956679056327069,memory entry prior,-0.13498619618284033,0.017604672345665578,0.03568473520515252,-0.20400363650797088
eng-championship,2019-2020,huddersfield-town,memory,eng-premier-league->eng-championship,3.0,recent_returner,defense,entry,-0.007994415914422692,0.13762947962402455,memory entry prior,-0.2795676483373252,0.053417569702186064,0.07375202056862384,0.11550651391011746
eng-championship,2019-2020,huddersfield-town,memory,eng-premier-league->eng-championship,3.0,recent_returner,defense,season,-0.007994415914422692,0.13762947962402455,memory entry prior,-0.1536488850095035,0.013507194542691645,0.02121522436736985,-0.46820287905669017
eng-championship,2019-2020,luton-town,memory,outside->eng-championship,,no_target_history,attack,entry,-0.015080400210601565,0.16256566488089166,memory entry prior,0.07399631017426339,0.06279039107838748,0.007934660332989106,-0.24492994659855044
eng-championship,2019-2020,luton-town,memory,outside->eng-championship,,no_target_history,attack,season,-0.015080400210601565,0.16256566488089166,memory entry prior,-0.09054331094222688,0.017035232749403623,0.00569465089608925,-0.5834743437006871
eng-championship,2019-2020,luton-town,memory,outside->eng-championship,,no_target_history,defense,entry,-0.047415444473255304,0.08928828586493359,memory entry prior,-0.32208893734365984,0.0535391777295347,0.07544552768562818,0.13793642744440554
eng-championship,2019-2020,luton-town,memory,outside->eng-championship,,no_target_history,defense,season,-0.047415444473255304,0.08928828586493359,memory entry prior,-0.3104248012391003,0.011716722589410027,0.06917392174638355,0.7117474211395542
eng-championship,2020-2021,bournemouth,current,eng-premier-league->eng-championship,6.0,stale_history,attack,entry,0.10734323551211657,0.17837418928193596,previous league state,0.06487385418483664,0.0773088711101225,0.001803648350321913,-0.1804224513266008
eng-championship,2020-2021,bournemouth,current,eng-premier-league->eng-championship,6.0,stale_history,attack,season,0.10734323551211657,0.17837418928193596,previous league state,0.3291328907808996,0.013153720259245591,0.049190651184245614,-0.08501501482503315
eng-championship,2020-2021,bournemouth,current,eng-premier-league->eng-championship,6.0,stale_history,defense,entry,0.10859889997929222,0.1784108246010276,previous league state,0.3426718064206456,0.10703576243711799,0.05479012552990257,0.12909297935062275
eng-championship,2020-2021,bournemouth,current,eng-premier-league->eng-championship,6.0,stale_history,defense,season,0.10859889997929222,0.1784108246010276,previous league state,0.10540942848609007,0.019842477944700884,1.017272840594912e-05,-0.5623739366313388
eng-championship,2020-2021,coventry-city,current,outside->eng-championship,9.0,stale_history,attack,entry,-0.033765763170479295,0.18503206538357914,previous league state,-0.06883595067717983,0.09034373663644558,0.0012299180517551344,-0.11752641665012523
eng-championship,2020-2021,coventry-city,current,outside->eng-championship,9.0,stale_history,attack,season,-0.033765763170479295,0.18503206538357914,previous league state,-0.04743015387617258,0.01877016220584234,0.0001867155733578371,-0.5479656232879216
eng-championship,2020-2021,coventry-city,current,outside->eng-championship,9.0,stale_history,defense,entry,-0.027689997091867705,0.18502980510854702,previous league state,-0.4524175393169375,0.0486675258227316,0.18039348512454845,0.7618718206626869
eng-championship,2020-2021,coventry-city,current,outside->eng-championship,9.0,stale_history,defense,season,-0.027689997091867705,0.18502980510854702,previous league state,-0.14877291034358756,0.01543380351153075,0.014661071881523515,-0.4346549532999451
eng-championship,2020-2021,norwich-city,current,eng-premier-league->eng-championship,2.0,recent_returner,attack,entry,0.16635863509294008,0.14544769612655484,previous league state,-0.02314117935072754,0.07678639018254545,0.03591017967418446,-0.059429540065814385
eng-championship,2020-2021,norwich-city,current,eng-premier-league->eng-championship,2.0,recent_returner,attack,season,0.16635863509294008,0.14544769612655484,previous league state,0.34805767271499316,0.012830859197191145,0.03301454027278026,-0.28625687177683456
eng-championship,2020-2021,norwich-city,current,eng-premier-league->eng-championship,2.0,recent_returner,defense,entry,0.09981479986201057,0.14643101008741008,previous league state,0.2745495287112182,0.10782194832258973,0.0305322254660061,0.014089539299147344
eng-championship,2020-2021,norwich-city,current,eng-premier-league->eng-championship,2.0,recent_returner,defense,season,0.09981479986201057,0.14643101008741008,previous league state,0.33554044937212535,0.024538447031461703,0.05556658183696547,-0.0165896510112159
eng-championship,2020-2021,rotherham-united,current,outside->eng-championship,2.0,recent_returner,attack,entry,-0.15865744520308395,0.14846247269611837,previous league state,-0.33513847179086625,0.10712213889722395,0.031145552745477527,0.016166051378527516
eng-championship,2020-2021,rotherham-united,current,outside->eng-championship,2.0,recent_returner,attack,season,-0.15865744520308395,0.14846247269611837,previous league state,-0.15115193636763263,0.02062718523233143,5.633266287903773e-05,-0.657550960237504
eng-championship,2020-2021,rotherham-united,current,outside->eng-championship,2.0,recent_returner,defense,entry,-0.1986881983371897,0.14640369832811023,previous league state,-0.06742472274951565,0.0838042062811458,0.0172301000233559,-0.12496335012661187
eng-championship,2020-2021,rotherham-united,current,outside->eng-championship,2.0,recent_returner,defense,season,-0.1986881983371897,0.14640369832811023,previous league state,-0.12885645051919187,0.015658016781602245,0.004876473003316445,-0.662502916214539
eng-championship,2020-2021,watford,current,eng-premier-league->eng-championship,6.0,stale_history,attack,entry,0.0881909313672509,0.17829331237823337,previous league state,-0.04567273480368675,0.0830173641618778,0.017919481120724237,-0.08527527093946548
eng-championship,2020-2021,watford,current,eng-premier-league->eng-championship,6.0,stale_history,attack,season,0.0881909313672509,0.17829331237823337,previous league state,0.17262719705970261,0.014989964780127126,0.007129482964086299,-0.5360228317191008
eng-championship,2020-2021,watford,current,eng-premier-league->eng-championship,6.0,stale_history,defense,entry,0.09001475807126619,0.1783280100847143,previous league state,0.39907501820504165,0.11906072964373986,0.09551824439395697,0.28981807150416616
eng-championship,2020-2021,watford,current,eng-premier-league->eng-championship,6.0,stale_history,defense,season,0.09001475807126619,0.1783280100847143,previous league state,0.5125675006266462,0.02859172043074868,0.1785508202410733,0.9937450046270733
eng-championship,2020-2021,wycombe-wanderers,current,outside->eng-championship,,no_target_history,attack,entry,-0.0028653679266521003,0.4001604258356459,league population,-0.48869109463104254,0.13353468414753308,0.23602663672784907,0.7081438239499933
eng-championship,2020-2021,wycombe-wanderers,current,outside->eng-championship,,no_target_history,attack,season,-0.0028653679266521003,0.4001604258356459,league population,-0.25851293576305406,0.022916237411272532,0.06535567894066775,0.2484497396045644
eng-championship,2020-2021,wycombe-wanderers,current,outside->eng-championship,,no_target_history,defense,entry,0.0028653679266521003,0.4001604258356459,league population,-0.381864305495427,0.05675969451818439,0.14801692161145963,0.49598041687766276
eng-championship,2020-2021,wycombe-wanderers,current,outside->eng-championship,,no_target_history,defense,season,0.0028653679266521003,0.4001604258356459,league population,-0.2616453026729589,0.013816243742942281,0.06996589486105591,0.24554479533306933
eng-championship,2020-2021,bournemouth,population,eng-premier-league->eng-championship,6.0,stale_history,attack,entry,-0.003326285752570958,0.4001731514002156,eng-premier-league->eng-championship population,0.06487385418483664,0.0773088711101225,0.00465125908748198,0.20982829577300965
eng-championship,2020-2021,bournemouth,population,eng-premier-league->eng-championship,6.0,stale_history,attack,season,-0.003326285752570958,0.4001731514002156,eng-premier-league->eng-championship population,0.3291328907808996,0.013153720259245591,0.1105291040613133,0.36146019554450537
eng-championship,2020-2021,bournemouth,population,eng-premier-league->eng-championship,6.0,stale_history,defense,entry,0.003326285752570958,0.4001731514002156,eng-premier-league->eng-championship population,0.3426718064206456,0.10703576243711799,0.11515538239748668,0.4745176345281096
eng-championship,2020-2021,bournemouth,population,eng-premier-league->eng-championship,6.0,stale_history,defense,season,0.003326285752570958,0.4001731514002156,eng-premier-league->eng-championship population,0.10540942848609007,0.019842477944700884,0.010420968030352034,0.09043680388668944
eng-championship,2020-2021,coventry-city,population,outside->eng-championship,9.0,stale_history,attack,entry,-0.003326285752570958,0.4001731514002156,outside->eng-championship population,-0.06883595067717983,0.09034373663644558,0.0042915161985345295,0.23532150522305487
eng-championship,2020-2021,coventry-city,population,outside->eng-championship,9.0,stale_history,attack,season,-0.003326285752570958,0.4001731514002156,outside->eng-championship population,-0.04743015387617258,0.01877016220584234,0.0019451511834640437,0.06393489636309871
eng-championship,2020-2021,coventry-city,population,outside->eng-championship,9.0,stale_history,defense,entry,0.003326285752570958,0.4001731514002156,outside->eng-championship population,-0.4524175393169375,0.0486675258227316,0.20770243408898673,0.6331211275609767
eng-championship,2020-2021,coventry-city,population,outside->eng-championship,9.0,stale_history,defense,season,0.003326285752570958,0.4001731514002156,outside->eng-championship population,-0.14877291034358756,0.01543380351153075,0.023134165453097683,0.11496865277768498
eng-championship,2020-2021,norwich-city,population,eng-premier-league->eng-championship,2.0,recent_returner,attack,entry,-0.003326285752570958,0.4001731514002156,eng-premier-league->eng-championship population,-0.02314117935072754,0.07678639018254545,0.00039263000830626663,0.199761183249342
eng-championship,2020-2021,norwich-city,population,eng-premier-league->eng-championship,2.0,recent_returner,attack,season,-0.003326285752570958,0.4001731514002156,eng-premier-league->eng-championship population,0.34805767271499316,0.012830859197191145,0.12347068626833481,0.3985330773693962
eng-championship,2020-2021,norwich-city,population,eng-premier-league->eng-championship,2.0,recent_returner,defense,entry,0.003326285752570958,0.4001731514002156,eng-premier-league->eng-championship population,0.2745495287112182,0.10782194832258973,0.0735620475210054,0.39774354060650796
eng-championship,2020-2021,norwich-city,population,eng-premier-league->eng-championship,2.0,recent_returner,defense,season,0.003326285752570958,0.4001731514002156,eng-premier-league->eng-championship population,0.33554044937212535,0.024538447031461703,0.11036625050944007,0.37317393594602677
eng-championship,2020-2021,rotherham-united,population,outside->eng-championship,2.0,recent_returner,attack,entry,-0.003326285752570958,0.4001731514002156,outside->eng-championship population,-0.33513847179086625,0.10712213889722395,0.11009932680351231,0.4651505733286593
eng-championship,2020-2021,rotherham-united,population,outside->eng-championship,2.0,recent_returner,attack,season,-0.003326285752570958,0.4001731514002156,outside->eng-championship population,-0.15115193636763263,0.02062718523233143,0.021852422979766282,0.12410589350965384
eng-championship,2020-2021,rotherham-united,population,outside->eng-championship,2.0,recent_returner,defense,entry,0.003326285752570958,0.4001731514002156,outside->eng-championship population,-0.06742472274951565,0.0838042062811458,0.005005705204062332,0.22378769178975016
eng-championship,2020-2021,rotherham-united,population,outside->eng-championship,2.0,recent_returner,defense,season,0.003326285752570958,0.4001731514002156,outside->eng-championship population,-0.12885645051919187,0.015658016781602245,0.017472275768290406,0.09941921208779772
eng-championship,2020-2021,watford,population,eng-premier-league->eng-championship,6.0,stale_history,attack,entry,-0.003326285752570958,0.4001731514002156,eng-premier-league->eng-championship population,-0.04567273480368675,0.0830173641618778,0.0017932217472387457,0.21559971655957882
eng-championship,2020-2021,watford,population,eng-premier-league->eng-championship,6.0,stale_history,attack,season,-0.003326285752570958,0.4001731514002156,eng-premier-league->eng-championship population,0.17262719705970261,0.014989964780127126,0.030959628113769053,0.13621210207902792
eng-championship,2020-2021,watford,population,eng-premier-league->eng-championship,6.0,stale_history,defense,entry,0.003326285752570958,0.4001731514002156,eng-premier-league->eng-championship population,0.39907501820504165,0.11906072964373986,0.15661705923773725,0.5614991899181304
eng-championship,2020-2021,watford,population,eng-premier-league->eng-championship,6.0,stale_history,defense,season,0.003326285752570958,0.4001731514002156,eng-premier-league->eng-championship population,0.5125675006266462,0.02859172043074868,0.25932661492642406,0.7722500540438224
eng-championship,2020-2021,wycombe-wanderers,population,outside->eng-championship,,no_target_history,attack,entry,-0.003326285752570958,0.4001731514002156,outside->eng-championship population,-0.48869109463104254,0.13353468414753308,0.23557899769763527,0.7073850896177412
eng-championship,2020-2021,wycombe-wanderers,population,outside->eng-championship,,no_target_history,attack,season,-0.003326285752570958,0.4001731514002156,outside->eng-championship population,-0.25851293576305406,0.022916237411272532,0.06512022634357281,0.24782450591674432
eng-championship,2020-2021,wycombe-wanderers,population,outside->eng-championship,,no_target_history,defense,entry,0.003326285752570958,0.4001731514002156,outside->eng-championship population,-0.381864305495427,0.05675969451818439,0.1483717915859822,0.4968059290547542
eng-championship,2020-2021,wycombe-wanderers,population,outside->eng-championship,,no_target_history,defense,season,0.003326285752570958,0.4001731514002156,outside->eng-championship population,-0.2616453026729589,0.013816243742942281,0.07020994267274837,0.24626376432479413
eng-championship,2020-2021,bournemouth,transition,eng-premier-league->eng-championship,6.0,stale_history,attack,entry,0.11363507074922762,0.1567960181975598,transition entry prior,0.06487385418483664,0.0773088711101225,0.0023776562408394366,-0.2113059344712299
eng-championship,2020-2021,bournemouth,transition,eng-premier-league->eng-championship,6.0,stale_history,attack,season,0.11363507074922762,0.1567960181975598,transition entry prior,0.3291328907808996,0.013153720259245591,0.046439310438402874,-0.10432171576602312
eng-championship,2020-2021,bournemouth,transition,eng-premier-league->eng-championship,6.0,stale_history,defense,entry,0.046125530893202024,0.16292592305516967,transition entry prior,0.3426718064206456,0.10703576243711799,0.08793969352919848,0.2415768554749938
eng-championship,2020-2021,bournemouth,transition,eng-premier-league->eng-championship,6.0,stale_history,defense,season,0.046125530893202024,0.16292592305516967,transition entry prior,0.10540942848609007,0.019842477944700884,0.0035145805138040373,-0.5785429029840264
eng-championship,2020-2021,coventry-city,transition,outside->eng-championship,9.0,stale_history,attack,entry,-0.06550440071552911,0.16720808641733914,transition entry prior,-0.06883595067717983,0.09034373663644558,1.1099225146974918e-05,-0.14827067054499515
eng-championship,2020-2021,coventry-city,transition,outside->eng-championship,9.0,stale_history,attack,season,-0.06550440071552911,0.16720808641733914,transition entry prior,-0.04743015387617258,0.01877016220584234,0.00032667839880998954,-0.6092642909324488
eng-championship,2020-2021,coventry-city,transition,outside->eng-championship,9.0,stale_history,defense,entry,-0.08510172552103802,0.09973131195362911,transition entry prior,-0.4524175393169375,0.0486675258227316,0.1349209070645439,0.6514765450343749
eng-championship,2020-2021,coventry-city,transition,outside->eng-championship,9.0,stale_history,defense,season,-0.08510172552103802,0.09973131195362911,transition entry prior,-0.14877291034358756,0.01543380351153075,0.004054019776707262,-0.8380896632917629
eng-championship,2020-2021,norwich-city,transition,eng-premier-league->eng-championship,2.0,recent_returner,attack,entry,0.11363507074922762,0.1567960181975598,transition entry prior,-0.02314117935072754,0.07678639018254545,0.01870774259140548,-0.13327040339606883
eng-championship,2020-2021,norwich-city,transition,eng-premier-league->eng-championship,2.0,recent_returner,attack,season,0.11363507074922762,0.1567960181975598,transition entry prior,0.34805767271499316,0.012830859197191145,0.054953956312399736,0.010475433980063786
eng-championship,2020-2021,norwich-city,transition,eng-premier-league->eng-championship,2.0,recent_returner,defense,entry,0.046125530893202024,0.16292592305516967,transition entry prior,0.2745495287112182,0.10782194832258973,0.05217752277916504,0.10950836164402644
eng-championship,2020-2021,norwich-city,transition,eng-premier-league->eng-championship,2.0,recent_returner,defense,season,0.046125530893202024,0.16292592305516967,transition entry prior,0.33554044937212535,0.024538447031461703,0.08376099503816183,0.25163683121555225
eng-championship,2020-2021,rotherham-united,transition,outside->eng-championship,2.0,recent_returner,attack,entry,-0.06550440071552911,0.16720808641733914,transition entry prior,-0.33513847179086625,0.10712213889722395,0.07270253228465996,0.18710482501404962
eng-championship,2020-2021,rotherham-united,transition,outside->eng-championship,2.0,recent_returner,attack,season,-0.06550440071552911,0.16720808641733914,transition entry prior,-0.15115193636763263,0.02062718523233143,0.007335500363278344,-0.5177839020766429
eng-championship,2020-2021,rotherham-united,transition,outside->eng-championship,2.0,recent_returner,defense,entry,-0.08510172552103802,0.09973131195362911,transition entry prior,-0.06742472274951565,0.0838042062811458,0.0003124764269844096,-0.26295385792607057
eng-championship,2020-2021,rotherham-united,transition,outside->eng-championship,2.0,recent_returner,defense,season,-0.08510172552103802,0.09973131195362911,transition entry prior,-0.12885645051919187,0.015658016781602245,0.001914475959664069,-0.8761721962209547
eng-championship,2020-2021,watford,transition,eng-premier-league->eng-championship,6.0,stale_history,attack,entry,0.11363507074922762,0.1567960181975598,transition entry prior,-0.04567273480368675,0.0830173641618778,0.025378976910085168,-0.07778836975187792
eng-championship,2020-2021,watford,transition,eng-premier-league->eng-championship,6.0,stale_history,attack,season,0.11363507074922762,0.1567960181975598,transition entry prior,0.17262719705970261,0.014989964780127126,0.0034800709666310365,-0.6518727616529965
eng-championship,2020-2021,watford,transition,eng-premier-league->eng-championship,6.0,stale_history,defense,entry,0.046125530893202024,0.16292592305516967,transition entry prior,0.39907501820504165,0.11906072964373986,0.12457334059369043,0.3832882973523581
eng-championship,2020-2021,watford,transition,eng-premier-league->eng-championship,6.0,stale_history,defense,season,0.046125530893202024,0.16292592305516967,transition entry prior,0.5125675006266462,0.02859172043074868,0.21756811112881527,1.4429601091904063
eng-championship,2020-2021,wycombe-wanderers,transition,outside->eng-championship,,no_target_history,attack,entry,-0.06550440071552911,0.16720808641733914,transition entry prior,-0.48869109463104254,0.13353468414753308,0.17908697790714245,0.5617645966281897
eng-championship,2020-2021,wycombe-wanderers,transition,outside->eng-championship,,no_target_history,attack,season,-0.06550440071552911,0.16720808641733914,transition entry prior,-0.25851293576305406,0.022916237411272532,0.03725229460119167,-0.20413794176082484
eng-championship,2020-2021,wycombe-wanderers,transition,outside->eng-championship,,no_target_history,defense,entry,-0.08510172552103802,0.09973131195362911,transition entry prior,-0.381864305495427,0.05675969451818439,0.08806802887305562,0.22532902111432845
eng-championship,2020-2021,wycombe-wanderers,transition,outside->eng-championship,,no_target_history,defense,season,-0.08510172552103802,0.09973131195362911,transition entry prior,-0.2616453026729589,0.013816243742942281,0.031167634633596238,-0.29506970293788004
eng-championship,2020-2021,bournemouth,source,eng-premier-league->eng-championship,6.0,stale_history,attack,entry,0.13251429005598836,0.15746749988522415,source entry prior,0.06487385418483664,0.0773088711101225,0.0045752285648393886,-0.19953427062413967
eng-championship,2020-2021,bournemouth,source,eng-premier-league->eng-championship,6.0,stale_history,attack,season,0.13251429005598836,0.15746749988522415,source entry prior,0.3291328907808996,0.013153720259245591,0.03865887415102206,-0.2074647084529404
eng-championship,2020-2021,bournemouth,source,eng-premier-league->eng-championship,6.0,stale_history,defense,entry,0.06844253396948557,0.13050635309922437,source entry prior,0.3426718064206456,0.10703576243711799,0.07520169386909255,0.17854171095464466
eng-championship,2020-2021,bournemouth,source,eng-premier-league->eng-championship,6.0,stale_history,defense,season,0.06844253396948557,0.13050635309922437,source entry prior,0.10540942848609007,0.019842477944700884,0.0013665512902017636,-0.7126507050129005
eng-championship,2020-2021,coventry-city,source,outside->eng-championship,9.0,stale_history,attack,entry,-0.06487041999996573,0.16720809933182132,source entry prior,-0.06883595067717983,0.09034373663644558,1.5725433551926113e-05,-0.14825109980379148
eng-championship,2020-2021,coventry-city,source,outside->eng-championship,9.0,stale_history,attack,season,-0.06487041999996573,0.16720809933182132,source entry prior,-0.04743015387617258,0.01877016220584234,0.000304162882468727,-0.6095051624158515
eng-championship,2020-2021,coventry-city,source,outside->eng-championship,9.0,stale_history,defense,entry,-0.0857357062366014,0.09973133360586309,source entry prior,-0.4524175393169375,0.0486675258227316,0.13445556671115547,0.6475069554325275
eng-championship,2020-2021,coventry-city,source,outside->eng-championship,9.0,stale_history,defense,season,-0.0857357062366014,0.09973133360586309,source entry prior,-0.14877291034358756,0.01543380351153075,0.003973689101625833,-0.8396721415302658
eng-championship,2020-2021,norwich-city,source,eng-premier-league->eng-championship,2.0,recent_returner,attack,entry,0.07558865268222151,0.16441292297832108,source entry prior,-0.02314117935072754,0.07678639018254545,0.009747579733254332,-0.16667390698514017
eng-championship,2020-2021,norwich-city,source,eng-premier-league->eng-championship,2.0,recent_returner,attack,season,0.07558865268222151,0.16441292297832108,source entry prior,0.34805767271499316,0.012830859197191145,0.07423936687761891,0.23897231339400482
eng-championship,2020-2021,norwich-city,source,eng-premier-league->eng-championship,2.0,recent_returner,defense,entry,-0.004605998253705411,0.12873225207201044,source entry prior,0.2745495287112182,0.10782194832258973,0.07792780823506418,0.19001754988261452
eng-championship,2020-2021,norwich-city,source,eng-premier-league->eng-championship,2.0,recent_returner,defense,season,-0.004605998253705411,0.12873225207201044,source entry prior,0.33554044937212535,0.024538447031461703,0.11569960583247202,0.7303722905433983
eng-championship,2020-2021,rotherham-united,source,outside->eng-championship,2.0,recent_returner,attack,entry,-0.06487041999996573,0.16720809933182132,source entry prior,-0.33513847179086625,0.10712213889722395,0.07304481981884889,0.18837180675359147
eng-championship,2020-2021,rotherham-united,source,outside->eng-championship,2.0,recent_returner,attack,season,-0.06487041999996573,0.16720809933182132,source entry prior,-0.15115193636763263,0.02062718523233143,0.007444500066703971,-0.5166621389391176
eng-championship,2020-2021,rotherham-united,source,outside->eng-championship,2.0,recent_returner,defense,entry,-0.0857357062366014,0.09973133360586309,source entry prior,-0.06742472274951565,0.0838042062811458,0.000335292116264327,-0.2628321520007757
eng-championship,2020-2021,rotherham-united,source,outside->eng-championship,2.0,recent_returner,defense,season,-0.0857357062366014,0.09973133360586309,source entry prior,-0.12885645051919187,0.015658016781602245,0.0018593985874845586,-0.877247665117149
eng-championship,2020-2021,watford,source,eng-premier-league->eng-championship,6.0,stale_history,attack,entry,0.11782607758895547,0.1563691598484339,source entry prior,-0.04567273480368675,0.0830173641618778,0.026731861653804416,-0.07196890859708747
eng-championship,2020-2021,watford,source,eng-premier-league->eng-championship,6.0,stale_history,attack,season,0.11782607758895547,0.1563691598484339,source entry prior,0.17262719705970261,0.014989964780127126,0.003003162695247102,-0.6594613132103709
eng-championship,2020-2021,watford,source,eng-premier-league->eng-championship,6.0,stale_history,defense,entry,0.07929960122342686,0.13123179539965985,source entry prior,0.39907501820504165,0.11906072964373986,0.10225631730576563,0.29758892706666323
eng-championship,2020-2021,watford,source,eng-premier-league->eng-championship,6.0,stale_history,defense,season,0.07929960122342686,0.13123179539965985,source entry prior,0.5125675006266462,0.02859172043074868,0.18772107265327825,1.426102941837513
eng-championship,2020-2021,wycombe-wanderers,source,outside->eng-championship,,no_target_history,attack,entry,-0.06487041999996573,0.16720809933182132,source entry prior,-0.48869109463104254,0.13353468414753308,0.17962396424474109,0.5634271612395518
eng-championship,2020-2021,wycombe-wanderers,source,outside->eng-championship,,no_target_history,attack,season,-0.06487041999996573,0.16720809933182132,source entry prior,-0.25851293576305406,0.022916237411272532,0.03749742391105791,-0.20172878699006414
eng-championship,2020-2021,wycombe-wanderers,source,outside->eng-championship,,no_target_history,defense,entry,-0.0857357062366014,0.09973133360586309,source entry prior,-0.381864305495427,0.05675969451818439,0.08769214729899413,0.2225115626488447
eng-championship,2020-2021,wycombe-wanderers,source,outside->eng-championship,,no_target_history,defense,season,-0.0857357062366014,0.09973133360586309,source entry prior,-0.2616453026729589,0.013816243742942281,0.03094418611840215,-0.2997714195901149
eng-championship,2020-2021,bournemouth,memory,eng-premier-league->eng-championship,6.0,stale_history,attack,entry,0.1492103665561161,0.16588299837057344,memory entry prior,0.06487385418483664,0.0773088711101225,0.007112647318950975,-0.17486204161444616
eng-championship,2020-2021,bournemouth,memory,eng-premier-league->eng-championship,6.0,stale_history,attack,season,0.1492103665561161,0.16588299837057344,memory entry prior,0.3291328907808996,0.013153720259245591,0.03237211472341779,-0.2842063330652794
eng-championship,2020-2021,bournemouth,memory,eng-premier-league->eng-championship,6.0,stale_history,defense,entry,0.06330196025311904,0.1351225236848003,memory entry prior,0.3426718064206456,0.10703576243711799,0.07804751094766747,0.1918496649026098
eng-championship,2020-2021,bournemouth,memory,eng-premier-league->eng-championship,6.0,stale_history,defense,season,0.06330196025311904,0.1351225236848003,memory entry prior,0.10540942848609007,0.019842477944700884,0.001773038880990664,-0.6915565518286522
eng-championship,2020-2021,coventry-city,memory,outside->eng-championship,9.0,stale_history,attack,entry,-0.03938582840006475,0.15321939400750356,memory entry prior,-0.06883595067717983,0.09034373663644558,0.0008673097021370301,-0.1638203256256417
eng-championship,2020-2021,coventry-city,memory,outside->eng-championship,9.0,stale_history,attack,season,-0.03938582840006475,0.15321939400750356,memory entry prior,-0.04743015387617258,0.01877016220584234,6.47111723655575e-05,-0.662414307860052
eng-championship,2020-2021,coventry-city,memory,outside->eng-championship,9.0,stale_history,defense,entry,-0.0643378489634979,0.0912980734557064,memory entry prior,-0.4524175393169375,0.0486675258227316,0.15060584606482155,0.807649185745599
eng-championship,2020-2021,coventry-city,memory,outside->eng-championship,9.0,stale_history,defense,season,-0.0643378489634979,0.0912980734557064,memory entry prior,-0.14877291034358756,0.01543380351153075,0.0071292795902595085,-0.8007757932882321
eng-championship,2020-2021,norwich-city,memory,eng-premier-league->eng-championship,2.0,recent_returner,attack,entry,0.1907239875532723,0.19543518312195954,memory entry prior,-0.02314117935072754,0.07678639018254545,0.04573830961487571,0.03634020721577763
eng-championship,2020-2021,norwich-city,memory,eng-premier-league->eng-championship,2.0,recent_returner,attack,season,0.1907239875532723,0.19543518312195954,memory entry prior,0.34805767271499316,0.012830859197191145,0.024753888486567503,-0.326211090901023
eng-championship,2020-2021,norwich-city,memory,eng-premier-league->eng-championship,2.0,recent_returner,defense,entry,-0.008892906376971974,0.13513876378630957,memory entry prior,0.2745495287112182,0.10782194832258973,0.0803396140087229,0.2021312886302535
eng-championship,2020-2021,norwich-city,memory,eng-premier-league->eng-championship,2.0,recent_returner,defense,season,-0.008892906376971974,0.13513876378630957,memory entry prior,0.33554044937212535,0.024538447031461703,0.11863433655258425,0.7292257902267905
eng-championship,2020-2021,rotherham-united,memory,outside->eng-championship,2.0,recent_returner,attack,entry,-0.07641940210633263,0.16434603447970553,memory entry prior,-0.33513847179086625,0.10712213889722395,0.06693555701843057,0.16398638799107468
eng-championship,2020-2021,rotherham-united,memory,outside->eng-championship,2.0,recent_returner,attack,season,-0.07641940210633263,0.16434603447970553,memory entry prior,-0.15115193636763263,0.02062718523233143,0.005584951677116378,-0.5445161417008032
eng-championship,2020-2021,rotherham-united,memory,outside->eng-championship,2.0,recent_returner,defense,entry,-0.15689171108606703,0.10878705062546896,memory entry prior,-0.06742472274951565,0.0838042062811458,0.00800434200201262,-0.21280294165785432
eng-championship,2020-2021,rotherham-united,memory,outside->eng-championship,2.0,recent_returner,defense,season,-0.15689171108606703,0.10878705062546896,memory entry prior,-0.12885645051919187,0.015658016781602245,0.0007859758350525855,-0.8636856593858211
eng-championship,2020-2021,watford,memory,eng-premier-league->eng-championship,6.0,stale_history,attack,entry,0.12728711445348967,0.1609562871206756,memory entry prior,-0.04567273480368675,0.0830173641618778,0.02991510945506519,-0.05229192377651659
eng-championship,2020-2021,watford,memory,eng-premier-league->eng-championship,6.0,stale_history,attack,season,0.12728711445348967,0.1609562871206756,memory entry prior,0.17262719705970261,0.014989964780127126,0.0020557230907382136,-0.6542790822663996
eng-championship,2020-2021,watford,memory,eng-premier-league->eng-championship,6.0,stale_history,defense,entry,0.0721759238717185,0.13599910834931608,memory entry prior,0.39907501820504165,0.11906072964373986,0.1068630178759469,0.3155114357129375
eng-championship,2020-2021,watford,memory,eng-premier-league->eng-championship,6.0,stale_history,defense,season,0.0721759238717185,0.13599910834931608,memory entry prior,0.5125675006266462,0.02859172043074868,0.19394474087669142,1.4504733321428542
eng-championship,2020-2021,wycombe-wanderers,memory,outside->eng-championship,,no_target_history,attack,entry,-0.025074162210333893,0.15043063944328253,memory entry prior,-0.48869109463104254,0.13353468414753308,0.21494066002718795,0.6787030794832276
eng-championship,2020-2021,wycombe-wanderers,memory,outside->eng-championship,,no_target_history,attack,season,-0.025074162210333893,0.15043063944328253,memory entry prior,-0.25851293576305406,0.022916237411272532,0.05449366099779816,-0.02735023418425786
eng-championship,2020-2021,wycombe-wanderers,memory,outside->eng-championship,,no_target_history,defense,entry,-0.061852477043692934,0.09112440028005724,memory entry prior,-0.381864305495427,0.05675969451818439,0.10240757034902205,0.33972513019958883
eng-championship,2020-2021,wycombe-wanderers,memory,outside->eng-championship,,no_target_history,defense,season,-0.061852477043692934,0.09112440028005724,memory entry prior,-0.2616453026729589,0.013816243742942281,0.03991717317292627,-0.08440928434478534
eng-championship,2021-2022,blackpool,current,outside->eng-championship,7.0,stale_history,attack,entry,-0.11061895041366607,0.18110454547399965,previous league state,-0.25019018516103947,0.0975591654336011,0.019480129568906414,-0.025078965322642102
eng-championship,2021-2022,blackpool,current,outside->eng-championship,7.0,stale_history,attack,season,-0.11061895041366607,0.18110454547399965,previous league state,-0.04145339819186396,0.017106279216052792,0.004783873614146835,-0.5319474760366465
eng-championship,2021-2022,blackpool,current,outside->eng-championship,7.0,stale_history,defense,entry,-0.11315096335173488,0.18107916058363258,previous league state,-0.02437428205416398,0.07155314689888403,0.007881299142210476,-0.17333187134273553
eng-championship,2021-2022,blackpool,current,outside->eng-championship,7.0,stale_history,defense,season,-0.11315096335173488,0.18107916058363258,previous league state,-0.02642024745708761,0.016052525570833955,0.007522217079598021,-0.5136365581941459
eng-championship,2021-2022,fulham,current,eng-premier-league->eng-championship,2.0,recent_returner,attack,entry,0.09827110239125846,0.14379319131335364,previous league state,0.5026973125253428,0.04444977310798902,0.16356055944341852,0.8089438394329549
eng-championship,2021-2022,fulham,current,eng-premier-league->eng-championship,2.0,recent_returner,attack,season,0.09827110239125846,0.14379319131335364,previous league state,0.6104395224270811,0.009342925041723982,0.26231649048199085,3.535098069052377
eng-championship,2021-2022,fulham,current,eng-premier-league->eng-championship,2.0,recent_returner,defense,entry,0.1066295063109217,0.1449778837239348,previous league state,0.2432706215275232,0.09762506888164939,0.018670794367636565,-0.06819251581245836
eng-championship,2021-2022,fulham,current,eng-premier-league->eng-championship,2.0,recent_returner,defense,season,0.1066295063109217,0.1449778837239348,previous league state,0.22355119112355284,0.020961462458162005,0.01367068037942426,-0.5035183236027341
eng-championship,2021-2022,hull-city,current,outside->eng-championship,2.0,recent_returner,attack,entry,-0.11040566710427774,0.142812324242325,previous league state,-0.5332300461095887,0.13274518286036324,0.17878045548122684,0.5644526003638941
eng-championship,2021-2022,hull-city,current,outside->eng-championship,2.0,recent_returner,attack,season,-0.11040566710427774,0.142812324242325,previous league state,-0.30689769678687695,0.021781725376873902,0.03860911772878745,-0.2062980355703009
eng-championship,2021-2022,hull-city,current,outside->eng-championship,2.0,recent_returner,defense,entry,-0.2160285674064702,0.14220499350050753,previous league state,-0.11071222524711552,0.06293548296034636,0.011091531925826266,-0.25787973210787607
eng-championship,2021-2022,hull-city,current,outside->eng-championship,2.0,recent_returner,defense,season,-0.2160285674064702,0.14220499350050753,previous league state,0.05167554344698269,0.017093998017620026,0.07166549096783781,0.23502031742371465
eng-championship,2021-2022,peterborough-united,current,outside->eng-championship,9.0,stale_history,attack,entry,-0.007184116473123807,0.1847582779236483,previous league state,-0.18733877779445668,0.0893867630061299,0.03245570199580415,0.004647879574434743
eng-championship,2021-2022,peterborough-united,current,outside->eng-championship,9.0,stale_history,attack,season,-0.007184116473123807,0.1847582779236483,previous league state,-0.23881179581144804,0.020935713884449026,0.053651381835657555,-0.04351637810366066
eng-championship,2021-2022,peterborough-united,current,outside->eng-championship,9.0,stale_history,defense,entry,-0.010202698986459363,0.18475657134056137,previous league state,-0.485878610064173,0.04874690858028155,0.22626757237961292,1.0387691649893576
eng-championship,2021-2022,peterborough-united,current,outside->eng-championship,9.0,stale_history,defense,season,-0.010202698986459363,0.18475657134056137,previous league state,-0.4160206749964463,0.011154777780982627,0.16468822965284233,1.1897629994651275
eng-championship,2021-2022,sheffield-united,current,eng-premier-league->eng-championship,3.0,recent_returner,attack,entry,0.13288652405170162,0.15858898225499213,previous league state,0.02921102412659555,0.07157791887966611,0.01074860928472067,-0.19342488076261513
eng-championship,2021-2022,sheffield-united,current,eng-premier-league->eng-championship,3.0,recent_returner,attack,season,0.13288652405170162,0.15858898225499213,previous league state,0.09889260274917942,0.014900107331483265,0.0011555866855220726,-0.6754410269130603
eng-championship,2021-2022,sheffield-united,current,eng-premier-league->eng-championship,3.0,recent_returner,defense,entry,0.136406172297836,0.15902733256473758,previous league state,-0.20293443665101074,0.06758096703152486,0.11515204888177415,0.35062402753886895
eng-championship,2021-2022,sheffield-united,current,eng-premier-league->eng-championship,3.0,recent_returner,defense,season,0.136406172297836,0.15902733256473758,previous league state,0.211041312108159,0.020098201171004925,0.00557040409450646,-0.5659519750261301
eng-championship,2021-2022,west-bromwich-albion,current,eng-premier-league->eng-championship,2.0,recent_returner,attack,entry,0.16183045222000586,0.14188539908762757,previous league state,0.5090397035984509,0.04880200759432498,0.1205542642427802,0.4560565377165051
eng-championship,2021-2022,west-bromwich-albion,current,eng-premier-league->eng-championship,2.0,recent_returner,attack,season,0.16183045222000586,0.14188539908762757,previous league state,-0.08683230911269392,0.01767606601986367,0.061833168873603205,0.09905117826022958
eng-championship,2021-2022,west-bromwich-albion,current,eng-premier-league->eng-championship,2.0,recent_returner,defense,entry,0.12720773216080294,0.14401334986118022,previous league state,0.3530506698943618,0.10691698733321353,0.05100503252412414,0.08950772855115506
eng-championship,2021-2022,west-bromwich-albion,current,eng-premier-league->eng-championship,2.0,recent_returner,defense,season,0.12720773216080294,0.14401334986118022,previous league state,0.2186564735990556,0.020086529953753242,0.008362872310640389,-0.5778549767334061
eng-championship,2021-2022,blackpool,population,outside->eng-championship,7.0,stale_history,attack,entry,0.0030558926902000084,0.40017416619438356,outside->eng-championship population,-0.25019018516103947,0.0975591654336011,0.06413357594703605,0.3653913755604947
eng-championship,2021-2022,blackpool,population,outside->eng-championship,7.0,stale_history,attack,season,0.0030558926902000084,0.40017416619438356,outside->eng-championship population,-0.04145339819186396,0.017106279216052792,0.0019810769748241823,0.05941769117419577
eng-championship,2021-2022,blackpool,population,outside->eng-championship,7.0,stale_history,defense,entry,-0.0030558926902000084,0.40017416619438356,outside->eng-championship population,-0.02437428205416398,0.07155314689888403,0.00045447372507357214,0.18874721556963098
eng-championship,2021-2022,blackpool,population,outside->eng-championship,7.0,stale_history,defense,season,-0.0030558926902000084,0.40017416619438356,outside->eng-championship population,-0.02642024745708761,0.016052525570833955,0.0005458930736729834,0.052396876678659034
eng-championship,2021-2022,fulham,population,eng-premier-league->eng-championship,2.0,recent_returner,attack,entry,0.0030558926902000084,0.40017416619438356,eng-premier-league->eng-championship population,0.5026973125253428,0.04444977310798902,0.2496415484148774,0.73566737617082
eng-championship,2021-2022,fulham,population,eng-premier-league->eng-championship,2.0,recent_returner,attack,season,0.0030558926902000084,0.40017416619438356,eng-premier-league->eng-championship population,0.6104395224270811,0.009342925041723982,0.36891487367234865,1.1197932991825035
eng-championship,2021-2022,fulham,population,eng-premier-league->eng-championship,2.0,recent_returner,defense,entry,-0.0030558926902000084,0.40017416619438356,eng-premier-league->eng-championship population,0.2432706215275232,0.09762506888164939,0.0606767516066542,0.35878201936452825
eng-championship,2021-2022,fulham,population,eng-premier-league->eng-championship,2.0,recent_returner,defense,season,-0.0030558926902000084,0.40017416619438356,eng-premier-league->eng-championship population,0.22355119112355284,0.020961462458162005,0.051350770434573215,0.20636183800586178
eng-championship,2021-2022,hull-city,population,outside->eng-championship,2.0,recent_returner,attack,entry,0.0030558926902000084,0.40017416619438356,outside->eng-championship population,-0.5332300461095887,0.13274518286036324,0.2876026081543707,0.7959330400037345
eng-championship,2021-2022,hull-city,population,outside->eng-championship,2.0,recent_returner,attack,season,0.0030558926902000084,0.40017416619438356,outside->eng-championship population,-0.30689769678687695,0.021781725376873902,0.09607122762972435,0.3308938298224645
eng-championship,2021-2022,hull-city,population,outside->eng-championship,2.0,recent_returner,defense,entry,-0.0030558926902000084,0.40017416619438356,outside->eng-championship population,-0.11071222524711552,0.06293548296034636,0.011589885939605186,0.19479214039419782
eng-championship,2021-2022,hull-city,population,outside->eng-championship,2.0,recent_returner,defense,season,-0.0030558926902000084,0.40017416619438356,outside->eng-championship population,0.05167554344698269,0.017093998017620026,0.002995530101638508,0.062245346231911636
eng-championship,2021-2022,peterborough-united,population,outside->eng-championship,9.0,stale_history,attack,entry,0.0030558926902000084,0.40017416619438356,outside->eng-championship population,-0.18733877779445668,0.0893867630061299,0.036250130548961,0.29748065182196276
eng-championship,2021-2022,peterborough-united,population,outside->eng-championship,9.0,stale_history,attack,season,0.0030558926902000084,0.40017416619438356,outside->eng-championship population,-0.23881179581144804,0.020935713884449026,0.058499978741130255,0.22605190974384592
eng-championship,2021-2022,peterborough-united,population,outside->eng-championship,9.0,stale_history,defense,entry,-0.0030558926902000084,0.40017416619438356,outside->eng-championship population,-0.485878610064173,0.04874690858028155,0.23311777641238737,0.693957537162444
eng-championship,2021-2022,peterborough-united,population,outside->eng-championship,9.0,stale_history,defense,season,-0.0030558926902000084,0.40017416619438356,outside->eng-championship population,-0.4160206749964463,0.011154777780982627,0.17053991142524538,0.5345504318352767
eng-championship,2021-2022,sheffield-united,population,eng-premier-league->eng-championship,3.0,recent_returner,attack,entry,0.0030558926902000084,0.40017416619438356,eng-premier-league->eng-championship population,0.02921102412659555,0.07157791887966611,0.0006840909004551262,0.18929603499049222
eng-championship,2021-2022,sheffield-united,population,eng-premier-league->eng-championship,3.0,recent_returner,attack,season,0.0030558926902000084,0.40017416619438356,eng-premier-league->eng-championship population,0.09889260274917942,0.014900107331483265,0.009184674994928886,0.07380265228086974
eng-championship,2021-2022,sheffield-united,population,eng-premier-league->eng-championship,3.0,recent_returner,defense,entry,-0.0030558926902000084,0.40017416619438356,eng-premier-league->eng-championship population,-0.20293443665101074,0.06758096703152486,0.039951432335893745,0.2668404109508856
eng-championship,2021-2022,sheffield-united,population,eng-premier-league->eng-championship,3.0,recent_returner,defense,season,-0.0030558926902000084,0.40017416619438356,eng-premier-league->eng-championship population,0.211041312108159,0.020098201171004925,0.045837613102470476,0.1893576638000222
eng-championship,2021-2022,west-bromwich-albion,population,eng-premier-league->eng-championship,2.0,recent_returner,attack,entry,0.0030558926902000084,0.40017416619438356,eng-premier-league->eng-championship population,0.5090397035984509,0.04880200759432498,0.25601961690123654,0.7487467251264426
eng-championship,2021-2022,west-bromwich-albion,population,eng-premier-league->eng-championship,2.0,recent_returner,attack,season,0.0030558926902000084,0.40017416619438356,eng-premier-league->eng-championship population,-0.08683230911269392,0.01767606601986367,0.008079888823357783,0.07815381835584374
eng-championship,2021-2022,west-bromwich-albion,population,eng-premier-league->eng-championship,2.0,recent_returner,defense,entry,-0.0030558926902000084,0.40017416619438356,eng-premier-league->eng-championship population,0.3530506698943618,0.10691698733321353,0.12681188391579243,0.49621606647655825
eng-championship,2021-2022,west-bromwich-albion,population,eng-premier-league->eng-championship,2.0,recent_returner,defense,season,-0.0030558926902000084,0.40017416619438356,eng-premier-league->eng-championship population,0.2186564735990556,0.020086529953753242,0.04915637336558105,0.19854074388351559
eng-championship,2021-2022,blackpool,transition,outside->eng-championship,7.0,stale_history,attack,entry,-0.06876288722522485,0.1577674514805227,transition entry prior,-0.25019018516103947,0.0975591654336011,0.03291586443629085,0.0033168181672676156
eng-championship,2021-2022,blackpool,transition,outside->eng-championship,7.0,stale_history,attack,season,-0.06876288722522485,0.1577674514805227,transition entry prior,-0.04145339819186396,0.017106279216052792,0.0007458081912632587,-0.6572624874818133
eng-championship,2021-2022,blackpool,transition,outside->eng-championship,7.0,stale_history,defense,entry,-0.09900157741387282,0.09031361984256572,transition entry prior,-0.02437428205416398,0.07155314689888403,0.005569233212705221,-0.31080900633950487
eng-championship,2021-2022,blackpool,transition,outside->eng-championship,7.0,stale_history,defense,season,-0.09900157741387282,0.09031361984256572,transition entry prior,-0.02642024745708761,0.016052525570833955,0.0052680494582957255,-0.8327721209008098
eng-championship,2021-2022,fulham,transition,eng-premier-league->eng-championship,2.0,recent_returner,attack,entry,0.13487676776223978,0.1530392939701952,transition entry prior,0.5026973125253428,0.04444977310798902,0.13529195314982587,0.5705513322231501
eng-championship,2021-2022,fulham,transition,eng-premier-league->eng-championship,2.0,recent_returner,attack,season,0.13487676776223978,0.1530392939701952,transition entry prior,0.6104395224270811,0.009342925041723982,0.22615993362441206,2.6610785534949053
eng-championship,2021-2022,fulham,transition,eng-premier-league->eng-championship,2.0,recent_returner,defense,entry,0.06622537725999667,0.1739385847154983,transition entry prior,0.2432706215275232,0.09762506888164939,0.03134501851774814,0.013162545928720945
eng-championship,2021-2022,fulham,transition,eng-premier-league->eng-championship,2.0,recent_returner,defense,season,0.06622537725999667,0.1739385847154983,transition entry prior,0.22355119112355284,0.020961462458162005,0.024751411707830327,-0.3252751486987144
eng-championship,2021-2022,hull-city,transition,outside->eng-championship,2.0,recent_returner,attack,entry,-0.06876288722522485,0.1577674514805227,transition entry prior,-0.5332300461095887,0.13274518286036324,0.2157297416821129,0.6794709379379082
eng-championship,2021-2022,hull-city,transition,outside->eng-championship,2.0,recent_returner,attack,season,-0.06876288722522485,0.1577674514805227,transition entry prior,-0.30689769678687695,0.021781725376873902,0.05670818752496432,-0.005849284462213888
eng-championship,2021-2022,hull-city,transition,outside->eng-championship,2.0,recent_returner,defense,entry,-0.09900157741387282,0.09031361984256572,transition entry prior,-0.11071222524711552,0.06293548296034636,0.00013713927267423198,-0.4019869492422697
eng-championship,2021-2022,hull-city,transition,outside->eng-championship,2.0,recent_returner,defense,season,-0.09900157741387282,0.09031361984256572,transition entry prior,0.05167554344698269,0.017093998017620026,0.022703594750916854,-0.47094880040899795
eng-championship,2021-2022,peterborough-united,transition,outside->eng-championship,9.0,stale_history,attack,entry,-0.06876288722522485,0.1577674514805227,transition entry prior,-0.18733877779445668,0.0893867630061299,0.014060241824286442,-0.10410692174947603
eng-championship,2021-2022,peterborough-united,transition,outside->eng-championship,9.0,stale_history,attack,season,-0.06876288722522485,0.1577674514805227,transition entry prior,-0.23881179581144804,0.020935713884449026,0.02891663131136569,-0.30700752009037263
eng-championship,2021-2022,peterborough-united,transition,outside->eng-championship,9.0,stale_history,defense,entry,-0.09900157741387282,0.09031361984256572,transition entry prior,-0.485878610064173,0.04874690858028155,0.14967383839230142,0.8008948546013169
eng-championship,2021-2022,peterborough-united,transition,outside->eng-championship,9.0,stale_history,defense,season,-0.09900157741387282,0.09031361984256572,transition entry prior,-0.4160206749964463,0.011154777780982627,0.10050110823206923,1.5475352112875602
eng-championship,2021-2022,sheffield-united,transition,eng-premier-league->eng-championship,3.0,recent_returner,attack,entry,0.13487676776223978,0.1530392939701952,transition entry prior,0.02921102412659555,0.07157791887966611,0.01116524937807369,-0.19924109302181603
eng-championship,2021-2022,sheffield-united,transition,eng-premier-league->eng-championship,3.0,recent_returner,attack,season,0.13487676776223978,0.1530392939701952,transition entry prior,0.09889260274917942,0.014900107331483265,0.0012948601316871572,-0.6950434915917063
eng-championship,2021-2022,sheffield-united,transition,eng-premier-league->eng-championship,3.0,recent_returner,defense,entry,0.06622537725999667,0.1739385847154983,transition entry prior,-0.20293443665101074,0.06758096703152486,0.07244700542460814,0.12695384069549814
eng-championship,2021-2022,sheffield-united,transition,eng-premier-league->eng-championship,3.0,recent_returner,defense,season,0.06622537725999667,0.1739385847154983,transition entry prior,0.211041312108159,0.020098201171004925,0.020971654985947195,-0.3671646463322208
eng-championship,2021-2022,west-bromwich-albion,transition,eng-premier-league->eng-championship,2.0,recent_returner,attack,entry,0.13487676776223978,0.1530392939701952,transition entry prior,0.5090397035984509,0.04880200759432498,0.1399979025535726,0.5741457669293735
eng-championship,2021-2022,west-bromwich-albion,transition,eng-premier-league->eng-championship,2.0,recent_returner,attack,season,0.13487676776223978,0.1530392939701952,transition entry prior,-0.08683230911269392,0.01767606601986367,0.04915491476873526,-0.07893644546439826
eng-championship,2021-2022,west-bromwich-albion,transition,eng-premier-league->eng-championship,2.0,recent_returner,defense,entry,0.06622537725999667,0.1739385847154983,transition entry prior,0.3530506698943618,0.10691698733321353,0.08226874849478918,0.22555256590931588
eng-championship,2021-2022,west-bromwich-albion,transition,eng-premier-league->eng-championship,2.0,recent_returner,defense,season,0.06622537725999667,0.1739385847154983,transition entry prior,0.2186564735990556,0.020086529953753242,0.023235239131127468,-0.3447498348828574
eng-championship,2021-2022,blackpool,source,outside->eng-championship,7.0,stale_history,attack,entry,-0.06890635157477644,0.15776718651751423,source entry prior,-0.25019018516103947,0.0975591654336011,0.03286382831973191,0.0031040889053737253
eng-championship,2021-2022,blackpool,source,outside->eng-championship,7.0,stale_history,attack,season,-0.06890635157477644,0.15776718651751423,source entry prior,-0.04145339819186396,0.017106279216052792,0.0007536646494443658,-0.657169928708655
eng-championship,2021-2022,blackpool,source,outside->eng-championship,7.0,stale_history,defense,entry,-0.09885811306432123,0.09031315698202849,source entry prior,-0.02437428205416398,0.07155314689888403,0.005547841081949663,-0.31094368202952577
eng-championship,2021-2022,blackpool,source,outside->eng-championship,7.0,stale_history,defense,season,-0.09885811306432123,0.09031315698202849,source entry prior,-0.02642024745708761,0.016052525570833955,0.005247244373731638,-0.8332031693421033
eng-championship,2021-2022,fulham,source,eng-premier-league->eng-championship,2.0,recent_returner,attack,entry,0.10844970531933895,0.1602858222595367,source entry prior,0.5026973125253428,0.04444977310798902,0.15543117578765947,0.698302762828088
eng-championship,2021-2022,fulham,source,eng-premier-league->eng-championship,2.0,recent_returner,attack,season,0.10844970531933895,0.1602858222595367,source entry prior,0.6104395224270811,0.009342925041723982,0.25199377647986443,2.8395963058438194
eng-championship,2021-2022,fulham,source,eng-premier-league->eng-championship,2.0,recent_returner,defense,entry,0.20240223382721323,0.15897463327635572,source entry prior,0.2432706215275232,0.09762506888164939,0.0016702251132228482,-0.12246655509901008
eng-championship,2021-2022,fulham,source,eng-premier-league->eng-championship,2.0,recent_returner,defense,season,0.20240223382721323,0.15897463327635572,source entry prior,0.22355119112355284,0.020961462458162005,0.00044727839472239665,-0.6132400154286182
eng-championship,2021-2022,hull-city,source,outside->eng-championship,2.0,recent_returner,attack,entry,-0.06890635157477644,0.15776718651751423,source entry prior,-0.5332300461095887,0.13274518286036324,0.21559649330645764,0.679048389011925
eng-championship,2021-2022,hull-city,source,outside->eng-championship,2.0,recent_returner,attack,season,-0.06890635157477644,0.15776718651751423,source entry prior,-0.30689769678687695,0.021781725376873902,0.056639880395865205,-0.006580867033196491
eng-championship,2021-2022,hull-city,source,outside->eng-championship,2.0,recent_returner,defense,entry,-0.09885811306432123,0.09031315698202849,source entry prior,-0.11071222524711552,0.06293548296034636,0.00014051997564227208,-0.40196375913902516
eng-championship,2021-2022,hull-city,source,outside->eng-championship,2.0,recent_returner,defense,season,-0.09885811306432123,0.09031315698202849,source entry prior,0.05167554344698269,0.017093998017620026,0.02266038174266323,-0.4718046547912587
eng-championship,2021-2022,peterborough-united,source,outside->eng-championship,9.0,stale_history,attack,entry,-0.06890635157477644,0.15776718651751423,source entry prior,-0.18733877779445668,0.0893867630061299,0.014026239580280004,-0.1042560133801275
eng-championship,2021-2022,peterborough-united,source,outside->eng-championship,9.0,stale_history,attack,season,-0.06890635157477644,0.15776718651751423,source entry prior,-0.23881179581144804,0.020935713884449026,0.028867859981260718,-0.30753999038970853
eng-championship,2021-2022,peterborough-united,source,outside->eng-championship,9.0,stale_history,defense,entry,-0.09885811306432123,0.09031315698202849,source entry prior,-0.485878610064173,0.04874690858028155,0.14978486509801225,0.8018716245045833
eng-championship,2021-2022,peterborough-united,source,outside->eng-championship,9.0,stale_history,defense,season,-0.09885811306432123,0.09031315698202849,source entry prior,-0.4160206749964463,0.011154777780982627,0.10059209069134906,1.5498999982448798
eng-championship,2021-2022,sheffield-united,source,eng-premier-league->eng-championship,3.0,recent_returner,attack,entry,0.08044588691647406,0.17705684184749348,source entry prior,0.02921102412659555,0.07157791887966611,0.0026250111650976773,-0.20517708752075836
eng-championship,2021-2022,sheffield-united,source,eng-premier-league->eng-championship,3.0,recent_returner,attack,season,0.08044588691647406,0.17705684184749348,source entry prior,0.09889260274917942,0.014900107331483265,0.0003402813250125828,-0.6142378927774625
eng-championship,2021-2022,sheffield-united,source,eng-premier-league->eng-championship,3.0,recent_returner,defense,entry,0.11154418229984805,0.14588771128442926,source entry prior,-0.20293443665101074,0.06758096703152486,0.09889680177723946,0.2650646438180869
eng-championship,2021-2022,sheffield-united,source,eng-premier-league->eng-championship,3.0,recent_returner,defense,season,0.11154418229984805,0.14588771128442926,source entry prior,0.211041312108159,0.020098201171004925,0.009899678840091877,-0.553908041104022
eng-championship,2021-2022,west-bromwich-albion,source,eng-premier-league->eng-championship,2.0,recent_returner,attack,entry,0.1371093473304436,0.15438214541018228,source entry prior,0.5090397035984509,0.04880200759432498,0.1383321899136468,0.560020986333472
eng-championship,2021-2022,west-bromwich-albion,source,eng-premier-league->eng-championship,2.0,recent_returner,attack,season,0.1371093473304436,0.15438214541018228,source entry prior,-0.08683230911269392,0.01767606601986367,0.050149865490496236,-0.06790201882438385
eng-championship,2021-2022,west-bromwich-albion,source,eng-premier-league->eng-championship,2.0,recent_returner,defense,entry,0.00014029163934810296,0.14384415118480298,source entry prior,0.3530506698943618,0.10691698733321353,0.12454573508009685,0.37754371968728895
eng-championship,2021-2022,west-bromwich-albion,source,eng-premier-league->eng-championship,2.0,recent_returner,defense,season,0.00014029163934810296,0.14384415118480298,source entry prior,0.2186564735990556,0.020086529953753242,0.047749321778248005,-0.0953880973932405
eng-championship,2021-2022,blackpool,memory,outside->eng-championship,7.0,stale_history,attack,entry,-0.06638072466867112,0.15211204781312287,memory entry prior,-0.25019018516103947,0.0975591654336011,0.03378591776649552,0.0016649606610808498
eng-championship,2021-2022,blackpool,memory,outside->eng-championship,7.0,stale_history,attack,season,-0.06638072466867112,0.15211204781312287,memory entry prior,-0.04145339819186396,0.017106279216052792,0.0006213716052813314,-0.6797342573405136
eng-championship,2021-2022,blackpool,memory,outside->eng-championship,7.0,stale_history,defense,entry,-0.09258356202793422,0.08841803794272048,memory entry prior,-0.02437428205416398,0.07155314689888403,0.004652505874540174,-0.3185645893536827
eng-championship,2021-2022,blackpool,memory,outside->eng-championship,7.0,stale_history,defense,season,-0.09258356202793422,0.08841803794272048,memory entry prior,-0.02642024745708761,0.016052525570833955,0.004377584195000803,-0.8569268227542226
eng-championship,2021-2022,fulham,memory,eng-premier-league->eng-championship,2.0,recent_returner,attack,entry,0.08064751081647697,0.1592904869633631,memory entry prior,0.5026973125253428,0.04444977310798902,0.17812603512249295,0.86359419924927
eng-championship,2021-2022,fulham,memory,eng-premier-league->eng-championship,2.0,recent_returner,attack,season,0.08064751081647697,0.1592904869633631,memory entry prior,0.6104395224270811,0.009342925041723982,0.28067957556641043,3.2811323252763165
eng-championship,2021-2022,fulham,memory,eng-premier-league->eng-championship,2.0,recent_returner,defense,entry,0.20203139021276895,0.16518396746962039,memory entry prior,0.2432706215275232,0.09762506888164939,0.0017006741994318089,-0.11433156298996099
eng-championship,2021-2022,fulham,memory,eng-premier-league->eng-championship,2.0,recent_returner,defense,season,0.20203139021276895,0.16518396746962039,memory entry prior,0.22355119112355284,0.020961462458162005,0.0004631018312397755,-0.5919708904259645
eng-championship,2021-2022,hull-city,memory,outside->eng-championship,2.0,recent_returner,attack,entry,-0.04769699561281231,0.1562930719803402,memory entry prior,-0.5332300461095887,0.13274518286036324,0.23574234312470518,0.7436803344982432
eng-championship,2021-2022,hull-city,memory,outside->eng-championship,2.0,recent_returner,attack,season,-0.04769699561281231,0.1562930719803402,memory entry prior,-0.30689769678687695,0.021781725376873902,0.06718500348912675,0.10861576935279171
eng-championship,2021-2022,hull-city,memory,outside->eng-championship,2.0,recent_returner,defense,entry,-0.17316017454331528,0.10623163597813588,memory entry prior,-0.11071222524711552,0.06293548296034636,0.003899746371300736,-0.3551466384588698
eng-championship,2021-2022,hull-city,memory,outside->eng-championship,2.0,recent_returner,defense,season,-0.17316017454331528,0.10623163597813588,memory entry prior,0.05167554344698269,0.017093998017620026,0.0505511000842128,0.028526159722524258
eng-championship,2021-2022,peterborough-united,memory,outside->eng-championship,9.0,stale_history,attack,entry,-0.029306367650187428,0.14588794249579468,memory entry prior,-0.18733877779445668,0.0893867630061299,0.024974242656006534,-0.06883047940294594
eng-championship,2021-2022,peterborough-united,memory,outside->eng-championship,9.0,stale_history,attack,season,-0.029306367650187428,0.14588794249579468,memory entry prior,-0.23881179581144804,0.020935713884449026,0.04389252442903313,-0.14368436560271725
eng-championship,2021-2022,peterborough-united,memory,outside->eng-championship,9.0,stale_history,defense,entry,-0.08262111056858709,0.08607375349798892,memory entry prior,-0.485878610064173,0.04874690858028155,0.16261661089943244,0.9270350066617215
eng-championship,2021-2022,peterborough-united,memory,outside->eng-championship,9.0,stale_history,defense,season,-0.08262111056858709,0.08607375349798892,memory entry prior,-0.4160206749964463,0.011154777780982627,0.11115526956068626,1.9195837722408218
eng-championship,2021-2022,sheffield-united,memory,eng-premier-league->eng-championship,3.0,recent_returner,attack,entry,0.07572582669924766,0.17108849363254075,memory entry prior,0.02921102412659555,0.07157791887966611,0.002163626858372803,-0.2173989411999922
eng-championship,2021-2022,sheffield-united,memory,eng-premier-league->eng-championship,3.0,recent_returner,attack,season,0.07572582669924766,0.17108849363254075,memory entry prior,0.09889260274917942,0.014900107331483265,0.0005366995125476921,-0.6348253772203438
eng-championship,2021-2022,sheffield-united,memory,eng-premier-league->eng-championship,3.0,recent_returner,defense,entry,0.1166171726163075,0.15214282286870795,memory entry prior,-0.20293443665101074,0.06758096703152486,0.10211323098533283,0.2817373789737827
eng-championship,2021-2022,sheffield-united,memory,eng-premier-league->eng-championship,3.0,recent_returner,defense,season,0.1166171726163075,0.15214282286870795,memory entry prior,0.211041312108159,0.020098201171004925,0.00891591811877663,-0.5484063095340084
eng-championship,2021-2022,west-bromwich-albion,memory,eng-premier-league->eng-championship,2.0,recent_returner,attack,entry,0.20014469539333501,0.15525389275184828,memory entry prior,0.5090397035984509,0.04880200759432498,0.09541612609403859,0.26402456578065253
eng-championship,2021-2022,west-bromwich-albion,memory,eng-premier-league->eng-championship,2.0,recent_returner,attack,season,0.20014469539333501,0.15525389275184828,memory entry prior,-0.08683230911269392,0.01767606601986367,0.08235580111525334,0.31686047534926765
eng-championship,2021-2022,west-bromwich-albion,memory,eng-premier-league->eng-championship,2.0,recent_returner,defense,entry,0.00502396730664427,0.15382658199749596,memory entry prior,0.3530506698943618,0.10691698733321353,0.12112258571407958,0.3648407127843658
eng-championship,2021-2022,west-bromwich-albion,memory,eng-premier-league->eng-championship,2.0,recent_returner,defense,season,0.00502396730664427,0.15382658199749596,memory entry prior,0.2186564735990556,0.020086529953753242,0.04563884774477716,-0.12410604767052258
eng-championship,2022-2023,burnley,current,eng-premier-league->eng-championship,7.0,stale_history,attack,entry,0.09216371425504409,0.18127226264809418,previous league state,0.32331415237845973,0.056571690452628234,0.053430525044646994,0.010520166424127952
eng-championship,2022-2023,burnley,current,eng-premier-league->eng-championship,7.0,stale_history,attack,season,0.09216371425504409,0.18127226264809418,previous league state,0.4375524279004039,0.011173087554995192,0.11929336351359633,0.712126450346934
eng-championship,2022-2023,burnley,current,eng-premier-league->eng-championship,7.0,stale_history,defense,entry,0.09381417144941807,0.18129463373520818,previous league state,0.08626822982284597,0.09020167826265732,5.6941235031633596e-05,-0.12833346512557275
eng-championship,2022-2023,burnley,current,eng-premier-league->eng-championship,7.0,stale_history,defense,season,0.09381417144941807,0.18129463373520818,previous league state,0.4088862237124743,0.025037634870112797,0.09927039811725404,0.35164372490291396
eng-championship,2022-2023,norwich-city,current,eng-premier-league->eng-championship,2.0,recent_returner,attack,entry,0.2214335253886011,0.14444849909056065,previous league state,0.2577351704910444,0.05972907549744748,0.0013178094371437453,-0.3320486867836731
eng-championship,2022-2023,norwich-city,current,eng-premier-league->eng-championship,2.0,recent_returner,attack,season,0.2214335253886011,0.14444849909056065,previous league state,0.03688483751655185,0.01633486117086252,0.03405821819529506,-0.2690127145449549
eng-championship,2022-2023,norwich-city,current,eng-premier-league->eng-championship,2.0,recent_returner,defense,entry,0.20839162370260297,0.1465007496928646,previous league state,0.1804846849928284,0.09822715037075903,0.000778797228151114,-0.1392347567719829
eng-championship,2022-2023,norwich-city,current,eng-premier-league->eng-championship,2.0,recent_returner,defense,season,0.20839162370260297,0.1465007496928646,previous league state,0.019544026785592614,0.017130942079477143,0.03566341486132962,-0.246358121925647
eng-championship,2022-2023,rotherham-united,current,outside->eng-championship,2.0,recent_returner,attack,entry,-0.1353883318316114,0.145853375101089,previous league state,-0.10391582220196749,0.07631306653433317,0.000990518862388028,-0.2394955912076873
eng-championship,2022-2023,rotherham-united,current,outside->eng-championship,2.0,recent_returner,attack,season,-0.1353883318316114,0.145853375101089,previous league state,-0.1045759225328746,0.01868312214449718,0.0009494045667928819,-0.6791650348794395
eng-championship,2022-2023,rotherham-united,current,outside->eng-championship,2.0,recent_returner,defense,entry,-0.11340964698726087,0.14431307357681555,previous league state,0.33151735741282357,0.10716370786211038,0.19796003924443276,0.6643788440659035
eng-championship,2022-2023,rotherham-united,current,outside->eng-championship,2.0,recent_returner,defense,season,-0.11340964698726087,0.14431307357681555,previous league state,-0.07673528398779061,0.015590478207421503,0.001345008901416913,-0.7189579038390511
eng-championship,2022-2023,sunderland,current,outside->eng-championship,5.0,stale_history,attack,entry,-0.0829316558717843,0.17508925598572866,previous league state,0.29499052236596807,0.059862282708601756,0.14282517280396748,0.5067660018628246
eng-championship,2022-2023,sunderland,current,outside->eng-championship,5.0,stale_history,attack,season,-0.0829316558717843,0.17508925598572866,previous league state,0.20959165655939704,0.013954012027559293,0.08556988831571054,0.3231258852076132
eng-championship,2022-2023,sunderland,current,outside->eng-championship,5.0,stale_history,defense,entry,-0.09019751001472912,0.17485140814962422,previous league state,0.1287123518393542,0.08244898312295675,0.04792152761697384,0.040853016860153496
eng-championship,2022-2023,sunderland,current,outside->eng-championship,5.0,stale_history,defense,season,-0.09019751001472912,0.17485140814962422,previous league state,-0.006239970517334311,0.01686470750239599,0.0070488684384566085,-0.5309342090613725
eng-championship,2022-2023,watford,current,eng-premier-league->eng-championship,2.0,recent_returner,attack,entry,0.16549757848798566,0.1464716466703511,previous league state,-0.041115135667769226,0.08304878648970268,0.04268881365080768,-0.0060851481564634935
eng-championship,2022-2023,watford,current,eng-premier-league->eng-championship,2.0,recent_returner,attack,season,0.16549757848798566,0.1464716466703511,previous league state,0.019015783897956027,0.016593131932820297,0.021456916146315636,-0.4335484760861919
eng-championship,2022-2023,watford,current,eng-premier-league->eng-championship,2.0,recent_returner,defense,entry,0.22268235088312285,0.1484870691699452,previous league state,0.13824149687587312,0.08238425642275932,0.007130257825473664,-0.17652978325354407
eng-championship,2022-2023,watford,current,eng-premier-league->eng-championship,2.0,recent_returner,defense,season,0.22268235088312285,0.1484870691699452,previous league state,0.03830404708961089,0.017416338795315622,0.033995358909772594,-0.26652981219883
eng-championship,2022-2023,wigan-athletic,current,outside->eng-championship,3.0,recent_returner,attack,entry,0.021182054402656823,0.1577471797849632,previous league state,-0.047235229534307505,0.08300659702804321,0.004680924741311198,-0.17268655631817706
eng-championship,2022-2023,wigan-athletic,current,outside->eng-championship,3.0,recent_returner,attack,season,0.021182054402656823,0.1577471797849632,previous league state,-0.34193582279136164,0.023322055699325387,0.13185459273789027,0.7704145188300873
eng-championship,2022-2023,wigan-athletic,current,outside->eng-championship,3.0,recent_returner,defense,entry,0.02691416216628279,0.15751022907721685,previous league state,0.05595142122789081,0.08294658505667325,0.0008431624138109371,-0.19109176770041267
eng-championship,2022-2023,wigan-athletic,current,outside->eng-championship,3.0,recent_returner,defense,season,0.02691416216628279,0.15751022907721685,previous league state,-0.14679019369904245,0.014504935552402306,0.030173203246587548,-0.31540126612192454
eng-championship,2022-2023,burnley,population,eng-premier-league->eng-championship,7.0,stale_history,attack,entry,0.0021610817860303333,0.4001733162448635,eng-premier-league->eng-championship population,0.32331415237845973,0.056571690452628234,0.10313929475094592,0.3923075363105053
eng-championship,2022-2023,burnley,population,eng-premier-league->eng-championship,7.0,stale_history,attack,season,0.0021610817860303333,0.4001733162448635,eng-premier-league->eng-championship population,0.4375524279004039,0.011173087554995192,0.18956562427128626,0.5900801578802277
eng-championship,2022-2023,burnley,population,eng-premier-league->eng-championship,7.0,stale_history,defense,entry,-0.0021610817860303333,0.4001733162448635,eng-premier-league->eng-championship population,0.08626822982284597,0.09020167826265732,0.007819743151619747,0.24208983522452304
eng-championship,2022-2023,burnley,population,eng-premier-league->eng-championship,7.0,stale_history,defense,season,-0.0021610817860303333,0.4001733162448635,eng-premier-league->eng-championship population,0.4088862237124743,0.025037634870112797,0.16895988735758102,0.5319286550709663
eng-championship,2022-2023,norwich-city,population,eng-premier-league->eng-championship,2.0,recent_returner,attack,entry,0.0021610817860303333,0.4001733162448635,eng-premier-league->eng-championship population,0.2577351704910444,0.05972907549744748,0.06531811481739841,0.3101135754444271
eng-championship,2022-2023,norwich-city,population,eng-premier-league->eng-championship,2.0,recent_returner,attack,season,0.0021610817860303333,0.4001733162448635,eng-premier-league->eng-championship population,0.03688483751655185,0.01633486117086252,0.0012057392120329257,0.055062584566400716
eng-championship,2022-2023,norwich-city,population,eng-premier-league->eng-championship,2.0,recent_returner,defense,entry,-0.0021610817860303333,0.4001733162448635,eng-premier-league->eng-championship population,0.1804846849928284,0.09822715037075903,0.03335947612223726,0.306807769535988
eng-championship,2022-2023,norwich-city,population,eng-premier-league->eng-championship,2.0,recent_returner,defense,season,-0.0021610817860303333,0.4001733162448635,eng-premier-league->eng-championship population,0.019544026785592614,0.017130942079477143,0.00047111173810593994,0.055225633288349146
eng-championship,2022-2023,rotherham-united,population,outside->eng-championship,2.0,recent_returner,attack,entry,0.0021610817860303333,0.4001733162448635,outside->eng-championship population,-0.10391582220196749,0.07631306653433317,0.011252309559678908,0.22172707031426675
eng-championship,2022-2023,rotherham-united,population,outside->eng-championship,2.0,recent_returner,attack,season,0.0021610817860303333,0.4001733162448635,outside->eng-championship population,-0.1045759225328746,0.01868312214449718,0.011392788090973929,0.09011094008956241
eng-championship,2022-2023,rotherham-united,population,outside->eng-championship,2.0,recent_returner,defense,entry,-0.0021610817860303333,0.4001733162448635,outside->eng-championship population,0.33151735741282357,0.10716370786211038,0.11134130078618322,0.4675196117122712
eng-championship,2022-2023,rotherham-united,population,outside->eng-championship,2.0,recent_returner,defense,season,-0.0021610817860303333,0.4001733162448635,outside->eng-championship population,-0.07673528398779061,0.015590478207421503,0.005561311634029028,0.06535640123766091
eng-championship,2022-2023,sunderland,population,outside->eng-championship,5.0,stale_history,attack,entry,0.0021610817860303333,0.4001733162448635,outside->eng-championship population,0.29499052236596807,0.059862282708601756,0.0857490812703593,0.35676028188217157
eng-championship,2022-2023,sunderland,population,outside->eng-championship,5.0,stale_history,attack,season,0.0021610817860303333,0.4001733162448635,outside->eng-championship population,0.20959165655939704,0.013954012027559293,0.043027443350809276,0.16843108330733653
eng-championship,2022-2023,sunderland,population,outside->eng-championship,5.0,stale_history,defense,entry,-0.0021610817860303333,0.4001733162448635,outside->eng-championship population,0.1287123518393542,0.08244898312295675,0.01712785562889793,0.24604487527715405
eng-championship,2022-2023,sunderland,population,outside->eng-championship,5.0,stale_history,defense,season,-0.0021610817860303333,0.4001733162448635,outside->eng-championship population,-0.006239970517334311,0.01686470750239599,1.6637333282358573e-05,0.053192334912735895
eng-championship,2022-2023,watford,population,eng-premier-league->eng-championship,2.0,recent_returner,attack,entry,0.0021610817860303333,0.4001733162448635,eng-premier-league->eng-championship population,-0.041115135667769226,0.08304878648970268,0.0018728309971085455,0.21582779749703368
eng-championship,2022-2023,watford,population,eng-premier-league->eng-championship,2.0,recent_returner,attack,season,0.0021610817860303333,0.4001733162448635,eng-premier-league->eng-championship population,0.019015783897956027,0.016593131932820297,0.00028408098328175244,0.05318130705191659
eng-championship,2022-2023,watford,population,eng-premier-league->eng-championship,2.0,recent_returner,defense,entry,-0.0021610817860303333,0.4001733162448635,eng-premier-league->eng-championship population,0.13824149687587312,0.08238425642275932,0.019712884094911984,0.2512503218703767
eng-championship,2022-2023,watford,population,eng-premier-league->eng-championship,2.0,recent_returner,defense,season,-0.0021610817860303333,0.4001733162448635,eng-premier-league->eng-championship population,0.03830404708961089,0.017416338795315622,0.0016374266549222531,0.059312205334132194
eng-championship,2022-2023,wigan-athletic,population,outside->eng-championship,3.0,recent_returner,attack,entry,0.0021610817860303333,0.4001733162448635,outside->eng-championship population,-0.047235229534307505,0.08300659702804321,0.002439995572055736,0.21690802344614465
eng-championship,2022-2023,wigan-athletic,population,outside->eng-championship,3.0,recent_returner,attack,season,0.0021610817860303333,0.4001733162448635,outside->eng-championship population,-0.34193582279136164,0.023322055699325387,0.11840267973974278,0.3937533851651284
eng-championship,2022-2023,wigan-athletic,population,outside->eng-championship,3.0,recent_returner,defense,entry,-0.0021610817860303333,0.4001733162448635,outside->eng-championship population,0.05595142122789081,0.08294658505667325,0.003377063006542994,0.21871328524739447
eng-championship,2022-2023,wigan-athletic,population,outside->eng-championship,3.0,recent_returner,defense,season,-0.0021610817860303333,0.4001733162448635,outside->eng-championship population,-0.14679019369904245,0.014504935552402306,0.020917580012746583,0.10632108089629869
eng-championship,2022-2023,burnley,transition,eng-premier-league->eng-championship,7.0,stale_history,attack,entry,0.14068826171980628,0.17645725650037572,transition entry prior,0.32331415237845973,0.056571690452628234,0.03335221593886645,-0.10779741226287626
eng-championship,2022-2023,burnley,transition,eng-premier-league->eng-championship,7.0,stale_history,attack,season,0.14068826171980628,0.17645725650037572,transition entry prior,0.4375524279004039,0.011173087554995192,0.08812833316210149,0.37902927262954944
eng-championship,2022-2023,burnley,transition,eng-premier-league->eng-championship,7.0,stale_history,defense,entry,0.07972297452423846,0.16737083728487695,transition entry prior,0.08626822982284597,0.09020167826265732,4.284036692394973e-05,-0.14850678149175126
eng-championship,2022-2023,burnley,transition,eng-premier-league->eng-championship,7.0,stale_history,defense,season,0.07972297452423846,0.16737083728487695,transition entry prior,0.4088862237124743,0.025037634870112797,0.10834844461615661,0.4718638662624519
eng-championship,2022-2023,norwich-city,transition,eng-premier-league->eng-championship,2.0,recent_returner,attack,entry,0.14068826171980628,0.17645725650037572,transition entry prior,0.2577351704910444,0.05972907549744748,0.013699978852902537,-0.20485942668045953
eng-championship,2022-2023,norwich-city,transition,eng-premier-league->eng-championship,2.0,recent_returner,attack,season,0.14068826171980628,0.17645725650037572,transition entry prior,0.03688483751655185,0.01633486117086252,0.010775150876320787,-0.491379334789961
eng-championship,2022-2023,norwich-city,transition,eng-premier-league->eng-championship,2.0,recent_returner,defense,entry,0.07972297452423846,0.16737083728487695,transition entry prior,0.1804846849928284,0.09822715037075903,0.01015292229655595,-0.07563336193296008
eng-championship,2022-2023,norwich-city,transition,eng-premier-league->eng-championship,2.0,recent_returner,defense,season,0.07972297452423846,0.16737083728487695,transition entry prior,0.019544026785592614,0.017130942079477143,0.0036215057509306685,-0.5899004359222088
eng-championship,2022-2023,rotherham-united,transition,outside->eng-championship,2.0,recent_returner,attack,entry,-0.07999786776037159,0.15331609211923328,transition entry prior,-0.10391582220196749,0.07631306653433317,0.0005720685446702573,-0.23039484864262663
eng-championship,2022-2023,rotherham-united,transition,outside->eng-championship,2.0,recent_returner,attack,season,-0.07999786776037159,0.15331609211923328,transition entry prior,-0.1045759225328746,0.01868312214449718,0.0006040807764001579,-0.6567007511162458
eng-championship,2022-2023,rotherham-united,transition,outside->eng-championship,2.0,recent_returner,defense,entry,-0.10136067026528901,0.10648002078711863,transition entry prior,0.33151735741282357,0.10716370786211038,0.18738338684649278,0.6431603997792437
eng-championship,2022-2023,rotherham-united,transition,outside->eng-championship,2.0,recent_returner,defense,season,-0.10136067026528901,0.10648002078711863,transition entry prior,-0.07673528398779061,0.015590478207421503,0.0006064096493160064,-0.8770873675714476
eng-championship,2022-2023,sunderland,transition,outside->eng-championship,5.0,stale_history,attack,entry,-0.07999786776037159,0.15331609211923328,transition entry prior,0.29499052236596807,0.059862282708601756,0.14061629272954393,0.520039649219457
eng-championship,2022-2023,sunderland,transition,outside->eng-championship,5.0,stale_history,attack,season,-0.07999786776037159,0.15331609211923328,transition entry prior,0.20959165655939704,0.013954012027559293,0.08386209259574988,0.3960556651278271
eng-championship,2022-2023,sunderland,transition,outside->eng-championship,5.0,stale_history,defense,entry,-0.10136067026528901,0.10648002078711863,transition entry prior,0.1287123518393542,0.08244898312295675,0.05293359550036364,0.017775103289812744
eng-championship,2022-2023,sunderland,transition,outside->eng-championship,5.0,stale_history,defense,season,-0.10136067026528901,0.10648002078711863,transition entry prior,-0.006239970517334311,0.01686470750239599,0.009047947520540549,-0.704820976122992
eng-championship,2022-2023,watford,transition,eng-premier-league->eng-championship,2.0,recent_returner,attack,entry,0.14068826171980628,0.17645725650037572,transition entry prior,-0.041115135667769226,0.08304878648970268,0.0330524753016647,-0.021294056284715784
eng-championship,2022-2023,watford,transition,eng-premier-league->eng-championship,2.0,recent_returner,attack,season,0.14068826171980628,0.17645725650037572,transition entry prior,0.019015783897956027,0.016593131932820297,0.014804191859308643,-0.44707423488798737
eng-championship,2022-2023,watford,transition,eng-premier-league->eng-championship,2.0,recent_returner,defense,entry,0.07972297452423846,0.16737083728487695,transition entry prior,0.13824149687587312,0.08238425642275932,0.003424417458218765,-0.16738695507557583
eng-championship,2022-2023,watford,transition,eng-premier-league->eng-championship,2.0,recent_returner,defense,season,0.07972297452423846,0.16737083728487695,transition entry prior,0.03830404708961089,0.017416338795315622,0.0017155275498349444,-0.6079787999771092
eng-championship,2022-2023,wigan-athletic,transition,outside->eng-championship,3.0,recent_returner,attack,entry,-0.07999786776037159,0.15331609211923328,transition entry prior,-0.047235229534307505,0.08300659702804321,0.0010733904635319552,-0.195769497774034
eng-championship,2022-2023,wigan-athletic,transition,outside->eng-championship,3.0,recent_returner,attack,season,-0.07999786776037159,0.15331609211923328,transition entry prior,-0.34193582279136164,0.023322055699325387,0.06861149228581696,0.1208926097896511
eng-championship,2022-2023,wigan-athletic,transition,outside->eng-championship,3.0,recent_returner,defense,entry,-0.10136067026528901,0.10648002078711863,transition entry prior,0.05595142122789081,0.08294658505667325,0.02474709412995858,-0.1305441100531786
eng-championship,2022-2023,wigan-athletic,transition,outside->eng-championship,3.0,recent_returner,defense,season,-0.10136067026528901,0.10648002078711863,transition entry prior,-0.14679019369904245,0.014504935552402306,0.0020638415994179526,-0.8689900804987327
eng-championship,2022-2023,burnley,source,eng-premier-league->eng-championship,7.0,stale_history,attack,entry,0.13986102568180625,0.1799271187727942,source entry prior,0.32331415237845973,0.056571690452628234,0.033655049694778394,-0.10173817523489365
eng-championship,2022-2023,burnley,source,eng-premier-league->eng-championship,7.0,stale_history,attack,season,0.13986102568180625,0.1799271187727942,source entry prior,0.4375524279004039,0.011173087554995192,0.08862017095487487,0.3695062785099581
eng-championship,2022-2023,burnley,source,eng-premier-league->eng-championship,7.0,stale_history,defense,entry,0.21839305615321436,0.15316408290193767,source entry prior,0.08626822982284597,0.09020167826265732,0.017456969732830004,-0.0915352395556531
eng-championship,2022-2023,burnley,source,eng-premier-league->eng-championship,7.0,stale_history,defense,season,0.21839305615321436,0.15316408290193767,source entry prior,0.4088862237124743,0.025037634870112797,0.03628764688676028,-0.2200658764708197
eng-championship,2022-2023,norwich-city,source,eng-premier-league->eng-championship,2.0,recent_returner,attack,entry,0.13357624485572978,0.19102197965319934,source entry prior,0.2577351704910444,0.05972907549744748,0.015415438814915583,-0.1715219858497145
eng-championship,2022-2023,norwich-city,source,eng-premier-league->eng-championship,2.0,recent_returner,attack,season,0.13357624485572978,0.19102197965319934,source entry prior,0.03688483751655185,0.01633486117086252,0.009349228253230831,-0.46296014706126015
eng-championship,2022-2023,norwich-city,source,eng-premier-league->eng-championship,2.0,recent_returner,defense,entry,-0.024810966955492703,0.1403868476058932,source entry prior,0.1804846849928284,0.09822715037075903,0.0421463047088862,0.028813853097399866
eng-championship,2022-2023,norwich-city,source,eng-premier-league->eng-championship,2.0,recent_returner,defense,season,-0.024810966955492703,0.1403868476058932,source entry prior,0.019544026785592614,0.017130942079477143,0.001967365469771717,-0.7049531069490155
eng-championship,2022-2023,rotherham-united,source,outside->eng-championship,2.0,recent_returner,attack,entry,-0.07964275842369492,0.15331628286193225,source entry prior,-0.10391582220196749,0.07631306653433317,0.0005891816251840878,-0.23030883675124525
eng-championship,2022-2023,rotherham-united,source,outside->eng-championship,2.0,recent_returner,attack,season,-0.07964275842369492,0.15331628286193225,source entry prior,-0.1045759225328746,0.01868312214449718,0.0006216626724952854,-0.6564916972801017
eng-championship,2022-2023,rotherham-united,source,outside->eng-championship,2.0,recent_returner,defense,entry,-0.10171577960196568,0.10648029542930472,source entry prior,0.33151735741282357,0.10716370786211038,0.18769095100767516,0.6444579761223731
eng-championship,2022-2023,rotherham-united,source,outside->eng-championship,2.0,recent_returner,defense,season,-0.10171577960196568,0.10648029542930472,source entry prior,-0.07673528398779061,0.015590478207421503,0.0006240251611298196,-0.8767592270888356
eng-championship,2022-2023,sunderland,source,outside->eng-championship,5.0,stale_history,attack,entry,-0.07964275842369492,0.15331628286193225,source entry prior,0.29499052236596807,0.059862282708601756,0.14035009507522644,0.5184428897340638
eng-championship,2022-2023,sunderland,source,outside->eng-championship,5.0,stale_history,attack,season,-0.07964275842369492,0.15331628286193225,source entry prior,0.20959165655939704,0.013954012027559293,0.08365654681061147,0.393311153466533
eng-championship,2022-2023,sunderland,source,outside->eng-championship,5.0,stale_history,defense,entry,-0.10171577960196568,0.10648029542930472,source entry prior,0.1287123518393542,0.08244898312295675,0.05309712375953819,0.018647045418427544
eng-championship,2022-2023,sunderland,source,outside->eng-championship,5.0,stale_history,defense,season,-0.10171577960196568,0.10648029542930472,source entry prior,-0.006239970517334311,0.01686470750239599,0.009115630120364978,-0.7036203432449328
eng-championship,2022-2023,watford,source,eng-premier-league->eng-championship,2.0,recent_returner,attack,entry,0.14027848187960498,0.17980794433978725,source entry prior,-0.041115135667769226,0.08304878648970268,0.03290364448692307,-0.018236409826543454
eng-championship,2022-2023,watford,source,eng-premier-league->eng-championship,2.0,recent_returner,attack,season,0.14027848187960498,0.17980794433978725,source entry prior,0.019015783897956027,0.016593131932820297,0.01470464192178861,-0.4395244091434659
eng-championship,2022-2023,watford,source,eng-premier-league->eng-championship,2.0,recent_returner,defense,entry,0.017107882045050628,0.137728101360203,source entry prior,0.13824149687587312,0.08238425642275932,0.01467335264198206,-0.15324579963512092
eng-championship,2022-2023,watford,source,eng-premier-league->eng-championship,2.0,recent_returner,defense,season,0.017107882045050628,0.137728101360203,source entry prior,0.03830404708961089,0.017416338795315622,0.0004492774125962383,-0.7316818640962307
eng-championship,2022-2023,wigan-athletic,source,outside->eng-championship,3.0,recent_returner,attack,entry,-0.07964275842369492,0.15331628286193225,source entry prior,-0.047235229534307505,0.08300659702804321,0.00105024792871648,-0.19587786365009507
eng-championship,2022-2023,wigan-athletic,source,outside->eng-championship,3.0,recent_returner,attack,season,-0.07964275842369492,0.15331628286193225,source entry prior,-0.34193582279136164,0.023322055699325387,0.06879765161538097,0.12288001441100105
eng-championship,2022-2023,wigan-athletic,source,outside->eng-championship,3.0,recent_returner,defense,entry,-0.10171577960196568,0.10648029542930472,source entry prior,0.05595142122789081,0.08294658505667325,0.024858946217522302,-0.1299507195181505
eng-championship,2022-2023,wigan-athletic,source,outside->eng-championship,3.0,recent_returner,defense,season,-0.10171577960196568,0.10648029542930472,source entry prior,-0.14679019369904245,0.014504935552402306,0.002031702806194753,-0.8696108480178233
eng-championship,2022-2023,burnley,memory,eng-premier-league->eng-championship,7.0,stale_history,attack,entry,0.12789019986874384,0.17637811437858594,memory entry prior,0.32331415237845973,0.056571690452628234,0.03819052121451969,-0.08030566435833758
eng-championship,2022-2023,burnley,memory,eng-premier-league->eng-championship,7.0,stale_history,attack,season,0.12789019986874384,0.17637811437858594,memory entry prior,0.4375524279004039,0.011173087554995192,0.09589069546953183,0.4711790119308247
eng-championship,2022-2023,burnley,memory,eng-premier-league->eng-championship,7.0,stale_history,defense,entry,0.21537260617794202,0.1578411589981038,memory entry prior,0.08626822982284597,0.09020167826265732,0.01666793999403828,-0.08957449107360255
eng-championship,2022-2023,burnley,memory,eng-premier-league->eng-championship,7.0,stale_history,defense,season,0.21537260617794202,0.1578411589981038,memory entry prior,0.4088862237124743,0.025037634870112797,0.037447520171301235,-0.2045741279353594
eng-championship,2022-2023,norwich-city,memory,eng-premier-league->eng-championship,2.0,recent_returner,attack,entry,0.19386806754194574,0.19965155049693653,memory entry prior,0.2577351704910444,0.05972907549744748,0.004079006839110765,-0.21393010981834443
eng-championship,2022-2023,norwich-city,memory,eng-premier-league->eng-championship,2.0,recent_returner,attack,season,0.19386806754194574,0.19965155049693653,memory entry prior,0.03688483751655185,0.01633486117086252,0.024643734509205727,-0.30125238748534355
eng-championship,2022-2023,norwich-city,memory,eng-premier-league->eng-championship,2.0,recent_returner,defense,entry,-0.010566732455072878,0.15446943041667277,memory entry prior,0.1804846849928284,0.09822715037075903,0.03650064410885223,0.01691679197996926
eng-championship,2022-2023,norwich-city,memory,eng-premier-league->eng-championship,2.0,recent_returner,defense,season,-0.010566732455072878,0.15446943041667277,memory entry prior,0.019544026785592614,0.017130942079477143,0.0009066578220493223,-0.6671947004454304
eng-championship,2022-2023,rotherham-united,memory,outside->eng-championship,2.0,recent_returner,attack,entry,-0.10674681942976603,0.1574358249707083,memory entry prior,-0.10391582220196749,0.07631306653433317,8.014545303803051e-06,-0.22684882996558278
eng-championship,2022-2023,rotherham-united,memory,outside->eng-championship,2.0,recent_returner,attack,season,-0.10674681942976603,0.1574358249707083,memory entry prior,-0.1045759225328746,0.01868312214449718,4.71279333693289e-06,-0.6488590242634412
eng-championship,2022-2023,rotherham-united,memory,outside->eng-championship,2.0,recent_returner,defense,entry,-0.1071667491052949,0.1112755586596323,memory entry prior,0.33151735741282357,0.10716370786211038,0.1924437453115999,0.6618057401268858
eng-championship,2022-2023,rotherham-united,memory,outside->eng-championship,2.0,recent_returner,defense,season,-0.1071667491052949,0.1112755586596323,memory entry prior,-0.07673528398779061,0.015590478207421503,0.0009260740691978803,-0.852770925987045
eng-championship,2022-2023,sunderland,memory,outside->eng-championship,5.0,stale_history,attack,entry,-0.056465763876233144,0.14360651721904014,memory entry prior,0.29499052236596807,0.059862282708601756,0.12352152113916007,0.42645333207122615
eng-championship,2022-2023,sunderland,memory,outside->eng-championship,5.0,stale_history,attack,season,-0.056465763876233144,0.14360651721904014,memory entry prior,0.20959165655939704,0.013954012027559293,0.07078655096886169,0.2602650892739422
eng-championship,2022-2023,sunderland,memory,outside->eng-championship,5.0,stale_history,defense,entry,-0.097313415651854,0.1085001636205988,memory entry prior,0.1287123518393542,0.08244898312295675,0.05108764756998971,0.008988509716223336
eng-championship,2022-2023,sunderland,memory,outside->eng-championship,5.0,stale_history,defense,season,-0.097313415651854,0.1085001636205988,memory entry prior,-0.006239970517334311,0.01686470750239599,0.008294372408670368,-0.7127702418188069
eng-championship,2022-2023,watford,memory,eng-premier-league->eng-championship,2.0,recent_returner,attack,entry,0.16234692225375522,0.18172904663325046,memory entry prior,-0.041115135667769226,0.08304878648970268,0.041396809013661766,0.02049626373524055
eng-championship,2022-2023,watford,memory,eng-premier-league->eng-championship,2.0,recent_returner,attack,season,0.16234692225375522,0.18172904663325046,memory entry prior,0.019015783897956027,0.016593131932820297,0.02054381522236925,-0.37573907252840577
eng-championship,2022-2023,watford,memory,eng-premier-league->eng-championship,2.0,recent_returner,defense,entry,0.03897532856075412,0.16564201069636061,memory entry prior,0.13824149687587312,0.08238425642275932,0.009853772171965536,-0.14064813949921778
eng-championship,2022-2023,watford,memory,eng-premier-league->eng-championship,2.0,recent_returner,defense,season,0.03897532856075412,0.16564201069636061,memory entry prior,0.03830404708961089,0.017416338795315622,4.5061881350022095e-07,-0.6332319949803783
eng-championship,2022-2023,wigan-athletic,memory,outside->eng-championship,3.0,recent_returner,attack,entry,-0.05880119027102297,0.14508031882268976,memory entry prior,-0.047235229534307505,0.08300659702804321,0.00013377144776324378,-0.21183701090371185
eng-championship,2022-2023,wigan-athletic,memory,outside->eng-championship,3.0,recent_returner,attack,season,-0.05880119027102297,0.14508031882268976,memory entry prior,-0.34193582279136164,0.023322055699325387,0.08016522013242722,0.264711327045947
eng-championship,2022-2023,wigan-athletic,memory,outside->eng-championship,3.0,recent_returner,defense,entry,-0.08381614978200698,0.11029387253931448,memory entry prior,0.05595142122789081,0.08294658505667325,0.01953497390600682,-0.15471977980199142
eng-championship,2022-2023,wigan-athletic,memory,outside->eng-championship,3.0,recent_returner,defense,season,-0.08381614978200698,0.11029387253931448,memory entry prior,-0.14679019369904245,0.014504935552402306,0.003965730207264712,-0.818826494332439
eng-championship,2023-2024,ipswich-town,current,outside->eng-championship,5.0,stale_history,attack,entry,-0.10417566790920295,0.17378968147958535,previous league state,0.44260436649928186,0.0463877927093371,0.29896840602774377,1.586027605208382
eng-championship,2023-2024,ipswich-town,current,outside->eng-championship,5.0,stale_history,attack,season,-0.10417566790920295,0.17378968147958535,previous league state,0.4160092782769133,0.010558976414975866,0.2705923782386526,2.638122256905552
eng-championship,2023-2024,ipswich-town,current,outside->eng-championship,5.0,stale_history,defense,entry,-0.1017905343148519,0.17370063975544275,previous league state,0.1233439390274871,0.08248549286643583,0.05068553108713235,0.05219087467027464
eng-championship,2023-2024,ipswich-town,current,outside->eng-championship,5.0,stale_history,defense,season,-0.1017905343148519,0.17370063975544275,previous league state,0.042604746581592114,0.016233134270104553,0.02084999714516297,-0.39158273909097413
eng-championship,2023-2024,leeds-united,current,eng-premier-league->eng-championship,4.0,stale_history,attack,entry,0.1499503017072496,0.16681029943163206,previous league state,0.1496113549250776,0.06308993567238005,1.1488492114475354e-07,-0.2799726084802642
eng-championship,2023-2024,leeds-united,current,eng-premier-league->eng-championship,4.0,stale_history,attack,season,0.1499503017072496,0.16681029943163206,previous league state,0.28088281783987473,0.011832101334710259,0.01714332378082014,-0.47865481316789527
eng-championship,2023-2024,leeds-united,current,eng-premier-league->eng-championship,4.0,stale_history,defense,entry,0.1502214719389386,0.16709356750815127,previous league state,0.264384595766399,0.0887753779621338,0.013033218842044059,-0.0993117399471087
eng-championship,2023-2024,leeds-united,current,eng-premier-league->eng-championship,4.0,stale_history,defense,season,0.1502214719389386,0.16709356750815127,previous league state,0.3195741541856632,0.020804346055587425,0.028680330984160077,-0.29753647721060666
eng-championship,2023-2024,leicester-city,current,eng-premier-league->eng-championship,10.0,stale_history,attack,entry,0.051212748126125356,0.1858298635205966,previous league state,0.3812736138370993,0.04625619391899292,0.10894017507387757,0.3352079839880614
eng-championship,2023-2024,leicester-city,current,eng-premier-league->eng-championship,10.0,stale_history,attack,season,0.051212748126125356,0.1858298635205966,previous league state,0.37245586887660626,0.010868752440552479,0.10319714262950805,0.5093284557602532
eng-championship,2023-2024,leicester-city,current,eng-premier-league->eng-championship,10.0,stale_history,defense,entry,0.050180229453948004,0.1858313181285431,previous league state,0.679557149011779,0.13021584195498592,0.3961153068721045,1.2194501136225273
eng-championship,2023-2024,leicester-city,current,eng-premier-league->eng-championship,10.0,stale_history,defense,season,0.050180229453948004,0.1858313181285431,previous league state,0.3591550618718053,0.021692123111220107,0.095465447067643,0.3286982150842813
eng-championship,2023-2024,plymouth-argyle,current,outside->eng-championship,,no_target_history,attack,entry,0.00048804849592730144,0.400155430028905,league population,0.2160200168950569,0.05623038267868135,0.046454029402003404,0.26087676396129583
eng-championship,2023-2024,plymouth-argyle,current,outside->eng-championship,,no_target_history,attack,season,0.00048804849592730144,0.400155430028905,league population,-0.010921759285059557,0.015746838963032736,0.0001301837135990683,0.050306979433456286
eng-championship,2023-2024,plymouth-argyle,current,outside->eng-championship,,no_target_history,defense,entry,-0.00048804849592730144,0.400155430028905,league population,-0.1974041119658152,0.05951461349565283,0.03877593605247692,0.24932547779026668
eng-championship,2023-2024,plymouth-argyle,current,outside->eng-championship,,no_target_history,defense,season,-0.00048804849592730144,0.400155430028905,league population,-0.13503725583900628,0.013482157228780224,0.01810348919665086,0.09559601493647796
eng-championship,2023-2024,sheffield-wednesday,current,outside->eng-championship,3.0,recent_returner,attack,entry,-0.09504007375029662,0.15848827995066034,previous league state,-0.7764927462069775,0.14756896191761326,0.46437774479835237,1.3853636800852323
eng-championship,2023-2024,sheffield-wednesday,current,outside->eng-championship,3.0,recent_returner,attack,season,-0.09504007375029662,0.15848827995066034,previous league state,-0.29337451152547284,0.02040557355188666,0.03933654920759525,-0.193777233417175
eng-championship,2023-2024,sheffield-wednesday,current,outside->eng-championship,3.0,recent_returner,defense,entry,-0.09683222065826493,0.15817499859101974,previous league state,-0.19579244359488093,0.05317958744075756,0.00979312572366474,-0.2926944430833027
eng-championship,2023-2024,sheffield-wednesday,current,outside->eng-championship,3.0,recent_returner,defense,season,-0.09683222065826493,0.15817499859101974,previous league state,-0.09681786892023192,0.013827557111720859,2.0597238456801629e-10,-0.7051251274384456
eng-championship,2023-2024,southampton,current,eng-premier-league->eng-championship,12.0,stale_history,attack,entry,0.04491585131651178,0.18733444976414457,previous league state,0.2579446519132852,0.05972982284485639,0.04538126988369985,-0.01963567441856992
eng-championship,2023-2024,southampton,current,eng-premier-league->eng-championship,12.0,stale_history,attack,season,0.04491585131651178,0.18733444976414457,previous league state,0.3648173219827501,0.011107245168518154,0.10233695093442213,0.4890745999585391
eng-championship,2023-2024,southampton,current,eng-premier-league->eng-championship,12.0,stale_history,defense,entry,0.043902213381458624,0.18733525488465302,previous league state,-0.34589310968909653,0.048416521000436585,0.15194039388767847,0.5872528585047874
eng-championship,2023-2024,southampton,current,eng-premier-league->eng-championship,12.0,stale_history,defense,season,0.043902213381458624,0.18733525488465302,previous league state,-0.05113476745328884,0.014840703341800562,0.009032027726184156,-0.4891385308671658
eng-championship,2023-2024,ipswich-town,population,outside->eng-championship,5.0,stale_history,attack,entry,0.0001650979329795185,0.40017180361966165,outside->eng-championship population,0.44260436649928186,0.0463877927093371,0.1957525063694846,0.6041913001606685
eng-championship,2023-2024,ipswich-town,population,outside->eng-championship,5.0,stale_history,attack,season,0.0001650979329795185,0.40017180361966165,outside->eng-championship population,0.4160092782769133,0.010558976414975866,0.17292638232591812,0.5415361751649627
eng-championship,2023-2024,ipswich-town,population,outside->eng-championship,5.0,stale_history,defense,entry,-0.0001650979329795185,0.40017180361966165,outside->eng-championship population,0.1233439390274871,0.08248549286643583,0.015254482210901907,0.24225182128036804
eng-championship,2023-2024,ipswich-town,population,outside->eng-championship,5.0,stale_history,defense,season,-0.0001650979329795185,0.40017180361966165,outside->eng-championship population,0.042604746581592114,0.016233134270104553,0.001829259599800633,0.056540484465546485
eng-championship,2023-2024,leeds-united,population,eng-premier-league->eng-championship,4.0,stale_history,attack,entry,0.0001650979329795185,0.40017180361966165,eng-premier-league->eng-championship population,0.1496113549250776,0.06308993567238005,0.022334183728948222,0.2191820338718503
eng-championship,2023-2024,leeds-united,population,eng-premier-league->eng-championship,4.0,stale_history,attack,season,0.0001650979329795185,0.40017180361966165,eng-premier-league->eng-championship population,0.28088281783987473,0.011832101334710259,0.07880243826972606,0.2678370614583936
eng-championship,2023-2024,leeds-united,population,eng-premier-league->eng-championship,4.0,stale_history,defense,entry,-0.0001650979329795185,0.40017180361966165,eng-premier-league->eng-championship population,0.264384595766399,0.0887753779621338,0.069986540436435,0.3641967381634631
eng-championship,2023-2024,leeds-united,population,eng-premier-league->eng-championship,4.0,stale_history,defense,season,-0.0001650979329795185,0.40017180361966165,eng-premier-league->eng-championship population,0.3195741541856632,0.020804346055587425,0.10223318934538898,0.3466515954439044
eng-championship,2023-2024,leicester-city,population,eng-premier-league->eng-championship,10.0,stale_history,attack,entry,0.0001650979329795185,0.40017180361966165,eng-premier-league->eng-championship population,0.3812736138370993,0.04625619391899292,0.1452437008946407,0.48181441504446654
eng-championship,2023-2024,leicester-city,population,eng-premier-league->eng-championship,10.0,stale_history,attack,season,0.0001650979329795185,0.40017180361966165,eng-premier-league->eng-championship population,0.37245586887660626,0.010868752440552479,0.13860041812979995,0.441160501294549
eng-championship,2023-2024,leicester-city,population,eng-premier-league->eng-championship,10.0,stale_history,defense,entry,-0.0001650979329795185,0.40017180361966165,eng-premier-league->eng-championship population,0.679557149011779,0.13021584195498592,0.4620223329916312,1.0962310512642015
eng-championship,2023-2024,leicester-city,population,eng-premier-league->eng-championship,10.0,stale_history,defense,season,-0.0001650979329795185,0.40017180361966165,eng-premier-league->eng-championship population,0.3591550618718053,0.021692123111220107,0.1291109772421361,0.4216287738808109
eng-championship,2023-2024,plymouth-argyle,population,outside->eng-championship,,no_target_history,attack,entry,0.0001650979329795185,0.40017180361966165,outside->eng-championship population,0.2160200168950569,0.05623038267868135,0.04659334604012499,0.2612224891287651
eng-championship,2023-2024,plymouth-argyle,population,outside->eng-championship,,no_target_history,attack,season,0.0001650979329795185,0.40017180361966165,outside->eng-championship population,-0.010921759285059557,0.015746838963032736,0.00012291840297318514,0.050323551997757524
eng-championship,2023-2024,plymouth-argyle,population,outside->eng-championship,,no_target_history,defense,entry,-0.0001650979329795185,0.40017180361966165,outside->eng-championship population,-0.1974041119658152,0.05951461349565283,0.038903228656645146,0.24963980158171115
eng-championship,2023-2024,plymouth-argyle,population,outside->eng-championship,,no_target_history,defense,season,-0.0001650979329795185,0.40017180361966165,outside->eng-championship population,-0.13503725583900628,0.013482157228780224,0.018190498978228213,0.09588039525916536
eng-championship,2023-2024,sheffield-wednesday,population,outside->eng-championship,3.0,recent_returner,attack,entry,0.0001650979329795185,0.40017180361966165,outside->eng-championship population,-0.7764927462069775,0.14756896191761326,0.6031974068641257,1.3097847761837556
eng-championship,2023-2024,sheffield-wednesday,population,outside->eng-championship,3.0,recent_returner,attack,season,0.0001650979329795185,0.40017180361966165,outside->eng-championship population,-0.29337451152547284,0.02040557355188666,0.08616550232102074,0.30167420267973577
eng-championship,2023-2024,sheffield-wednesday,population,outside->eng-championship,3.0,recent_returner,defense,entry,-0.0001650979329795185,0.40017180361966165,outside->eng-championship population,-0.19579244359488093,0.05317958744075756,0.038270058370721054,0.23615298710316018
eng-championship,2023-2024,sheffield-wednesday,population,outside->eng-championship,3.0,recent_returner,defense,season,-0.0001650979329795185,0.40017180361966165,outside->eng-championship population,-0.09681786892023192,0.013827557111720859,0.00934175813951426,0.07133757214387679
eng-championship,2023-2024,southampton,population,eng-premier-league->eng-championship,12.0,stale_history,attack,entry,0.0001650979329795185,0.40017180361966165,eng-premier-league->eng-championship population,0.2579446519132852,0.05972982284485639,0.06645029845028533,0.31268753258188464
eng-championship,2023-2024,southampton,population,eng-premier-league->eng-championship,12.0,stale_history,attack,season,0.0001650979329795185,0.40017180361966165,eng-premier-league->eng-championship population,0.3648173219827501,0.011107245168518154,0.13297124450444406,0.4248568951859902
eng-championship,2023-2024,southampton,population,eng-premier-league->eng-championship,12.0,stale_history,defense,entry,-0.0001650979329795185,0.40017180361966165,eng-premier-league->eng-championship population,-0.34589310968909653,0.048416521000436585,0.11952785811283778,0.42172321881790353
eng-championship,2023-2024,southampton,population,eng-premier-league->eng-championship,12.0,stale_history,defense,season,-0.0001650979329795185,0.40017180361966165,eng-premier-league->eng-championship population,-0.05113476745328884,0.014840703341800562,0.0025979072110095497,0.05481503961655349
eng-championship,2023-2024,ipswich-town,transition,outside->eng-championship,5.0,stale_history,attack,entry,-0.07898279720428378,0.15630811934945257,transition entry prior,0.44260436649928186,0.0463877927093371,0.27205316934033014,1.515868061557729
eng-championship,2023-2024,ipswich-town,transition,outside->eng-championship,5.0,stale_history,attack,season,-0.07898279720428378,0.15630811934945257,transition entry prior,0.4160092782769133,0.010558976414975866,0.2450171547891831,2.7437341520927494
eng-championship,2023-2024,ipswich-town,transition,outside->eng-championship,5.0,stale_history,defense,entry,-0.10006612149590252,0.09613941460059396,transition entry prior,0.1233439390274871,0.08248549286643583,0.04991205514306462,-0.003459035735475402
eng-championship,2023-2024,ipswich-town,transition,outside->eng-championship,5.0,stale_history,defense,season,-0.10006612149590252,0.09613941460059396,transition entry prior,0.042604746581592114,0.016233134270104553,0.020354976597985876,-0.5165778186967515
eng-championship,2023-2024,leeds-united,transition,eng-premier-league->eng-championship,4.0,stale_history,attack,entry,0.1432086925814002,0.17542890506439476,transition entry prior,0.1496113549250776,0.06308993567238005,4.099408508714452e-05,-0.26379069041402065
eng-championship,2023-2024,leeds-united,transition,eng-premier-league->eng-championship,4.0,stale_history,attack,season,0.1432086925814002,0.17542890506439476,transition entry prior,0.28088281783987473,0.011832101334710259,0.018954164765686135,-0.43649703440747634
eng-championship,2023-2024,leeds-united,transition,eng-premier-league->eng-championship,4.0,stale_history,defense,entry,0.08472445907585877,0.16347427433737313,transition entry prior,0.264384595766399,0.0887753779621338,0.0322777647156636,-0.02057570255458477
eng-championship,2023-2024,leeds-united,transition,eng-premier-league->eng-championship,4.0,stale_history,defense,season,0.08472445907585877,0.16347427433737313,transition entry prior,0.3195741541856632,0.020804346055587425,0.055154379293168104,-0.024049529006722525
eng-championship,2023-2024,leicester-city,transition,eng-premier-league->eng-championship,10.0,stale_history,attack,entry,0.1432086925814002,0.17542890506439476,transition entry prior,0.3812736138370993,0.04625619391899292,0.056674906732482204,0.005036482367507089
eng-championship,2023-2024,leicester-city,transition,eng-premier-league->eng-championship,10.0,stale_history,attack,season,0.1432086925814002,0.17542890506439476,transition entry prior,0.37245586887660626,0.010868752440552479,0.052554267839325285,-0.03936614817191564
eng-championship,2023-2024,leicester-city,transition,eng-premier-league->eng-championship,10.0,stale_history,defense,entry,0.08472445907585877,0.16347427433737313,transition entry prior,0.679557149011779,0.13021584195498592,0.3538259290164026,1.1202589254997968
eng-championship,2023-2024,leicester-city,transition,eng-premier-league->eng-championship,10.0,stale_history,defense,season,0.08472445907585877,0.16347427433737313,transition entry prior,0.3591550618718053,0.021692123111220107,0.07531215575094659,0.1827373103369051
eng-championship,2023-2024,plymouth-argyle,transition,outside->eng-championship,,no_target_history,attack,entry,-0.07898279720428378,0.15630811934945257,transition entry prior,0.2160200168950569,0.05623038267868135,0.08702666032653017,0.19964704355285756
eng-championship,2023-2024,plymouth-argyle,transition,outside->eng-championship,,no_target_history,attack,season,-0.07898279720428378,0.15630811934945257,transition entry prior,-0.010921759285059557,0.015746838963032736,0.004632304882642077,-0.6306202857205121
eng-championship,2023-2024,plymouth-argyle,transition,outside->eng-championship,,no_target_history,defense,entry,-0.10006612149590252,0.09613941460059396,transition entry prior,-0.1974041119658152,0.05951461349565283,0.009474684388720811,-0.3507475398948772
eng-championship,2023-2024,plymouth-argyle,transition,outside->eng-championship,,no_target_history,defense,season,-0.10006612149590252,0.09613941460059396,transition entry prior,-0.13503725583900628,0.013482157228780224,0.001222980237243411,-0.9462991904354575
eng-championship,2023-2024,sheffield-wednesday,transition,outside->eng-championship,3.0,recent_returner,attack,entry,-0.07898279720428378,0.15630811934945257,transition entry prior,-0.7764927462069775,0.14756896191761326,0.4865201289577404,1.4531045064457215
eng-championship,2023-2024,sheffield-wednesday,transition,outside->eng-championship,3.0,recent_returner,attack,season,-0.07898279720428378,0.15630811934945257,transition entry prior,-0.29337451152547284,0.02040557355188666,0.04596380716957834,-0.12085689013905754
eng-championship,2023-2024,sheffield-wednesday,transition,outside->eng-championship,3.0,recent_returner,defense,entry,-0.10006612149590252,0.09613941460059396,transition entry prior,-0.19579244359488093,0.05317958744075756,0.009163528742597363,-0.39457782544049824
eng-championship,2023-2024,sheffield-wednesday,transition,outside->eng-championship,3.0,recent_returner,defense,season,-0.10006612149590252,0.09613941460059396,transition entry prior,-0.09681786892023192,0.013827557111720859,1.0551144795350697e-05,-0.965436438067478
eng-championship,2023-2024,southampton,transition,eng-premier-league->eng-championship,12.0,stale_history,attack,entry,0.1432086925814002,0.17542890506439476,transition entry prior,0.2579446519132852,0.05972982284485639,0.013164340363807966,-0.20950882982567806
eng-championship,2023-2024,southampton,transition,eng-premier-league->eng-championship,12.0,stale_history,attack,season,0.1432086925814002,0.17542890506439476,transition entry prior,0.3648173219827501,0.011107245168518154,0.04911038462514483,-0.0812175160610421
eng-championship,2023-2024,southampton,transition,eng-premier-league->eng-championship,12.0,stale_history,defense,entry,0.08472445907585877,0.16347427433737313,transition entry prior,-0.34589310968909653,0.048416521000436585,0.18543149052904098,0.8586405482257544
eng-championship,2023-2024,southampton,transition,eng-premier-league->eng-championship,12.0,stale_history,defense,season,0.08472445907585877,0.16347427433737313,transition entry prior,-0.05113476745328884,0.014840703341800562,0.018457729433098247,-0.4492784201750303
eng-championship,2023-2024,ipswich-town,source,outside->eng-championship,5.0,stale_history,attack,entry,-0.07878159148447574,0.15630844182675355,source entry prior,0.44260436649928186,0.0463877927093371,0.2718433171826407,1.5143844534644597
eng-championship,2023-2024,ipswich-town,source,outside->eng-championship,5.0,stale_history,attack,season,-0.07878159148447574,0.15630844182675355,source entry prior,0.4160092782769133,0.010558976414975866,0.24481800479923185,2.7408797989214513
eng-championship,2023-2024,ipswich-town,source,outside->eng-championship,5.0,stale_history,defense,entry,-0.10026732721571056,0.09613993889892888,source entry prior,0.1233439390274871,0.08248549286643583,0.05000199839088623,-0.002968515766181401
eng-championship,2023-2024,ipswich-town,source,outside->eng-championship,5.0,stale_history,defense,season,-0.10026732721571056,0.09613993889892888,source entry prior,0.042604746581592114,0.016233134270104553,0.020412429471141903,-0.5154498337749333
eng-championship,2023-2024,leeds-united,source,eng-premier-league->eng-championship,4.0,stale_history,attack,entry,0.15292527273398138,0.18410627953238853,source entry prior,0.1496113549250776,0.06308993567238005,1.0982051244169609e-05,-0.24760402720035066
eng-championship,2023-2024,leeds-united,source,eng-premier-league->eng-championship,4.0,stale_history,attack,season,0.15292527273398138,0.18410627953238853,source entry prior,0.28088281783987473,0.011832101334710259,0.016373133349526732,-0.44456171805304423
eng-championship,2023-2024,leeds-united,source,eng-premier-league->eng-championship,4.0,stale_history,defense,entry,0.021407922554302586,0.12736467619053954,source entry prior,0.264384595766399,0.0887753779621338,0.0590376637252179,0.07316683658259254
eng-championship,2023-2024,leeds-united,source,eng-premier-league->eng-championship,4.0,stale_history,defense,season,0.021407922554302586,0.12736467619053954,source entry prior,0.3195741541856632,0.020804346055587425,0.0889031016852462,0.471418693902694
eng-championship,2023-2024,leicester-city,source,eng-premier-league->eng-championship,10.0,stale_history,attack,entry,0.15454793333971661,0.18623311928225647,source entry prior,0.3812736138370993,0.04625619391899292,0.05140453419700125,-0.02054020181821803
eng-championship,2023-2024,leicester-city,source,eng-premier-league->eng-championship,10.0,stale_history,attack,season,0.15454793333971661,0.18623311928225647,source entry prior,0.37245586887660626,0.010868752440552479,0.04748386836994925,-0.10430653251488986
eng-championship,2023-2024,leicester-city,source,eng-premier-league->eng-championship,10.0,stale_history,defense,entry,0.1001023390275526,0.12853311781166657,source entry prior,0.679557149011779,0.13021584195498592,0.3357678768138559,1.1034981264002472
eng-championship,2023-2024,leicester-city,source,eng-premier-league->eng-championship,10.0,stale_history,defense,season,0.1001023390275526,0.12853311781166657,source entry prior,0.3591550618718053,0.021692123111220107,0.0671083132130212,0.16473215185952927
eng-championship,2023-2024,plymouth-argyle,source,outside->eng-championship,,no_target_history,attack,entry,-0.07878159148447574,0.15630844182675355,source entry prior,0.2160200168950569,0.05623038267868135,0.08690798830315932,0.19891138779187018
eng-championship,2023-2024,plymouth-argyle,source,outside->eng-championship,,no_target_history,attack,season,-0.07878159148447574,0.15630844182675355,source entry prior,-0.010921759285059557,0.015746838963032736,0.00460495682613292,-0.6309595021449209
eng-championship,2023-2024,plymouth-argyle,source,outside->eng-championship,,no_target_history,defense,entry,-0.10026732721571056,0.09613993889892888,source entry prior,-0.1974041119658152,0.05951461349565283,0.009435554951588161,-0.35103145449533646
eng-championship,2023-2024,plymouth-argyle,source,outside->eng-championship,,no_target_history,defense,season,-0.10026732721571056,0.09613993889892888,source entry prior,-0.13503725583900628,0.013482157228780224,0.0012089479364690784,-0.9466058326028637
eng-championship,2023-2024,sheffield-wednesday,source,outside->eng-championship,3.0,recent_returner,attack,entry,-0.07878159148447574,0.15630844182675355,source entry prior,-0.7764927462069775,0.14756896191761326,0.4868008554242068,1.4539200297539867
eng-championship,2023-2024,sheffield-wednesday,source,outside->eng-championship,3.0,recent_returner,attack,season,-0.07878159148447574,0.15630844182675355,source entry prior,-0.29337451152547284,0.02040557355188666,0.04605012133172178,-0.11989440499033754
eng-championship,2023-2024,sheffield-wednesday,source,outside->eng-championship,3.0,recent_returner,defense,entry,-0.10026732721571056,0.09613993889892888,source entry prior,-0.19579244359488093,0.05317958744075756,0.009125047859254044,-0.394885365876687
eng-championship,2023-2024,sheffield-wednesday,source,outside->eng-championship,3.0,recent_returner,defense,season,-0.10026732721571056,0.09613993889892888,source entry prior,-0.09681786892023192,0.013827557111720859,1.1898762532246432e-05,-0.9654050476110211
eng-championship,2023-2024,southampton,source,eng-premier-league->eng-championship,12.0,stale_history,attack,entry,0.14376712975085196,0.17829664734245762,source entry prior,0.2579446519132852,0.05972982284485639,0.013036506567152934,-0.2054404308514915
eng-championship,2023-2024,southampton,source,eng-premier-league->eng-championship,12.0,stale_history,attack,season,0.14376712975085196,0.17829664734245762,source entry prior,0.3648173219827501,0.011107245168518154,0.04886318748575911,-0.08599721401812332
eng-championship,2023-2024,southampton,source,eng-premier-league->eng-championship,12.0,stale_history,defense,entry,0.06677713624056089,0.12706274652417465,source entry prior,-0.34589310968909653,0.048416521000436585,0.17029673187564393,0.8677426727804005
eng-championship,2023-2024,southampton,source,eng-premier-league->eng-championship,12.0,stale_history,defense,season,0.06677713624056089,0.12706274652417465,source entry prior,-0.05113476745328884,0.014840703341800562,0.013903217032707697,-0.593827766627543
eng-championship,2023-2024,ipswich-town,memory,outside->eng-championship,5.0,stale_history,attack,entry,-0.08559566179950394,0.15546066274579565,memory entry prior,0.44260436649928186,0.0463877927093371,0.2789952698948381,1.5703876036745705
eng-championship,2023-2024,ipswich-town,memory,outside->eng-championship,5.0,stale_history,attack,season,-0.08559566179950394,0.15546066274579565,memory entry prior,0.4160092782769133,0.010558976414975866,0.2516075159090661,2.8614699200407667
eng-championship,2023-2024,ipswich-town,memory,outside->eng-championship,5.0,stale_history,defense,entry,-0.09384623853454961,0.09771405675800547,memory entry prior,0.1233439390274871,0.08248549286643583,0.04717157322942903,-0.017588778212204614
eng-championship,2023-2024,ipswich-town,memory,outside->eng-championship,5.0,stale_history,defense,season,-0.09384623853454961,0.09771405675800547,memory entry prior,0.042604746581592114,0.016233134270104553,0.01861887133916553,-0.5490225269740405
eng-championship,2023-2024,leeds-united,memory,eng-premier-league->eng-championship,4.0,stale_history,attack,entry,0.16376841586401691,0.1845148700782557,memory entry prior,0.1496113549250776,0.06308993567238005,0.0002004223744288413,-0.24585309850018108
eng-championship,2023-2024,leeds-united,memory,eng-premier-league->eng-championship,4.0,stale_history,attack,season,0.16376841586401691,0.1845148700782557,memory entry prior,0.28088281783987473,0.011832101334710259,0.01371578315016281,-0.4724664404466548
eng-championship,2023-2024,leeds-united,memory,eng-premier-league->eng-championship,4.0,stale_history,defense,entry,0.03001471521373965,0.13393252077258888,memory entry prior,0.264384595766399,0.0887753779621338,0.0549292409102678,0.05750208746150837
eng-championship,2023-2024,leeds-united,memory,eng-premier-league->eng-championship,4.0,stale_history,defense,season,0.03001471521373965,0.13393252077258888,memory entry prior,0.3195741541856632,0.020804346055587425,0.08384466869773512,0.3756091280702968
eng-championship,2023-2024,leicester-city,memory,eng-premier-league->eng-championship,10.0,stale_history,attack,entry,0.16196192213594177,0.18720988801984526,memory entry prior,0.3812736138370993,0.04625619391899292,0.048097618116823566,-0.04005340472816821
eng-championship,2023-2024,leicester-city,memory,eng-premier-league->eng-championship,10.0,stale_history,attack,season,0.16196192213594177,0.18720988801984526,memory entry prior,0.37245586887660626,0.010868752440552479,0.0443077016144617,-0.1390456591403852
eng-championship,2023-2024,leicester-city,memory,eng-premier-league->eng-championship,10.0,stale_history,defense,entry,0.09744625622688455,0.1326608740273464,memory entry prior,0.679557149011779,0.13021584195498592,0.3388530914988269,1.1092494511331923
eng-championship,2023-2024,leicester-city,memory,eng-premier-league->eng-championship,10.0,stale_history,defense,season,0.09744625622688455,0.1326608740273464,memory entry prior,0.3591550618718053,0.021692123111220107,0.06849149895209089,0.17215106456388063
eng-championship,2023-2024,plymouth-argyle,memory,outside->eng-championship,,no_target_history,attack,entry,-0.04956851859020946,0.14707912197403597,memory entry prior,0.2160200168950569,0.05623038267868135,0.07053727018120858,0.09549368646807949
eng-championship,2023-2024,plymouth-argyle,memory,outside->eng-championship,,no_target_history,attack,season,-0.04956851859020946,0.14707912197403597,memory entry prior,-0.010921759285059557,0.015746838963032736,0.0014935720047901905,-0.7044044482311231
eng-championship,2023-2024,plymouth-argyle,memory,outside->eng-championship,,no_target_history,defense,entry,-0.08808541249026129,0.0978468328587873,memory entry prior,-0.1974041119658152,0.05951461349565283,0.01195057805502647,-0.3307568029642512
eng-championship,2023-2024,plymouth-argyle,memory,outside->eng-championship,,no_target_history,defense,season,-0.08808541249026129,0.0978468328587873,memory entry prior,-0.13503725583900628,0.013482157228780224,0.0022044755938450886,-0.9181659671401192
eng-championship,2023-2024,sheffield-wednesday,memory,outside->eng-championship,3.0,recent_returner,attack,entry,-0.08622187378830311,0.15238765883255284,memory entry prior,-0.7764927462069775,0.14756896191761326,0.4764738773096378,1.4301847476989786
eng-championship,2023-2024,sheffield-wednesday,memory,outside->eng-championship,3.0,recent_returner,attack,season,-0.08622187378830311,0.15238765883255284,memory entry prior,-0.29337451152547284,0.02040557355188666,0.04291221532146708,-0.1552928854191321
eng-championship,2023-2024,sheffield-wednesday,memory,outside->eng-championship,3.0,recent_returner,defense,entry,-0.09580484468389698,0.09801329477716593,memory entry prior,-0.19579244359488093,0.05317958744075756,0.009997519935983799,-0.3854559146595704
eng-championship,2023-2024,sheffield-wednesday,memory,outside->eng-championship,3.0,recent_returner,defense,season,-0.09580484468389698,0.09801329477716593,memory entry prior,-0.09681786892023192,0.013827557111720859,1.0262181034019863e-06,-0.9578197516699922
eng-championship,2023-2024,southampton,memory,eng-premier-league->eng-championship,12.0,stale_history,attack,entry,0.14014464423005057,0.17998534386300855,memory entry prior,0.2579446519132852,0.05972982284485639,0.013876841810170135,-0.19805273201982881
eng-championship,2023-2024,southampton,memory,eng-premier-league->eng-championship,12.0,stale_history,attack,season,0.14014464423005057,0.17998534386300855,memory entry prior,0.3648173219827501,0.011107245168518154,0.050477812128568354,-0.06835753019001667
eng-championship,2023-2024,southampton,memory,eng-premier-league->eng-championship,12.0,stale_history,defense,entry,0.06317878019082253,0.13132479900026317,memory entry prior,-0.34589310968909653,0.048416521000436585,0.16733981108992863,0.831564098655662
eng-championship,2023-2024,southampton,memory,eng-premier-league->eng-championship,12.0,stale_history,defense,season,0.06317878019082253,0.13132479900026317,memory entry prior,-0.05113476745328884,0.014840703341800562,0.013067587174982518,-0.5970870535557853
eng-championship,2024-2025,burnley,current,eng-premier-league->eng-championship,2.0,recent_returner,attack,entry,0.25789662167261257,0.14611595148498255,previous league state,0.17015875119880436,0.05941826694718411,0.007697933915278747,-0.29149330562449355
eng-championship,2024-2025,burnley,current,eng-premier-league->eng-championship,2.0,recent_returner,attack,season,0.25789662167261257,0.14611595148498255,previous league state,0.18326883521764847,0.013723599999386,0.005569306511167722,-0.6768217284172768
eng-championship,2024-2025,burnley,current,eng-premier-league->eng-championship,2.0,recent_returner,defense,entry,0.26752730612431624,0.14920098577115007,previous league state,0.8946544369152245,0.16964522869016857,0.393288438174037,1.118253595260548
eng-championship,2024-2025,burnley,current,eng-premier-league->eng-championship,2.0,recent_returner,defense,season,0.26752730612431624,0.14920098577115007,previous league state,1.083363835020993,0.04637454679906794,0.6655892418821784,4.4281914091467405
eng-championship,2024-2025,derby-county,current,outside->eng-championship,3.0,recent_returner,attack,entry,-0.08337727928365325,0.15908822415457952,previous league state,0.0648281561595628,0.07176086604500795,0.021964851094913286,-0.13408396988739002
eng-championship,2024-2025,derby-county,current,outside->eng-championship,3.0,recent_returner,attack,season,-0.08337727928365325,0.15908822415457952,previous league state,-0.14020169028073193,0.018998085100734766,0.003229013685164916,-0.6029271252061825
eng-championship,2024-2025,derby-county,current,outside->eng-championship,3.0,recent_returner,defense,entry,-0.06033081871655839,0.15887021294936965,previous league state,-0.09195603127154597,0.07190083682856124,0.0010001540691481443,-0.24171152286683614
eng-championship,2024-2025,derby-county,current,outside->eng-championship,3.0,recent_returner,defense,season,-0.06033081871655839,0.15887021294936965,previous league state,-0.027663607660466324,0.016630433167110506,0.0010671466781832636,-0.6549086764608405
eng-championship,2024-2025,luton-town,current,eng-premier-league->eng-championship,2.0,recent_returner,attack,entry,0.03450428361383027,0.14504815682416924,previous league state,-0.09819722582692916,0.08265694312415613,0.017609690607855964,-0.12929751897398298
eng-championship,2024-2025,luton-town,current,eng-premier-league->eng-championship,2.0,recent_returner,attack,season,0.03450428361383027,0.14504815682416924,previous league state,-0.19245739703585082,0.020119861863845276,0.051511604483327825,-0.05045372120547886
eng-championship,2024-2025,luton-town,current,eng-premier-league->eng-championship,2.0,recent_returner,defense,entry,0.08916491326470383,0.14542286378220667,previous league state,-0.2528674440402564,0.06350362495815372,0.11698613344358798,0.3753192281400496
eng-championship,2024-2025,luton-town,current,eng-premier-league->eng-championship,2.0,recent_returner,defense,season,0.08916491326470383,0.14542286378220667,previous league state,-0.22891033737296496,0.013804878563759225,0.10117186506821582,0.6893273195573066
eng-championship,2024-2025,oxford-united,current,outside->eng-championship,,no_target_history,attack,entry,-0.002117018457514674,0.40015379483459884,league population,0.16836027929476755,0.06742342848336468,0.029062509048920285,0.24259877071211802
eng-championship,2024-2025,oxford-united,current,outside->eng-championship,,no_target_history,attack,season,-0.002117018457514674,0.40015379483459884,league population,-0.11400956389702858,0.01866539877406811,0.012519941724933684,0.09317583143955821
eng-championship,2024-2025,oxford-united,current,outside->eng-championship,,no_target_history,defense,entry,0.002117018457514674,0.40015379483459884,league population,-0.013660720010092083,0.07700399461616231,0.0002489370311521981,0.1998838413730981
eng-championship,2024-2025,oxford-united,current,outside->eng-championship,,no_target_history,defense,season,0.002117018457514674,0.40015379483459884,league population,-0.17335429850567327,0.014564693441401193,0.030790183076795565,0.13469014725415848
eng-championship,2024-2025,portsmouth,current,outside->eng-championship,13.0,stale_history,attack,entry,-0.010554391225578514,0.18765276590882266,previous league state,0.031023240483876065,0.08354933091543804,0.0017286994585670433,-0.13909666343637356
eng-championship,2024-2025,portsmouth,current,outside->eng-championship,13.0,stale_history,attack,season,-0.010554391225578514,0.18765276590882266,previous league state,0.05306385426843033,0.016079049632197067,0.004047281159735976,-0.5267128928528461
eng-championship,2024-2025,portsmouth,current,outside->eng-championship,13.0,stale_history,defense,entry,-0.006304796272009532,0.18765268194436377,previous league state,-0.4913025476316434,0.04649282004242839,0.23522281882390123,1.1060670219907822
eng-championship,2024-2025,portsmouth,current,outside->eng-championship,13.0,stale_history,defense,season,-0.006304796272009532,0.18765268194436377,previous league state,-0.26641868527748097,0.01346712135197836,0.06765923525355072,0.10263115850198856
eng-championship,2024-2025,sheffield-united,current,eng-premier-league->eng-championship,2.0,recent_returner,attack,entry,0.1444747236279649,0.14446453084609273,previous league state,-0.0457870776206598,0.07665309835659098,0.03619955301437116,-0.05929971118178601
eng-championship,2024-2025,sheffield-united,current,eng-premier-league->eng-championship,2.0,recent_returner,attack,season,0.1444747236279649,0.14446453084609273,previous league state,0.10822036559318306,0.014905219219239174,0.0013143784765141508,-0.7279414136720177
eng-championship,2024-2025,sheffield-united,current,eng-premier-league->eng-championship,2.0,recent_returner,defense,entry,0.17268613466487245,0.14624038080189372,previous league state,0.7409435210854786,0.14834718565316987,0.322916457221578,0.9834213506372635
eng-championship,2024-2025,sheffield-united,current,eng-premier-league->eng-championship,2.0,recent_returner,defense,season,0.17268613466487245,0.14624038080189372,previous league state,0.38182015394854474,0.02447265883539276,0.04373703802174341,-0.14528913706844415
eng-championship,2024-2025,burnley,population,eng-premier-league->eng-championship,2.0,recent_returner,attack,entry,-0.005745299501927801,0.4001686090013536,eng-premier-league->eng-championship population,0.17015875119880436,0.05941826694718411,0.030942235052925756,0.23132451799231862
eng-championship,2024-2025,burnley,population,eng-premier-league->eng-championship,2.0,recent_returner,attack,season,-0.005745299501927801,0.4001686090013536,eng-premier-league->eng-championship population,0.18326883521764847,0.013723599999386,0.03572634312379013,0.1469272644427715
eng-championship,2024-2025,burnley,population,eng-premier-league->eng-championship,2.0,recent_returner,defense,entry,0.005745299501927801,0.4001686090013536,eng-premier-league->eng-championship population,0.8946544369152245,0.16964522869016857,0.7901594545768512,1.5622834391084988
eng-championship,2024-2025,burnley,population,eng-premier-league->eng-championship,2.0,recent_returner,defense,season,0.005745299501927801,0.4001686090013536,eng-premier-league->eng-championship population,1.083363835020993,0.04637454679906794,1.1612617080942549,2.9418768635075
eng-championship,2024-2025,derby-county,population,outside->eng-championship,3.0,recent_returner,attack,entry,-0.005745299501927801,0.4001686090013536,outside->eng-championship population,0.0648281561595628,0.07176086604500795,0.004980612644004381,0.19894382369490465
eng-championship,2024-2025,derby-county,population,outside->eng-championship,3.0,recent_returner,attack,season,-0.005745299501927801,0.4001686090013536,outside->eng-championship population,-0.14020169028073193,0.018998085100734766,0.01807852102126248,0.10958633747431121
eng-championship,2024-2025,derby-county,population,outside->eng-championship,3.0,recent_returner,defense,entry,0.005745299501927801,0.4001686090013536,outside->eng-championship population,-0.09195603127154597,0.07190083682856124,0.009545550034907733,0.2090757626170545
eng-championship,2024-2025,derby-county,population,outside->eng-championship,3.0,recent_returner,defense,season,0.005745299501927801,0.4001686090013536,outside->eng-championship population,-0.027663607660466324,0.016630433167110506,0.0011161550777854697,0.055629629669628464
eng-championship,2024-2025,luton-town,population,eng-premier-league->eng-championship,2.0,recent_returner,attack,entry,-0.005745299501927801,0.4001686090013536,eng-premier-league->eng-championship population,-0.09819722582692916,0.08265694312415613,0.00854735868120348,0.2287653926373826
eng-championship,2024-2025,luton-town,population,eng-premier-league->eng-championship,2.0,recent_returner,attack,season,-0.005745299501927801,0.4001686090013536,eng-premier-league->eng-championship population,-0.19245739703585082,0.020119861863845276,0.034861407365517176,0.15894690405762602
eng-championship,2024-2025,luton-town,population,eng-premier-league->eng-championship,2.0,recent_returner,defense,entry,0.005745299501927801,0.4001686090013536,eng-premier-league->eng-championship population,-0.2528674440402564,0.06350362495815372,0.06688055112241555,0.31960467083326694
eng-championship,2024-2025,luton-town,population,eng-premier-league->eng-championship,2.0,recent_returner,defense,season,0.005745299501927801,0.4001686090013536,eng-premier-league->eng-championship population,-0.22891033737296496,0.013804878563759225,0.05506326791716153,0.20269805696908647
eng-championship,2024-2025,oxford-united,population,outside->eng-championship,,no_target_history,attack,entry,-0.005745299501927801,0.4001686090013536,outside->eng-championship population,0.16836027929476755,0.06742342848336468,0.030312752568132297,0.24536857831042624
eng-championship,2024-2025,oxford-united,population,outside->eng-championship,,no_target_history,attack,season,-0.005745299501927801,0.4001686090013536,outside->eng-championship population,-0.11400956389702858,0.01866539877406811,0.011721150945012287,0.09097291439623234
eng-championship,2024-2025,oxford-united,population,outside->eng-championship,,no_target_history,defense,entry,0.005745299501927801,0.4001686090013536,outside->eng-championship population,-0.013660720010092083,0.07700399461616231,0.00037659359330089647,0.20017797387405978
eng-championship,2024-2025,oxford-united,population,outside->eng-championship,,no_target_history,defense,season,0.005745299501927801,0.4001686090013536,outside->eng-championship population,-0.17335429850567327,0.014564693441401193,0.03207666600648431,0.13840008601592318
eng-championship,2024-2025,portsmouth,population,outside->eng-championship,13.0,stale_history,attack,entry,-0.005745299501927801,0.4001686090013536,outside->eng-championship population,0.031023240483876065,0.08354933091543804,0.0013519255326876578,0.21577148044472091
eng-championship,2024-2025,portsmouth,population,outside->eng-championship,13.0,stale_history,attack,season,-0.005745299501927801,0.4001686090013536,outside->eng-championship population,0.05306385426843033,0.016079049632197067,0.0034585165671856275,0.06072377879218676
eng-championship,2024-2025,portsmouth,population,outside->eng-championship,13.0,stale_history,defense,entry,0.005745299501927801,0.4001686090013536,outside->eng-championship population,-0.4913025476316434,0.04649282004242839,0.24705656234011797,0.7283503978815833
eng-championship,2024-2025,portsmouth,population,outside->eng-championship,13.0,stale_history,defense,season,0.005745299501927801,0.4001686090013536,outside->eng-championship population,-0.26641868527748097,0.01346712135197836,0.07407323461100626,0.2567857281020452
eng-championship,2024-2025,sheffield-united,population,eng-premier-league->eng-championship,2.0,recent_returner,attack,entry,-0.005745299501927801,0.4001686090013536,eng-premier-league->eng-championship population,-0.0457870776206598,0.07665309835659098,0.0016033439949097645,0.2020291468193938
eng-championship,2024-2025,sheffield-united,population,eng-premier-league->eng-championship,2.0,recent_returner,attack,season,-0.005745299501927801,0.4001686090013536,eng-premier-league->eng-championship population,0.10822036559318306,0.014905219219239174,0.01298817282057097,0.08466909501193369
eng-championship,2024-2025,sheffield-united,population,eng-premier-league->eng-championship,2.0,recent_returner,defense,entry,0.005745299501927801,0.4001686090013536,eng-premier-league->eng-championship population,0.7409435210854786,0.14834718565316987,0.5405164250196158,1.2069832214998315
eng-championship,2024-2025,sheffield-united,population,eng-premier-league->eng-championship,2.0,recent_returner,defense,season,0.005745299501927801,0.4001686090013536,eng-premier-league->eng-championship population,0.38182015394854474,0.02447265883539276,0.1414322961470441,0.45723907770904304
eng-championship,2024-2025,burnley,transition,eng-premier-league->eng-championship,2.0,recent_returner,attack,entry,0.15680114404792028,0.17297557627677507,transition entry prior,0.17015875119880436,0.05941826694718411,0.0001784256687973494,-0.28772247966970266
eng-championship,2024-2025,burnley,transition,eng-premier-league->eng-championship,2.0,recent_returner,attack,season,0.15680114404792028,0.17297557627677507,transition entry prior,0.18326883521764847,0.013723599999386,0.0007005386758561076,-0.6388789064850954
eng-championship,2024-2025,burnley,transition,eng-premier-league->eng-championship,2.0,recent_returner,defense,entry,0.09597459635491673,0.16442484726745155,transition entry prior,0.8946544369152245,0.16964522869016857,0.6378894877174386,1.727488578986771
eng-championship,2024-2025,burnley,transition,eng-premier-league->eng-championship,2.0,recent_returner,defense,season,0.09597459635491673,0.16442484726745155,transition entry prior,1.083363835020993,0.04637454679906794,0.9749375086335738,6.253443521304526
eng-championship,2024-2025,derby-county,transition,outside->eng-championship,3.0,recent_returner,attack,entry,-0.0720646245927631,0.17586363256775023,transition entry prior,0.0648281561595628,0.07176086604500795,0.018739633422104374,-0.12784246941395586
eng-championship,2024-2025,derby-county,transition,outside->eng-championship,3.0,recent_returner,attack,season,-0.0720646245927631,0.17586363256775023,transition entry prior,-0.14020169028073193,0.018998085100734766,0.004642659720566579,-0.5331718115043242
eng-championship,2024-2025,derby-county,transition,outside->eng-championship,3.0,recent_returner,defense,entry,-0.09549308821738335,0.0880155872719828,transition entry prior,-0.09195603127154597,0.07190083682856124,1.2510771838096436e-05,-0.34605473878923326
eng-championship,2024-2025,derby-county,transition,outside->eng-championship,3.0,recent_returner,defense,season,-0.09549308821738335,0.0880155872719828,transition entry prior,-0.027663607660466324,0.016630433167110506,0.004600838432621185,-0.8437477025289813
eng-championship,2024-2025,luton-town,transition,eng-premier-league->eng-championship,2.0,recent_returner,attack,entry,0.15680114404792028,0.17297557627677507,transition entry prior,-0.09819722582692916,0.08265694312415613,0.06502416863883054,0.11567917324319835
eng-championship,2024-2025,luton-town,transition,eng-premier-league->eng-championship,2.0,recent_returner,attack,season,0.15680114404792028,0.17297557627677507,transition entry prior,-0.19245739703585082,0.020119861863845276,0.12198152851996422,0.6403065332234904
eng-championship,2024-2025,luton-town,transition,eng-premier-league->eng-championship,2.0,recent_returner,defense,entry,0.09597459635491673,0.16442484726745155,transition entry prior,-0.2528674440402564,0.06350362495815372,0.12169076914706761,0.38998603221040645
eng-championship,2024-2025,luton-town,transition,eng-premier-league->eng-championship,2.0,recent_returner,defense,season,0.09597459635491673,0.16442484726745155,transition entry prior,-0.22891033737296496,0.013804878563759225,0.10555022016337008,0.6121246545408588
eng-championship,2024-2025,oxford-united,transition,outside->eng-championship,,no_target_history,attack,entry,-0.0720646245927631,0.17586363256775023,transition entry prior,0.16836027929476755,0.06742342848336468,0.05780413440932834,0.05319971536709078
eng-championship,2024-2025,oxford-united,transition,outside->eng-championship,,no_target_history,attack,season,-0.0720646245927631,0.17586363256775023,transition entry prior,-0.11400956389702858,0.01866539877406811,0.0017593779332385159,-0.5652720452350498
eng-championship,2024-2025,oxford-united,transition,outside->eng-championship,,no_target_history,defense,entry,-0.09549308821738335,0.0880155872719828,transition entry prior,-0.013660720010092083,0.07700399461616231,0.006696536486413695,-0.27557463214021966
eng-championship,2024-2025,oxford-united,transition,outside->eng-championship,,no_target_history,defense,season,-0.09549308821738335,0.0880155872719828,transition entry prior,-0.17335429850567327,0.014564693441401193,0.006062368067557304,-0.8465315393566575
eng-championship,2024-2025,portsmouth,transition,outside->eng-championship,13.0,stale_history,attack,entry,-0.0720646245927631,0.17586363256775023,transition entry prior,0.031023240483876065,0.08354933091543804,0.010627107926059361,-0.11833485346113189
eng-championship,2024-2025,portsmouth,transition,outside->eng-championship,13.0,stale_history,attack,season,-0.0720646245927631,0.17586363256775023,transition entry prior,0.05306385426843033,0.016079049632197067,0.015657136222116133,-0.44324989331209463
eng-championship,2024-2025,portsmouth,transition,outside->eng-championship,13.0,stale_history,defense,entry,-0.09549308821738335,0.0880155872719828,transition entry prior,-0.4913025476316434,0.04649282004242839,0.15666512816180878,0.9059622524849177
eng-championship,2024-2025,portsmouth,transition,outside->eng-championship,13.0,stale_history,defense,season,-0.09549308821738335,0.0880155872719828,transition entry prior,-0.26641868527748097,0.01346712135197836,0.029215559730350858,-0.3190157453551089
eng-championship,2024-2025,sheffield-united,transition,eng-premier-league->eng-championship,2.0,recent_returner,attack,entry,0.15680114404792028,0.17297557627677507,transition entry prior,-0.0457870776206598,0.07665309835659098,0.04104198755883774,-0.007968735101219732
eng-championship,2024-2025,sheffield-united,transition,eng-premier-league->eng-championship,2.0,recent_returner,attack,season,0.15680114404792028,0.17297557627677507,transition entry prior,0.10822036559318306,0.014905219219239174,0.0023600920352682604,-0.6072223459869579
eng-championship,2024-2025,sheffield-united,transition,eng-premier-league->eng-championship,2.0,recent_returner,defense,entry,0.09597459635491673,0.16442484726745155,transition entry prior,0.7409435210854786,0.14834718565316987,0.4159849138680972,1.2344809078483125
eng-championship,2024-2025,sheffield-united,transition,eng-premier-league->eng-championship,2.0,recent_returner,defense,season,0.09597459635491673,0.16442484726745155,transition entry prior,0.38182015394854474,0.02447265883539276,0.08170768279601211,0.22908364957164318
eng-championship,2024-2025,burnley,source,eng-premier-league->eng-championship,2.0,recent_returner,attack,entry,0.15349699450781362,0.17416325011958578,source entry prior,0.17015875119880436,0.05941826694718411,0.0002776141360297746,-0.28487236083723333
eng-championship,2024-2025,burnley,source,eng-premier-league->eng-championship,2.0,recent_returner,attack,season,0.15349699450781362,0.17416325011958578,source entry prior,0.18326883521764847,0.013723599999386,0.0008863624992517797,-0.6321439646937587
eng-championship,2024-2025,burnley,source,eng-premier-league->eng-championship,2.0,recent_returner,defense,entry,0.11673110512099388,0.13199259377842024,source entry prior,0.8946544369152245,0.16964522869016857,0.6051647101498367,1.6983006059526213
eng-championship,2024-2025,burnley,source,eng-premier-league->eng-championship,2.0,recent_returner,defense,season,0.11673110512099388,0.13199259377842024,source entry prior,1.083363835020993,0.04637454679906794,0.9343788345139249,6.866020138096598
eng-championship,2024-2025,derby-county,source,outside->eng-championship,3.0,recent_returner,attack,entry,-0.07268603316012329,0.17586375419172712,source entry prior,0.0648281561595628,0.07176086604500795,0.018910152264250468,-0.12701203023943408
eng-championship,2024-2025,derby-county,source,outside->eng-championship,3.0,recent_returner,attack,season,-0.07268603316012329,0.17586375419172712,source entry prior,-0.14020169028073193,0.018998085100734766,0.004558363956427593,-0.5340156275389933
eng-championship,2024-2025,derby-county,source,outside->eng-championship,3.0,recent_returner,defense,entry,-0.09487167965002316,0.08801583028816796,source entry prior,-0.09195603127154597,0.07190083682856124,8.50100546691665e-06,-0.34607964219774534
eng-championship,2024-2025,derby-county,source,outside->eng-championship,3.0,recent_returner,defense,season,-0.09487167965002316,0.08801583028816796,source entry prior,-0.027663607660466324,0.016630433167110506,0.004516924940553454,-0.8454681363790788
eng-championship,2024-2025,luton-town,source,eng-premier-league->eng-championship,2.0,recent_returner,attack,entry,0.17504327766801248,0.17642063769370417,source entry prior,-0.09819722582692916,0.08265694312415613,0.07466037275016923,0.1602869962367031
eng-championship,2024-2025,luton-town,source,eng-premier-league->eng-championship,2.0,recent_returner,attack,season,0.17504327766801248,0.17642063769370417,source entry prior,-0.19245739703585082,0.020119861863845276,0.13505674590779473,0.7511395808557271
eng-championship,2024-2025,luton-town,source,eng-premier-league->eng-championship,2.0,recent_returner,defense,entry,0.06321214205793999,0.1308529129622003,source entry prior,-0.2528674440402564,0.06350362495815372,0.09990630474800716,0.27953761836027297
eng-championship,2024-2025,luton-town,source,eng-premier-league->eng-championship,2.0,recent_returner,defense,season,0.06321214205793999,0.1308529129622003,source entry prior,-0.22891033737296496,0.013804878563759225,0.0853355429888595,0.560493880853053
eng-championship,2024-2025,oxford-united,source,outside->eng-championship,,no_target_history,attack,entry,-0.07268603316012329,0.17586375419172712,source entry prior,0.16836027929476755,0.06742342848336468,0.05810332474810086,0.05472083100828393
eng-championship,2024-2025,oxford-united,source,outside->eng-championship,,no_target_history,attack,season,-0.07268603316012329,0.17586375419172712,source entry prior,-0.11400956389702858,0.01866539877406811,0.001707634192563957,-0.5657933083312494
eng-championship,2024-2025,oxford-united,source,outside->eng-championship,,no_target_history,defense,entry,-0.09487167965002316,0.08801583028816796,source entry prior,-0.013660720010092083,0.07700399461616231,0.006595219965638515,-0.2761721317809838
eng-championship,2024-2025,oxford-united,source,outside->eng-championship,,no_target_history,defense,season,-0.09487167965002316,0.08801583028816796,source entry prior,-0.17335429850567327,0.014564693441401193,0.006159521462441246,-0.8443536347399649
eng-championship,2024-2025,portsmouth,source,outside->eng-championship,13.0,stale_history,attack,entry,-0.07268603316012329,0.17586375419172712,source entry prior,0.031023240483876065,0.08354933091543804,0.010755613439765938,-0.11777341368715202
eng-championship,2024-2025,portsmouth,source,outside->eng-championship,13.0,stale_history,attack,season,-0.07268603316012329,0.17586375419172712,source entry prior,0.05306385426843033,0.016079049632197067,0.015813034188293905,-0.4415913516883302
eng-championship,2024-2025,portsmouth,source,outside->eng-championship,13.0,stale_history,defense,entry,-0.09487167965002316,0.08801583028816796,source entry prior,-0.4913025476316434,0.04649282004242839,0.1571574330886608,0.9104997498671089
eng-championship,2024-2025,portsmouth,source,outside->eng-championship,13.0,stale_history,defense,season,-0.09487167965002316,0.08801583028816796,source entry prior,-0.26641868527748097,0.01346712135197836,0.02942837513974704,-0.3140001848929881
eng-championship,2024-2025,sheffield-united,source,eng-premier-league->eng-championship,2.0,recent_returner,attack,entry,0.14168797516165357,0.17594427791320405,source entry prior,-0.0457870776206598,0.07665309835659098,0.035146895415731176,-0.03237709286750662
eng-championship,2024-2025,sheffield-united,source,eng-premier-league->eng-championship,2.0,recent_returner,attack,season,0.14168797516165357,0.17594427791320405,source entry prior,0.10822036559318306,0.014905219219239174,0.0011200808902275792,-0.6099134037279481
eng-championship,2024-2025,sheffield-united,source,eng-premier-league->eng-championship,2.0,recent_returner,defense,entry,-0.04341283792389841,0.13664698030810385,source entry prior,0.7409435210854786,0.14834718565316987,0.6152148979184466,1.8658612320000103
eng-championship,2024-2025,sheffield-united,source,eng-premier-league->eng-championship,2.0,recent_returner,defense,season,-0.04341283792389841,0.13664698030810385,source entry prior,0.38182015394854474,0.02447265883539276,0.18082309737678928,1.442869929196457
eng-championship,2024-2025,burnley,memory,eng-premier-league->eng-championship,2.0,recent_returner,attack,entry,0.22005343036015568,0.195081154348793,memory entry prior,0.17015875119880436,0.05941826694718411,0.0024894790086141855,-0.23237168675790104
eng-championship,2024-2025,burnley,memory,eng-premier-league->eng-championship,2.0,recent_returner,attack,season,0.22005343036015568,0.195081154348793,memory entry prior,0.18326883521764847,0.013723599999386,0.0013531064397981647,-0.5483687866559098
eng-championship,2024-2025,burnley,memory,eng-premier-league->eng-championship,2.0,recent_returner,defense,entry,0.1295312154520205,0.14518717146282706,memory entry prior,0.8946544369152245,0.16964522869016857,0.5854135440222311,1.6251855141107834
eng-championship,2024-2025,burnley,memory,eng-premier-league->eng-championship,2.0,recent_returner,defense,season,0.1295312154520205,0.14518717146282706,memory entry prior,1.083363835020993,0.04637454679906794,0.9097966661538084,6.314627010315899
eng-championship,2024-2025,derby-county,memory,outside->eng-championship,3.0,recent_returner,attack,entry,-0.070933839007041,0.17283102232303543,memory entry prior,0.0648281561595628,0.07176086604500795,0.018431319331616958,-0.1335854335690092
eng-championship,2024-2025,derby-county,memory,outside->eng-championship,3.0,recent_returner,attack,season,-0.070933839007041,0.17283102232303543,memory entry prior,-0.14020169028073193,0.018998085100734766,0.0047980352200741655,-0.5412799498183631
eng-championship,2024-2025,derby-county,memory,outside->eng-championship,3.0,recent_returner,defense,entry,-0.08097558964473281,0.09222664579468776,memory entry prior,-0.09195603127154597,0.07190083682856124,0.00012057009831985133,-0.34064127834317437
eng-championship,2024-2025,derby-county,memory,outside->eng-championship,3.0,recent_returner,defense,season,-0.08097558964473281,0.09222664579468776,memory entry prior,-0.027663607660466324,0.016630433167110506,0.002842167423090754,-0.8662494662514261
eng-championship,2024-2025,luton-town,memory,eng-premier-league->eng-championship,2.0,recent_returner,attack,entry,0.1612961170729406,0.1781083631166076,memory entry prior,-0.09819722582692916,0.08265694312415613,0.06733679500934939,0.12917880655058234
eng-championship,2024-2025,luton-town,memory,eng-premier-league->eng-championship,2.0,recent_returner,attack,season,0.1612961170729406,0.1781083631166076,memory entry prior,-0.19245739703585082,0.020119861863845276,0.12514154874431888,0.6461064590635331
eng-championship,2024-2025,luton-town,memory,eng-premier-league->eng-championship,2.0,recent_returner,defense,entry,0.07298696170398355,0.13991868156737816,memory entry prior,-0.2528674440402564,0.06350362495815372,0.10618109374293176,0.3139906613303086
eng-championship,2024-2025,luton-town,memory,eng-premier-league->eng-championship,2.0,recent_returner,defense,season,0.07298696170398355,0.13991868156737816,memory entry prior,-0.22891033737296496,0.013804878563759225,0.09114197918995649,0.58420289175243
eng-championship,2024-2025,oxford-united,memory,outside->eng-championship,,no_target_history,attack,entry,-0.052585560033846616,0.17127471408239445,memory entry prior,0.16836027929476755,0.06742342848336468,0.04881706391662579,0.003432278615823875
eng-championship,2024-2025,oxford-united,memory,outside->eng-championship,,no_target_history,attack,season,-0.052585560033846616,0.17127471408239445,memory entry prior,-0.11400956389702858,0.01866539877406811,0.0037729082505841933,-0.5600333801397913
eng-championship,2024-2025,oxford-united,memory,outside->eng-championship,,no_target_history,defense,entry,-0.08422125856023377,0.0895957002628614,memory entry prior,-0.013660720010092083,0.07700399461616231,0.0049787896004860315,-0.2841527114832424
eng-championship,2024-2025,oxford-united,memory,outside->eng-championship,,no_target_history,defense,season,-0.08422125856023377,0.0895957002628614,memory entry prior,-0.17335429850567327,0.014564693441401193,0.007944698809915314,-0.8003100719717559
eng-championship,2024-2025,portsmouth,memory,outside->eng-championship,13.0,stale_history,attack,entry,-0.05272797049519082,0.17114830633747943,memory entry prior,0.031023240483876065,0.08354933091543804,0.007014265340460172,-0.14086862124605862
eng-championship,2024-2025,portsmouth,memory,outside->eng-championship,13.0,stale_history,attack,season,-0.05272797049519082,0.17114830633747943,memory entry prior,0.05306385426843033,0.016079049632197067,0.011191910186816725,-0.5041665558207871
eng-championship,2024-2025,portsmouth,memory,outside->eng-championship,13.0,stale_history,defense,entry,-0.08430113111086326,0.09004569418515679,memory entry prior,-0.4913025476316434,0.04649282004242839,0.16565015304992156,0.9820011267769921
eng-championship,2024-2025,portsmouth,memory,outside->eng-championship,13.0,stale_history,defense,season,-0.08430113111086326,0.09004569418515679,memory entry prior,-0.26641868527748097,0.01346712135197836,0.03316680353563094,-0.23053611452391665
eng-championship,2024-2025,sheffield-united,memory,eng-premier-league->eng-championship,2.0,recent_returner,attack,entry,0.1687694770508329,0.18001357876418558,memory entry prior,-0.0457870776206598,0.07665309835659098,0.04603451515250124,0.0220559804953378
eng-championship,2024-2025,sheffield-united,memory,eng-premier-league->eng-championship,2.0,recent_returner,attack,season,0.1687694770508329,0.18001357876418558,memory entry prior,0.10822036559318306,0.014905219219239174,0.003666194898310903,-0.5678306995711198
eng-championship,2024-2025,sheffield-united,memory,eng-premier-league->eng-championship,2.0,recent_returner,defense,entry,-0.03118415592048135,0.14574280537653334,memory entry prior,0.7409435210854786,0.14834718565316987,0.59618114959862,1.789479646298346
eng-championship,2024-2025,sheffield-united,memory,eng-premier-league->eng-championship,2.0,recent_returner,defense,season,-0.03118415592048135,0.14574280537653334,memory entry prior,0.38182015394854474,0.02447265883539276,0.17057255997039053,1.2419234550854596
eng-championship,2025-2026,birmingham-city,current,outside->eng-championship,2.0,recent_returner,attack,entry,-0.11394903887346046,0.14517206078181194,previous league state,-0.23360139631135837,0.08901864724596316,0.014316686640446484,-0.11925322878005566
eng-championship,2025-2026,birmingham-city,current,outside->eng-championship,2.0,recent_returner,attack,season,-0.11394903887346046,0.14517206078181194,previous league state,-0.024499539517664336,0.016264544866402338,0.008001212935002572,-0.6177721217273252
eng-championship,2025-2026,birmingham-city,current,outside->eng-championship,2.0,recent_returner,defense,entry,-0.09445539928445841,0.1440306887313925,previous league state,-0.07441064053078683,0.06699902937940416,0.0004017923534928934,-0.29543853755571775
eng-championship,2025-2026,birmingham-city,current,outside->eng-championship,2.0,recent_returner,defense,season,-0.09445539928445841,0.1440306887313925,previous league state,0.057530054961836365,0.01649096812285839,0.023099578302452566,-0.4161240396948833
eng-championship,2025-2026,charlton-athletic,current,outside->eng-championship,6.0,stale_history,attack,entry,-0.061570032633680584,0.17820493126436301,previous league state,-0.2797510948020566,0.08865443852398665,0.04760297588892077,0.058186151488555965
eng-championship,2025-2026,charlton-athletic,current,outside->eng-championship,6.0,stale_history,attack,season,-0.061570032633680584,0.17820493126436301,previous league state,-0.27104695672823603,0.02044123099266074,0.043880581728116146,-0.13708847744902447
eng-championship,2025-2026,charlton-athletic,current,outside->eng-championship,6.0,stale_history,defense,entry,-0.061170036341588956,0.1781732364002837,previous league state,0.2653433387082182,0.09741515378538124,0.10661098408641603,0.30829642659431367
eng-championship,2025-2026,charlton-athletic,current,outside->eng-championship,6.0,stale_history,defense,season,-0.061170036341588956,0.1781732364002837,previous league state,0.032331026920871364,0.015972649551578542,0.008742448831210609,-0.5106763966925737
eng-championship,2025-2026,ipswich-town,current,eng-premier-league->eng-championship,2.0,recent_returner,attack,entry,0.1795544809534224,0.14555696371390736,previous league state,0.22712773856160823,0.059620080831298425,0.0022632148394548094,-0.32490401762400656
eng-championship,2025-2026,ipswich-town,current,eng-premier-league->eng-championship,2.0,recent_returner,attack,season,0.1795544809534224,0.14555696371390736,previous league state,0.30046537606994805,0.011998182804711781,0.014619444557879464,-0.5636181394757949
eng-championship,2025-2026,ipswich-town,current,eng-premier-league->eng-championship,2.0,recent_returner,defense,entry,0.10536016954438293,0.14689956372671004,previous league state,-0.0015981563811525267,0.07143672621856105,0.01144008348479307,-0.20705711947477656
eng-championship,2025-2026,ipswich-town,current,eng-premier-league->eng-championship,2.0,recent_returner,defense,season,0.10536016954438293,0.14689956372671004,previous league state,0.21000316083757234,0.019279617800125326,0.010950155626786515,-0.545875346109097
eng-championship,2025-2026,leicester-city,current,eng-premier-league->eng-championship,2.0,recent_returner,attack,entry,0.24298791445520607,0.14565027986199416,previous league state,0.07046398783862584,0.06698131805204229,0.029764505255203157,-0.12642017165451358
eng-championship,2025-2026,leicester-city,current,eng-premier-league->eng-championship,2.0,recent_returner,attack,season,0.24298791445520607,0.14565027986199416,previous league state,0.0005083293671698931,0.016024380796837455,0.05879634918446618,0.06318984072228662
eng-championship,2025-2026,leicester-city,current,eng-premier-league->eng-championship,2.0,recent_returner,defense,entry,0.22144824915393746,0.1487190086451175,previous league state,0.2435223795868801,0.09762266952164649,0.00048726723437056494,-0.14024300061445436
eng-championship,2025-2026,leicester-city,current,eng-premier-league->eng-championship,2.0,recent_returner,defense,season,0.22144824915393746,0.1487190086451175,previous league state,-0.13179850512044208,0.01386218076389284,0.1247832694053839,0.99062315725275
eng-championship,2025-2026,southampton,current,eng-premier-league->eng-championship,2.0,recent_returner,attack,entry,0.15615855409442317,0.14594092971717418,previous league state,-0.12281732319944624,0.08248907604062457,0.07782754011188409,0.16117102545258374
eng-championship,2025-2026,southampton,current,eng-premier-league->eng-championship,2.0,recent_returner,attack,season,0.15615855409442317,0.14594092971717418,previous league state,0.33101767880577565,0.011740790174805846,0.03057571349482032,-0.32337261664689276
eng-championship,2025-2026,southampton,current,eng-premier-league->eng-championship,2.0,recent_returner,defense,entry,0.07244973746966857,0.14726650977440048,previous league state,0.12038274386225016,0.07621728874241894,0.0022975731018312676,-0.23120803777577423
eng-championship,2025-2026,southampton,current,eng-premier-league->eng-championship,2.0,recent_returner,defense,season,0.07244973746966857,0.14726650977440048,previous league state,0.04038806176478811,0.016512351978843008,0.0010279510490049217,-0.700069333657345
eng-championship,2025-2026,wrexham,current,outside->eng-championship,,no_target_history,attack,entry,0.0003748981192100867,0.40015146361456516,league population,0.05838397987265241,0.06692716495009199,0.0033650535658775555,0.18505284183633527
eng-championship,2025-2026,wrexham,current,outside->eng-championship,,no_target_history,attack,season,0.0003748981192100867,0.40015146361456516,league population,0.167608805247765,0.013716860731331649,0.027967179693482128,0.12456329256029391
eng-championship,2025-2026,wrexham,current,outside->eng-championship,,no_target_history,defense,entry,-0.0003748981192100867,0.40015146361456516,league population,-0.22561861549363055,0.05961471705440347,0.050734732216647795,0.2767188939224694
eng-championship,2025-2026,wrexham,current,outside->eng-championship,,no_target_history,defense,season,-0.0003748981192100867,0.40015146361456516,league population,-0.09533582833600263,0.014443420460058013,0.009017578267638543,0.0720371407108852
eng-championship,2025-2026,birmingham-city,population,outside->eng-championship,2.0,recent_returner,attack,entry,0.0008619227812762093,0.40016568658689095,outside->eng-championship population,-0.23360139631135837,0.08901864724596316,0.05497304799993458,0.3344115584386872
eng-championship,2025-2026,birmingham-city,population,outside->eng-championship,2.0,recent_returner,attack,season,0.0008619227812762093,0.40016568658689095,outside->eng-championship population,-0.024499539517664336,0.016264544866402338,0.0006432037699405826,0.05325297635619503
eng-championship,2025-2026,birmingham-city,population,outside->eng-championship,2.0,recent_returner,defense,entry,-0.0008619227812762093,0.40016568658689095,outside->eng-championship population,-0.07441064053078683,0.06699902937940416,0.005409413882597179,0.189733804413997
eng-championship,2025-2026,birmingham-city,population,outside->eng-championship,2.0,recent_returner,defense,season,-0.0008619227812762093,0.40016568658689095,outside->eng-championship population,0.057530054961836365,0.01649096812285839,0.0034096230647521542,0.061723427433711675
eng-championship,2025-2026,charlton-athletic,population,outside->eng-championship,6.0,stale_history,attack,entry,0.0008619227812762093,0.40016568658689095,outside->eng-championship population,-0.2797510948020566,0.08865443852398665,0.07874366563722388,0.3816146544377542
eng-championship,2025-2026,charlton-athletic,population,outside->eng-championship,6.0,stale_history,attack,season,0.0008619227812762093,0.40016568658689095,outside->eng-championship population,-0.27104695672823603,0.02044123099266074,0.07393443875611845,0.2678515220225411
eng-championship,2025-2026,charlton-athletic,population,outside->eng-championship,6.0,stale_history,defense,entry,-0.0008619227812762093,0.40016568658689095,outside->eng-championship population,0.2653433387082182,0.09741515378538124,0.0708652412446901,0.37824033453693084
eng-championship,2025-2026,charlton-athletic,population,outside->eng-championship,6.0,stale_history,defense,season,-0.0008619227812762093,0.40016568658689095,outside->eng-championship population,0.032331026920871364,0.015972649551578542,0.0011017719099292989,0.053729903759517784
eng-championship,2025-2026,ipswich-town,population,eng-premier-league->eng-championship,2.0,recent_returner,attack,entry,0.0008619227812762093,0.40016568658689095,eng-premier-league->eng-championship population,0.22712773856160823,0.059620080831298425,0.05119621939073915,0.2777982161306787
eng-championship,2025-2026,ipswich-town,population,eng-premier-league->eng-championship,2.0,recent_returner,attack,season,0.0008619227812762093,0.40016568658689095,eng-premier-league->eng-championship population,0.30046537606994805,0.011998182804711781,0.08976222922249737,0.2999265942918229
eng-championship,2025-2026,ipswich-town,population,eng-premier-league->eng-championship,2.0,recent_returner,defense,entry,-0.0008619227812762093,0.40016568658689095,eng-premier-league->eng-championship population,-0.0015981563811525267,0.07143672621856105,5.420399135868415e-07,0.18750166081466324
eng-championship,2025-2026,ipswich-town,population,eng-premier-league->eng-championship,2.0,recent_returner,defense,season,-0.0008619227812762093,0.40016568658689095,eng-premier-league->eng-championship population,0.21000316083757234,0.019279617800125326,0.044464083489583986,0.18381985571686518
eng-championship,2025-2026,leicester-city,population,eng-premier-league->eng-championship,2.0,recent_returner,attack,entry,0.0008619227812762093,0.40016568658689095,eng-premier-league->eng-championship population,0.07046398783862584,0.06698131805204229,0.00484444746024753,0.18845194703788992
eng-championship,2025-2026,leicester-city,population,eng-premier-league->eng-championship,2.0,recent_returner,attack,season,0.0008619227812762093,0.40016568658689095,eng-premier-league->eng-championship population,0.0005083293671698931,0.016024380796837455,1.2502830249936082e-07,0.0507489494406375
eng-championship,2025-2026,leicester-city,population,eng-premier-league->eng-championship,2.0,recent_returner,defense,entry,-0.0008619227812762093,0.40016568658689095,eng-premier-league->eng-championship population,0.2435223795868801,0.09762266952164649,0.05972368724397045,0.3569196173205578
eng-championship,2025-2026,leicester-city,population,eng-premier-league->eng-championship,2.0,recent_returner,defense,season,-0.0008619227812762093,0.40016568658689095,eng-premier-league->eng-championship population,-0.13179850512044208,0.01386218076389284,0.017144388594661168,0.09384044724826923
eng-championship,2025-2026,southampton,population,eng-premier-league->eng-championship,2.0,recent_returner,attack,entry,0.0008619227812762093,0.40016568658689095,eng-premier-league->eng-championship population,-0.12281732319944624,0.08248907604062457,0.015296555886360051,0.24233599283757878
eng-championship,2025-2026,southampton,population,eng-premier-league->eng-championship,2.0,recent_returner,attack,season,0.0008619227812762093,0.40016568658689095,eng-premier-league->eng-championship population,0.33101767880577565,0.011740790174805846,0.10900282323610878,0.3555420122033348
eng-championship,2025-2026,southampton,population,eng-premier-league->eng-championship,2.0,recent_returner,defense,entry,-0.0008619227812762093,0.40016568658689095,eng-premier-league->eng-championship population,0.12038274386225016,0.07621728874241894,0.014700269189499836,0.22881602285403255
eng-championship,2025-2026,southampton,population,eng-premier-league->eng-championship,2.0,recent_returner,defense,season,-0.0008619227812762093,0.40016568658689095,eng-premier-league->eng-championship population,0.04038806176478811,0.016512351978843008,0.0017015612250505453,0.056948058263451645
eng-championship,2025-2026,wrexham,population,outside->eng-championship,,no_target_history,attack,entry,0.0008619227812762093,0.40016568658689095,outside->eng-championship population,0.05838397987265241,0.06692716495009199,0.003308787052023543,0.18495363436830736
eng-championship,2025-2026,wrexham,population,outside->eng-championship,,no_target_history,attack,season,0.0008619227812762093,0.40016568658689095,outside->eng-championship population,0.167608805247765,0.013716860731331649,0.027804522812293033,0.12412295490764641
eng-championship,2025-2026,wrexham,population,outside->eng-championship,,no_target_history,defense,entry,-0.0008619227812762093,0.40016568658689095,outside->eng-championship population,-0.22561861549363055,0.05961471705440347,0.05051557091899568,0.2762401478571153
eng-championship,2025-2026,wrexham,population,outside->eng-championship,,no_target_history,defense,season,-0.0008619227812762093,0.40016568658689095,outside->eng-championship population,-0.09533582833600263,0.014443420460058013,0.008925318830763366,0.07180382057981154
eng-championship,2025-2026,birmingham-city,transition,outside->eng-championship,2.0,recent_returner,attack,entry,-0.06797513806372091,0.16723327402924826,transition entry prior,-0.23360139631135837,0.08901864724596316,0.0274320574211131,-0.03666818661372692
eng-championship,2025-2026,birmingham-city,transition,outside->eng-championship,2.0,recent_returner,attack,season,-0.06797513806372091,0.16723327402924826,transition entry prior,-0.024499539517664336,0.016264544866402338,0.0018901276689378764,-0.6188540576134359
eng-championship,2025-2026,birmingham-city,transition,outside->eng-championship,2.0,recent_returner,defense,entry,-0.10332310317222212,0.08315861154620946,transition entry prior,-0.07441064053078683,0.06699902937940416,0.0008359304959923915,-0.3778306593298317
eng-championship,2025-2026,birmingham-city,transition,outside->eng-championship,2.0,recent_returner,defense,season,-0.10332310317222212,0.08315861154620946,transition entry prior,0.057530054961836365,0.01649096812285839,0.025873738481700423,-0.4057276955392538
eng-championship,2025-2026,charlton-athletic,transition,outside->eng-championship,6.0,stale_history,attack,entry,-0.06797513806372091,0.16723327402924826,transition entry prior,-0.2797510948020566,0.08865443852398665,0.04484905585243744,0.03681215192580098
eng-championship,2025-2026,charlton-athletic,transition,outside->eng-championship,6.0,stale_history,attack,season,-0.06797513806372091,0.16723327402924826,transition entry prior,-0.27104695672823603,0.02044123099266074,0.04123816353571371,-0.16916257508677923
eng-championship,2025-2026,charlton-athletic,transition,outside->eng-championship,6.0,stale_history,defense,entry,-0.10332310317222212,0.08315861154620946,transition entry prior,0.2653433387082182,0.09741515378538124,0.13591494536878407,0.4402100212489318
eng-championship,2025-2026,charlton-athletic,transition,outside->eng-championship,6.0,stale_history,defense,season,-0.10332310317222212,0.08315861154620946,transition entry prior,0.032331026920871364,0.015972649551578542,0.018402043011313932,-0.5676307221304164
eng-championship,2025-2026,ipswich-town,transition,eng-premier-league->eng-championship,2.0,recent_returner,attack,entry,0.1518985740119767,0.17122174100638532,transition entry prior,0.22712773856160823,0.059620080831298425,0.0056594271988355364,-0.25915810433306485
eng-championship,2025-2026,ipswich-town,transition,eng-premier-league->eng-championship,2.0,recent_returner,attack,season,0.1518985740119767,0.17122174100638532,transition entry prior,0.30046537606994805,0.011998182804711781,0.02207209467373244,-0.40720628558154026
eng-championship,2025-2026,ipswich-town,transition,eng-premier-league->eng-championship,2.0,recent_returner,defense,entry,0.11010432621155007,0.20068116141933703,transition entry prior,-0.0015981563811525267,0.07143672621856105,0.012477444617373028,-0.12113988227703174
eng-championship,2025-2026,ipswich-town,transition,eng-premier-league->eng-championship,2.0,recent_returner,defense,season,0.11010432621155007,0.20068116141933703,transition entry prior,0.21000316083757234,0.019279617800125326,0.009979777159637345,-0.4077199026471653
eng-championship,2025-2026,leicester-city,transition,eng-premier-league->eng-championship,2.0,recent_returner,attack,entry,0.1518985740119767,0.17122174100638532,transition entry prior,0.07046398783862584,0.06698131805204229,0.0066315918252249076,-0.21678169543636222
eng-championship,2025-2026,leicester-city,transition,eng-premier-league->eng-championship,2.0,recent_returner,attack,season,0.1518985740119767,0.17122174100638532,transition entry prior,0.0005083293671698931,0.016024380796837455,0.022919006173614462,-0.3750913953549499
eng-championship,2025-2026,leicester-city,transition,eng-premier-league->eng-championship,2.0,recent_returner,defense,entry,0.11010432621155007,0.20068116141933703,transition entry prior,0.2435223795868801,0.09762266952164649,0.017800376966462413,-0.007147726238062535
eng-championship,2025-2026,leicester-city,transition,eng-premier-league->eng-championship,2.0,recent_returner,defense,season,0.11010432621155007,0.20068116141933703,transition entry prior,-0.13179850512044208,0.01386218076389284,0.058516979806434236,0.0012739807046840967
eng-championship,2025-2026,southampton,transition,eng-premier-league->eng-championship,2.0,recent_returner,attack,entry,0.1518985740119767,0.17122174100638532,transition entry prior,-0.12281732319944624,0.08248907604062457,0.07546882418067712,0.16094243989888346
eng-championship,2025-2026,southampton,transition,eng-premier-league->eng-championship,2.0,recent_returner,attack,season,0.1518985740119767,0.17122174100638532,transition entry prior,0.33101767880577565,0.011740790174805846,0.032083653702131926,-0.28673576547161184
eng-championship,2025-2026,southampton,transition,eng-premier-league->eng-championship,2.0,recent_returner,defense,entry,0.11010432621155007,0.20068116141933703,transition entry prior,0.12038274386225016,0.07621728874241894,0.00010564586940222314,-0.15558200359600657
eng-championship,2025-2026,southampton,transition,eng-premier-league->eng-championship,2.0,recent_returner,defense,season,0.11010432621155007,0.20068116141933703,transition entry prior,0.04038806176478811,0.016512351978843008,0.0048603575284108455,-0.4725046052603218
eng-championship,2025-2026,wrexham,transition,outside->eng-championship,,no_target_history,attack,entry,-0.06797513806372091,0.16723327402924826,transition entry prior,0.05838397987265241,0.06692716495009199,0.015966626685658306,-0.17442953703839553
eng-championship,2025-2026,wrexham,transition,outside->eng-championship,,no_target_history,attack,season,-0.06797513806372091,0.16723327402924826,transition entry prior,0.167608805247765,0.013716860731331649,0.05549979434618941,-0.004159151695380392
eng-championship,2025-2026,wrexham,transition,outside->eng-championship,,no_target_history,defense,entry,-0.10332310317222212,0.08315861154620946,transition entry prior,-0.22561861549363055,0.05961471705440347,0.014956192333955759,-0.32371033519371145
eng-championship,2025-2026,wrexham,transition,outside->eng-championship,,no_target_history,defense,season,-0.10332310317222212,0.08315861154620946,transition entry prior,-0.09533582833600263,0.014443420460058013,6.379655930930522e-05,-1.002714321218554
eng-championship,2025-2026,birmingham-city,source,outside->eng-championship,2.0,recent_returner,attack,entry,-0.06916712769920685,0.16723335596697086,source entry prior,-0.23360139631135837,0.08901864724596316,0.0270386286940132,-0.038349622639821265
eng-championship,2025-2026,birmingham-city,source,outside->eng-championship,2.0,recent_returner,attack,season,-0.06916712769920685,0.16723335596697086,source entry prior,-0.024499539517664336,0.016264544866402338,0.001995193433955877,-0.6176660818065167
eng-championship,2025-2026,birmingham-city,source,outside->eng-championship,2.0,recent_returner,defense,entry,-0.10213111353673618,0.08315877632413375,source entry prior,-0.07441064053078683,0.06699902937940416,0.0007684246236735664,-0.37828712496006456
eng-championship,2025-2026,birmingham-city,source,outside->eng-championship,2.0,recent_returner,defense,season,-0.10213111353673618,0.08315877632413375,source entry prior,0.057530054961836365,0.01649096812285839,0.02549168872632957,-0.41388899879748475
eng-championship,2025-2026,charlton-athletic,source,outside->eng-championship,6.0,stale_history,attack,entry,-0.06916712769920685,0.16723335596697086,source entry prior,-0.2797510948020566,0.08865443852398665,0.044345607200774115,0.0346537502975138
eng-championship,2025-2026,charlton-athletic,source,outside->eng-championship,6.0,stale_history,attack,season,-0.06916712769920685,0.16723335596697086,source entry prior,-0.27104695672823603,0.02044123099266074,0.04075546536879005,-0.17414823707253674
eng-championship,2025-2026,charlton-athletic,source,outside->eng-championship,6.0,stale_history,defense,entry,-0.10213111353673618,0.08315877632413375,source entry prior,0.2653433387082182,0.09741515378538124,0.13503747305272923,0.43600472983859073
eng-championship,2025-2026,charlton-athletic,source,outside->eng-championship,6.0,stale_history,defense,season,-0.10213111353673618,0.08315877632413375,source entry prior,0.032331026920871364,0.015972649551578542,0.01808006721644138,-0.5746643200536125
eng-championship,2025-2026,ipswich-town,source,eng-premier-league->eng-championship,2.0,recent_returner,attack,entry,0.14841259916348593,0.17334145346552393,source entry prior,0.22712773856160823,0.059620080831298425,0.006196073170465826,-0.2523354700826143
eng-championship,2025-2026,ipswich-town,source,eng-premier-league->eng-championship,2.0,recent_returner,attack,season,0.14841259916348593,0.17334145346552393,source entry prior,0.30046537606994805,0.011998182804711781,0.02312004696496634,-0.3906224307441469
eng-championship,2025-2026,ipswich-town,source,eng-premier-league->eng-championship,2.0,recent_returner,defense,entry,0.05769939203607577,0.18220406412722243,source entry prior,-0.0015981563811525267,0.07143672621856105,0.0035161992482935344,-0.1928976228202075
eng-championship,2025-2026,ipswich-town,source,eng-premier-league->eng-championship,2.0,recent_returner,defense,season,0.05769939203607577,0.18220406412722243,source entry prior,0.21000316083757234,0.019279617800125326,0.02319643799113972,-0.3337313434275917
eng-championship,2025-2026,leicester-city,source,eng-premier-league->eng-championship,2.0,recent_returner,attack,entry,0.1433055588176886,0.17425509734128822,source entry prior,0.07046398783862584,0.06698131805204229,0.0053058944626978395,-0.21854976219235647
eng-championship,2025-2026,leicester-city,source,eng-premier-league->eng-championship,2.0,recent_returner,attack,season,0.1433055588176886,0.17425509734128822,source entry prior,0.0005083293671698931,0.016024380796837455,0.020391048738744096,-0.39662336537627224
eng-championship,2025-2026,leicester-city,source,eng-premier-league->eng-championship,2.0,recent_returner,defense,entry,0.07085262877261178,0.1816959625597424,source entry prior,0.2435223795868801,0.09762266952164649,0.02981484284626152,0.015382772055932012
eng-championship,2025-2026,leicester-city,source,eng-premier-league->eng-championship,2.0,recent_returner,defense,season,0.07085262877261178,0.1816959625597424,source entry prior,-0.13179850512044208,0.01386218076389284,0.04106748206814045,-0.17314292440629075
eng-championship,2025-2026,southampton,source,eng-premier-league->eng-championship,2.0,recent_returner,attack,entry,0.13024568235096673,0.18040169186355876,source entry prior,-0.12281732319944624,0.08248907604062457,0.06404088477820834,0.11603079912894335
eng-championship,2025-2026,southampton,source,eng-premier-league->eng-championship,2.0,recent_returner,attack,season,0.13024568235096673,0.18040169186355876,source entry prior,0.33101767880577565,0.011740790174805846,0.0403093945604498,-0.18450212024836377
eng-championship,2025-2026,southampton,source,eng-premier-league->eng-championship,2.0,recent_returner,defense,entry,0.03903961584454871,0.1831754776430256,source entry prior,0.12038274386225016,0.07621728874241894,0.006616704475704167,-0.1556041951557226
eng-championship,2025-2026,southampton,source,eng-premier-league->eng-championship,2.0,recent_returner,defense,season,0.03903961584454871,0.1831754776430256,source entry prior,0.04038806176478811,0.016512351978843008,1.8183063998102883e-06,-0.5782537985094701
eng-championship,2025-2026,wrexham,source,outside->eng-championship,,no_target_history,attack,entry,-0.06916712769920685,0.16723335596697086,source entry prior,0.05838397987265241,0.06692716495009199,0.01626928504280802,-0.17283470153706598
eng-championship,2025-2026,wrexham,source,outside->eng-championship,,no_target_history,attack,season,-0.06916712769920685,0.16723335596697086,source entry prior,0.167608805247765,0.013716860731331649,0.05606284242290891,0.0025945300203636945
eng-championship,2025-2026,wrexham,source,outside->eng-championship,,no_target_history,defense,entry,-0.10213111353673618,0.08315877632413375,source entry prior,-0.22561861549363055,0.05961471705440347,0.015249163139553991,-0.3215083840917754
eng-championship,2025-2026,wrexham,source,outside->eng-championship,,no_target_history,defense,season,-0.10213111353673618,0.08315877632413375,source entry prior,-0.09533582833600263,0.014443420460058013,4.6175900959308445e-05,-1.0031261733044337
eng-championship,2025-2026,birmingham-city,memory,outside->eng-championship,2.0,recent_returner,attack,entry,-0.09619852249685909,0.17385616594774211,memory entry prior,-0.23360139631135837,0.08901864724596316,0.018879549732483212,-0.06518751272320965
eng-championship,2025-2026,birmingham-city,memory,outside->eng-championship,2.0,recent_returner,attack,season,-0.09619852249685909,0.17385616594774211,memory entry prior,-0.024499539517664336,0.016264544866402338,0.005140744160250858,-0.5600268884804689
eng-championship,2025-2026,birmingham-city,memory,outside->eng-championship,2.0,recent_returner,defense,entry,-0.10029102084923788,0.08747279102134485,memory entry prior,-0.07441064053078683,0.06699902937940416,0.0006697940854276686,-0.3740441726295497
eng-championship,2025-2026,birmingham-city,memory,outside->eng-championship,2.0,recent_returner,defense,season,-0.10029102084923788,0.08747279102134485,memory entry prior,0.057530054961836365,0.01649096812285839,0.02490749197016484,-0.42710892849365445
eng-championship,2025-2026,charlton-athletic,memory,outside->eng-championship,6.0,stale_history,attack,entry,-0.054616593608925866,0.16343473109077658,memory entry prior,-0.2797510948020566,0.08865443852398665,0.05068554362747979,0.058786951821912015
eng-championship,2025-2026,charlton-athletic,memory,outside->eng-championship,6.0,stale_history,attack,season,-0.054616593608925866,0.16343473109077658,memory entry prior,-0.27104695672823603,0.02044123099266074,0.046842102079956455,-0.11153704217385796
eng-championship,2025-2026,charlton-athletic,memory,outside->eng-championship,6.0,stale_history,defense,entry,-0.09588227285909953,0.08521446343361415,memory entry prior,0.2653433387082182,0.09741515378538124,0.13048394245218267,0.41377040735427606
eng-championship,2025-2026,charlton-athletic,memory,outside->eng-championship,6.0,stale_history,defense,season,-0.09588227285909953,0.08521446343361415,memory entry prior,0.032331026920871364,0.015972649551578542,0.016438650240468686,-0.6083669636825884
eng-championship,2025-2026,ipswich-town,memory,eng-premier-league->eng-championship,2.0,recent_returner,attack,entry,0.2127662692093795,0.18635698493226235,memory entry prior,0.22712773856160823,0.059620080831298425,0.0002062518019550052,-0.2603457086803834
eng-championship,2025-2026,ipswich-town,memory,eng-premier-league->eng-championship,2.0,recent_returner,attack,season,0.2127662692093795,0.18635698493226235,memory entry prior,0.30046537606994805,0.011998182804711781,0.007691133344141423,-0.5304784573389043
eng-championship,2025-2026,ipswich-town,memory,eng-premier-league->eng-championship,2.0,recent_returner,defense,entry,0.0370069368391015,0.184196406615123,memory entry prior,-0.0015981563811525267,0.07143672621856105,0.0014903532225445037,-0.19915131614657486
eng-championship,2025-2026,ipswich-town,memory,eng-premier-league->eng-championship,2.0,recent_returner,defense,season,0.0370069368391015,0.184196406615123,memory entry prior,0.21000316083757234,0.019279617800125326,0.029927693517729097,-0.26660197277990366
eng-championship,2025-2026,leicester-city,memory,eng-premier-league->eng-championship,2.0,recent_returner,attack,entry,0.19480568657498562,0.18224129417495458,memory entry prior,0.07046398783862584,0.06698131805204229,0.015460858044643654,-0.1542336878836338
eng-championship,2025-2026,leicester-city,memory,eng-premier-league->eng-championship,2.0,recent_returner,attack,season,0.19480568657498562,0.18224129417495458,memory entry prior,0.0005083293671698931,0.016024380796837455,0.03775146301794155,-0.20325337192110166
eng-championship,2025-2026,leicester-city,memory,eng-premier-league->eng-championship,2.0,recent_returner,defense,entry,0.10420081236417203,0.1873990467426886,memory entry prior,0.2435223795868801,0.09762266952164649,0.019410499093391567,-0.017624762004458422
eng-championship,2025-2026,leicester-city,memory,eng-premier-league->eng-championship,2.0,recent_returner,defense,season,0.10420081236417203,0.1873990467426886,memory entry prior,-0.13179850512044208,0.01386218076389284,0.05569567785320369,-0.02067859036729891
eng-championship,2025-2026,southampton,memory,eng-premier-league->eng-championship,2.0,recent_returner,attack,entry,0.17258909380728912,0.18534288008214328,memory entry prior,-0.12281732319944624,0.08248907604062457,0.08726495120875723,0.21890260598414585
eng-championship,2025-2026,southampton,memory,eng-premier-league->eng-championship,2.0,recent_returner,attack,season,0.17258909380728912,0.18534288008214328,memory entry prior,0.33101767880577565,0.011740790174805846,0.02509961654462267,-0.34733822153956717
eng-championship,2025-2026,southampton,memory,eng-premier-league->eng-championship,2.0,recent_returner,defense,entry,0.0028130293115088134,0.18792792440962264,memory entry prior,0.12038274386225016,0.07621728874241894,0.013822637779542802,-0.11580758039840758
eng-championship,2025-2026,southampton,memory,eng-premier-league->eng-championship,2.0,recent_returner,defense,season,0.0028130293115088134,0.18792792440962264,memory entry prior,0.04038806176478811,0.016512351978843008,0.0014118830638649923,-0.547341188293384
eng-championship,2025-2026,wrexham,memory,outside->eng-championship,,no_target_history,attack,entry,-0.051225802803282046,0.1635467658332466,memory entry prior,0.05838397987265241,0.06692716495009199,0.012014304458265583,-0.20089719283425597
eng-championship,2025-2026,wrexham,memory,outside->eng-championship,,no_target_history,attack,season,-0.051225802803282046,0.1635467658332466,memory entry prior,0.167608805247765,0.013716860731331649,0.04788858568085538,-0.09299057928101384
eng-championship,2025-2026,wrexham,memory,outside->eng-championship,,no_target_history,defense,entry,-0.0945283421512701,0.08520007368730338,memory entry prior,-0.22561861549363055,0.05961471705440347,0.01718465976497478,-0.30504990151393296
eng-championship,2025-2026,wrexham,memory,outside->eng-championship,,no_target_history,defense,season,-0.0945283421512701,0.08520007368730338,memory entry prior,-0.09533582833600263,0.014443420460058013,6.520339385338991e-07,-0.9962109752041557
