competition_id,season_id,model_id,origin,as_of,match_id,appearance,transition,age_bucket,log_loss,brier,score_nll
eng-premier-league,2016-2017,current,preseason,2016-08-13,eng-premier-league:2016-2017:burnley:swansea-city,1,eng-championship->eng-premier-league,recent_returner,1.0291384332949745,0.627689354874273,2.3749775642639497
eng-premier-league,2016-2017,current,preseason,2016-08-13,eng-premier-league:2016-2017:hull-city:leicester-city,1,eng-championship->eng-premier-league,recent_returner,1.4796830046647036,0.9479427298672841,2.8758972647317815
eng-premier-league,2016-2017,current,preseason,2016-08-13,eng-premier-league:2016-2017:middlesbrough:stoke-city,1,eng-championship->eng-premier-league,no_target_history,1.3582931101317164,0.8279096308122751,2.1288165210586536
eng-premier-league,2016-2017,current,preseason,2016-08-13,eng-premier-league:2016-2017:burnley:liverpool,2,eng-championship->eng-premier-league,recent_returner,1.4342413917857701,0.9116371783631321,3.319234541132393
eng-premier-league,2016-2017,current,preseason,2016-08-13,eng-premier-league:2016-2017:swansea-city:hull-city,2,eng-championship->eng-premier-league,recent_returner,1.4079344263957547,0.8929917466167977,3.2750267780557305
eng-premier-league,2016-2017,current,preseason,2016-08-13,eng-premier-league:2016-2017:sunderland:middlesbrough,2,eng-championship->eng-premier-league,no_target_history,1.4687433557522878,0.933639506095649,2.8775961172597126
eng-premier-league,2016-2017,current,preseason,2016-08-13,eng-premier-league:2016-2017:chelsea:burnley,3,eng-championship->eng-premier-league,recent_returner,0.3914003782850459,0.15863076276719512,2.499752171227056
eng-premier-league,2016-2017,current,preseason,2016-08-13,eng-premier-league:2016-2017:hull-city:manchester-united,3,eng-championship->eng-premier-league,recent_returner,0.76118639418084,0.42617641640560966,2.165302027812367
eng-premier-league,2016-2017,current,preseason,2016-08-13,eng-premier-league:2016-2017:west-bromwich-albion:middlesbrough,3,eng-championship->eng-premier-league,no_target_history,1.4162833403295767,0.9036887640334984,2.582243039747929
eng-premier-league,2016-2017,current,preseason,2016-08-13,eng-premier-league:2016-2017:burnley:hull-city,4,mixed,mixed,1.4038576338686484,0.8650787327279752,2.1879720116631765
eng-premier-league,2016-2017,current,preseason,2016-08-13,eng-premier-league:2016-2017:middlesbrough:crystal-palace,4,eng-championship->eng-premier-league,no_target_history,0.9738038215742708,0.586571521326819,2.542188676188232
eng-premier-league,2016-2017,current,preseason,2016-08-13,eng-premier-league:2016-2017:everton:middlesbrough,5,eng-championship->eng-premier-league,no_target_history,0.5404705016105976,0.26159053980829033,2.7998667291540724
eng-premier-league,2016-2017,current,preseason,2016-08-13,eng-premier-league:2016-2017:hull-city:arsenal,5,eng-championship->eng-premier-league,recent_returner,0.5063254022322549,0.23729760130275362,3.4853944400495376
eng-premier-league,2016-2017,current,preseason,2016-08-13,eng-premier-league:2016-2017:leicester-city:burnley,5,eng-championship->eng-premier-league,recent_returner,0.35201962327221253,0.1332196420761018,2.4636882817701173
eng-premier-league,2016-2017,current,preseason,2016-08-13,eng-premier-league:2016-2017:liverpool:hull-city,6,eng-championship->eng-premier-league,recent_returner,0.38897640565807035,0.15721340223952185,4.0383665992750615
eng-premier-league,2016-2017,current,preseason,2016-08-13,eng-premier-league:2016-2017:middlesbrough:tottenham-hotspur,6,eng-championship->eng-premier-league,no_target_history,0.5879238268657468,0.29642142672803296,2.3779988594410972
eng-premier-league,2016-2017,current,preseason,2016-08-13,eng-premier-league:2016-2017:burnley:watford,6,eng-championship->eng-premier-league,recent_returner,0.9466061977785142,0.566727831925544,2.729940887495192
eng-premier-league,2016-2017,current,preseason,2016-08-13,eng-premier-league:2016-2017:hull-city:chelsea,7,eng-championship->eng-premier-league,recent_returner,0.6660471900361142,0.3547549344183958,2.4387896042882096
eng-premier-league,2016-2017,current,preseason,2016-08-13,eng-premier-league:2016-2017:west-ham-united:middlesbrough,7,eng-championship->eng-premier-league,no_target_history,1.5839276138166403,1.0390866431701749,2.3622371952871597
eng-premier-league,2016-2017,current,preseason,2016-08-13,eng-premier-league:2016-2017:burnley:arsenal,7,eng-championship->eng-premier-league,recent_returner,0.5099507893575915,0.23987523453129914,2.202898512757683
eng-premier-league,2016-2017,current,preseason,2016-08-13,eng-premier-league:2016-2017:bournemouth:hull-city,8,eng-championship->eng-premier-league,recent_returner,0.7019508727392619,0.3817154533110315,6.053411832189198
eng-premier-league,2016-2017,current,preseason,2016-08-13,eng-premier-league:2016-2017:middlesbrough:watford,8,eng-championship->eng-premier-league,no_target_history,1.0339003256277963,0.6316803895833638,2.3915330402314394
eng-premier-league,2016-2017,current,preseason,2016-08-13,eng-premier-league:2016-2017:southampton:burnley,8,eng-championship->eng-premier-league,recent_returner,0.3924228393128651,0.15927250183675662,2.7074053343922584
eng-premier-league,2016-2017,current,preseason,2016-08-13,eng-premier-league:2016-2017:arsenal:middlesbrough,9,eng-championship->eng-premier-league,no_target_history,1.846805641629252,1.2746976082205945,3.091809246911412
eng-premier-league,2016-2017,current,preseason,2016-08-13,eng-premier-league:2016-2017:burnley:everton,9,eng-championship->eng-premier-league,recent_returner,1.0847727427286353,0.671846078069212,2.6001901489436063
eng-premier-league,2016-2017,current,preseason,2016-08-13,eng-premier-league:2016-2017:hull-city:stoke-city,9,eng-championship->eng-premier-league,recent_returner,1.0097654588668599,0.6137118948980704,2.7985748745773202
eng-premier-league,2016-2017,current,preseason,2016-08-13,eng-premier-league:2016-2017:manchester-united:burnley,10,eng-championship->eng-premier-league,recent_returner,1.537780115758292,1.0275423313428922,2.6908477628186995
eng-premier-league,2016-2017,current,preseason,2016-08-13,eng-premier-league:2016-2017:middlesbrough:bournemouth,10,eng-championship->eng-premier-league,no_target_history,0.9077531363324814,0.5373976370811292,2.677148767233761
eng-premier-league,2016-2017,current,preseason,2016-08-13,eng-premier-league:2016-2017:watford:hull-city,10,eng-championship->eng-premier-league,recent_returner,0.6693262391877933,0.3571654568567496,2.2154857465316917
eng-premier-league,2016-2017,population,preseason,2016-08-13,eng-premier-league:2016-2017:burnley:swansea-city,1,eng-championship->eng-premier-league,recent_returner,1.2906414002050435,0.8204390059079225,2.574050271522389
eng-premier-league,2016-2017,population,preseason,2016-08-13,eng-premier-league:2016-2017:hull-city:leicester-city,1,eng-championship->eng-premier-league,recent_returner,1.1070429778944533,0.6946081723232626,2.7587074499547497
eng-premier-league,2016-2017,population,preseason,2016-08-13,eng-premier-league:2016-2017:middlesbrough:stoke-city,1,eng-championship->eng-premier-league,no_target_history,1.4434161279842106,0.8952372654733903,2.2901268174546225
eng-premier-league,2016-2017,population,preseason,2016-08-13,eng-premier-league:2016-2017:burnley:liverpool,2,eng-championship->eng-premier-league,recent_returner,1.0816779427074816,0.6712986187734583,2.9348298986011363
eng-premier-league,2016-2017,population,preseason,2016-08-13,eng-premier-league:2016-2017:swansea-city:hull-city,2,eng-championship->eng-premier-league,recent_returner,1.0641997758210013,0.6574371160324693,2.9010058581135962
eng-premier-league,2016-2017,population,preseason,2016-08-13,eng-premier-league:2016-2017:sunderland:middlesbrough,2,eng-championship->eng-premier-league,no_target_history,1.1096141717138603,0.6916578073149502,2.7572118932602914
eng-premier-league,2016-2017,population,preseason,2016-08-13,eng-premier-league:2016-2017:chelsea:burnley,3,eng-championship->eng-premier-league,recent_returner,0.5748523692243259,0.28674872990197864,2.8526995018224848
eng-premier-league,2016-2017,population,preseason,2016-08-13,eng-premier-league:2016-2017:hull-city:manchester-united,3,eng-championship->eng-premier-league,recent_returner,0.9921087433000811,0.6017282809309885,2.3228100668868024
eng-premier-league,2016-2017,population,preseason,2016-08-13,eng-premier-league:2016-2017:west-bromwich-albion:middlesbrough,3,eng-championship->eng-premier-league,no_target_history,1.3935050064449934,0.8522264644396299,2.4439195740545614
eng-premier-league,2016-2017,population,preseason,2016-08-13,eng-premier-league:2016-2017:burnley:hull-city,4,mixed,mixed,1.4874464833525787,0.9075786498265689,2.3962667636696082
eng-premier-league,2016-2017,population,preseason,2016-08-13,eng-premier-league:2016-2017:middlesbrough:crystal-palace,4,eng-championship->eng-premier-league,no_target_history,1.2266155048001737,0.7750834643525659,2.8292669225096714
eng-premier-league,2016-2017,population,preseason,2016-08-13,eng-premier-league:2016-2017:everton:middlesbrough,5,eng-championship->eng-premier-league,no_target_history,0.7494150520120484,0.41971546839660934,3.096418785003038
eng-premier-league,2016-2017,population,preseason,2016-08-13,eng-premier-league:2016-2017:hull-city:arsenal,5,eng-championship->eng-premier-league,recent_returner,0.7063293003481119,0.38580379569220374,3.7820116550137324
eng-premier-league,2016-2017,population,preseason,2016-08-13,eng-premier-league:2016-2017:leicester-city:burnley,5,eng-championship->eng-premier-league,recent_returner,0.5267975925839294,0.25155196508530264,2.7991154874348734
eng-premier-league,2016-2017,population,preseason,2016-08-13,eng-premier-league:2016-2017:liverpool:hull-city,6,eng-championship->eng-premier-league,recent_returner,0.5673717624838077,0.2812157572770914,4.287961794620424
eng-premier-league,2016-2017,population,preseason,2016-08-13,eng-premier-league:2016-2017:middlesbrough:tottenham-hotspur,6,eng-championship->eng-premier-league,no_target_history,0.8012304473640623,0.45925303231796644,2.58421094944035
eng-premier-league,2016-2017,population,preseason,2016-08-13,eng-premier-league:2016-2017:burnley:watford,6,eng-championship->eng-premier-league,recent_returner,0.7307239101353857,0.4042810889361839,2.5382981423809348
eng-premier-league,2016-2017,population,preseason,2016-08-13,eng-premier-league:2016-2017:hull-city:chelsea,7,eng-championship->eng-premier-league,recent_returner,0.8878175205278009,0.5255877747728502,2.728586820416175
eng-premier-league,2016-2017,population,preseason,2016-08-13,eng-premier-league:2016-2017:west-ham-united:middlesbrough,7,eng-championship->eng-premier-league,no_target_history,1.5078075112142793,0.9336346749239607,2.343996689162629
eng-premier-league,2016-2017,population,preseason,2016-08-13,eng-premier-league:2016-2017:burnley:arsenal,7,eng-championship->eng-premier-league,recent_returner,0.7087564190975727,0.3876655792736271,2.2816212095991997
eng-premier-league,2016-2017,population,preseason,2016-08-13,eng-premier-league:2016-2017:bournemouth:hull-city,8,eng-championship->eng-premier-league,recent_returner,0.9114780837629685,0.5426272772407112,6.059306386012767
eng-premier-league,2016-2017,population,preseason,2016-08-13,eng-premier-league:2016-2017:middlesbrough:watford,8,eng-championship->eng-premier-league,no_target_history,1.2620693918189914,0.8012373147579487,2.5635064186116736
eng-premier-league,2016-2017,population,preseason,2016-08-13,eng-premier-league:2016-2017:southampton:burnley,8,eng-championship->eng-premier-league,recent_returner,0.5703745150811382,0.28344301529185123,2.9513139751172153
eng-premier-league,2016-2017,population,preseason,2016-08-13,eng-premier-league:2016-2017:arsenal:middlesbrough,9,eng-championship->eng-premier-league,no_target_history,1.6348116290880998,1.0831529461762366,2.7653772911615215
eng-premier-league,2016-2017,population,preseason,2016-08-13,eng-premier-league:2016-2017:burnley:everton,9,eng-championship->eng-premier-league,recent_returner,0.8145832169637846,0.47010986065419963,2.582726145915082
eng-premier-league,2016-2017,population,preseason,2016-08-13,eng-premier-league:2016-2017:hull-city:stoke-city,9,eng-championship->eng-premier-league,recent_returner,1.2622363009606805,0.8013458886242066,3.1194622732313215
eng-premier-league,2016-2017,population,preseason,2016-08-13,eng-premier-league:2016-2017:manchester-united:burnley,10,eng-championship->eng-premier-league,recent_returner,1.4463694321702982,0.9115710692587262,2.5050763201596844
eng-premier-league,2016-2017,population,preseason,2016-08-13,eng-premier-league:2016-2017:middlesbrough:bournemouth,10,eng-championship->eng-premier-league,no_target_history,0.6945318746907889,0.37664218198506305,2.4923931067000584
eng-premier-league,2016-2017,population,preseason,2016-08-13,eng-premier-league:2016-2017:watford:hull-city,10,eng-championship->eng-premier-league,recent_returner,0.8661848354488634,0.5081736228739587,2.328097538304063
eng-premier-league,2016-2017,transition,preseason,2016-08-13,eng-premier-league:2016-2017:burnley:swansea-city,1,eng-championship->eng-premier-league,recent_returner,1.099653765123196,0.6774457427031537,2.3823179889168173
eng-premier-league,2016-2017,transition,preseason,2016-08-13,eng-premier-league:2016-2017:hull-city:leicester-city,1,eng-championship->eng-premier-league,recent_returner,1.4090166950161576,0.8976543802336615,2.800305190716176
eng-premier-league,2016-2017,transition,preseason,2016-08-13,eng-premier-league:2016-2017:middlesbrough:stoke-city,1,eng-championship->eng-premier-league,no_target_history,1.3382035682902433,0.8177496020633,2.096340644016311
eng-premier-league,2016-2017,transition,preseason,2016-08-13,eng-premier-league:2016-2017:burnley:liverpool,2,eng-championship->eng-premier-league,recent_returner,1.3711636934844367,0.8667445048328039,3.2232433529194955
eng-premier-league,2016-2017,transition,preseason,2016-08-13,eng-premier-league:2016-2017:swansea-city:hull-city,2,eng-championship->eng-premier-league,recent_returner,1.3462955373882237,0.8489541395767182,3.1808725441077774
eng-premier-league,2016-2017,transition,preseason,2016-08-13,eng-premier-league:2016-2017:sunderland:middlesbrough,2,eng-championship->eng-premier-league,no_target_history,1.4051693804670402,0.8888561038190261,2.8129285507262765
eng-premier-league,2016-2017,transition,preseason,2016-08-13,eng-premier-league:2016-2017:chelsea:burnley,3,eng-championship->eng-premier-league,recent_returner,0.42643259133976447,0.18214105646175732,2.5465740122928375
eng-premier-league,2016-2017,transition,preseason,2016-08-13,eng-premier-league:2016-2017:hull-city:manchester-united,3,eng-championship->eng-premier-league,recent_returner,0.816752884852951,0.46767625399986823,2.152571846806633
eng-premier-league,2016-2017,transition,preseason,2016-08-13,eng-premier-league:2016-2017:west-bromwich-albion:middlesbrough,3,eng-championship->eng-premier-league,no_target_history,1.3738428249215426,0.8689708194691246,2.523462009213153
eng-premier-league,2016-2017,transition,preseason,2016-08-13,eng-premier-league:2016-2017:burnley:hull-city,4,mixed,mixed,1.361033072895189,0.8410258890623292,2.1218890176357963
eng-premier-league,2016-2017,transition,preseason,2016-08-13,eng-premier-league:2016-2017:middlesbrough:crystal-palace,4,eng-championship->eng-premier-league,no_target_history,1.0395204725036082,0.6337618136753583,2.5642852127045455
eng-premier-league,2016-2017,transition,preseason,2016-08-13,eng-premier-league:2016-2017:everton:middlesbrough,5,eng-championship->eng-premier-league,no_target_history,0.5849099841892018,0.29422817752019287,2.8384342553552546
eng-premier-league,2016-2017,transition,preseason,2016-08-13,eng-premier-league:2016-2017:hull-city:arsenal,5,eng-championship->eng-premier-league,recent_returner,0.5480287276580381,0.2675071115593222,3.596364180183761
eng-premier-league,2016-2017,transition,preseason,2016-08-13,eng-premier-league:2016-2017:leicester-city:burnley,5,eng-championship->eng-premier-league,recent_returner,0.3864355631639409,0.155340746855861,2.5018465941342125
eng-premier-league,2016-2017,transition,preseason,2016-08-13,eng-premier-league:2016-2017:liverpool:hull-city,6,eng-championship->eng-premier-league,recent_returner,0.42312060308490324,0.18008126119713477,4.206831827219981
eng-premier-league,2016-2017,transition,preseason,2016-08-13,eng-premier-league:2016-2017:middlesbrough:tottenham-hotspur,6,eng-championship->eng-premier-league,no_target_history,0.634902523607846,0.33137224800987275,2.365177074700051
eng-premier-league,2016-2017,transition,preseason,2016-08-13,eng-premier-league:2016-2017:burnley:watford,6,eng-championship->eng-premier-league,recent_returner,0.8892188467625021,0.5228188652261733,2.639139658757487
eng-premier-league,2016-2017,transition,preseason,2016-08-13,eng-premier-league:2016-2017:hull-city:chelsea,7,eng-championship->eng-premier-league,recent_returner,0.7170118016128068,0.3930618232000137,2.4676054483838334
eng-premier-league,2016-2017,transition,preseason,2016-08-13,eng-premier-league:2016-2017:west-ham-united:middlesbrough,7,eng-championship->eng-premier-league,no_target_history,1.5298346316526592,0.9966456354845485,2.2950323884756236
eng-premier-league,2016-2017,transition,preseason,2016-08-13,eng-premier-league:2016-2017:burnley:arsenal,7,eng-championship->eng-premier-league,recent_returner,0.5515030253484945,0.2700187291754554,2.1668384271121726
eng-premier-league,2016-2017,transition,preseason,2016-08-13,eng-premier-league:2016-2017:bournemouth:hull-city,8,eng-championship->eng-premier-league,recent_returner,0.7471257042053803,0.41563572203021387,6.3655188557724065
eng-premier-league,2016-2017,transition,preseason,2016-08-13,eng-premier-league:2016-2017:middlesbrough:watford,8,eng-championship->eng-premier-league,no_target_history,1.1117849569883702,0.6869418760601451,2.410685483586337
eng-premier-league,2016-2017,transition,preseason,2016-08-13,eng-premier-league:2016-2017:southampton:burnley,8,eng-championship->eng-premier-league,recent_returner,0.42628459655717266,0.18200050401425275,2.725451847085731
eng-premier-league,2016-2017,transition,preseason,2016-08-13,eng-premier-league:2016-2017:arsenal:middlesbrough,9,eng-championship->eng-premier-league,no_target_history,1.775029857284719,1.227542912611392,3.0067419465483822
eng-premier-league,2016-2017,transition,preseason,2016-08-13,eng-premier-league:2016-2017:burnley:everton,9,eng-championship->eng-premier-league,recent_returner,1.0312133241213328,0.6305624052948272,2.5469124171073765
eng-premier-league,2016-2017,transition,preseason,2016-08-13,eng-premier-league:2016-2017:hull-city:stoke-city,9,eng-championship->eng-premier-league,recent_returner,1.076801023295667,0.6614280416526923,2.8622370254495064
eng-premier-league,2016-2017,transition,preseason,2016-08-13,eng-premier-league:2016-2017:manchester-united:burnley,10,eng-championship->eng-premier-league,recent_returner,1.4848038288585779,0.9849511753391222,2.622187193192367
eng-premier-league,2016-2017,transition,preseason,2016-08-13,eng-premier-league:2016-2017:middlesbrough:bournemouth,10,eng-championship->eng-premier-league,no_target_history,0.8678833326182849,0.5066726879645471,2.6070015022778423
eng-premier-league,2016-2017,transition,preseason,2016-08-13,eng-premier-league:2016-2017:watford:hull-city,10,eng-championship->eng-premier-league,recent_returner,0.7253866708521642,0.39929331072227964,2.2025299930467455
eng-premier-league,2016-2017,source,preseason,2016-08-13,eng-premier-league:2016-2017:burnley:swansea-city,1,eng-championship->eng-premier-league,recent_returner,1.0583043143059283,0.6482279163863278,2.3839213756686357
eng-premier-league,2016-2017,source,preseason,2016-08-13,eng-premier-league:2016-2017:hull-city:leicester-city,1,eng-championship->eng-premier-league,recent_returner,1.4683076160806332,0.9378699749756233,2.846312664723334
eng-premier-league,2016-2017,source,preseason,2016-08-13,eng-premier-league:2016-2017:middlesbrough:stoke-city,1,eng-championship->eng-premier-league,no_target_history,1.3461528758544767,0.8208874401647519,2.1074833287829247
eng-premier-league,2016-2017,source,preseason,2016-08-13,eng-premier-league:2016-2017:burnley:liverpool,2,eng-championship->eng-premier-league,recent_returner,1.4152410408104794,0.897301047085251,3.288636970908933
eng-premier-league,2016-2017,source,preseason,2016-08-13,eng-premier-league:2016-2017:swansea-city:hull-city,2,eng-championship->eng-premier-league,recent_returner,1.3984505051847733,0.8845624225200788,3.2528765192263025
eng-premier-league,2016-2017,source,preseason,2016-08-13,eng-premier-league:2016-2017:sunderland:middlesbrough,2,eng-championship->eng-premier-league,no_target_history,1.5088043970082543,0.957189510030337,2.8929037982425614
eng-premier-league,2016-2017,source,preseason,2016-08-13,eng-premier-league:2016-2017:chelsea:burnley,3,eng-championship->eng-premier-league,recent_returner,0.4017827511911591,0.1656030897185689,2.5124942200379867
eng-premier-league,2016-2017,source,preseason,2016-08-13,eng-premier-league:2016-2017:hull-city:manchester-united,3,eng-championship->eng-premier-league,recent_returner,0.7765978567862,0.43763505667682556,2.1536987150655933
eng-premier-league,2016-2017,source,preseason,2016-08-13,eng-premier-league:2016-2017:west-bromwich-albion:middlesbrough,3,eng-championship->eng-premier-league,no_target_history,1.4146400549048839,0.90799648724256,2.584596198828986
eng-premier-league,2016-2017,source,preseason,2016-08-13,eng-premier-league:2016-2017:burnley:hull-city,4,mixed,mixed,1.3808183203730486,0.8534623476895528,2.1458664155983214
eng-premier-league,2016-2017,source,preseason,2016-08-13,eng-premier-league:2016-2017:middlesbrough:crystal-palace,4,eng-championship->eng-premier-league,no_target_history,0.9550857967618974,0.5720512578422832,2.5149560745645507
eng-premier-league,2016-2017,source,preseason,2016-08-13,eng-premier-league:2016-2017:everton:middlesbrough,5,eng-championship->eng-premier-league,no_target_history,0.5247025612605745,0.25027834161288975,2.7748602444336132
eng-premier-league,2016-2017,source,preseason,2016-08-13,eng-premier-league:2016-2017:hull-city:arsenal,5,eng-championship->eng-premier-league,recent_returner,0.5158866184382349,0.24429203410808698,3.518705613792883
eng-premier-league,2016-2017,source,preseason,2016-08-13,eng-premier-league:2016-2017:leicester-city:burnley,5,eng-championship->eng-premier-league,recent_returner,0.3624994594446856,0.13993715595329126,2.4732484406501976
eng-premier-league,2016-2017,source,preseason,2016-08-13,eng-premier-league:2016-2017:liverpool:hull-city,6,eng-championship->eng-premier-league,recent_returner,0.39633087856555793,0.16223339239434778,4.102572119822378
eng-premier-league,2016-2017,source,preseason,2016-08-13,eng-premier-league:2016-2017:middlesbrough:tottenham-hotspur,6,eng-championship->eng-premier-league,no_target_history,0.5719774240224628,0.2847358172212471,2.3568702788604075
eng-premier-league,2016-2017,source,preseason,2016-08-13,eng-premier-league:2016-2017:burnley:watford,6,eng-championship->eng-premier-league,recent_returner,0.9304041938994024,0.5541401653143755,2.7032059943024525
eng-premier-league,2016-2017,source,preseason,2016-08-13,eng-premier-league:2016-2017:hull-city:chelsea,7,eng-championship->eng-premier-league,recent_returner,0.6794791726549619,0.36479874988831895,2.439595995370104
eng-premier-league,2016-2017,source,preseason,2016-08-13,eng-premier-league:2016-2017:west-ham-united:middlesbrough,7,eng-championship->eng-premier-league,no_target_history,1.588111427333501,1.0489465206441138,2.358214983835647
eng-premier-league,2016-2017,source,preseason,2016-08-13,eng-premier-league:2016-2017:burnley:arsenal,7,eng-championship->eng-premier-league,recent_returner,0.5233522926141463,0.24959995100380278,2.1907875016486136
eng-premier-league,2016-2017,source,preseason,2016-08-13,eng-premier-league:2016-2017:bournemouth:hull-city,8,eng-championship->eng-premier-league,recent_returner,0.7008435075442896,0.38081669145002267,6.15054999309581
eng-premier-league,2016-2017,source,preseason,2016-08-13,eng-premier-league:2016-2017:middlesbrough:watford,8,eng-championship->eng-premier-league,no_target_history,1.0115233257974612,0.6145593268751703,2.3770792250612693
eng-premier-league,2016-2017,source,preseason,2016-08-13,eng-premier-league:2016-2017:southampton:burnley,8,eng-championship->eng-premier-league,recent_returner,0.40275523476164027,0.16621605504582515,2.699531630001442
eng-premier-league,2016-2017,source,preseason,2016-08-13,eng-premier-league:2016-2017:arsenal:middlesbrough,9,eng-championship->eng-premier-league,no_target_history,1.8655671298999008,1.2917412319320485,3.112864913911716
eng-premier-league,2016-2017,source,preseason,2016-08-13,eng-premier-league:2016-2017:burnley:everton,9,eng-championship->eng-premier-league,recent_returner,1.0661284341686075,0.6570314612933396,2.5690330059680493
eng-premier-league,2016-2017,source,preseason,2016-08-13,eng-premier-league:2016-2017:hull-city:stoke-city,9,eng-championship->eng-premier-league,recent_returner,1.0305756208689685,0.6281389050815727,2.8164906217502876
eng-premier-league,2016-2017,source,preseason,2016-08-13,eng-premier-league:2016-2017:manchester-united:burnley,10,eng-championship->eng-premier-league,recent_returner,1.5157152195150143,1.011395044809303,2.675027344499076
eng-premier-league,2016-2017,source,preseason,2016-08-13,eng-premier-league:2016-2017:middlesbrough:bournemouth,10,eng-championship->eng-premier-league,no_target_history,0.9474473023106116,0.5667322005700091,2.7150362256422627
eng-premier-league,2016-2017,source,preseason,2016-08-13,eng-premier-league:2016-2017:watford:hull-city,10,eng-championship->eng-premier-league,recent_returner,0.6786719960970062,0.3641574704601833,2.208058485809322
eng-premier-league,2016-2017,memory,preseason,2016-08-13,eng-premier-league:2016-2017:burnley:swansea-city,1,eng-championship->eng-premier-league,recent_returner,1.0662484242296855,0.65458260952002,2.40095803615615
eng-premier-league,2016-2017,memory,preseason,2016-08-13,eng-premier-league:2016-2017:hull-city:leicester-city,1,eng-championship->eng-premier-league,recent_returner,1.459979123084961,0.9331177013104381,2.8445966710408337
eng-premier-league,2016-2017,memory,preseason,2016-08-13,eng-premier-league:2016-2017:middlesbrough:stoke-city,1,eng-championship->eng-premier-league,no_target_history,1.3428161863766999,0.8189986822083295,2.1045700010029504
eng-premier-league,2016-2017,memory,preseason,2016-08-13,eng-premier-league:2016-2017:burnley:liverpool,2,eng-championship->eng-premier-league,recent_returner,1.3996316872624668,0.8882024679688669,3.2825163698845996
eng-premier-league,2016-2017,memory,preseason,2016-08-13,eng-premier-league:2016-2017:swansea-city:hull-city,2,eng-championship->eng-premier-league,recent_returner,1.390815537589592,0.8800689052307793,3.2484926585927756
eng-premier-league,2016-2017,memory,preseason,2016-08-13,eng-premier-league:2016-2017:sunderland:middlesbrough,2,eng-championship->eng-premier-league,no_target_history,1.5174036655048921,0.9620434965887904,2.902106517697428
eng-premier-league,2016-2017,memory,preseason,2016-08-13,eng-premier-league:2016-2017:chelsea:burnley,3,eng-championship->eng-premier-league,recent_returner,0.40520972463709803,0.1677398363136244,2.5240925439878916
eng-premier-league,2016-2017,memory,preseason,2016-08-13,eng-premier-league:2016-2017:hull-city:manchester-united,3,eng-championship->eng-premier-league,recent_returner,0.7793846895002643,0.43976453331438425,2.1608818751736623
eng-premier-league,2016-2017,memory,preseason,2016-08-13,eng-premier-league:2016-2017:west-bromwich-albion:middlesbrough,3,eng-championship->eng-premier-league,no_target_history,1.4133613349102814,0.9083547865596003,2.5710833342406403
eng-premier-league,2016-2017,memory,preseason,2016-08-13,eng-premier-league:2016-2017:burnley:hull-city,4,mixed,mixed,1.3938515905385964,0.86147020482041,2.167007104645182
eng-premier-league,2016-2017,memory,preseason,2016-08-13,eng-premier-league:2016-2017:middlesbrough:crystal-palace,4,eng-championship->eng-premier-league,no_target_history,0.9501201958583009,0.5681996845669027,2.514487261980685
eng-premier-league,2016-2017,memory,preseason,2016-08-13,eng-premier-league:2016-2017:everton:middlesbrough,5,eng-championship->eng-premier-league,no_target_history,0.5219762079866762,0.24834555102124867,2.7774714900760133
eng-premier-league,2016-2017,memory,preseason,2016-08-13,eng-premier-league:2016-2017:hull-city:arsenal,5,eng-championship->eng-premier-league,recent_returner,0.5180886619976125,0.24582075524603247,3.517153014791986
eng-premier-league,2016-2017,memory,preseason,2016-08-13,eng-premier-league:2016-2017:leicester-city:burnley,5,eng-championship->eng-premier-league,recent_returner,0.3659030358168236,0.14197912689928718,2.4856115224292465
eng-premier-league,2016-2017,memory,preseason,2016-08-13,eng-premier-league:2016-2017:liverpool:hull-city,6,eng-championship->eng-premier-league,recent_returner,0.3982336837211153,0.16342002343588455,4.096205134839195
eng-premier-league,2016-2017,memory,preseason,2016-08-13,eng-premier-league:2016-2017:middlesbrough:tottenham-hotspur,6,eng-championship->eng-premier-league,no_target_history,0.5690711536087472,0.2826262410241615,2.3578384401003225
eng-premier-league,2016-2017,memory,preseason,2016-08-13,eng-premier-league:2016-2017:burnley:watford,6,eng-championship->eng-premier-league,recent_returner,0.9182829717950728,0.5453682830124553,2.7031118591050296
eng-premier-league,2016-2017,memory,preseason,2016-08-13,eng-premier-league:2016-2017:hull-city:chelsea,7,eng-championship->eng-premier-league,recent_returner,0.6821685533391086,0.36684100595175484,2.446486486634724
eng-premier-league,2016-2017,memory,preseason,2016-08-13,eng-premier-league:2016-2017:west-ham-united:middlesbrough,7,eng-championship->eng-premier-league,no_target_history,1.5879762681878975,1.0502175307977286,2.3571877028614834
eng-premier-league,2016-2017,memory,preseason,2016-08-13,eng-premier-league:2016-2017:burnley:arsenal,7,eng-championship->eng-premier-league,recent_returner,0.5276387092971351,0.2525932973241945,2.2049431796130166
eng-premier-league,2016-2017,memory,preseason,2016-08-13,eng-premier-league:2016-2017:bournemouth:hull-city,8,eng-championship->eng-premier-league,recent_returner,0.7046074092235795,0.3836672389106155,6.138052749431708
eng-premier-league,2016-2017,memory,preseason,2016-08-13,eng-premier-league:2016-2017:middlesbrough:watford,8,eng-championship->eng-premier-league,no_target_history,1.0063845588940976,0.610558504530901,2.363173983260924
eng-premier-league,2016-2017,memory,preseason,2016-08-13,eng-premier-league:2016-2017:southampton:burnley,8,eng-championship->eng-premier-league,recent_returner,0.40637910599208216,0.16849479487693048,2.702099420621669
eng-premier-league,2016-2017,memory,preseason,2016-08-13,eng-premier-league:2016-2017:arsenal:middlesbrough,9,eng-championship->eng-premier-league,no_target_history,1.8662293931218736,1.2931127727652225,3.101522078766767
eng-premier-league,2016-2017,memory,preseason,2016-08-13,eng-premier-league:2016-2017:burnley:everton,9,eng-championship->eng-premier-league,recent_returner,1.0535215526632238,0.6482866186118369,2.568328353283068
eng-premier-league,2016-2017,memory,preseason,2016-08-13,eng-premier-league:2016-2017:hull-city:stoke-city,9,eng-championship->eng-premier-league,recent_returner,1.0342870118373604,0.6310802023159556,2.8231208514174853
eng-premier-league,2016-2017,memory,preseason,2016-08-13,eng-premier-league:2016-2017:manchester-united:burnley,10,eng-championship->eng-premier-league,recent_returner,1.5174328648101976,1.010015372464011,2.685998047777459
eng-premier-league,2016-2017,memory,preseason,2016-08-13,eng-premier-league:2016-2017:middlesbrough:bournemouth,10,eng-championship->eng-premier-league,no_target_history,0.953742499373768,0.5712694210002167,2.7177505887467404
eng-premier-league,2016-2017,memory,preseason,2016-08-13,eng-premier-league:2016-2017:watford:hull-city,10,eng-championship->eng-premier-league,recent_returner,0.6816689718661227,0.3664189503132144,2.2139230308375915
eng-premier-league,2017-2018,current,preseason,2017-08-11,eng-premier-league:2017-2018:brighton-hove-albion:manchester-city,1,eng-championship->eng-premier-league,no_target_history,0.3926038837339812,0.15961581153817095,2.166640883845491
eng-premier-league,2017-2018,current,preseason,2017-08-11,eng-premier-league:2017-2018:crystal-palace:huddersfield-town,1,eng-championship->eng-premier-league,no_target_history,1.5762925316274614,0.995384311635341,4.578426738882488
eng-premier-league,2017-2018,current,preseason,2017-08-11,eng-premier-league:2017-2018:newcastle-united:tottenham-hotspur,1,eng-championship->eng-premier-league,recent_returner,0.436021307616765,0.18849719756322625,2.197188163176837
eng-premier-league,2017-2018,current,preseason,2017-08-11,eng-premier-league:2017-2018:leicester-city:brighton-hove-albion,2,eng-championship->eng-premier-league,no_target_history,0.5460289194770154,0.2659948925409775,2.279387716313728
eng-premier-league,2017-2018,current,preseason,2017-08-11,eng-premier-league:2017-2018:huddersfield-town:newcastle-united,2,mixed,mixed,0.8085101872902601,0.46206628434803687,2.215894059237928
eng-premier-league,2017-2018,current,preseason,2017-08-11,eng-premier-league:2017-2018:huddersfield-town:southampton,3,eng-championship->eng-premier-league,no_target_history,1.355463334227469,0.8401577470244364,2.5118812134787785
eng-premier-league,2017-2018,current,preseason,2017-08-11,eng-premier-league:2017-2018:newcastle-united:west-ham-united,3,eng-championship->eng-premier-league,recent_returner,1.0569678256527337,0.649399840814819,3.6793819217532926
eng-premier-league,2017-2018,current,preseason,2017-08-11,eng-premier-league:2017-2018:watford:brighton-hove-albion,3,eng-championship->eng-premier-league,no_target_history,1.3768063034570421,0.8676398387334324,2.512104777742057
eng-premier-league,2017-2018,current,preseason,2017-08-11,eng-premier-league:2017-2018:brighton-hove-albion:west-bromwich-albion,4,eng-championship->eng-premier-league,no_target_history,1.0264300409743452,0.6229710978047732,3.461850498423678
eng-premier-league,2017-2018,current,preseason,2017-08-11,eng-premier-league:2017-2018:swansea-city:newcastle-united,4,eng-championship->eng-premier-league,recent_returner,1.3111614501998057,0.8260904210061981,2.519964522868072
eng-premier-league,2017-2018,current,preseason,2017-08-11,eng-premier-league:2017-2018:west-ham-united:huddersfield-town,4,eng-championship->eng-premier-league,no_target_history,0.5803163347884407,0.2908585584961562,2.3490225954479342
eng-premier-league,2017-2018,current,preseason,2017-08-11,eng-premier-league:2017-2018:bournemouth:brighton-hove-albion,5,eng-championship->eng-premier-league,no_target_history,0.6248166458929081,0.32384475659391165,2.3814123780353453
eng-premier-league,2017-2018,current,preseason,2017-08-11,eng-premier-league:2017-2018:huddersfield-town:leicester-city,5,eng-championship->eng-premier-league,no_target_history,1.3602658832172987,0.8333720106599407,2.128042419792923
eng-premier-league,2017-2018,current,preseason,2017-08-11,eng-premier-league:2017-2018:newcastle-united:stoke-city,5,eng-championship->eng-premier-league,recent_returner,1.1319566426281271,0.7013510941465234,2.6413370955744293
eng-premier-league,2017-2018,current,preseason,2017-08-11,eng-premier-league:2017-2018:burnley:huddersfield-town,6,eng-championship->eng-premier-league,no_target_history,1.364528011951161,0.8560905885336461,2.4848751892365444
eng-premier-league,2017-2018,current,preseason,2017-08-11,eng-premier-league:2017-2018:brighton-hove-albion:newcastle-united,6,mixed,mixed,0.8080230832989025,0.46173971152792237,2.218108076645974
eng-premier-league,2017-2018,current,preseason,2017-08-11,eng-premier-league:2017-2018:huddersfield-town:tottenham-hotspur,7,eng-championship->eng-premier-league,no_target_history,0.44833607141325893,0.19687179486350934,3.2161918985682236
eng-premier-league,2017-2018,current,preseason,2017-08-11,eng-premier-league:2017-2018:arsenal:brighton-hove-albion,7,eng-championship->eng-premier-league,no_target_history,0.3650199265378625,0.1417263231905885,2.1729629363023424
eng-premier-league,2017-2018,current,preseason,2017-08-11,eng-premier-league:2017-2018:newcastle-united:liverpool,7,eng-championship->eng-premier-league,recent_returner,1.4576615866077784,0.9413733147049024,2.225460925221711
eng-premier-league,2017-2018,current,preseason,2017-08-11,eng-premier-league:2017-2018:swansea-city:huddersfield-town,8,eng-championship->eng-premier-league,no_target_history,0.7378016030892972,0.4086424405942727,2.4614381045325784
eng-premier-league,2017-2018,current,preseason,2017-08-11,eng-premier-league:2017-2018:brighton-hove-albion:everton,8,eng-championship->eng-premier-league,no_target_history,1.3686019793812862,0.8438645663443083,2.1361767125936244
eng-premier-league,2017-2018,current,preseason,2017-08-11,eng-premier-league:2017-2018:southampton:newcastle-united,8,eng-championship->eng-premier-league,recent_returner,1.5176707692474536,1.0089567902194891,3.2155997261228153
eng-premier-league,2017-2018,current,preseason,2017-08-11,eng-premier-league:2017-2018:west-ham-united:brighton-hove-albion,9,eng-championship->eng-premier-league,no_target_history,1.536390869495786,0.9783429951435539,4.483179564842407
eng-premier-league,2017-2018,current,preseason,2017-08-11,eng-premier-league:2017-2018:huddersfield-town:manchester-united,9,eng-championship->eng-premier-league,no_target_history,1.5360598725262604,0.9665684657016996,2.96040556921735
eng-premier-league,2017-2018,current,preseason,2017-08-11,eng-premier-league:2017-2018:newcastle-united:crystal-palace,9,eng-championship->eng-premier-league,recent_returner,1.0816474949612822,0.6644967833409923,2.3461457499559426
eng-premier-league,2017-2018,current,preseason,2017-08-11,eng-premier-league:2017-2018:liverpool:huddersfield-town,10,eng-championship->eng-premier-league,no_target_history,0.35192523732129055,0.1339378119015422,2.4017680684319482
eng-premier-league,2017-2018,current,preseason,2017-08-11,eng-premier-league:2017-2018:brighton-hove-albion:southampton,10,eng-championship->eng-premier-league,no_target_history,1.3572485420153404,0.8397486167642638,2.1260477189059794
eng-premier-league,2017-2018,current,preseason,2017-08-11,eng-premier-league:2017-2018:burnley:newcastle-united,10,eng-championship->eng-premier-league,recent_returner,0.7275284436360989,0.40080295781244935,2.1325257046718606
eng-premier-league,2017-2018,population,preseason,2017-08-11,eng-premier-league:2017-2018:brighton-hove-albion:manchester-city,1,eng-championship->eng-premier-league,no_target_history,0.5842454945189893,0.29373630000417766,2.444606369035938
eng-premier-league,2017-2018,population,preseason,2017-08-11,eng-premier-league:2017-2018:crystal-palace:huddersfield-town,1,eng-championship->eng-premier-league,no_target_history,1.1711357112828167,0.7348787060356964,3.8160016303880164
eng-premier-league,2017-2018,population,preseason,2017-08-11,eng-premier-league:2017-2018:newcastle-united:tottenham-hotspur,1,eng-championship->eng-premier-league,recent_returner,0.6363554260564861,0.3327972624142103,2.4901693173046517
eng-premier-league,2017-2018,population,preseason,2017-08-11,eng-premier-league:2017-2018:leicester-city:brighton-hove-albion,2,eng-championship->eng-premier-league,no_target_history,0.7631420063080124,0.42943470399513567,2.599022902400301
eng-premier-league,2017-2018,population,preseason,2017-08-11,eng-premier-league:2017-2018:huddersfield-town:newcastle-united,2,mixed,mixed,0.7926865722252577,0.4537761832524566,2.3530355328165395
eng-premier-league,2017-2018,population,preseason,2017-08-11,eng-premier-league:2017-2018:huddersfield-town:southampton,3,eng-championship->eng-premier-league,no_target_history,1.4021789509395965,0.8536865686595068,2.4877327697630967
eng-premier-league,2017-2018,population,preseason,2017-08-11,eng-premier-league:2017-2018:newcastle-united:west-ham-united,3,eng-championship->eng-premier-league,recent_returner,0.7645886506070638,0.4312358004061801,3.1718584452955314
eng-premier-league,2017-2018,population,preseason,2017-08-11,eng-premier-league:2017-2018:watford:brighton-hove-albion,3,eng-championship->eng-premier-league,no_target_history,1.39373760751126,0.848452688554059,2.461577084854754
eng-premier-league,2017-2018,population,preseason,2017-08-11,eng-premier-league:2017-2018:brighton-hove-albion:west-bromwich-albion,4,eng-championship->eng-premier-league,no_target_history,0.7538396172869716,0.4212775564645512,3.175536093789131
eng-premier-league,2017-2018,population,preseason,2017-08-11,eng-premier-league:2017-2018:swansea-city:newcastle-united,4,eng-championship->eng-premier-league,recent_returner,0.9682239156766829,0.5857419299593735,2.378595322340402
eng-premier-league,2017-2018,population,preseason,2017-08-11,eng-premier-league:2017-2018:west-ham-united:huddersfield-town,4,eng-championship->eng-premier-league,no_target_history,0.8040837744276712,0.461754528153278,2.670024603017027
eng-premier-league,2017-2018,population,preseason,2017-08-11,eng-premier-league:2017-2018:bournemouth:brighton-hove-albion,5,eng-championship->eng-premier-league,no_target_history,0.8550814139664215,0.5019732562682736,2.611097045175756
eng-premier-league,2017-2018,population,preseason,2017-08-11,eng-premier-league:2017-2018:huddersfield-town:leicester-city,5,eng-championship->eng-premier-league,no_target_history,1.4355862054387898,0.8778486451827237,2.271479775694581
eng-premier-league,2017-2018,population,preseason,2017-08-11,eng-premier-league:2017-2018:newcastle-united:stoke-city,5,eng-championship->eng-premier-league,recent_returner,0.8292199530988894,0.47982225056029587,2.598489756392841
eng-premier-league,2017-2018,population,preseason,2017-08-11,eng-premier-league:2017-2018:burnley:huddersfield-town,6,eng-championship->eng-premier-league,no_target_history,1.3842705215501672,0.8427716133883594,2.4367359349185866
eng-premier-league,2017-2018,population,preseason,2017-08-11,eng-premier-league:2017-2018:brighton-hove-albion:newcastle-united,6,mixed,mixed,0.7918951094096783,0.4532164261702385,2.3529920762470287
eng-premier-league,2017-2018,population,preseason,2017-08-11,eng-premier-league:2017-2018:huddersfield-town:tottenham-hotspur,7,eng-championship->eng-premier-league,no_target_history,0.645479033862018,0.33969714378051974,3.6028167140678344
eng-premier-league,2017-2018,population,preseason,2017-08-11,eng-premier-league:2017-2018:arsenal:brighton-hove-albion,7,eng-championship->eng-premier-league,no_target_history,0.5459537197730068,0.2655116570912551,2.423798660376981
eng-premier-league,2017-2018,population,preseason,2017-08-11,eng-premier-league:2017-2018:newcastle-united:liverpool,7,eng-championship->eng-premier-league,recent_returner,1.4342353846370604,0.8785922896754423,2.2666507856130202
eng-premier-league,2017-2018,population,preseason,2017-08-11,eng-premier-league:2017-2018:swansea-city:huddersfield-town,8,eng-championship->eng-premier-league,no_target_history,0.9748047843045012,0.5907922300524767,2.7960410493687338
eng-premier-league,2017-2018,population,preseason,2017-08-11,eng-premier-league:2017-2018:brighton-hove-albion:everton,8,eng-championship->eng-premier-league,no_target_history,1.4250385839002333,0.867549628230284,2.2541315498606114
eng-premier-league,2017-2018,population,preseason,2017-08-11,eng-premier-league:2017-2018:southampton:newcastle-united,8,eng-championship->eng-premier-league,recent_returner,1.449357574400784,0.9050328037977151,3.157416263437625
eng-premier-league,2017-2018,population,preseason,2017-08-11,eng-premier-league:2017-2018:west-ham-united:brighton-hove-albion,9,eng-championship->eng-premier-league,no_target_history,1.1395185064823234,0.7167427823413128,3.759235133251019
eng-premier-league,2017-2018,population,preseason,2017-08-11,eng-premier-league:2017-2018:huddersfield-town:manchester-united,9,eng-championship->eng-premier-league,no_target_history,1.156485779279722,0.7215426566156562,2.780931461046963
eng-premier-league,2017-2018,population,preseason,2017-08-11,eng-premier-league:2017-2018:newcastle-united:crystal-palace,9,eng-championship->eng-premier-league,recent_returner,0.7974451987156979,0.4551322144437398,2.2727948151792576
eng-premier-league,2017-2018,population,preseason,2017-08-11,eng-premier-league:2017-2018:liverpool:huddersfield-town,10,eng-championship->eng-premier-league,no_target_history,0.5233205718415839,0.2490850767970156,2.745529266929319
eng-premier-league,2017-2018,population,preseason,2017-08-11,eng-premier-league:2017-2018:brighton-hove-albion:southampton,10,eng-championship->eng-premier-league,no_target_history,1.4055794843307632,0.8557076277818518,2.2326950247999506
eng-premier-league,2017-2018,population,preseason,2017-08-11,eng-premier-league:2017-2018:burnley:newcastle-united,10,eng-championship->eng-premier-league,recent_returner,0.9542568072114175,0.5738163976915736,2.315477205408169
eng-premier-league,2017-2018,transition,preseason,2017-08-11,eng-premier-league:2017-2018:brighton-hove-albion:manchester-city,1,eng-championship->eng-premier-league,no_target_history,0.40830086095483015,0.1701706564423972,2.1534116003207244
eng-premier-league,2017-2018,transition,preseason,2017-08-11,eng-premier-league:2017-2018:crystal-palace:huddersfield-town,1,eng-championship->eng-premier-league,no_target_history,1.5482177714828278,0.9754238878301257,4.558343480966791
eng-premier-league,2017-2018,transition,preseason,2017-08-11,eng-premier-league:2017-2018:newcastle-united:tottenham-hotspur,1,eng-championship->eng-premier-league,recent_returner,0.4533022980873082,0.2005367906344556,2.1878130221506358
eng-premier-league,2017-2018,transition,preseason,2017-08-11,eng-premier-league:2017-2018:leicester-city:brighton-hove-albion,2,eng-championship->eng-premier-league,no_target_history,0.5680948991563848,0.28222391338408825,2.2799379559734336
eng-premier-league,2017-2018,transition,preseason,2017-08-11,eng-premier-league:2017-2018:huddersfield-town:newcastle-united,2,mixed,mixed,0.8157810762989612,0.4670254089911391,2.171981627998494
eng-premier-league,2017-2018,transition,preseason,2017-08-11,eng-premier-league:2017-2018:huddersfield-town:southampton,3,eng-championship->eng-premier-league,no_target_history,1.3341568463775588,0.8247542880926182,2.4832070520549165
eng-premier-league,2017-2018,transition,preseason,2017-08-11,eng-premier-league:2017-2018:newcastle-united:west-ham-united,3,eng-championship->eng-premier-league,recent_returner,1.0337320424444374,0.6311079186664982,3.6498315545134394
eng-premier-league,2017-2018,transition,preseason,2017-08-11,eng-premier-league:2017-2018:watford:brighton-hove-albion,3,eng-championship->eng-premier-league,no_target_history,1.352445093702316,0.8489646608262106,2.480643783772738
eng-premier-league,2017-2018,transition,preseason,2017-08-11,eng-premier-league:2017-2018:brighton-hove-albion:west-bromwich-albion,4,eng-championship->eng-premier-league,no_target_history,1.0040949723454295,0.6059247364919863,3.4505318138278835
eng-premier-league,2017-2018,transition,preseason,2017-08-11,eng-premier-league:2017-2018:swansea-city:newcastle-united,4,eng-championship->eng-premier-league,recent_returner,1.2852914397283302,0.80660298502453,2.4745498583478236
eng-premier-league,2017-2018,transition,preseason,2017-08-11,eng-premier-league:2017-2018:west-ham-united:huddersfield-town,4,eng-championship->eng-premier-league,no_target_history,0.602686146376228,0.3074509236279601,2.3510903891551043
eng-premier-league,2017-2018,transition,preseason,2017-08-11,eng-premier-league:2017-2018:bournemouth:brighton-hove-albion,5,eng-championship->eng-premier-league,no_target_history,0.6487954659173548,0.3417673468001223,2.368208843979622
eng-premier-league,2017-2018,transition,preseason,2017-08-11,eng-premier-league:2017-2018:huddersfield-town:leicester-city,5,eng-championship->eng-premier-league,no_target_history,1.3410927087883997,0.8205883468097754,2.1006336776449066
eng-premier-league,2017-2018,transition,preseason,2017-08-11,eng-premier-league:2017-2018:newcastle-united:stoke-city,5,eng-championship->eng-premier-league,recent_returner,1.1086976782655893,0.6833907033340838,2.6129053233145396
eng-premier-league,2017-2018,transition,preseason,2017-08-11,eng-premier-league:2017-2018:burnley:huddersfield-town,6,eng-championship->eng-premier-league,no_target_history,1.3501185499368766,0.8465358513885903,2.473580238087671
eng-premier-league,2017-2018,transition,preseason,2017-08-11,eng-premier-league:2017-2018:brighton-hove-albion:newcastle-united,6,mixed,mixed,0.8150824777894805,0.4665424050916667,2.175723633970935
eng-premier-league,2017-2018,transition,preseason,2017-08-11,eng-premier-league:2017-2018:huddersfield-town:tottenham-hotspur,7,eng-championship->eng-premier-league,no_target_history,0.46570646967255264,0.20907191236191125,3.2857273577805604
eng-premier-league,2017-2018,transition,preseason,2017-08-11,eng-premier-league:2017-2018:arsenal:brighton-hove-albion,7,eng-championship->eng-premier-league,no_target_history,0.3801993043440762,0.1516280199709681,2.1581668156838316
eng-premier-league,2017-2018,transition,preseason,2017-08-11,eng-premier-league:2017-2018:newcastle-united:liverpool,7,eng-championship->eng-premier-league,recent_returner,1.430803683052567,0.9209929223792367,2.19099747559407
eng-premier-league,2017-2018,transition,preseason,2017-08-11,eng-premier-league:2017-2018:swansea-city:huddersfield-town,8,eng-championship->eng-premier-league,no_target_history,0.7648255654461772,0.4288682760674366,2.476667977390602
eng-premier-league,2017-2018,transition,preseason,2017-08-11,eng-premier-league:2017-2018:brighton-hove-albion:everton,8,eng-championship->eng-premier-league,no_target_history,1.3482809255369053,0.8296068852617645,2.108601904240184
eng-premier-league,2017-2018,transition,preseason,2017-08-11,eng-premier-league:2017-2018:southampton:newcastle-united,8,eng-championship->eng-premier-league,recent_returner,1.4877079691896926,0.9863902950050271,3.202263013212063
eng-premier-league,2017-2018,transition,preseason,2017-08-11,eng-premier-league:2017-2018:west-ham-united:brighton-hove-albion,9,eng-championship->eng-premier-league,no_target_history,1.5095686760101938,0.9586823375787409,4.461405915196647
eng-premier-league,2017-2018,transition,preseason,2017-08-11,eng-premier-league:2017-2018:huddersfield-town:manchester-united,9,eng-championship->eng-premier-league,no_target_history,1.5103655228065298,0.9482598254075506,2.9326954728858077
eng-premier-league,2017-2018,transition,preseason,2017-08-11,eng-premier-league:2017-2018:newcastle-united:crystal-palace,9,eng-championship->eng-premier-league,recent_returner,1.0587342307746432,0.6468605884083224,2.305285532577877
eng-premier-league,2017-2018,transition,preseason,2017-08-11,eng-premier-league:2017-2018:liverpool:huddersfield-town,10,eng-championship->eng-premier-league,no_target_history,0.36601512855424234,0.14302272316388168,2.4172153970616126
eng-premier-league,2017-2018,transition,preseason,2017-08-11,eng-premier-league:2017-2018:brighton-hove-albion:southampton,10,eng-championship->eng-premier-league,no_target_history,1.3368524971498246,0.8251209362036918,2.099400337221711
eng-premier-league,2017-2018,transition,preseason,2017-08-11,eng-premier-league:2017-2018:burnley:newcastle-united,10,eng-championship->eng-premier-league,recent_returner,0.7374931384632537,0.4082496609627312,2.1207648472619463
eng-premier-league,2017-2018,source,preseason,2017-08-11,eng-premier-league:2017-2018:brighton-hove-albion:manchester-city,1,eng-championship->eng-premier-league,no_target_history,0.39936184920673357,0.16426772377545182,2.1495530559262743
eng-premier-league,2017-2018,source,preseason,2017-08-11,eng-premier-league:2017-2018:crystal-palace:huddersfield-town,1,eng-championship->eng-premier-league,no_target_history,1.585023650484566,0.9913509816673776,4.649420805092554
eng-premier-league,2017-2018,source,preseason,2017-08-11,eng-premier-league:2017-2018:newcastle-united:tottenham-hotspur,1,eng-championship->eng-premier-league,recent_returner,0.4575855854306424,0.20328411082038492,2.216394383267482
eng-premier-league,2017-2018,source,preseason,2017-08-11,eng-premier-league:2017-2018:leicester-city:brighton-hove-albion,2,eng-championship->eng-premier-league,no_target_history,0.5570212125159741,0.27414496097733926,2.271862971534702
eng-premier-league,2017-2018,source,preseason,2017-08-11,eng-premier-league:2017-2018:huddersfield-town:newcastle-united,2,mixed,mixed,0.8682756988194719,0.5058259232824354,2.1376260547010375
eng-premier-league,2017-2018,source,preseason,2017-08-11,eng-premier-league:2017-2018:huddersfield-town:southampton,3,eng-championship->eng-premier-league,no_target_history,1.3022656010646874,0.8083157652051174,2.3388631940529185
eng-premier-league,2017-2018,source,preseason,2017-08-11,eng-premier-league:2017-2018:newcastle-united:west-ham-united,3,eng-championship->eng-premier-league,recent_returner,1.0107983257847495,0.6149891134257788,3.611175843302849
eng-premier-league,2017-2018,source,preseason,2017-08-11,eng-premier-league:2017-2018:watford:brighton-hove-albion,3,eng-championship->eng-premier-league,no_target_history,1.3594251329689235,0.8557942928826135,2.4914367151562473
eng-premier-league,2017-2018,source,preseason,2017-08-11,eng-premier-league:2017-2018:brighton-hove-albion:west-bromwich-albion,4,eng-championship->eng-premier-league,no_target_history,1.0181734293002827,0.6162149076075618,3.465091770238057
eng-premier-league,2017-2018,source,preseason,2017-08-11,eng-premier-league:2017-2018:swansea-city:newcastle-united,4,eng-championship->eng-premier-league,recent_returner,1.2617497862347145,0.7919126193390402,2.4909704382345237
eng-premier-league,2017-2018,source,preseason,2017-08-11,eng-premier-league:2017-2018:west-ham-united:huddersfield-town,4,eng-championship->eng-premier-league,no_target_history,0.6007018453967649,0.30628368679613777,2.29015998606164
eng-premier-league,2017-2018,source,preseason,2017-08-11,eng-premier-league:2017-2018:bournemouth:brighton-hove-albion,5,eng-championship->eng-premier-league,no_target_history,0.6349450865124316,0.33140039696324214,2.3654415653645886
eng-premier-league,2017-2018,source,preseason,2017-08-11,eng-premier-league:2017-2018:huddersfield-town:leicester-city,5,eng-championship->eng-premier-league,no_target_history,1.3092275621033758,0.803433627119063,2.0788286836668686
eng-premier-league,2017-2018,source,preseason,2017-08-11,eng-premier-league:2017-2018:newcastle-united:stoke-city,5,eng-championship->eng-premier-league,recent_returner,1.0860612774336373,0.6680098974978596,2.593536160699759
eng-premier-league,2017-2018,source,preseason,2017-08-11,eng-premier-league:2017-2018:burnley:huddersfield-town,6,eng-championship->eng-premier-league,no_target_history,1.3197687989777442,0.8307026188605835,2.3395711835392348
eng-premier-league,2017-2018,source,preseason,2017-08-11,eng-premier-league:2017-2018:brighton-hove-albion:newcastle-united,6,mixed,mixed,0.8376366606008216,0.48374229995138673,2.2232980531081044
eng-premier-league,2017-2018,source,preseason,2017-08-11,eng-premier-league:2017-2018:huddersfield-town:tottenham-hotspur,7,eng-championship->eng-premier-league,no_target_history,0.4670878372313976,0.2106303703649941,3.2997729696761473
eng-premier-league,2017-2018,source,preseason,2017-08-11,eng-premier-league:2017-2018:arsenal:brighton-hove-albion,7,eng-championship->eng-premier-league,no_target_history,0.3718878950737431,0.14629973405270252,2.155174088047551
eng-premier-league,2017-2018,source,preseason,2017-08-11,eng-premier-league:2017-2018:newcastle-united:liverpool,7,eng-championship->eng-premier-league,recent_returner,1.4366034507864855,0.921248848543457,2.197382242608054
eng-premier-league,2017-2018,source,preseason,2017-08-11,eng-premier-league:2017-2018:swansea-city:huddersfield-town,8,eng-championship->eng-premier-league,no_target_history,0.7580768862355112,0.42363429253107904,2.4229356992519677
eng-premier-league,2017-2018,source,preseason,2017-08-11,eng-premier-league:2017-2018:brighton-hove-albion:everton,8,eng-championship->eng-premier-league,no_target_history,1.3518043896000227,0.8330064495345905,2.1128896302640197
eng-premier-league,2017-2018,source,preseason,2017-08-11,eng-premier-league:2017-2018:southampton:newcastle-united,8,eng-championship->eng-premier-league,recent_returner,1.4921396294543656,0.9856001755271371,3.1688055562880812
eng-premier-league,2017-2018,source,preseason,2017-08-11,eng-premier-league:2017-2018:west-ham-united:brighton-hove-albion,9,eng-championship->eng-premier-league,no_target_history,1.5286631521298522,0.9709082293048672,4.4929003776713365
eng-premier-league,2017-2018,source,preseason,2017-08-11,eng-premier-league:2017-2018:huddersfield-town:manchester-united,9,eng-championship->eng-premier-league,no_target_history,1.5470969568928143,0.9654199049736685,2.9955001641043797
eng-premier-league,2017-2018,source,preseason,2017-08-11,eng-premier-league:2017-2018:newcastle-united:crystal-palace,9,eng-championship->eng-premier-league,recent_returner,1.0371100462854188,0.631856732142993,2.3220326440739103
eng-premier-league,2017-2018,source,preseason,2017-08-11,eng-premier-league:2017-2018:liverpool:huddersfield-town,10,eng-championship->eng-premier-league,no_target_history,0.3692827788617614,0.14569982036826207,2.3977735215944285
eng-premier-league,2017-2018,source,preseason,2017-08-11,eng-premier-league:2017-2018:brighton-hove-albion:southampton,10,eng-championship->eng-premier-league,no_target_history,1.3405854237790653,0.8287928227988525,2.1037573959096116
eng-premier-league,2017-2018,source,preseason,2017-08-11,eng-premier-league:2017-2018:burnley:newcastle-united,10,eng-championship->eng-premier-league,recent_returner,0.7510801838782217,0.41850472555009544,2.156609583444075
eng-premier-league,2017-2018,memory,preseason,2017-08-11,eng-premier-league:2017-2018:brighton-hove-albion:manchester-city,1,eng-championship->eng-premier-league,no_target_history,0.4015442807588272,0.1657316246596346,2.146576381083201
eng-premier-league,2017-2018,memory,preseason,2017-08-11,eng-premier-league:2017-2018:crystal-palace:huddersfield-town,1,eng-championship->eng-premier-league,no_target_history,1.5832031323975584,0.9898907436568056,4.647380489135117
eng-premier-league,2017-2018,memory,preseason,2017-08-11,eng-premier-league:2017-2018:newcastle-united:tottenham-hotspur,1,eng-championship->eng-premier-league,recent_returner,0.4479719741152323,0.19659979000997385,2.223577320346314
eng-premier-league,2017-2018,memory,preseason,2017-08-11,eng-premier-league:2017-2018:leicester-city:brighton-hove-albion,2,eng-championship->eng-premier-league,no_target_history,0.5591464784472241,0.2757126741780559,2.2699304939957905
eng-premier-league,2017-2018,memory,preseason,2017-08-11,eng-premier-league:2017-2018:huddersfield-town:newcastle-united,2,mixed,mixed,0.8532738189328908,0.4947320713872865,2.1397813035704556
eng-premier-league,2017-2018,memory,preseason,2017-08-11,eng-premier-league:2017-2018:huddersfield-town:southampton,3,eng-championship->eng-premier-league,no_target_history,1.2997003693015983,0.8065285313783693,2.3294957992289635
eng-premier-league,2017-2018,memory,preseason,2017-08-11,eng-premier-league:2017-2018:newcastle-united:west-ham-united,3,eng-championship->eng-premier-league,recent_returner,1.0229611593666543,0.624425527291216,3.6304638812668895
eng-premier-league,2017-2018,memory,preseason,2017-08-11,eng-premier-league:2017-2018:watford:brighton-hove-albion,3,eng-championship->eng-premier-league,no_target_history,1.3568966866635974,0.8539850803439021,2.4824971968294447
eng-premier-league,2017-2018,memory,preseason,2017-08-11,eng-premier-league:2017-2018:brighton-hove-albion:west-bromwich-albion,4,eng-championship->eng-premier-league,no_target_history,1.0169831490958428,0.615258324544969,3.4671314590636495
eng-premier-league,2017-2018,memory,preseason,2017-08-11,eng-premier-league:2017-2018:swansea-city:newcastle-united,4,eng-championship->eng-premier-league,recent_returner,1.276240550091159,0.8025351299991987,2.5103118677634857
eng-premier-league,2017-2018,memory,preseason,2017-08-11,eng-premier-league:2017-2018:west-ham-united:huddersfield-town,4,eng-championship->eng-premier-league,no_target_history,0.6028116515677168,0.30785951234143116,2.2884709779145807
eng-premier-league,2017-2018,memory,preseason,2017-08-11,eng-premier-league:2017-2018:bournemouth:brighton-hove-albion,5,eng-championship->eng-premier-league,no_target_history,0.6371863219855193,0.3330754516634434,2.366695116714933
eng-premier-league,2017-2018,memory,preseason,2017-08-11,eng-premier-league:2017-2018:huddersfield-town:leicester-city,5,eng-championship->eng-premier-league,no_target_history,1.306996822622598,0.8019827204652489,2.0777108834855333
eng-premier-league,2017-2018,memory,preseason,2017-08-11,eng-premier-league:2017-2018:newcastle-united:stoke-city,5,eng-championship->eng-premier-league,recent_returner,1.0983513065540658,0.6773451021285327,2.604226355107068
eng-premier-league,2017-2018,memory,preseason,2017-08-11,eng-premier-league:2017-2018:burnley:huddersfield-town,6,eng-championship->eng-premier-league,no_target_history,1.3137939283596263,0.8259823925743984,2.321874557549034
eng-premier-league,2017-2018,memory,preseason,2017-08-11,eng-premier-league:2017-2018:brighton-hove-albion:newcastle-united,6,mixed,mixed,0.8226867410514713,0.4725713994231518,2.226147713535886
eng-premier-league,2017-2018,memory,preseason,2017-08-11,eng-premier-league:2017-2018:huddersfield-town:tottenham-hotspur,7,eng-championship->eng-premier-league,no_target_history,0.4692772507500896,0.21218637551838446,3.3068038146463063
eng-premier-league,2017-2018,memory,preseason,2017-08-11,eng-premier-league:2017-2018:arsenal:brighton-hove-albion,7,eng-championship->eng-premier-league,no_target_history,0.37360955774934945,0.14742240714216245,2.1519697885296356
eng-premier-league,2017-2018,memory,preseason,2017-08-11,eng-premier-league:2017-2018:newcastle-united:liverpool,7,eng-championship->eng-premier-league,recent_returner,1.4479735081495155,0.93047620947617,2.211589347039192
eng-premier-league,2017-2018,memory,preseason,2017-08-11,eng-premier-league:2017-2018:swansea-city:huddersfield-town,8,eng-championship->eng-premier-league,no_target_history,0.7600658045921038,0.4251192889904841,2.4220783891609674
eng-premier-league,2017-2018,memory,preseason,2017-08-11,eng-premier-league:2017-2018:brighton-hove-albion:everton,8,eng-championship->eng-premier-league,no_target_history,1.3497027776717516,0.8315816821044703,2.1112381635071924
eng-premier-league,2017-2018,memory,preseason,2017-08-11,eng-premier-league:2017-2018:southampton:newcastle-united,8,eng-championship->eng-premier-league,recent_returner,1.5053244797450394,0.9962744897908933,3.1740117598943733
eng-premier-league,2017-2018,memory,preseason,2017-08-11,eng-premier-league:2017-2018:west-ham-united:brighton-hove-albion,9,eng-championship->eng-premier-league,no_target_history,1.5263781989640155,0.9691909192707497,4.489618677883027
eng-premier-league,2017-2018,memory,preseason,2017-08-11,eng-premier-league:2017-2018:huddersfield-town:manchester-united,9,eng-championship->eng-premier-league,no_target_history,1.544923326003386,0.9637951493929875,2.9961389172090804
eng-premier-league,2017-2018,memory,preseason,2017-08-11,eng-premier-league:2017-2018:newcastle-united:crystal-palace,9,eng-championship->eng-premier-league,recent_returner,1.048802453344916,0.6407412040967191,2.3385304774350812
eng-premier-league,2017-2018,memory,preseason,2017-08-11,eng-premier-league:2017-2018:liverpool:huddersfield-town,10,eng-championship->eng-premier-league,no_target_history,0.37100772255767533,0.14683370583367236,2.39921488381181
eng-premier-league,2017-2018,memory,preseason,2017-08-11,eng-premier-league:2017-2018:brighton-hove-albion:southampton,10,eng-championship->eng-premier-league,no_target_history,1.338460097651758,0.8273114410049225,2.102267102269827
eng-premier-league,2017-2018,memory,preseason,2017-08-11,eng-premier-league:2017-2018:burnley:newcastle-united,10,eng-championship->eng-premier-league,recent_returner,0.7434355342031781,0.41277825243804556,2.1626144018127826
eng-premier-league,2018-2019,current,preseason,2018-08-10,eng-premier-league:2018-2019:bournemouth:cardiff-city,1,eng-championship->eng-premier-league,stale_history,0.6912133467863262,0.3735906129709123,2.433069883925029
eng-premier-league,2018-2019,current,preseason,2018-08-10,eng-premier-league:2018-2019:fulham:crystal-palace,1,eng-championship->eng-premier-league,stale_history,0.814455761623021,0.4665023331354,2.5527170389226894
eng-premier-league,2018-2019,current,preseason,2018-08-10,eng-premier-league:2018-2019:wolverhampton-wanderers:everton,1,eng-championship->eng-premier-league,stale_history,1.3224241744646867,0.807819800085796,3.046951406878894
eng-premier-league,2018-2019,current,preseason,2018-08-10,eng-premier-league:2018-2019:cardiff-city:newcastle-united,2,eng-championship->eng-premier-league,stale_history,1.3019914850800498,0.7951819259915365,2.377297877140083
eng-premier-league,2018-2019,current,preseason,2018-08-10,eng-premier-league:2018-2019:leicester-city:wolverhampton-wanderers,2,eng-championship->eng-premier-league,stale_history,0.5491232900689273,0.26846838179946825,2.252532201079342
eng-premier-league,2018-2019,current,preseason,2018-08-10,eng-premier-league:2018-2019:tottenham-hotspur:fulham,2,eng-championship->eng-premier-league,stale_history,0.3073295577258298,0.1073661491777147,2.7036550648975464
eng-premier-league,2018-2019,current,preseason,2018-08-10,eng-premier-league:2018-2019:huddersfield-town:cardiff-city,3,eng-championship->eng-premier-league,stale_history,1.2760317961602248,0.7914574245351171,2.225237516315612
eng-premier-league,2018-2019,current,preseason,2018-08-10,eng-premier-league:2018-2019:wolverhampton-wanderers:manchester-city,3,eng-championship->eng-premier-league,stale_history,1.703054755476567,1.1783541991689077,2.474251175509964
eng-premier-league,2018-2019,current,preseason,2018-08-10,eng-premier-league:2018-2019:fulham:burnley,3,eng-championship->eng-premier-league,stale_history,0.9302425832644683,0.5513075212007941,5.124395117828588
eng-premier-league,2018-2019,current,preseason,2018-08-10,eng-premier-league:2018-2019:brighton-hove-albion:fulham,4,eng-championship->eng-premier-league,stale_history,1.3383821424240492,0.8412081236746376,3.163295388524622
eng-premier-league,2018-2019,current,preseason,2018-08-10,eng-premier-league:2018-2019:west-ham-united:wolverhampton-wanderers,4,eng-championship->eng-premier-league,stale_history,1.3823974158925525,0.8709326404762311,2.5195402801615727
eng-premier-league,2018-2019,current,preseason,2018-08-10,eng-premier-league:2018-2019:cardiff-city:arsenal,4,eng-championship->eng-premier-league,stale_history,0.6282298089263647,0.3263926376555565,3.5124491336040795
eng-premier-league,2018-2019,current,preseason,2018-08-10,eng-premier-league:2018-2019:chelsea:cardiff-city,5,eng-championship->eng-premier-league,stale_history,0.35603014840200914,0.13729372228744446,3.358222294012182
eng-premier-league,2018-2019,current,preseason,2018-08-10,eng-premier-league:2018-2019:manchester-city:fulham,5,eng-championship->eng-premier-league,stale_history,0.18455506894745077,0.04463730918874277,2.1069880134358194
eng-premier-league,2018-2019,current,preseason,2018-08-10,eng-premier-league:2018-2019:wolverhampton-wanderers:burnley,5,eng-championship->eng-premier-league,stale_history,0.9280036362070414,0.5497467167102422,2.125431129482592
eng-premier-league,2018-2019,current,preseason,2018-08-10,eng-premier-league:2018-2019:cardiff-city:manchester-city,6,eng-championship->eng-premier-league,stale_history,0.356714663456603,0.1373388345208534,3.714241284843319
eng-premier-league,2018-2019,current,preseason,2018-08-10,eng-premier-league:2018-2019:fulham:watford,6,eng-championship->eng-premier-league,stale_history,1.3084324525406335,0.7988171671772668,2.082725251827317
eng-premier-league,2018-2019,current,preseason,2018-08-10,eng-premier-league:2018-2019:manchester-united:wolverhampton-wanderers,6,eng-championship->eng-premier-league,stale_history,1.5779920703851393,1.0787282125990447,2.3551290578434845
eng-premier-league,2018-2019,current,preseason,2018-08-10,eng-premier-league:2018-2019:everton:fulham,7,eng-championship->eng-premier-league,stale_history,0.6030842369135389,0.3080067510513981,2.8486551576754677
eng-premier-league,2018-2019,current,preseason,2018-08-10,eng-premier-league:2018-2019:wolverhampton-wanderers:southampton,7,eng-championship->eng-premier-league,stale_history,1.1209520921004597,0.6893877028972653,2.848777269270402
eng-premier-league,2018-2019,current,preseason,2018-08-10,eng-premier-league:2018-2019:cardiff-city:burnley,7,eng-championship->eng-premier-league,stale_history,1.1144207932309422,0.6843571365699663,2.6657143590434105
eng-premier-league,2018-2019,current,preseason,2018-08-10,eng-premier-league:2018-2019:crystal-palace:wolverhampton-wanderers,8,eng-championship->eng-premier-league,stale_history,1.734964452049703,1.0919359096451788,2.8497571407731535
eng-premier-league,2018-2019,current,preseason,2018-08-10,eng-premier-league:2018-2019:tottenham-hotspur:cardiff-city,8,eng-championship->eng-premier-league,stale_history,0.3152859628166342,0.11198825667737274,2.1713645382066096
eng-premier-league,2018-2019,current,preseason,2018-08-10,eng-premier-league:2018-2019:fulham:arsenal,8,eng-championship->eng-premier-league,stale_history,0.6369801679123367,0.33293955518205387,4.630075650351326
eng-premier-league,2018-2019,current,preseason,2018-08-10,eng-premier-league:2018-2019:cardiff-city:fulham,9,mixed,mixed,0.8152067351718606,0.46651492165190417,4.8345305558913
eng-premier-league,2018-2019,current,preseason,2018-08-10,eng-premier-league:2018-2019:wolverhampton-wanderers:watford,9,eng-championship->eng-premier-league,stale_history,1.0099774431280775,0.610982176126506,2.739505938186628
eng-premier-league,2018-2019,current,preseason,2018-08-10,eng-premier-league:2018-2019:brighton-hove-albion:wolverhampton-wanderers,10,eng-championship->eng-premier-league,stale_history,0.7332137467492374,0.4050360519233104,2.0769005064928048
eng-premier-league,2018-2019,current,preseason,2018-08-10,eng-premier-league:2018-2019:fulham:bournemouth,10,eng-championship->eng-premier-league,stale_history,1.089087183244913,0.6713521442571267,3.731119229754452
eng-premier-league,2018-2019,current,preseason,2018-08-10,eng-premier-league:2018-2019:liverpool:cardiff-city,10,eng-championship->eng-premier-league,stale_history,0.2769276337282126,0.09003344793708437,3.150433453340158
eng-premier-league,2018-2019,population,preseason,2018-08-10,eng-premier-league:2018-2019:bournemouth:cardiff-city,1,eng-championship->eng-premier-league,stale_history,0.8932777535375666,0.5305789872451293,2.768387087198443
eng-premier-league,2018-2019,population,preseason,2018-08-10,eng-premier-league:2018-2019:fulham:crystal-palace,1,eng-championship->eng-premier-league,stale_history,1.0313890103774292,0.6350758967134659,2.9006161165835818
eng-premier-league,2018-2019,population,preseason,2018-08-10,eng-premier-league:2018-2019:wolverhampton-wanderers:everton,1,eng-championship->eng-premier-league,stale_history,1.428251251986477,0.8774500417897799,3.1242128002037592
eng-premier-league,2018-2019,population,preseason,2018-08-10,eng-premier-league:2018-2019:cardiff-city:newcastle-united,2,eng-championship->eng-premier-league,stale_history,1.4055806886263025,0.8642632446256733,2.459097810305229
eng-premier-league,2018-2019,population,preseason,2018-08-10,eng-premier-league:2018-2019:leicester-city:wolverhampton-wanderers,2,eng-championship->eng-premier-league,stale_history,0.7289309360010985,0.4031596497776715,2.5633088578010903
eng-premier-league,2018-2019,population,preseason,2018-08-10,eng-premier-league:2018-2019:tottenham-hotspur:fulham,2,eng-championship->eng-premier-league,stale_history,0.4461927070827873,0.1947247200691275,2.881277366655114
eng-premier-league,2018-2019,population,preseason,2018-08-10,eng-premier-league:2018-2019:huddersfield-town:cardiff-city,3,eng-championship->eng-premier-league,stale_history,1.3267710226453455,0.809812502315328,2.2473591346094404
eng-premier-league,2018-2019,population,preseason,2018-08-10,eng-premier-league:2018-2019:wolverhampton-wanderers:manchester-city,3,eng-championship->eng-premier-league,stale_history,1.5817878198078907,1.036422980057114,2.4238339322820575
eng-premier-league,2018-2019,population,preseason,2018-08-10,eng-premier-league:2018-2019:fulham:burnley,3,eng-championship->eng-premier-league,stale_history,0.7005845312253098,0.38070169756673444,4.560086636989125
eng-premier-league,2018-2019,population,preseason,2018-08-10,eng-premier-league:2018-2019:brighton-hove-albion:fulham,4,eng-championship->eng-premier-league,stale_history,1.3752894075804367,0.8388221845121335,3.165843625524632
eng-premier-league,2018-2019,population,preseason,2018-08-10,eng-premier-league:2018-2019:west-ham-united:wolverhampton-wanderers,4,eng-championship->eng-premier-league,stale_history,1.0533943372347794,0.6494746409870231,2.4226212132951233
eng-premier-league,2018-2019,population,preseason,2018-08-10,eng-premier-league:2018-2019:cardiff-city:arsenal,4,eng-championship->eng-premier-league,stale_history,0.8262732839933711,0.4804314035753126,3.5707780134012754
eng-premier-league,2018-2019,population,preseason,2018-08-10,eng-premier-league:2018-2019:chelsea:cardiff-city,5,eng-championship->eng-premier-league,stale_history,0.49868751869678596,0.2316520964244891,3.5139259099557973
eng-premier-league,2018-2019,population,preseason,2018-08-10,eng-premier-league:2018-2019:manchester-city:fulham,5,eng-championship->eng-premier-league,stale_history,0.2912169468547755,0.09714495109411188,2.3926030832140537
eng-premier-league,2018-2019,population,preseason,2018-08-10,eng-premier-league:2018-2019:wolverhampton-wanderers:burnley,5,eng-championship->eng-premier-league,stale_history,0.7005035819259675,0.3806583987338033,2.148758602847044
eng-premier-league,2018-2019,population,preseason,2018-08-10,eng-premier-league:2018-2019:cardiff-city:manchester-city,6,eng-championship->eng-premier-league,stale_history,0.5015527333224583,0.2335135593602617,3.936372173545543
eng-premier-league,2018-2019,population,preseason,2018-08-10,eng-premier-league:2018-2019:fulham:watford,6,eng-championship->eng-premier-league,stale_history,1.4208795863289168,0.878302118983833,2.257839895889533
eng-premier-league,2018-2019,population,preseason,2018-08-10,eng-premier-league:2018-2019:manchester-united:wolverhampton-wanderers,6,eng-championship->eng-premier-league,stale_history,1.4990964025348155,0.9656170441123667,2.337473056496764
eng-premier-league,2018-2019,population,preseason,2018-08-10,eng-premier-league:2018-2019:everton:fulham,7,eng-championship->eng-premier-league,stale_history,0.7848135663749447,0.44573152339344274,3.176339099799104
eng-premier-league,2018-2019,population,preseason,2018-08-10,eng-premier-league:2018-2019:wolverhampton-wanderers:southampton,7,eng-championship->eng-premier-league,stale_history,0.8536523186788293,0.49706814508155867,2.617015827197089
eng-premier-league,2018-2019,population,preseason,2018-08-10,eng-premier-league:2018-2019:cardiff-city:burnley,7,eng-championship->eng-premier-league,stale_history,1.3448882093898156,0.8522099966109831,2.91703978597206
eng-premier-league,2018-2019,population,preseason,2018-08-10,eng-premier-league:2018-2019:crystal-palace:wolverhampton-wanderers,8,eng-championship->eng-premier-league,stale_history,1.333981250382489,0.853970869447053,2.660314807421713
eng-premier-league,2018-2019,population,preseason,2018-08-10,eng-premier-league:2018-2019:tottenham-hotspur:cardiff-city,8,eng-championship->eng-premier-league,stale_history,0.45188251184986294,0.19862719901952047,2.25022926975123
eng-premier-league,2018-2019,population,preseason,2018-08-10,eng-premier-league:2018-2019:fulham:arsenal,8,eng-championship->eng-premier-league,stale_history,0.8321954974705897,0.4848659912904968,4.707874539058817
eng-premier-league,2018-2019,population,preseason,2018-08-10,eng-premier-league:2018-2019:cardiff-city:fulham,9,mixed,mixed,0.7859768719995406,0.44836859692271647,4.4526561562361495
eng-premier-league,2018-2019,population,preseason,2018-08-10,eng-premier-league:2018-2019:wolverhampton-wanderers:watford,9,eng-championship->eng-premier-league,stale_history,1.2310916216543024,0.7774189290635161,3.065864905974703
eng-premier-league,2018-2019,population,preseason,2018-08-10,eng-premier-league:2018-2019:brighton-hove-albion:wolverhampton-wanderers,10,eng-championship->eng-premier-league,stale_history,0.9141459450919712,0.543084252241066,2.273514051743506
eng-premier-league,2018-2019,population,preseason,2018-08-10,eng-premier-league:2018-2019:fulham:bournemouth,10,eng-championship->eng-premier-league,stale_history,1.3236353231390734,0.8481952628306817,4.0486461269894205
eng-premier-league,2018-2019,population,preseason,2018-08-10,eng-premier-league:2018-2019:liverpool:cardiff-city,10,eng-championship->eng-premier-league,stale_history,0.4045479537131348,0.16664562322190862,3.3198971354135063
eng-premier-league,2018-2019,transition,preseason,2018-08-10,eng-premier-league:2018-2019:bournemouth:cardiff-city,1,eng-championship->eng-premier-league,stale_history,0.7003316149039385,0.38040818927344466,2.4280203113611076
eng-premier-league,2018-2019,transition,preseason,2018-08-10,eng-premier-league:2018-2019:fulham:crystal-palace,1,eng-championship->eng-premier-league,stale_history,0.8250792440331918,0.4742563009244408,2.552235880813642
eng-premier-league,2018-2019,transition,preseason,2018-08-10,eng-premier-league:2018-2019:wolverhampton-wanderers:everton,1,eng-championship->eng-premier-league,stale_history,1.3099453546686632,0.8002398880759664,3.0396206004872095
eng-premier-league,2018-2019,transition,preseason,2018-08-10,eng-premier-league:2018-2019:cardiff-city:newcastle-united,2,eng-championship->eng-premier-league,stale_history,1.2880296647288312,0.786668981195575,2.3626903194963713
eng-premier-league,2018-2019,transition,preseason,2018-08-10,eng-premier-league:2018-2019:leicester-city:wolverhampton-wanderers,2,eng-championship->eng-premier-league,stale_history,0.555648257867013,0.27336754086060533,2.2420552318039997
eng-premier-league,2018-2019,transition,preseason,2018-08-10,eng-premier-league:2018-2019:tottenham-hotspur:fulham,2,eng-championship->eng-premier-league,stale_history,0.30909463506735596,0.10858285471568317,2.6882363057766785
eng-premier-league,2018-2019,transition,preseason,2018-08-10,eng-premier-league:2018-2019:huddersfield-town:cardiff-city,3,eng-championship->eng-premier-league,stale_history,1.2764009500733433,0.7934383190915678,2.249502810017158
eng-premier-league,2018-2019,transition,preseason,2018-08-10,eng-premier-league:2018-2019:wolverhampton-wanderers:manchester-city,3,eng-championship->eng-premier-league,stale_history,1.6909293849271156,1.1723392798812413,2.45289049844399
eng-premier-league,2018-2019,transition,preseason,2018-08-10,eng-premier-league:2018-2019:fulham:burnley,3,eng-championship->eng-premier-league,stale_history,0.9297684630372083,0.5506961563003384,5.168914377929797
eng-premier-league,2018-2019,transition,preseason,2018-08-10,eng-premier-league:2018-2019:brighton-hove-albion:fulham,4,eng-championship->eng-premier-league,stale_history,1.3299344954580323,0.8359365917359953,3.146875567619953
eng-premier-league,2018-2019,transition,preseason,2018-08-10,eng-premier-league:2018-2019:west-ham-united:wolverhampton-wanderers,4,eng-championship->eng-premier-league,stale_history,1.3791402861584234,0.8671759871841871,2.502725744018168
eng-premier-league,2018-2019,transition,preseason,2018-08-10,eng-premier-league:2018-2019:cardiff-city:arsenal,4,eng-championship->eng-premier-league,stale_history,0.6355650624588248,0.33186380160106804,3.5148916508492265
eng-premier-league,2018-2019,transition,preseason,2018-08-10,eng-premier-league:2018-2019:chelsea:cardiff-city,5,eng-championship->eng-premier-league,stale_history,0.3587616274180118,0.13923124845156276,3.376411915020634
eng-premier-league,2018-2019,transition,preseason,2018-08-10,eng-premier-league:2018-2019:manchester-city:fulham,5,eng-championship->eng-premier-league,stale_history,0.18436790776045814,0.04465641883175285,2.0865570879423245
eng-premier-league,2018-2019,transition,preseason,2018-08-10,eng-premier-league:2018-2019:wolverhampton-wanderers:burnley,5,eng-championship->eng-premier-league,stale_history,0.9276145895309015,0.5491897942991257,2.1113054576656847
eng-premier-league,2018-2019,transition,preseason,2018-08-10,eng-premier-league:2018-2019:cardiff-city:manchester-city,6,eng-championship->eng-premier-league,stale_history,0.3592381458979512,0.13913387357839077,3.7797768088414854
eng-premier-league,2018-2019,transition,preseason,2018-08-10,eng-premier-league:2018-2019:fulham:watford,6,eng-championship->eng-premier-league,stale_history,1.296698940319007,0.79187661227328,2.0632543231986284
eng-premier-league,2018-2019,transition,preseason,2018-08-10,eng-premier-league:2018-2019:manchester-united:wolverhampton-wanderers,6,eng-championship->eng-premier-league,stale_history,1.564188087332106,1.0706500316840264,2.3334504843400454
eng-premier-league,2018-2019,transition,preseason,2018-08-10,eng-premier-league:2018-2019:everton:fulham,7,eng-championship->eng-premier-league,stale_history,0.6103513491099584,0.31350161257552006,2.864263696957205
eng-premier-league,2018-2019,transition,preseason,2018-08-10,eng-premier-league:2018-2019:wolverhampton-wanderers:southampton,7,eng-championship->eng-premier-league,stale_history,1.1163728806868378,0.6853585357450102,2.83708731707673
eng-premier-league,2018-2019,transition,preseason,2018-08-10,eng-premier-league:2018-2019:cardiff-city:burnley,7,eng-championship->eng-premier-league,stale_history,1.12338067378387,0.6899535376829316,2.6592568266701866
eng-premier-league,2018-2019,transition,preseason,2018-08-10,eng-premier-league:2018-2019:crystal-palace:wolverhampton-wanderers,8,eng-championship->eng-premier-league,stale_history,1.7346390168733556,1.0892546213445666,2.836566609972494
eng-premier-league,2018-2019,transition,preseason,2018-08-10,eng-premier-league:2018-2019:tottenham-hotspur:cardiff-city,8,eng-championship->eng-premier-league,stale_history,0.3174586786595485,0.11346654169326896,2.151382145845359
eng-premier-league,2018-2019,transition,preseason,2018-08-10,eng-premier-league:2018-2019:fulham:arsenal,8,eng-championship->eng-premier-league,stale_history,0.6444941673110453,0.33854447182769287,4.710743568100555
eng-premier-league,2018-2019,transition,preseason,2018-08-10,eng-premier-league:2018-2019:cardiff-city:fulham,9,mixed,mixed,0.8189493042539301,0.46908204812989535,4.900865338179314
eng-premier-league,2018-2019,transition,preseason,2018-08-10,eng-premier-league:2018-2019:wolverhampton-wanderers:watford,9,eng-championship->eng-premier-league,stale_history,1.024385409108577,0.6208462990724688,2.749204160157161
eng-premier-league,2018-2019,transition,preseason,2018-08-10,eng-premier-league:2018-2019:brighton-hove-albion:wolverhampton-wanderers,10,eng-championship->eng-premier-league,stale_history,0.737505463987096,0.4082580634151405,2.0696689055985766
eng-premier-league,2018-2019,transition,preseason,2018-08-10,eng-premier-league:2018-2019:fulham:bournemouth,10,eng-championship->eng-premier-league,stale_history,1.1046394813260967,0.681605209163999,3.772498238618815
eng-premier-league,2018-2019,transition,preseason,2018-08-10,eng-premier-league:2018-2019:liverpool:cardiff-city,10,eng-championship->eng-premier-league,stale_history,0.27845054984021844,0.09104496014845435,3.1565429585598164
eng-premier-league,2018-2019,source,preseason,2018-08-10,eng-premier-league:2018-2019:bournemouth:cardiff-city,1,eng-championship->eng-premier-league,stale_history,0.6823276412976004,0.3668856653003832,2.405097206176996
eng-premier-league,2018-2019,source,preseason,2018-08-10,eng-premier-league:2018-2019:fulham:crystal-palace,1,eng-championship->eng-premier-league,stale_history,0.8525107693895726,0.4950460077335207,2.5949481788657587
eng-premier-league,2018-2019,source,preseason,2018-08-10,eng-premier-league:2018-2019:wolverhampton-wanderers:everton,1,eng-championship->eng-premier-league,stale_history,1.3253827900199562,0.8088633997416567,3.0005518376825577
eng-premier-league,2018-2019,source,preseason,2018-08-10,eng-premier-league:2018-2019:cardiff-city:newcastle-united,2,eng-championship->eng-premier-league,stale_history,1.2887939894190945,0.78736770671866,2.3628070131862313
eng-premier-league,2018-2019,source,preseason,2018-08-10,eng-premier-league:2018-2019:leicester-city:wolverhampton-wanderers,2,eng-championship->eng-premier-league,stale_history,0.5664520140632269,0.28100934369159775,2.2804564958105553
eng-premier-league,2018-2019,source,preseason,2018-08-10,eng-premier-league:2018-2019:tottenham-hotspur:fulham,2,eng-championship->eng-premier-league,stale_history,0.3213905582790647,0.11572173984101958,2.6859755953467115
eng-premier-league,2018-2019,source,preseason,2018-08-10,eng-premier-league:2018-2019:huddersfield-town:cardiff-city,3,eng-championship->eng-premier-league,stale_history,1.263616473343956,0.7856386032042306,2.202283046739108
eng-premier-league,2018-2019,source,preseason,2018-08-10,eng-premier-league:2018-2019:wolverhampton-wanderers:manchester-city,3,eng-championship->eng-premier-league,stale_history,1.6913448117591077,1.167333304203864,2.451718536904566
eng-premier-league,2018-2019,source,preseason,2018-08-10,eng-premier-league:2018-2019:fulham:burnley,3,eng-championship->eng-premier-league,stale_history,0.895025232167788,0.525319492285495,5.085176662269989
eng-premier-league,2018-2019,source,preseason,2018-08-10,eng-premier-league:2018-2019:brighton-hove-albion:fulham,4,eng-championship->eng-premier-league,stale_history,1.326790474452759,0.8291309328987109,3.1218865934982674
eng-premier-league,2018-2019,source,preseason,2018-08-10,eng-premier-league:2018-2019:west-ham-united:wolverhampton-wanderers,4,eng-championship->eng-premier-league,stale_history,1.3429880274534605,0.845350263354288,2.5164766245179297
eng-premier-league,2018-2019,source,preseason,2018-08-10,eng-premier-league:2018-2019:cardiff-city:arsenal,4,eng-championship->eng-premier-league,stale_history,0.6196012038906212,0.31995507711011906,3.5191088058461695
eng-premier-league,2018-2019,source,preseason,2018-08-10,eng-premier-league:2018-2019:chelsea:cardiff-city,5,eng-championship->eng-premier-league,stale_history,0.34889375494877534,0.13312017125913395,3.363149797311974
eng-premier-league,2018-2019,source,preseason,2018-08-10,eng-premier-league:2018-2019:manchester-city:fulham,5,eng-championship->eng-premier-league,stale_history,0.19238901620123067,0.04809375705936932,2.106675863633133
eng-premier-league,2018-2019,source,preseason,2018-08-10,eng-premier-league:2018-2019:wolverhampton-wanderers:burnley,5,eng-championship->eng-premier-league,stale_history,0.8943114959903082,0.5250322511543087,2.1305355469113603
eng-premier-league,2018-2019,source,preseason,2018-08-10,eng-premier-league:2018-2019:cardiff-city:manchester-city,6,eng-championship->eng-premier-league,stale_history,0.34932128587281547,0.13299237334236882,3.7388115625990306
eng-premier-league,2018-2019,source,preseason,2018-08-10,eng-premier-league:2018-2019:fulham:watford,6,eng-championship->eng-premier-league,stale_history,1.3040892881120456,0.796710917797282,2.0695732032003002
eng-premier-league,2018-2019,source,preseason,2018-08-10,eng-premier-league:2018-2019:manchester-united:wolverhampton-wanderers,6,eng-championship->eng-premier-league,stale_history,1.5660485893587304,1.066421872774139,2.331459739702294
eng-premier-league,2018-2019,source,preseason,2018-08-10,eng-premier-league:2018-2019:everton:fulham,7,eng-championship->eng-premier-league,stale_history,0.630843706577527,0.32857810212446625,2.906113791341828
eng-premier-league,2018-2019,source,preseason,2018-08-10,eng-premier-league:2018-2019:wolverhampton-wanderers:southampton,7,eng-championship->eng-premier-league,stale_history,1.0831329718816134,0.6627621395642963,2.8117507817232648
eng-premier-league,2018-2019,source,preseason,2018-08-10,eng-premier-league:2018-2019:cardiff-city:burnley,7,eng-championship->eng-premier-league,stale_history,1.1023315546248265,0.675012014066829,2.647931979049764
eng-premier-league,2018-2019,source,preseason,2018-08-10,eng-premier-league:2018-2019:crystal-palace:wolverhampton-wanderers,8,eng-championship->eng-premier-league,stale_history,1.6973982680235398,1.0707326423266923,2.8454738830117563
eng-premier-league,2018-2019,source,preseason,2018-08-10,eng-premier-league:2018-2019:tottenham-hotspur:cardiff-city,8,eng-championship->eng-premier-league,stale_history,0.3082559108540884,0.10809315886648678,2.15244440158607
eng-premier-league,2018-2019,source,preseason,2018-08-10,eng-premier-league:2018-2019:fulham:arsenal,8,eng-championship->eng-premier-league,stale_history,0.667542379867691,0.3558766873158295,4.743563839398288
eng-premier-league,2018-2019,source,preseason,2018-08-10,eng-premier-league:2018-2019:cardiff-city:fulham,9,mixed,mixed,0.8653739498745902,0.503693041234313,4.933411269835302
eng-premier-league,2018-2019,source,preseason,2018-08-10,eng-premier-league:2018-2019:wolverhampton-wanderers:watford,9,eng-championship->eng-premier-league,stale_history,1.0457226869407517,0.6371398474951532,2.7926612717166535
eng-premier-league,2018-2019,source,preseason,2018-08-10,eng-premier-league:2018-2019:brighton-hove-albion:wolverhampton-wanderers,10,eng-championship->eng-premier-league,stale_history,0.7547763265121942,0.4211909819042699,2.111881783784074
eng-premier-league,2018-2019,source,preseason,2018-08-10,eng-premier-league:2018-2019:fulham:bournemouth,10,eng-championship->eng-premier-league,stale_history,1.1376487068762027,0.7058531295018908,3.8299180978213965
eng-premier-league,2018-2019,source,preseason,2018-08-10,eng-premier-league:2018-2019:liverpool:cardiff-city,10,eng-championship->eng-premier-league,stale_history,0.2701667239780624,0.08653273075436899,3.1471448259079615
eng-premier-league,2018-2019,memory,preseason,2018-08-10,eng-premier-league:2018-2019:bournemouth:cardiff-city,1,eng-championship->eng-premier-league,stale_history,0.6883971053327156,0.3714386016976113,2.4110925967664
eng-premier-league,2018-2019,memory,preseason,2018-08-10,eng-premier-league:2018-2019:fulham:crystal-palace,1,eng-championship->eng-premier-league,stale_history,0.8599801129963383,0.5005961275585881,2.602319815963633
eng-premier-league,2018-2019,memory,preseason,2018-08-10,eng-premier-league:2018-2019:wolverhampton-wanderers:everton,1,eng-championship->eng-premier-league,stale_history,1.3236941524075245,0.8078421675292553,3.0078988058141105
eng-premier-league,2018-2019,memory,preseason,2018-08-10,eng-premier-league:2018-2019:cardiff-city:newcastle-united,2,eng-championship->eng-premier-league,stale_history,1.2873519825143174,0.7864485925901739,2.3536581704462254
eng-premier-league,2018-2019,memory,preseason,2018-08-10,eng-premier-league:2018-2019:leicester-city:wolverhampton-wanderers,2,eng-championship->eng-premier-league,stale_history,0.5705993847296726,0.2840550782022173,2.2831855406970423
eng-premier-league,2018-2019,memory,preseason,2018-08-10,eng-premier-league:2018-2019:tottenham-hotspur:fulham,2,eng-championship->eng-premier-league,stale_history,0.32701257481467927,0.11912841689858639,2.6978183691475195
eng-premier-league,2018-2019,memory,preseason,2018-08-10,eng-premier-league:2018-2019:huddersfield-town:cardiff-city,3,eng-championship->eng-premier-league,stale_history,1.2603592703602688,0.7826941871309817,2.1923907280580877
eng-premier-league,2018-2019,memory,preseason,2018-08-10,eng-premier-league:2018-2019:wolverhampton-wanderers:manchester-city,3,eng-championship->eng-premier-league,stale_history,1.683462012400833,1.1614351208435598,2.4456768228679486
eng-premier-league,2018-2019,memory,preseason,2018-08-10,eng-premier-league:2018-2019:fulham:burnley,3,eng-championship->eng-premier-league,stale_history,0.8888016433457866,0.520674885813932,5.09605643911428
eng-premier-league,2018-2019,memory,preseason,2018-08-10,eng-premier-league:2018-2019:brighton-hove-albion:fulham,4,eng-championship->eng-premier-league,stale_history,1.3217637875555777,0.8250112883668816,3.1322190185312007
eng-premier-league,2018-2019,memory,preseason,2018-08-10,eng-premier-league:2018-2019:west-ham-united:wolverhampton-wanderers,4,eng-championship->eng-premier-league,stale_history,1.3380246114084446,0.8418348302454327,2.5060610154163943
eng-premier-league,2018-2019,memory,preseason,2018-08-10,eng-premier-league:2018-2019:cardiff-city:arsenal,4,eng-championship->eng-premier-league,stale_history,0.6257819295425171,0.32456050179274565,3.5254196602469245
eng-premier-league,2018-2019,memory,preseason,2018-08-10,eng-premier-league:2018-2019:chelsea:cardiff-city,5,eng-championship->eng-premier-league,stale_history,0.35318934142279856,0.13580557121138392,3.3732322516977558
eng-premier-league,2018-2019,memory,preseason,2018-08-10,eng-premier-league:2018-2019:manchester-city:fulham,5,eng-championship->eng-premier-league,stale_history,0.19689736948330872,0.05012851528466768,2.1141155535696483
eng-premier-league,2018-2019,memory,preseason,2018-08-10,eng-premier-league:2018-2019:wolverhampton-wanderers:burnley,5,eng-championship->eng-premier-league,stale_history,0.8898503779656369,0.5216871145658392,2.121157061007671
eng-premier-league,2018-2019,memory,preseason,2018-08-10,eng-premier-league:2018-2019:cardiff-city:manchester-city,6,eng-championship->eng-premier-league,stale_history,0.3538390106389323,0.1358124819174212,3.7537007625248204
eng-premier-league,2018-2019,memory,preseason,2018-08-10,eng-premier-league:2018-2019:fulham:watford,6,eng-championship->eng-premier-league,stale_history,1.3022367459124429,0.7957639263284499,2.0705463891013345
eng-premier-league,2018-2019,memory,preseason,2018-08-10,eng-premier-league:2018-2019:manchester-united:wolverhampton-wanderers,6,eng-championship->eng-premier-league,stale_history,1.560148973770587,1.0616500134442093,2.327632768485256
eng-premier-league,2018-2019,memory,preseason,2018-08-10,eng-premier-league:2018-2019:everton:fulham,7,eng-championship->eng-premier-league,stale_history,0.6373106212816317,0.33339349072446584,2.917895666888267
eng-premier-league,2018-2019,memory,preseason,2018-08-10,eng-premier-league:2018-2019:wolverhampton-wanderers:southampton,7,eng-championship->eng-premier-league,stale_history,1.0793287460785124,0.6599532561290614,2.804487445193847
eng-premier-league,2018-2019,memory,preseason,2018-08-10,eng-premier-league:2018-2019:cardiff-city:burnley,7,eng-championship->eng-premier-league,stale_history,1.111844658265935,0.6816412534634209,2.6573513903205614
eng-premier-league,2018-2019,memory,preseason,2018-08-10,eng-premier-league:2018-2019:crystal-palace:wolverhampton-wanderers,8,eng-championship->eng-premier-league,stale_history,1.6902904757629058,1.0663059831230595,2.8328514848723065
eng-premier-league,2018-2019,memory,preseason,2018-08-10,eng-premier-league:2018-2019:tottenham-hotspur:cardiff-city,8,eng-championship->eng-premier-league,stale_history,0.3122353052048387,0.11043141414877403,2.146815130580168
eng-premier-league,2018-2019,memory,preseason,2018-08-10,eng-premier-league:2018-2019:fulham:arsenal,8,eng-championship->eng-premier-league,stale_history,0.6745389986509647,0.361138400427646,4.757618191474526
eng-premier-league,2018-2019,memory,preseason,2018-08-10,eng-premier-league:2018-2019:cardiff-city:fulham,9,mixed,mixed,0.8667443015045367,0.5046571198101986,4.946072510256003
eng-premier-league,2018-2019,memory,preseason,2018-08-10,eng-premier-league:2018-2019:wolverhampton-wanderers:watford,9,eng-championship->eng-premier-league,stale_history,1.0502798671362992,0.6403620246728298,2.7972416458008698
eng-premier-league,2018-2019,memory,preseason,2018-08-10,eng-premier-league:2018-2019:brighton-hove-albion:wolverhampton-wanderers,10,eng-championship->eng-premier-league,stale_history,0.7598820999978171,0.42501082875003043,2.109128870508827
eng-premier-league,2018-2019,memory,preseason,2018-08-10,eng-premier-league:2018-2019:fulham:bournemouth,10,eng-championship->eng-premier-league,stale_history,1.1450854608320507,0.711017649485422,3.8420554608847386
eng-premier-league,2018-2019,memory,preseason,2018-08-10,eng-premier-league:2018-2019:liverpool:cardiff-city,10,eng-championship->eng-premier-league,stale_history,0.27386159420614914,0.0885560248601168,3.155847118115701
eng-premier-league,2019-2020,current,preseason,2019-08-09,eng-premier-league:2019-2020:liverpool:norwich-city,1,eng-championship->eng-premier-league,stale_history,0.21811378021154001,0.059582734381268834,3.0353781458206415
eng-premier-league,2019-2020,current,preseason,2019-08-09,eng-premier-league:2019-2020:bournemouth:sheffield-united,1,eng-championship->eng-premier-league,no_target_history,1.53216014085511,0.9855912630672593,2.313366187509562
eng-premier-league,2019-2020,current,preseason,2019-08-09,eng-premier-league:2019-2020:tottenham-hotspur:aston-villa,1,eng-championship->eng-premier-league,stale_history,0.39946551687773835,0.16406346509526382,2.7220306482189325
eng-premier-league,2019-2020,current,preseason,2019-08-09,eng-premier-league:2019-2020:aston-villa:bournemouth,2,eng-championship->eng-premier-league,stale_history,0.9085082179429499,0.5406721358136253,2.497391230931951
eng-premier-league,2019-2020,current,preseason,2019-08-09,eng-premier-league:2019-2020:norwich-city:newcastle-united,2,eng-championship->eng-premier-league,stale_history,1.0144972691096887,0.6155137586299635,3.4124169040890586
eng-premier-league,2019-2020,current,preseason,2019-08-09,eng-premier-league:2019-2020:sheffield-united:crystal-palace,2,eng-championship->eng-premier-league,no_target_history,1.161191540347467,0.725500634723183,2.508047026774186
eng-premier-league,2019-2020,current,preseason,2019-08-09,eng-premier-league:2019-2020:aston-villa:everton,3,eng-championship->eng-premier-league,stale_history,1.303742896184122,0.8221674526266765,3.130209760399233
eng-premier-league,2019-2020,current,preseason,2019-08-09,eng-premier-league:2019-2020:norwich-city:chelsea,3,eng-championship->eng-premier-league,stale_history,0.5795325597095646,0.2905217311068903,3.6521561668132043
eng-premier-league,2019-2020,current,preseason,2019-08-09,eng-premier-league:2019-2020:sheffield-united:leicester-city,3,eng-championship->eng-premier-league,no_target_history,0.771267043092123,0.433949693998704,2.442854336155409
eng-premier-league,2019-2020,current,preseason,2019-08-09,eng-premier-league:2019-2020:chelsea:sheffield-united,4,eng-championship->eng-premier-league,no_target_history,1.7296051009777336,1.1939899179522908,3.417813603771584
eng-premier-league,2019-2020,current,preseason,2019-08-09,eng-premier-league:2019-2020:crystal-palace:aston-villa,4,eng-championship->eng-premier-league,stale_history,0.5121200717247354,0.241342241261574,2.236914434068411
eng-premier-league,2019-2020,current,preseason,2019-08-09,eng-premier-league:2019-2020:west-ham-united:norwich-city,4,eng-championship->eng-premier-league,stale_history,0.6348950123077428,0.3313783190548192,2.433329945435335
eng-premier-league,2019-2020,current,preseason,2019-08-09,eng-premier-league:2019-2020:norwich-city:manchester-city,5,eng-championship->eng-premier-league,stale_history,2.305385910566156,1.377382551808541,4.874196380967682
eng-premier-league,2019-2020,current,preseason,2019-08-09,eng-premier-league:2019-2020:sheffield-united:southampton,5,eng-championship->eng-premier-league,no_target_history,0.9688005013097921,0.5837490805044943,2.3863230007324034
eng-premier-league,2019-2020,current,preseason,2019-08-09,eng-premier-league:2019-2020:aston-villa:west-ham-united,5,eng-championship->eng-premier-league,stale_history,1.384208989270121,0.84266346665194,2.70109451592029
eng-premier-league,2019-2020,current,preseason,2019-08-09,eng-premier-league:2019-2020:burnley:norwich-city,6,eng-championship->eng-premier-league,stale_history,0.6689486669736701,0.3569006300833206,2.440685621701128
eng-premier-league,2019-2020,current,preseason,2019-08-09,eng-premier-league:2019-2020:everton:sheffield-united,6,eng-championship->eng-premier-league,no_target_history,1.842765848416719,1.1539339242135047,3.786731921410386
eng-premier-league,2019-2020,current,preseason,2019-08-09,eng-premier-league:2019-2020:arsenal:aston-villa,6,eng-championship->eng-premier-league,stale_history,0.4274510281502613,0.18200333773482108,3.422685940570599
eng-premier-league,2019-2020,current,preseason,2019-08-09,eng-premier-league:2019-2020:aston-villa:burnley,7,eng-championship->eng-premier-league,stale_history,1.3707618968273114,0.835709718424723,2.953035718733856
eng-premier-league,2019-2020,current,preseason,2019-08-09,eng-premier-league:2019-2020:crystal-palace:norwich-city,7,eng-championship->eng-premier-league,stale_history,0.5153199471924683,0.2436167856167271,2.3027173909233714
eng-premier-league,2019-2020,current,preseason,2019-08-09,eng-premier-league:2019-2020:sheffield-united:liverpool,7,eng-championship->eng-premier-league,no_target_history,0.4118592459811997,0.1723282344898877,2.1930572117651144
eng-premier-league,2019-2020,current,preseason,2019-08-09,eng-premier-league:2019-2020:norwich-city:aston-villa,8,mixed,mixed,1.2061034024191666,0.7555494177084047,6.039758355883387
eng-premier-league,2019-2020,current,preseason,2019-08-09,eng-premier-league:2019-2020:watford:sheffield-united,8,eng-championship->eng-premier-league,no_target_history,1.4693925928664398,0.9291684735357915,2.8224907435202296
eng-premier-league,2019-2020,current,preseason,2019-08-09,eng-premier-league:2019-2020:aston-villa:brighton-hove-albion,9,eng-championship->eng-premier-league,stale_history,0.8195023914493973,0.4702102430453323,2.466348824399519
eng-premier-league,2019-2020,current,preseason,2019-08-09,eng-premier-league:2019-2020:bournemouth:norwich-city,9,eng-championship->eng-premier-league,stale_history,1.5247928689190293,0.9789052334760454,2.9275392298984144
eng-premier-league,2019-2020,current,preseason,2019-08-09,eng-premier-league:2019-2020:sheffield-united:arsenal,9,eng-championship->eng-premier-league,no_target_history,1.264359892746786,0.8036597748659267,2.6984799426769133
eng-premier-league,2019-2020,current,preseason,2019-08-09,eng-premier-league:2019-2020:manchester-city:aston-villa,10,eng-championship->eng-premier-league,stale_history,0.166131446133607,0.0368299107478106,2.1212122269061604
eng-premier-league,2019-2020,current,preseason,2019-08-09,eng-premier-league:2019-2020:west-ham-united:sheffield-united,10,eng-championship->eng-premier-league,no_target_history,1.4596050943884393,0.9254357266205665,2.2300448693090624
eng-premier-league,2019-2020,current,preseason,2019-08-09,eng-premier-league:2019-2020:norwich-city:manchester-united,10,eng-championship->eng-premier-league,stale_history,0.6849873194178601,0.36919002748197016,2.945488543804786
eng-premier-league,2019-2020,population,preseason,2019-08-09,eng-premier-league:2019-2020:liverpool:norwich-city,1,eng-championship->eng-premier-league,stale_history,0.3458987416663458,0.12912979079235914,3.2384605795116084
eng-premier-league,2019-2020,population,preseason,2019-08-09,eng-premier-league:2019-2020:bournemouth:sheffield-united,1,eng-championship->eng-premier-league,no_target_history,1.5217657370274573,0.9270717868366725,2.380636410785148
eng-premier-league,2019-2020,population,preseason,2019-08-09,eng-premier-league:2019-2020:tottenham-hotspur:aston-villa,1,eng-championship->eng-premier-league,stale_history,0.5711463474927374,0.28407232604538263,2.9504050018732055
eng-premier-league,2019-2020,population,preseason,2019-08-09,eng-premier-league:2019-2020:aston-villa:bournemouth,2,eng-championship->eng-premier-league,stale_history,1.1593834689493312,0.7379265492937046,2.7970290800845987
eng-premier-league,2019-2020,population,preseason,2019-08-09,eng-premier-league:2019-2020:norwich-city:newcastle-united,2,eng-championship->eng-premier-league,stale_history,0.7578759143489885,0.4250917469851067,3.1463711389296214
eng-premier-league,2019-2020,population,preseason,2019-08-09,eng-premier-league:2019-2020:sheffield-united:crystal-palace,2,eng-championship->eng-premier-league,no_target_history,0.8601805471894607,0.5058426600669158,2.4474870326853653
eng-premier-league,2019-2020,population,preseason,2019-08-09,eng-premier-league:2019-2020:aston-villa:everton,3,eng-championship->eng-premier-league,stale_history,0.9770775902598409,0.5937723064331426,2.833654447929687
eng-premier-league,2019-2020,population,preseason,2019-08-09,eng-premier-league:2019-2020:norwich-city:chelsea,3,eng-championship->eng-premier-league,stale_history,0.7758575912853483,0.43916146055519206,3.682813233001558
eng-premier-league,2019-2020,population,preseason,2019-08-09,eng-premier-league:2019-2020:sheffield-united:leicester-city,3,eng-championship->eng-premier-league,no_target_history,0.9942687722830565,0.6064965861530679,2.685999672515055
eng-premier-league,2019-2020,population,preseason,2019-08-09,eng-premier-league:2019-2020:chelsea:sheffield-united,4,eng-championship->eng-premier-league,no_target_history,1.588369373112762,1.0387394476731513,3.2662300846724928
eng-premier-league,2019-2020,population,preseason,2019-08-09,eng-premier-league:2019-2020:crystal-palace:aston-villa,4,eng-championship->eng-premier-league,stale_history,0.7035095847122814,0.38448398857986327,2.381442170461562
eng-premier-league,2019-2020,population,preseason,2019-08-09,eng-premier-league:2019-2020:west-ham-united:norwich-city,4,eng-championship->eng-premier-league,stale_history,0.8460941887448954,0.49527958264055283,2.7496673837438994
eng-premier-league,2019-2020,population,preseason,2019-08-09,eng-premier-league:2019-2020:norwich-city:manchester-city,5,eng-championship->eng-premier-league,stale_history,1.7730392396322698,1.1301798679230413,4.340625486317618
eng-premier-league,2019-2020,population,preseason,2019-08-09,eng-premier-league:2019-2020:sheffield-united:southampton,5,eng-championship->eng-premier-league,no_target_history,1.215037934730973,0.7725431258794921,2.6292001446602082
eng-premier-league,2019-2020,population,preseason,2019-08-09,eng-premier-league:2019-2020:aston-villa:west-ham-united,5,eng-championship->eng-premier-league,stale_history,1.5031901437069453,0.9278872001297558,2.759744158798925
eng-premier-league,2019-2020,population,preseason,2019-08-09,eng-premier-league:2019-2020:burnley:norwich-city,6,eng-championship->eng-premier-league,stale_history,0.8802578140616795,0.5208446577385615,2.7538063061969105
eng-premier-league,2019-2020,population,preseason,2019-08-09,eng-premier-league:2019-2020:everton:sheffield-united,6,eng-championship->eng-premier-league,no_target_history,1.405317658880796,0.9024759004448677,3.31050113953218
eng-premier-league,2019-2020,population,preseason,2019-08-09,eng-premier-league:2019-2020:arsenal:aston-villa,6,eng-championship->eng-premier-league,stale_history,0.6071094749929845,0.31161593637338025,3.4579270012396632
eng-premier-league,2019-2020,population,preseason,2019-08-09,eng-premier-league:2019-2020:aston-villa:burnley,7,eng-championship->eng-premier-league,stale_history,1.4940069675390046,0.9274612957014597,3.087450312309301
eng-premier-league,2019-2020,population,preseason,2019-08-09,eng-premier-league:2019-2020:crystal-palace:norwich-city,7,eng-championship->eng-premier-league,stale_history,0.7043779113427686,0.38515326397616445,2.5878801415231
eng-premier-league,2019-2020,population,preseason,2019-08-09,eng-premier-league:2019-2020:sheffield-united:liverpool,7,eng-championship->eng-premier-league,no_target_history,0.5790339285648936,0.289885256773162,2.297081966868654
eng-premier-league,2019-2020,population,preseason,2019-08-09,eng-premier-league:2019-2020:norwich-city:aston-villa,8,mixed,mixed,1.1311028283064368,0.7167026445778464,5.149221986758831
eng-premier-league,2019-2020,population,preseason,2019-08-09,eng-premier-league:2019-2020:watford:sheffield-united,8,eng-championship->eng-premier-league,no_target_history,1.487015498100998,0.901648332349395,2.7925037292941792
eng-premier-league,2019-2020,population,preseason,2019-08-09,eng-premier-league:2019-2020:aston-villa:brighton-hove-albion,9,eng-championship->eng-premier-league,stale_history,0.6101758390534963,0.312967132553443,2.520736104353082
eng-premier-league,2019-2020,population,preseason,2019-08-09,eng-premier-league:2019-2020:bournemouth:norwich-city,9,eng-championship->eng-premier-league,stale_history,1.5161180898404294,0.9241296996675378,2.8721853788652827
eng-premier-league,2019-2020,population,preseason,2019-08-09,eng-premier-league:2019-2020:sheffield-united:arsenal,9,eng-championship->eng-premier-league,no_target_history,0.9419541043315609,0.5720843898061478,2.6051177545827295
eng-premier-league,2019-2020,population,preseason,2019-08-09,eng-premier-league:2019-2020:manchester-city:aston-villa,10,eng-championship->eng-premier-league,stale_history,0.2720400871701611,0.08638633758144579,2.3715510665454804
eng-premier-league,2019-2020,population,preseason,2019-08-09,eng-premier-league:2019-2020:west-ham-united:sheffield-united,10,eng-championship->eng-premier-league,no_target_history,1.4731851877307403,0.8951411729900183,2.3033827538963454
eng-premier-league,2019-2020,population,preseason,2019-08-09,eng-premier-league:2019-2020:norwich-city:manchester-united,10,eng-championship->eng-premier-league,stale_history,0.8970836117376297,0.5353494013089471,3.214602305859169
eng-premier-league,2019-2020,transition,preseason,2019-08-09,eng-premier-league:2019-2020:liverpool:norwich-city,1,eng-championship->eng-premier-league,stale_history,0.2250386489071661,0.06304835210939183,3.0400391329954917
eng-premier-league,2019-2020,transition,preseason,2019-08-09,eng-premier-league:2019-2020:bournemouth:sheffield-united,1,eng-championship->eng-premier-league,no_target_history,1.5058154569269933,0.9658246039235978,2.2754602909315222
eng-premier-league,2019-2020,transition,preseason,2019-08-09,eng-premier-league:2019-2020:tottenham-hotspur:aston-villa,1,eng-championship->eng-premier-league,stale_history,0.4137106444189916,0.17367016333579754,2.7165723843440404
eng-premier-league,2019-2020,transition,preseason,2019-08-09,eng-premier-league:2019-2020:aston-villa:bournemouth,2,eng-championship->eng-premier-league,stale_history,0.9424394924090901,0.5656566042820103,2.4908701727031772
eng-premier-league,2019-2020,transition,preseason,2019-08-09,eng-premier-league:2019-2020:norwich-city:newcastle-united,2,eng-championship->eng-premier-league,stale_history,0.988480184682435,0.5956756936892651,3.384633866905132
eng-premier-league,2019-2020,transition,preseason,2019-08-09,eng-premier-league:2019-2020:sheffield-united:crystal-palace,2,eng-championship->eng-premier-league,no_target_history,1.1349627423925484,0.7053212782510326,2.4770829884814773
eng-premier-league,2019-2020,transition,preseason,2019-08-09,eng-premier-league:2019-2020:aston-villa:everton,3,eng-championship->eng-premier-league,stale_history,1.277240439979308,0.8024459076385783,3.09412930343666
eng-premier-league,2019-2020,transition,preseason,2019-08-09,eng-premier-league:2019-2020:norwich-city:chelsea,3,eng-championship->eng-premier-league,stale_history,0.6006602909842548,0.30617888395259196,3.6650478058967826
eng-premier-league,2019-2020,transition,preseason,2019-08-09,eng-premier-league:2019-2020:sheffield-united:leicester-city,3,eng-championship->eng-premier-league,no_target_history,0.7989282970597354,0.4546193812465199,2.434525370245777
eng-premier-league,2019-2020,transition,preseason,2019-08-09,eng-premier-league:2019-2020:chelsea:sheffield-united,4,eng-championship->eng-premier-league,no_target_history,1.6998094039946636,1.1740142513797136,3.3839998052349776
eng-premier-league,2019-2020,transition,preseason,2019-08-09,eng-premier-league:2019-2020:crystal-palace:aston-villa,4,eng-championship->eng-premier-league,stale_history,0.5304262338078156,0.25460673853499793,2.215272782433364
eng-premier-league,2019-2020,transition,preseason,2019-08-09,eng-premier-league:2019-2020:west-ham-united:norwich-city,4,eng-championship->eng-premier-league,stale_history,0.6581482787022029,0.34878415004846325,2.4334100735395605
eng-premier-league,2019-2020,transition,preseason,2019-08-09,eng-premier-league:2019-2020:norwich-city:manchester-city,5,eng-championship->eng-premier-league,stale_history,2.2793062446095123,1.3630707040837193,4.852377562592063
eng-premier-league,2019-2020,transition,preseason,2019-08-09,eng-premier-league:2019-2020:sheffield-united:southampton,5,eng-championship->eng-premier-league,no_target_history,1.0027232783105937,0.6081991355935632,2.3830203845092797
eng-premier-league,2019-2020,transition,preseason,2019-08-09,eng-premier-league:2019-2020:aston-villa:west-ham-united,5,eng-championship->eng-premier-league,stale_history,1.3710017262360696,0.835741572356187,2.6913566295265925
eng-premier-league,2019-2020,transition,preseason,2019-08-09,eng-premier-league:2019-2020:burnley:norwich-city,6,eng-championship->eng-premier-league,stale_history,0.69196691125515,0.3741727188067495,2.443730095211472
eng-premier-league,2019-2020,transition,preseason,2019-08-09,eng-premier-league:2019-2020:everton:sheffield-united,6,eng-championship->eng-premier-league,no_target_history,1.8161199504752952,1.1365558458628675,3.757163312645207
eng-premier-league,2019-2020,transition,preseason,2019-08-09,eng-premier-league:2019-2020:arsenal:aston-villa,6,eng-championship->eng-premier-league,stale_history,0.4434067172777649,0.19297484571790954,3.4120985185824515
eng-premier-league,2019-2020,transition,preseason,2019-08-09,eng-premier-league:2019-2020:aston-villa:burnley,7,eng-championship->eng-premier-league,stale_history,1.3590047924520594,0.8300565958939565,2.946402915470012
eng-premier-league,2019-2020,transition,preseason,2019-08-09,eng-premier-league:2019-2020:crystal-palace:norwich-city,7,eng-championship->eng-premier-league,stale_history,0.5335085243546211,0.2568136997273652,2.2952472545183413
eng-premier-league,2019-2020,transition,preseason,2019-08-09,eng-premier-league:2019-2020:sheffield-united:liverpool,7,eng-championship->eng-premier-league,no_target_history,0.426802424891782,0.18251640789047904,2.167001727073662
eng-premier-league,2019-2020,transition,preseason,2019-08-09,eng-premier-league:2019-2020:norwich-city:aston-villa,8,mixed,mixed,1.2197820575482021,0.7625301157242468,6.257010820922895
eng-premier-league,2019-2020,transition,preseason,2019-08-09,eng-premier-league:2019-2020:watford:sheffield-united,8,eng-championship->eng-premier-league,no_target_history,1.4460223256083176,0.9114893320885674,2.8058232356003234
eng-premier-league,2019-2020,transition,preseason,2019-08-09,eng-premier-league:2019-2020:aston-villa:brighton-hove-albion,9,eng-championship->eng-premier-league,stale_history,0.7991265150693971,0.4546540550795276,2.441111908655122
eng-premier-league,2019-2020,transition,preseason,2019-08-09,eng-premier-league:2019-2020:bournemouth:norwich-city,9,eng-championship->eng-premier-league,stale_history,1.49948934183791,0.959931193050416,2.9099747666768225
eng-premier-league,2019-2020,transition,preseason,2019-08-09,eng-premier-league:2019-2020:sheffield-united:arsenal,9,eng-championship->eng-premier-league,no_target_history,1.2367057007923237,0.7823641580012464,2.6664137447264875
eng-premier-league,2019-2020,transition,preseason,2019-08-09,eng-premier-league:2019-2020:manchester-city:aston-villa,10,eng-championship->eng-premier-league,stale_history,0.17078554574333202,0.03878710444768218,2.0988651378762264
eng-premier-league,2019-2020,transition,preseason,2019-08-09,eng-premier-league:2019-2020:west-ham-united:sheffield-united,10,eng-championship->eng-premier-league,no_target_history,1.4365901916842914,0.9079204203997625,2.1981368176996257
eng-premier-league,2019-2020,transition,preseason,2019-08-09,eng-premier-league:2019-2020:norwich-city:manchester-united,10,eng-championship->eng-premier-league,stale_history,0.7095825151865421,0.38768185799472793,2.9669686838850318
eng-premier-league,2019-2020,source,preseason,2019-08-09,eng-premier-league:2019-2020:liverpool:norwich-city,1,eng-championship->eng-premier-league,stale_history,0.24648841082911563,0.07355819104900767,3.0355767908347
eng-premier-league,2019-2020,source,preseason,2019-08-09,eng-premier-league:2019-2020:bournemouth:sheffield-united,1,eng-championship->eng-premier-league,no_target_history,1.5093600394802924,0.9673454745748112,2.281589096722973
eng-premier-league,2019-2020,source,preseason,2019-08-09,eng-premier-league:2019-2020:tottenham-hotspur:aston-villa,1,eng-championship->eng-premier-league,stale_history,0.436101413594151,0.1886193771762888,2.732210242539185
eng-premier-league,2019-2020,source,preseason,2019-08-09,eng-premier-league:2019-2020:aston-villa:bournemouth,2,eng-championship->eng-premier-league,stale_history,0.9827796245283763,0.5964599417334178,2.517957880374815
eng-premier-league,2019-2020,source,preseason,2019-08-09,eng-premier-league:2019-2020:norwich-city:newcastle-united,2,eng-championship->eng-premier-league,stale_history,0.908569859814262,0.5372710071448942,3.253744760269228
eng-premier-league,2019-2020,source,preseason,2019-08-09,eng-premier-league:2019-2020:sheffield-united:crystal-palace,2,eng-championship->eng-premier-league,no_target_history,1.1309155421542139,0.7027831583176722,2.4859056469170744
eng-premier-league,2019-2020,source,preseason,2019-08-09,eng-premier-league:2019-2020:aston-villa:everton,3,eng-championship->eng-premier-league,stale_history,1.2279717236444725,0.7689940278794973,3.0376428509571887
eng-premier-league,2019-2020,source,preseason,2019-08-09,eng-premier-league:2019-2020:norwich-city:chelsea,3,eng-championship->eng-premier-league,stale_history,0.6471760349680988,0.34056117150260007,3.6082973719773856
eng-premier-league,2019-2020,source,preseason,2019-08-09,eng-premier-league:2019-2020:sheffield-united:leicester-city,3,eng-championship->eng-premier-league,no_target_history,0.7994411867700355,0.4550746714015881,2.4343627247778876
eng-premier-league,2019-2020,source,preseason,2019-08-09,eng-premier-league:2019-2020:chelsea:sheffield-united,4,eng-championship->eng-premier-league,no_target_history,1.703345418514797,1.1755171987199715,3.3757208878342606
eng-premier-league,2019-2020,source,preseason,2019-08-09,eng-premier-league:2019-2020:crystal-palace:aston-villa,4,eng-championship->eng-premier-league,stale_history,0.556741647084404,0.2736264097153438,2.2314883232082514
eng-premier-league,2019-2020,source,preseason,2019-08-09,eng-premier-league:2019-2020:west-ham-united:norwich-city,4,eng-championship->eng-premier-league,stale_history,0.7105741310446789,0.3885492700092489,2.52575680467129
eng-premier-league,2019-2020,source,preseason,2019-08-09,eng-premier-league:2019-2020:norwich-city:manchester-city,5,eng-championship->eng-premier-league,stale_history,2.1582767050388036,1.3133288901073314,4.676643758004616
eng-premier-league,2019-2020,source,preseason,2019-08-09,eng-premier-league:2019-2020:sheffield-united:southampton,5,eng-championship->eng-premier-league,no_target_history,1.0039227760884386,0.6093335643690109,2.394765589210492
eng-premier-league,2019-2020,source,preseason,2019-08-09,eng-premier-league:2019-2020:aston-villa:west-ham-united,5,eng-championship->eng-premier-league,stale_history,1.3786478370665414,0.8416466176647486,2.7084252054834836
eng-premier-league,2019-2020,source,preseason,2019-08-09,eng-premier-league:2019-2020:burnley:norwich-city,6,eng-championship->eng-premier-league,stale_history,0.7456147311056509,0.4149594015008897,2.535332108001695
eng-premier-league,2019-2020,source,preseason,2019-08-09,eng-premier-league:2019-2020:everton:sheffield-united,6,eng-championship->eng-premier-league,no_target_history,1.8122338475156021,1.1352676811541318,3.75584108097643
eng-premier-league,2019-2020,source,preseason,2019-08-09,eng-premier-league:2019-2020:arsenal:aston-villa,6,eng-championship->eng-premier-league,stale_history,0.4673691332325927,0.20945756762780507,3.3994956669887264
eng-premier-league,2019-2020,source,preseason,2019-08-09,eng-premier-league:2019-2020:aston-villa:burnley,7,eng-championship->eng-premier-league,stale_history,1.3678512881881555,0.8373941449267529,2.9449468809560253
eng-premier-league,2019-2020,source,preseason,2019-08-09,eng-premier-league:2019-2020:crystal-palace:norwich-city,7,eng-championship->eng-premier-league,stale_history,0.5770455231842428,0.28840588685966484,2.373431135298441
eng-premier-league,2019-2020,source,preseason,2019-08-09,eng-premier-league:2019-2020:sheffield-united:liverpool,7,eng-championship->eng-premier-league,no_target_history,0.4266051662427036,0.1823186011911665,2.1781268543447903
eng-premier-league,2019-2020,source,preseason,2019-08-09,eng-premier-league:2019-2020:norwich-city:aston-villa,8,mixed,mixed,1.2537469230112626,0.7886721066987362,6.213707790401591
eng-premier-league,2019-2020,source,preseason,2019-08-09,eng-premier-league:2019-2020:watford:sheffield-united,8,eng-championship->eng-premier-league,no_target_history,1.449332188521842,0.9129719614660071,2.820305131941836
eng-premier-league,2019-2020,source,preseason,2019-08-09,eng-premier-league:2019-2020:aston-villa:brighton-hove-albion,9,eng-championship->eng-premier-league,stale_history,0.7631627496974853,0.4276397725835911,2.4262474241238214
eng-premier-league,2019-2020,source,preseason,2019-08-09,eng-premier-league:2019-2020:bournemouth:norwich-city,9,eng-championship->eng-premier-league,stale_history,1.4878633778076338,0.9385178911842587,2.956761915095388
eng-premier-league,2019-2020,source,preseason,2019-08-09,eng-premier-league:2019-2020:sheffield-united:arsenal,9,eng-championship->eng-premier-league,no_target_history,1.232880988037082,0.7801055174016918,2.6747900400086504
eng-premier-league,2019-2020,source,preseason,2019-08-09,eng-premier-league:2019-2020:manchester-city:aston-villa,10,eng-championship->eng-premier-league,stale_history,0.1825717290880761,0.04365605284722989,2.122742468574729
eng-premier-league,2019-2020,source,preseason,2019-08-09,eng-premier-league:2019-2020:west-ham-united:sheffield-united,10,eng-championship->eng-premier-league,no_target_history,1.4396750791448085,0.9092711390998317,2.20253212026073
eng-premier-league,2019-2020,source,preseason,2019-08-09,eng-premier-league:2019-2020:norwich-city:manchester-united,10,eng-championship->eng-premier-league,stale_history,0.7648327631870381,0.43005846653779745,3.005515720885575
eng-premier-league,2019-2020,memory,preseason,2019-08-09,eng-premier-league:2019-2020:liverpool:norwich-city,1,eng-championship->eng-premier-league,stale_history,0.24282820902122335,0.07165956901375783,3.027080668708972
eng-premier-league,2019-2020,memory,preseason,2019-08-09,eng-premier-league:2019-2020:bournemouth:sheffield-united,1,eng-championship->eng-premier-league,no_target_history,1.509733018967237,0.9681820652242423,2.281566542761981
eng-premier-league,2019-2020,memory,preseason,2019-08-09,eng-premier-league:2019-2020:tottenham-hotspur:aston-villa,1,eng-championship->eng-premier-league,stale_history,0.429953112495649,0.18439430226721945,2.7246882752127712
eng-premier-league,2019-2020,memory,preseason,2019-08-09,eng-premier-league:2019-2020:aston-villa:bournemouth,2,eng-championship->eng-premier-league,stale_history,0.9731857143895155,0.5895172795604305,2.5148739865847345
eng-premier-league,2019-2020,memory,preseason,2019-08-09,eng-premier-league:2019-2020:norwich-city:newcastle-united,2,eng-championship->eng-premier-league,stale_history,0.9153239127725593,0.5424071019507104,3.2588755051278184
eng-premier-league,2019-2020,memory,preseason,2019-08-09,eng-premier-league:2019-2020:sheffield-united:crystal-palace,2,eng-championship->eng-premier-league,no_target_history,1.1344414804062548,0.7052413452292478,2.4852958381903014
eng-premier-league,2019-2020,memory,preseason,2019-08-09,eng-premier-league:2019-2020:aston-villa:everton,3,eng-championship->eng-premier-league,stale_history,1.2354826664493253,0.7747006556343223,3.051841973152995
eng-premier-league,2019-2020,memory,preseason,2019-08-09,eng-premier-league:2019-2020:norwich-city:chelsea,3,eng-championship->eng-premier-league,stale_history,0.6406841461256826,0.33570969959689856,3.600782631884486
eng-premier-league,2019-2020,memory,preseason,2019-08-09,eng-premier-league:2019-2020:sheffield-united:leicester-city,3,eng-championship->eng-premier-league,no_target_history,0.7972624557139287,0.453416923910238,2.4342053844904363
eng-premier-league,2019-2020,memory,preseason,2019-08-09,eng-premier-league:2019-2020:chelsea:sheffield-united,4,eng-championship->eng-premier-league,no_target_history,1.7043980574194755,1.17666469583769,3.380299558412245
eng-premier-league,2019-2020,memory,preseason,2019-08-09,eng-premier-league:2019-2020:crystal-palace:aston-villa,4,eng-championship->eng-premier-league,stale_history,0.5498101091935904,0.26854592350587947,2.2416604282793315
eng-premier-league,2019-2020,memory,preseason,2019-08-09,eng-premier-league:2019-2020:west-ham-united:norwich-city,4,eng-championship->eng-premier-league,stale_history,0.703388496664002,0.3831212050081458,2.521655854942532
eng-premier-league,2019-2020,memory,preseason,2019-08-09,eng-premier-league:2019-2020:norwich-city:manchester-city,5,eng-championship->eng-premier-league,stale_history,2.170577632961491,1.3195677050306052,4.680978561353604
eng-premier-league,2019-2020,memory,preseason,2019-08-09,eng-premier-league:2019-2020:sheffield-united:southampton,5,eng-championship->eng-premier-league,no_target_history,1.001158567331189,0.6072298183823319,2.3895236087888567
eng-premier-league,2019-2020,memory,preseason,2019-08-09,eng-premier-league:2019-2020:aston-villa:west-ham-united,5,eng-championship->eng-premier-league,stale_history,1.3823568129068715,0.8433731093799856,2.7218287072032714
eng-premier-league,2019-2020,memory,preseason,2019-08-09,eng-premier-league:2019-2020:burnley:norwich-city,6,eng-championship->eng-premier-league,stale_history,0.7387681724041802,0.40979084028472207,2.530870815157316
eng-premier-league,2019-2020,memory,preseason,2019-08-09,eng-premier-league:2019-2020:everton:sheffield-united,6,eng-championship->eng-premier-league,no_target_history,1.8162574496369457,1.1373185792727918,3.7600876948902044
eng-premier-league,2019-2020,memory,preseason,2019-08-09,eng-premier-league:2019-2020:arsenal:aston-villa,6,eng-championship->eng-premier-league,stale_history,0.46099092836312777,0.20498909261883144,3.3917328947963705
eng-premier-league,2019-2020,memory,preseason,2019-08-09,eng-premier-league:2019-2020:aston-villa:burnley,7,eng-championship->eng-premier-league,stale_history,1.3711817899665824,0.8388218622467326,2.9392393372146284
eng-premier-league,2019-2020,memory,preseason,2019-08-09,eng-premier-league:2019-2020:crystal-palace:norwich-city,7,eng-championship->eng-premier-league,stale_history,0.5709564927531804,0.2839205429156958,2.3710795081354403
eng-premier-league,2019-2020,memory,preseason,2019-08-09,eng-premier-league:2019-2020:sheffield-united:liverpool,7,eng-championship->eng-premier-league,no_target_history,0.4254438792797099,0.18155029852725174,2.1754583772167484
eng-premier-league,2019-2020,memory,preseason,2019-08-09,eng-premier-league:2019-2020:norwich-city:aston-villa,8,mixed,mixed,1.2523086850558427,0.7883624780892826,6.1766197807865275
eng-premier-league,2019-2020,memory,preseason,2019-08-09,eng-premier-league:2019-2020:watford:sheffield-united,8,eng-championship->eng-premier-league,no_target_history,1.449612692672828,0.9136649130925704,2.816826020670412
eng-premier-league,2019-2020,memory,preseason,2019-08-09,eng-premier-league:2019-2020:aston-villa:brighton-hove-albion,9,eng-championship->eng-premier-league,stale_history,0.7677842359034729,0.431162963377985,2.4286336025458626
eng-premier-league,2019-2020,memory,preseason,2019-08-09,eng-premier-league:2019-2020:bournemouth:norwich-city,9,eng-championship->eng-premier-league,stale_history,1.4930815237058699,0.9428994513745036,2.967473415386435
eng-premier-league,2019-2020,memory,preseason,2019-08-09,eng-premier-league:2019-2020:sheffield-united:arsenal,9,eng-championship->eng-premier-league,no_target_history,1.2366496968168028,0.7826983138460559,2.6749373025763634
eng-premier-league,2019-2020,memory,preseason,2019-08-09,eng-premier-league:2019-2020:manchester-city:aston-villa,10,eng-championship->eng-premier-league,stale_history,0.17932370923975252,0.042249701630063696,2.1241991463175225
eng-premier-league,2019-2020,memory,preseason,2019-08-09,eng-premier-league:2019-2020:west-ham-united:sheffield-united,10,eng-championship->eng-premier-league,no_target_history,1.4400565399634853,0.9100309925357243,2.202847391620333
eng-premier-league,2019-2020,memory,preseason,2019-08-09,eng-premier-league:2019-2020:norwich-city:manchester-united,10,eng-championship->eng-premier-league,stale_history,0.7577518846838929,0.42469649365563816,2.996149209884507
eng-premier-league,2020-2021,current,preseason,2020-09-12,eng-premier-league:2020-2021:fulham:arsenal,1,eng-championship->eng-premier-league,recent_returner,0.7932528968872058,0.4510805704117827,3.222304507547987
eng-premier-league,2020-2021,current,preseason,2020-09-12,eng-premier-league:2020-2021:liverpool:leeds-united,1,eng-championship->eng-premier-league,no_target_history,0.30657803103276254,0.10653202039489285,5.5100554598428735
eng-premier-league,2020-2021,current,preseason,2020-09-12,eng-premier-league:2020-2021:west-bromwich-albion:leicester-city,1,eng-championship->eng-premier-league,recent_returner,0.709730631239253,0.3875827218682111,3.066592006913373
eng-premier-league,2020-2021,current,preseason,2020-09-12,eng-premier-league:2020-2021:everton:west-bromwich-albion,2,eng-championship->eng-premier-league,recent_returner,0.5881925842465828,0.2969593191513713,5.40637880670761
eng-premier-league,2020-2021,current,preseason,2020-09-12,eng-premier-league:2020-2021:leeds-united:fulham,2,mixed,mixed,0.8397431825328588,0.48571850785662807,5.55730248772586
eng-premier-league,2020-2021,current,preseason,2020-09-12,eng-premier-league:2020-2021:west-bromwich-albion:chelsea,3,eng-championship->eng-premier-league,recent_returner,1.550786582526151,1.0202416246290984,4.625511939608327
eng-premier-league,2020-2021,current,preseason,2020-09-12,eng-premier-league:2020-2021:sheffield-united:leeds-united,3,eng-championship->eng-premier-league,no_target_history,1.4181503616667563,0.8940095589087471,2.532551879823896
eng-premier-league,2020-2021,current,preseason,2020-09-12,eng-premier-league:2020-2021:fulham:aston-villa,3,eng-championship->eng-premier-league,recent_returner,1.070954164663631,0.6582014934801794,3.706167165037705
eng-premier-league,2020-2021,current,preseason,2020-09-12,eng-premier-league:2020-2021:leeds-united:manchester-city,4,eng-championship->eng-premier-league,no_target_history,1.874449024445794,1.2893772032899475,2.644815563617263
eng-premier-league,2020-2021,current,preseason,2020-09-12,eng-premier-league:2020-2021:southampton:west-bromwich-albion,4,eng-championship->eng-premier-league,recent_returner,0.5394678733222809,0.26105575647652185,2.3166304452413367
eng-premier-league,2020-2021,current,preseason,2020-09-12,eng-premier-league:2020-2021:wolverhampton-wanderers:fulham,4,eng-championship->eng-premier-league,recent_returner,0.47216904697741885,0.2145544638111403,2.012731929549366
eng-premier-league,2020-2021,current,preseason,2020-09-12,eng-premier-league:2020-2021:sheffield-united:fulham,5,eng-championship->eng-premier-league,recent_returner,1.3827358126372382,0.8763531280399713,2.1560070506783258
eng-premier-league,2020-2021,current,preseason,2020-09-12,eng-premier-league:2020-2021:leeds-united:wolverhampton-wanderers,5,eng-championship->eng-premier-league,no_target_history,0.6953897340413532,0.3767836555645801,2.0603482912005706
eng-premier-league,2020-2021,current,preseason,2020-09-12,eng-premier-league:2020-2021:west-bromwich-albion:burnley,5,eng-championship->eng-premier-league,recent_returner,1.3454952041354504,0.8212539352720019,2.536316896514711
eng-premier-league,2020-2021,current,preseason,2020-09-12,eng-premier-league:2020-2021:aston-villa:leeds-united,6,eng-championship->eng-premier-league,no_target_history,1.267650219021904,0.7981427414514695,4.038448286758644
eng-premier-league,2020-2021,current,preseason,2020-09-12,eng-premier-league:2020-2021:fulham:crystal-palace,6,eng-championship->eng-premier-league,recent_returner,1.0711406740161447,0.655649531893198,2.6176294685502866
eng-premier-league,2020-2021,current,preseason,2020-09-12,eng-premier-league:2020-2021:brighton-hove-albion:west-bromwich-albion,6,eng-championship->eng-premier-league,recent_returner,1.37786167378781,0.8602692029560718,2.1472980329554376
eng-premier-league,2020-2021,current,preseason,2020-09-12,eng-premier-league:2020-2021:fulham:west-bromwich-albion,7,mixed,mixed,0.8386407614052512,0.4849815861980649,2.587321275386631
eng-premier-league,2020-2021,current,preseason,2020-09-12,eng-premier-league:2020-2021:leeds-united:leicester-city,7,eng-championship->eng-premier-league,no_target_history,0.718238703227252,0.3940318161146098,3.8673205306164835
eng-premier-league,2020-2021,current,preseason,2020-09-12,eng-premier-league:2020-2021:crystal-palace:leeds-united,8,eng-championship->eng-premier-league,no_target_history,0.7664557427665063,0.4300202859368365,4.070656987999382
eng-premier-league,2020-2021,current,preseason,2020-09-12,eng-premier-league:2020-2021:west-ham-united:fulham,8,eng-championship->eng-premier-league,recent_returner,0.6493908782321803,0.3422410389163429,2.27076229086732
eng-premier-league,2020-2021,current,preseason,2020-09-12,eng-premier-league:2020-2021:west-bromwich-albion:tottenham-hotspur,8,eng-championship->eng-premier-league,recent_returner,0.8285068813364616,0.47726773950516566,2.248179910230822
eng-premier-league,2020-2021,current,preseason,2020-09-12,eng-premier-league:2020-2021:manchester-united:west-bromwich-albion,9,eng-championship->eng-premier-league,recent_returner,0.3487746547689052,0.13189514381797335,2.2080323597655287
eng-premier-league,2020-2021,current,preseason,2020-09-12,eng-premier-league:2020-2021:fulham:everton,9,eng-championship->eng-premier-league,recent_returner,0.8574504872931353,0.49887059429306163,3.7580256703925228
eng-premier-league,2020-2021,current,preseason,2020-09-12,eng-premier-league:2020-2021:leeds-united:arsenal,9,eng-championship->eng-premier-league,no_target_history,1.3898273957032588,0.8561401671110185,2.661704217227789
eng-premier-league,2020-2021,current,preseason,2020-09-12,eng-premier-league:2020-2021:everton:leeds-united,10,eng-championship->eng-premier-league,no_target_history,1.5492713164164953,0.980655556654081,2.6848215326319256
eng-premier-league,2020-2021,current,preseason,2020-09-12,eng-premier-league:2020-2021:west-bromwich-albion:sheffield-united,10,eng-championship->eng-premier-league,recent_returner,1.0377629660656005,0.6320532652292384,2.2873343799561274
eng-premier-league,2020-2021,current,preseason,2020-09-12,eng-premier-league:2020-2021:leicester-city:fulham,10,eng-championship->eng-premier-league,recent_returner,1.756124274948588,1.1077997394042003,3.1084793625184335
eng-premier-league,2020-2021,population,preseason,2020-09-12,eng-premier-league:2020-2021:fulham:arsenal,1,eng-championship->eng-premier-league,recent_returner,1.001398303069972,0.6133523387181834,3.554774645339359
eng-premier-league,2020-2021,population,preseason,2020-09-12,eng-premier-league:2020-2021:liverpool:leeds-united,1,eng-championship->eng-premier-league,no_target_history,0.44674681349933154,0.19501522757783749,5.151639217397806
eng-premier-league,2020-2021,population,preseason,2020-09-12,eng-premier-league:2020-2021:west-bromwich-albion:leicester-city,1,eng-championship->eng-premier-league,recent_returner,0.9073002562439421,0.5406214992516489,3.3971756632748615
eng-premier-league,2020-2021,population,preseason,2020-09-12,eng-premier-league:2020-2021:everton:west-bromwich-albion,2,eng-championship->eng-premier-league,recent_returner,0.7688373725151078,0.4332870531509129,5.30594755690405
eng-premier-league,2020-2021,population,preseason,2020-09-12,eng-premier-league:2020-2021:leeds-united:fulham,2,mixed,mixed,0.8184690852131696,0.47424162457172436,5.089045031850606
eng-premier-league,2020-2021,population,preseason,2020-09-12,eng-premier-league:2020-2021:west-bromwich-albion:chelsea,3,eng-championship->eng-premier-league,recent_returner,1.5066808737902815,0.9371764887261628,4.3812998395770615
eng-premier-league,2020-2021,population,preseason,2020-09-12,eng-premier-league:2020-2021:sheffield-united:leeds-united,3,eng-championship->eng-premier-league,no_target_history,1.1342058594043742,0.7070398738401846,2.426315802754674
eng-premier-league,2020-2021,population,preseason,2020-09-12,eng-premier-league:2020-2021:fulham:aston-villa,3,eng-championship->eng-premier-league,recent_returner,1.2746527152127187,0.8130524488489728,3.982699912205672
eng-premier-league,2020-2021,population,preseason,2020-09-12,eng-premier-league:2020-2021:leeds-united:manchester-city,4,eng-championship->eng-premier-league,no_target_history,1.6989979152811663,1.1229426365484543,2.539743658547443
eng-premier-league,2020-2021,population,preseason,2020-09-12,eng-premier-league:2020-2021:southampton:west-bromwich-albion,4,eng-championship->eng-premier-league,recent_returner,0.717585453845184,0.39496059082154805,2.5831741394739605
eng-premier-league,2020-2021,population,preseason,2020-09-12,eng-premier-league:2020-2021:wolverhampton-wanderers:fulham,4,eng-championship->eng-premier-league,recent_returner,0.6237706653238791,0.3230839100939947,2.117773286614576
eng-premier-league,2020-2021,population,preseason,2020-09-12,eng-premier-league:2020-2021:sheffield-united:fulham,5,eng-championship->eng-premier-league,recent_returner,1.3990106249504028,0.8568650025633499,2.2385021672518324
eng-premier-league,2020-2021,population,preseason,2020-09-12,eng-premier-league:2020-2021:leeds-united:wolverhampton-wanderers,5,eng-championship->eng-premier-league,no_target_history,0.8707283689474258,0.5095991521150034,2.2185645225724664
eng-premier-league,2020-2021,population,preseason,2020-09-12,eng-premier-league:2020-2021:west-bromwich-albion:burnley,5,eng-championship->eng-premier-league,recent_returner,1.429780173511268,0.8766340300325239,2.5553293066351213
eng-premier-league,2020-2021,population,preseason,2020-09-12,eng-premier-league:2020-2021:aston-villa:leeds-united,6,eng-championship->eng-premier-league,no_target_history,0.9926155345689819,0.605980376857314,3.5265165565599865
eng-premier-league,2020-2021,population,preseason,2020-09-12,eng-premier-league:2020-2021:fulham:crystal-palace,6,eng-championship->eng-premier-league,recent_returner,1.2913368436617407,0.8179689933786304,2.874045026666572
eng-premier-league,2020-2021,population,preseason,2020-09-12,eng-premier-league:2020-2021:brighton-hove-albion:west-bromwich-albion,6,eng-championship->eng-premier-league,recent_returner,1.410681533073119,0.8577574372781046,2.245132857120214
eng-premier-league,2020-2021,population,preseason,2020-09-12,eng-premier-league:2020-2021:fulham:west-bromwich-albion,7,mixed,mixed,0.8175734293583159,0.47362014631311583,2.7107248658541034
eng-premier-league,2020-2021,population,preseason,2020-09-12,eng-premier-league:2020-2021:leeds-united:leicester-city,7,eng-championship->eng-premier-league,no_target_history,0.911626721090419,0.5439717763908972,4.0826109390110865
eng-premier-league,2020-2021,population,preseason,2020-09-12,eng-premier-league:2020-2021:crystal-palace:leeds-united,8,eng-championship->eng-premier-league,no_target_history,0.960887025988607,0.5786619955032798,4.262338339316052
eng-premier-league,2020-2021,population,preseason,2020-09-12,eng-premier-league:2020-2021:west-ham-united:fulham,8,eng-championship->eng-premier-league,recent_returner,0.839398798572318,0.489420616633176,2.4208943188204435
eng-premier-league,2020-2021,population,preseason,2020-09-12,eng-premier-league:2020-2021:west-bromwich-albion:tottenham-hotspur,8,eng-championship->eng-premier-league,recent_returner,1.0307177030193222,0.6333897216426525,2.4324536551981826
eng-premier-league,2020-2021,population,preseason,2020-09-12,eng-premier-league:2020-2021:manchester-united:west-bromwich-albion,9,eng-championship->eng-premier-league,recent_returner,0.4903048103703934,0.2254435259400313,2.257148871056531
eng-premier-league,2020-2021,population,preseason,2020-09-12,eng-premier-league:2020-2021:fulham:everton,9,eng-championship->eng-premier-league,recent_returner,1.0593791700332058,0.6539901391426157,3.8610751479988474
eng-premier-league,2020-2021,population,preseason,2020-09-12,eng-premier-league:2020-2021:leeds-united:arsenal,9,eng-championship->eng-premier-league,no_target_history,1.4445366913727866,0.8763989320516797,2.654734931591816
eng-premier-league,2020-2021,population,preseason,2020-09-12,eng-premier-league:2020-2021:everton:leeds-united,10,eng-championship->eng-premier-league,no_target_history,1.2115926196867137,0.7650178947273414,2.5227217343153505
eng-premier-league,2020-2021,population,preseason,2020-09-12,eng-premier-league:2020-2021:west-bromwich-albion:sheffield-united,10,eng-championship->eng-premier-league,recent_returner,0.8311476096626002,0.4805879805102466,2.2646821426692765
eng-premier-league,2020-2021,population,preseason,2020-09-12,eng-premier-league:2020-2021:leicester-city:fulham,10,eng-championship->eng-premier-league,recent_returner,1.3724215114762495,0.880395188680302,2.9133106105579873
eng-premier-league,2020-2021,transition,preseason,2020-09-12,eng-premier-league:2020-2021:fulham:arsenal,1,eng-championship->eng-premier-league,recent_returner,0.8099503345061718,0.46335146829992835,3.250491456712075
eng-premier-league,2020-2021,transition,preseason,2020-09-12,eng-premier-league:2020-2021:liverpool:leeds-united,1,eng-championship->eng-premier-league,no_target_history,0.31241796635266084,0.11017424771381361,5.584565410563013
eng-premier-league,2020-2021,transition,preseason,2020-09-12,eng-premier-league:2020-2021:west-bromwich-albion:leicester-city,1,eng-championship->eng-premier-league,recent_returner,0.7251649612347978,0.3991072072630508,3.091020976118955
eng-premier-league,2020-2021,transition,preseason,2020-09-12,eng-premier-league:2020-2021:everton:west-bromwich-albion,2,eng-championship->eng-premier-league,recent_returner,0.6001043680485506,0.3058998950549286,5.553115807839568
eng-premier-league,2020-2021,transition,preseason,2020-09-12,eng-premier-league:2020-2021:leeds-united:fulham,2,mixed,mixed,0.8494341504546074,0.49221449314671073,5.78019087615272
eng-premier-league,2020-2021,transition,preseason,2020-09-12,eng-premier-league:2020-2021:west-bromwich-albion:chelsea,3,eng-championship->eng-premier-league,recent_returner,1.5273293727519974,1.0049734888106305,4.669353088289233
eng-premier-league,2020-2021,transition,preseason,2020-09-12,eng-premier-league:2020-2021:sheffield-united:leeds-united,3,eng-championship->eng-premier-league,no_target_history,1.3862905829265755,0.8712194671286115,2.4882611172999365
eng-premier-league,2020-2021,transition,preseason,2020-09-12,eng-premier-league:2020-2021:fulham:aston-villa,3,eng-championship->eng-premier-league,recent_returner,1.0971993526944777,0.6754996652166836,3.7626645692661835
eng-premier-league,2020-2021,transition,preseason,2020-09-12,eng-premier-league:2020-2021:leeds-united:manchester-city,4,eng-championship->eng-premier-league,no_target_history,1.8501741683113393,1.2766892913630719,2.610176876764351
eng-premier-league,2020-2021,transition,preseason,2020-09-12,eng-premier-league:2020-2021:southampton:west-bromwich-albion,4,eng-championship->eng-premier-league,recent_returner,0.5504019932656324,0.26913923281768287,2.296046590140338
eng-premier-league,2020-2021,transition,preseason,2020-09-12,eng-premier-league:2020-2021:wolverhampton-wanderers:fulham,4,eng-championship->eng-premier-league,recent_returner,0.48755057653038963,0.2256186879038699,1.9817842585224923
eng-premier-league,2020-2021,transition,preseason,2020-09-12,eng-premier-league:2020-2021:sheffield-united:fulham,5,eng-championship->eng-premier-league,recent_returner,1.357960459901783,0.8567601696236558,2.123106185513959
eng-premier-league,2020-2021,transition,preseason,2020-09-12,eng-premier-league:2020-2021:leeds-united:wolverhampton-wanderers,5,eng-championship->eng-premier-league,no_target_history,0.7172275559227167,0.39316919221798186,2.0384108707476454
eng-premier-league,2020-2021,transition,preseason,2020-09-12,eng-premier-league:2020-2021:west-bromwich-albion:burnley,5,eng-championship->eng-premier-league,recent_returner,1.3285647030153453,0.8110900304467813,2.507570546109637
eng-premier-league,2020-2021,transition,preseason,2020-09-12,eng-premier-league:2020-2021:aston-villa:leeds-united,6,eng-championship->eng-premier-league,no_target_history,1.2581719415246044,0.7890787987783735,4.041445312455987
eng-premier-league,2020-2021,transition,preseason,2020-09-12,eng-premier-league:2020-2021:fulham:crystal-palace,6,eng-championship->eng-premier-league,recent_returner,1.091298509172513,0.6690521577730685,2.6204081829294297
eng-premier-league,2020-2021,transition,preseason,2020-09-12,eng-premier-league:2020-2021:brighton-hove-albion:west-bromwich-albion,6,eng-championship->eng-premier-league,recent_returner,1.359148925086552,0.8479983462080184,2.120310520710645
eng-premier-league,2020-2021,transition,preseason,2020-09-12,eng-premier-league:2020-2021:fulham:west-bromwich-albion,7,mixed,mixed,0.8476891559943788,0.4910151008095755,2.5597436811919403
eng-premier-league,2020-2021,transition,preseason,2020-09-12,eng-premier-league:2020-2021:leeds-united:leicester-city,7,eng-championship->eng-premier-league,no_target_history,0.7331555696945897,0.40515713243937956,3.938198632558038
eng-premier-league,2020-2021,transition,preseason,2020-09-12,eng-premier-league:2020-2021:crystal-palace:leeds-united,8,eng-championship->eng-premier-league,no_target_history,0.7808288480830026,0.44069247652096366,4.148832555748193
eng-premier-league,2020-2021,transition,preseason,2020-09-12,eng-premier-league:2020-2021:west-ham-united:fulham,8,eng-championship->eng-premier-league,recent_returner,0.6618310682168803,0.35153553547354927,2.241251942642826
eng-premier-league,2020-2021,transition,preseason,2020-09-12,eng-premier-league:2020-2021:west-bromwich-albion:tottenham-hotspur,8,eng-championship->eng-premier-league,recent_returner,0.8451278206599783,0.48940202424348783,2.22406979460581
eng-premier-league,2020-2021,transition,preseason,2020-09-12,eng-premier-league:2020-2021:manchester-united:west-bromwich-albion,9,eng-championship->eng-premier-league,recent_returner,0.35546993702379176,0.13629812787237194,2.1736513418129113
eng-premier-league,2020-2021,transition,preseason,2020-09-12,eng-premier-league:2020-2021:fulham:everton,9,eng-championship->eng-premier-league,recent_returner,0.8740407804811428,0.5108852226198487,3.795425068226697
eng-premier-league,2020-2021,transition,preseason,2020-09-12,eng-premier-league:2020-2021:leeds-united:arsenal,9,eng-championship->eng-premier-league,no_target_history,1.3715314201068756,0.844483409393348,2.632663307282791
eng-premier-league,2020-2021,transition,preseason,2020-09-12,eng-premier-league:2020-2021:everton:leeds-united,10,eng-championship->eng-premier-league,no_target_history,1.542610822576734,0.973914407619588,2.658422635202691
eng-premier-league,2020-2021,transition,preseason,2020-09-12,eng-premier-league:2020-2021:west-bromwich-albion:sheffield-united,10,eng-championship->eng-premier-league,recent_returner,1.0102483153783628,0.6111688401671578,2.2489572994039997
eng-premier-league,2020-2021,transition,preseason,2020-09-12,eng-premier-league:2020-2021:leicester-city:fulham,10,eng-championship->eng-premier-league,recent_returner,1.7493008601697708,1.100745985925439,3.092253854403837
eng-premier-league,2020-2021,source,preseason,2020-09-12,eng-premier-league:2020-2021:fulham:arsenal,1,eng-championship->eng-premier-league,recent_returner,0.7712190162727856,0.43381774385767824,3.174002510516498
eng-premier-league,2020-2021,source,preseason,2020-09-12,eng-premier-league:2020-2021:liverpool:leeds-united,1,eng-championship->eng-premier-league,no_target_history,0.32072950474103484,0.11521599729706308,5.638307423789877
eng-premier-league,2020-2021,source,preseason,2020-09-12,eng-premier-league:2020-2021:west-bromwich-albion:leicester-city,1,eng-championship->eng-premier-league,recent_returner,0.718981465357779,0.39443813719886794,3.0786086374200083
eng-premier-league,2020-2021,source,preseason,2020-09-12,eng-premier-league:2020-2021:everton:west-bromwich-albion,2,eng-championship->eng-premier-league,recent_returner,0.5954228491206699,0.30248389068935794,5.555477970260034
eng-premier-league,2020-2021,source,preseason,2020-09-12,eng-premier-league:2020-2021:leeds-united:fulham,2,mixed,mixed,0.8093891783642877,0.4619666486901761,5.918976090859909
eng-premier-league,2020-2021,source,preseason,2020-09-12,eng-premier-league:2020-2021:west-bromwich-albion:chelsea,3,eng-championship->eng-premier-league,recent_returner,1.5300869176568548,1.008517766614374,4.685504960126155
eng-premier-league,2020-2021,source,preseason,2020-09-12,eng-premier-league:2020-2021:sheffield-united:leeds-united,3,eng-championship->eng-premier-league,no_target_history,1.3798909895934774,0.8659747589314005,2.461295042647802
eng-premier-league,2020-2021,source,preseason,2020-09-12,eng-premier-league:2020-2021:fulham:aston-villa,3,eng-championship->eng-premier-league,recent_returner,1.0403208580815178,0.6335276551473484,3.6612530217067967
eng-premier-league,2020-2021,source,preseason,2020-09-12,eng-premier-league:2020-2021:leeds-united:manchester-city,4,eng-championship->eng-premier-league,no_target_history,1.8276129417399918,1.262610276195461,2.5876649586372613
eng-premier-league,2020-2021,source,preseason,2020-09-12,eng-premier-league:2020-2021:southampton:west-bromwich-albion,4,eng-championship->eng-premier-league,recent_returner,0.545893501130642,0.2658903974308733,2.2879688112627417
eng-premier-league,2020-2021,source,preseason,2020-09-12,eng-premier-league:2020-2021:wolverhampton-wanderers:fulham,4,eng-championship->eng-premier-league,recent_returner,0.4648659545894481,0.21018506924154928,1.9462113220072808
eng-premier-league,2020-2021,source,preseason,2020-09-12,eng-premier-league:2020-2021:sheffield-united:fulham,5,eng-championship->eng-premier-league,recent_returner,1.3599262094521485,0.8661930049621896,2.1309851136175038
eng-premier-league,2020-2021,source,preseason,2020-09-12,eng-premier-league:2020-2021:leeds-united:wolverhampton-wanderers,5,eng-championship->eng-premier-league,no_target_history,0.7256135724229966,0.3994740339736221,2.0226181270015147
eng-premier-league,2020-2021,source,preseason,2020-09-12,eng-premier-league:2020-2021:west-bromwich-albion:burnley,5,eng-championship->eng-premier-league,recent_returner,1.3270009436083836,0.8103796345685338,2.4984082200810027
eng-premier-league,2020-2021,source,preseason,2020-09-12,eng-premier-league:2020-2021:aston-villa:leeds-united,6,eng-championship->eng-premier-league,no_target_history,1.2576701469905833,0.7881404731426923,4.041115696839078
eng-premier-league,2020-2021,source,preseason,2020-09-12,eng-premier-league:2020-2021:fulham:crystal-palace,6,eng-championship->eng-premier-league,recent_returner,1.0442804952330875,0.6345003410638306,2.6028275517621466
eng-premier-league,2020-2021,source,preseason,2020-09-12,eng-premier-league:2020-2021:brighton-hove-albion:west-bromwich-albion,6,eng-championship->eng-premier-league,recent_returner,1.3590809691909032,0.8489948377711498,2.12102282444999
eng-premier-league,2020-2021,source,preseason,2020-09-12,eng-premier-league:2020-2021:fulham:west-bromwich-albion,7,mixed,mixed,0.8928559795259122,0.5243659815418176,2.5945116478516566
eng-premier-league,2020-2021,source,preseason,2020-09-12,eng-premier-league:2020-2021:leeds-united:leicester-city,7,eng-championship->eng-premier-league,no_target_history,0.7424845031398954,0.41212910041705336,3.97569287877554
eng-premier-league,2020-2021,source,preseason,2020-09-12,eng-premier-league:2020-2021:crystal-palace:leeds-united,8,eng-championship->eng-premier-league,no_target_history,0.7908750961406832,0.44815905418840074,4.18947884332972
eng-premier-league,2020-2021,source,preseason,2020-09-12,eng-premier-league:2020-2021:west-ham-united:fulham,8,eng-championship->eng-premier-league,recent_returner,0.6301587148082128,0.3278661595153864,2.1896071752451114
eng-premier-league,2020-2021,source,preseason,2020-09-12,eng-premier-league:2020-2021:west-bromwich-albion:tottenham-hotspur,8,eng-championship->eng-premier-league,recent_returner,0.8383419924357034,0.4842571054046313,2.214877260569626
eng-premier-league,2020-2021,source,preseason,2020-09-12,eng-premier-league:2020-2021:manchester-united:west-bromwich-albion,9,eng-championship->eng-premier-league,recent_returner,0.35253351506757646,0.13450075546907797,2.169229151383537
eng-premier-league,2020-2021,source,preseason,2020-09-12,eng-premier-league:2020-2021:fulham:everton,9,eng-championship->eng-premier-league,recent_returner,0.8348853913668633,0.48127618984245907,3.829930173856935
eng-premier-league,2020-2021,source,preseason,2020-09-12,eng-premier-league:2020-2021:leeds-united:arsenal,9,eng-championship->eng-premier-league,no_target_history,1.3627344874925538,0.8387264108741741,2.594921180477881
eng-premier-league,2020-2021,source,preseason,2020-09-12,eng-premier-league:2020-2021:everton:leeds-united,10,eng-championship->eng-premier-league,no_target_history,1.532576842937204,0.9664204751679131,2.6286951866299604
eng-premier-league,2020-2021,source,preseason,2020-09-12,eng-premier-league:2020-2021:west-bromwich-albion:sheffield-united,10,eng-championship->eng-premier-league,recent_returner,1.020621436803076,0.6186454342049754,2.2506395031404254
eng-premier-league,2020-2021,source,preseason,2020-09-12,eng-premier-league:2020-2021:leicester-city:fulham,10,eng-championship->eng-premier-league,recent_returner,1.8192977003203867,1.1371455480857744,3.159700483283322
eng-premier-league,2020-2021,memory,preseason,2020-09-12,eng-premier-league:2020-2021:fulham:arsenal,1,eng-championship->eng-premier-league,recent_returner,0.7563054007233871,0.4227749683352557,3.1516625576915214
eng-premier-league,2020-2021,memory,preseason,2020-09-12,eng-premier-league:2020-2021:liverpool:leeds-united,1,eng-championship->eng-premier-league,no_target_history,0.32219035079168007,0.11612979749479904,5.656987207417277
eng-premier-league,2020-2021,memory,preseason,2020-09-12,eng-premier-league:2020-2021:west-bromwich-albion:leicester-city,1,eng-championship->eng-premier-league,recent_returner,0.7190401246533971,0.39449041926210104,3.078137454518386
eng-premier-league,2020-2021,memory,preseason,2020-09-12,eng-premier-league:2020-2021:everton:west-bromwich-albion,2,eng-championship->eng-premier-league,recent_returner,0.5955296877818063,0.30254298219874476,5.551126320453676
eng-premier-league,2020-2021,memory,preseason,2020-09-12,eng-premier-league:2020-2021:leeds-united:fulham,2,mixed,mixed,0.7956054779966675,0.4517825151800341,5.815370882659732
eng-premier-league,2020-2021,memory,preseason,2020-09-12,eng-premier-league:2020-2021:west-bromwich-albion:chelsea,3,eng-championship->eng-premier-league,recent_returner,1.5312853828185629,1.0089884318312676,4.679028173097665
eng-premier-league,2020-2021,memory,preseason,2020-09-12,eng-premier-league:2020-2021:sheffield-united:leeds-united,3,eng-championship->eng-premier-league,no_target_history,1.3804274453523742,0.8659611763353977,2.455526169482064
eng-premier-league,2020-2021,memory,preseason,2020-09-12,eng-premier-league:2020-2021:fulham:aston-villa,3,eng-championship->eng-premier-league,recent_returner,1.021846486241174,0.621121194873125,3.621901888365394
eng-premier-league,2020-2021,memory,preseason,2020-09-12,eng-premier-league:2020-2021:leeds-united:manchester-city,4,eng-championship->eng-premier-league,no_target_history,1.822933284617886,1.2599400389806397,2.5827272563792496
eng-premier-league,2020-2021,memory,preseason,2020-09-12,eng-premier-league:2020-2021:southampton:west-bromwich-albion,4,eng-championship->eng-premier-league,recent_returner,0.5459952872412459,0.2659476913725238,2.2892746960785626
eng-premier-league,2020-2021,memory,preseason,2020-09-12,eng-premier-league:2020-2021:wolverhampton-wanderers:fulham,4,eng-championship->eng-premier-league,recent_returner,0.45384588318321395,0.20222962169755382,1.9825493926416808
eng-premier-league,2020-2021,memory,preseason,2020-09-12,eng-premier-league:2020-2021:sheffield-united:fulham,5,eng-championship->eng-premier-league,recent_returner,1.379894693087778,0.8798985810301158,2.1532448162656737
eng-premier-league,2020-2021,memory,preseason,2020-09-12,eng-premier-league:2020-2021:leeds-united:wolverhampton-wanderers,5,eng-championship->eng-premier-league,no_target_history,0.7256999054496623,0.3995628032191453,2.0144639640859765
eng-premier-league,2020-2021,memory,preseason,2020-09-12,eng-premier-league:2020-2021:west-bromwich-albion:burnley,5,eng-championship->eng-premier-league,recent_returner,1.3283615019108268,0.8111554044925178,2.5018750079429877
eng-premier-league,2020-2021,memory,preseason,2020-09-12,eng-premier-league:2020-2021:aston-villa:leeds-united,6,eng-championship->eng-premier-league,no_target_history,1.2587868317377453,0.7887263369224026,4.043304308439101
eng-premier-league,2020-2021,memory,preseason,2020-09-12,eng-premier-league:2020-2021:fulham:crystal-palace,6,eng-championship->eng-premier-league,recent_returner,1.0275201504660416,0.6232504221236871,2.5942073772923115
eng-premier-league,2020-2021,memory,preseason,2020-09-12,eng-premier-league:2020-2021:brighton-hove-albion:west-bromwich-albion,6,eng-championship->eng-premier-league,recent_returner,1.360283577565204,0.8495763531643377,2.122385623584885
eng-premier-league,2020-2021,memory,preseason,2020-09-12,eng-premier-league:2020-2021:fulham:west-bromwich-albion,7,mixed,mixed,0.8969778036341679,0.5279362422797029,2.6113746177332855
eng-premier-league,2020-2021,memory,preseason,2020-09-12,eng-premier-league:2020-2021:leeds-united:leicester-city,7,eng-championship->eng-premier-league,no_target_history,0.7436771830021711,0.4130077310036661,3.9869922452998177
eng-premier-league,2020-2021,memory,preseason,2020-09-12,eng-premier-league:2020-2021:crystal-palace:leeds-united,8,eng-championship->eng-premier-league,no_target_history,0.7921557587199887,0.4491006389432448,4.20187177010215
eng-premier-league,2020-2021,memory,preseason,2020-09-12,eng-premier-league:2020-2021:west-ham-united:fulham,8,eng-championship->eng-premier-league,recent_returner,0.6180943084816038,0.318840535803577,2.2262225843691525
eng-premier-league,2020-2021,memory,preseason,2020-09-12,eng-premier-league:2020-2021:west-bromwich-albion:tottenham-hotspur,8,eng-championship->eng-premier-league,recent_returner,0.8384263932530965,0.48435225142398014,2.216994002087719
eng-premier-league,2020-2021,memory,preseason,2020-09-12,eng-premier-league:2020-2021:manchester-united:west-bromwich-albion,9,eng-championship->eng-premier-league,recent_returner,0.3525361462084412,0.13447771123404242,2.171940655729644
eng-premier-league,2020-2021,memory,preseason,2020-09-12,eng-premier-league:2020-2021:fulham:everton,9,eng-championship->eng-premier-league,recent_returner,0.8205718549444526,0.47081449755212823,3.7832049822531477
eng-premier-league,2020-2021,memory,preseason,2020-09-12,eng-premier-league:2020-2021:leeds-united:arsenal,9,eng-championship->eng-premier-league,no_target_history,1.360220637757098,0.8372534090640024,2.584253563144078
eng-premier-league,2020-2021,memory,preseason,2020-09-12,eng-premier-league:2020-2021:everton:leeds-united,10,eng-championship->eng-premier-league,no_target_history,1.5324084029705418,0.965910236322074,2.622964566742387
eng-premier-league,2020-2021,memory,preseason,2020-09-12,eng-premier-league:2020-2021:west-bromwich-albion:sheffield-united,10,eng-championship->eng-premier-league,recent_returner,1.0197599617827786,0.6180904441201952,2.253308924289722
eng-premier-league,2020-2021,memory,preseason,2020-09-12,eng-premier-league:2020-2021:leicester-city:fulham,10,eng-championship->eng-premier-league,recent_returner,1.827350666977373,1.144764707397216,3.170587404055155
eng-premier-league,2021-2022,current,preseason,2021-08-13,eng-premier-league:2021-2022:brentford:arsenal,1,eng-championship->eng-premier-league,no_target_history,1.410323690175035,0.8930937800111858,3.2639812836494064
eng-premier-league,2021-2022,current,preseason,2021-08-13,eng-premier-league:2021-2022:norwich-city:liverpool,1,eng-championship->eng-premier-league,recent_returner,0.4992671282418575,0.2319817908682337,2.719886588661273
eng-premier-league,2021-2022,current,preseason,2021-08-13,eng-premier-league:2021-2022:watford:aston-villa,1,eng-championship->eng-premier-league,recent_returner,1.1597819293717124,0.7249882974863423,3.7776139858057256
eng-premier-league,2021-2022,current,preseason,2021-08-13,eng-premier-league:2021-2022:brighton-hove-albion:watford,2,eng-championship->eng-premier-league,recent_returner,0.5633844132416147,0.27895183031154747,2.255423911179584
eng-premier-league,2021-2022,current,preseason,2021-08-13,eng-premier-league:2021-2022:crystal-palace:brentford,2,eng-championship->eng-premier-league,no_target_history,1.3504538945117937,0.8278913872527567,2.5530806818176
eng-premier-league,2021-2022,current,preseason,2021-08-13,eng-premier-league:2021-2022:manchester-city:norwich-city,2,eng-championship->eng-premier-league,recent_returner,0.22962851506100013,0.06499954541995173,3.1478561825478795
eng-premier-league,2021-2022,current,preseason,2021-08-13,eng-premier-league:2021-2022:aston-villa:brentford,3,eng-championship->eng-premier-league,no_target_history,1.4598611588891228,0.927583646928578,2.2281386414254323
eng-premier-league,2021-2022,current,preseason,2021-08-13,eng-premier-league:2021-2022:norwich-city:leicester-city,3,eng-championship->eng-premier-league,recent_returner,0.6379297678733469,0.33364660829572657,2.3799330534217664
eng-premier-league,2021-2022,current,preseason,2021-08-13,eng-premier-league:2021-2022:tottenham-hotspur:watford,3,eng-championship->eng-premier-league,recent_returner,0.5483714449920449,0.2673636865332441,2.2968548367560073
eng-premier-league,2021-2022,current,preseason,2021-08-13,eng-premier-league:2021-2022:arsenal:norwich-city,4,eng-championship->eng-premier-league,recent_returner,0.5098948559111317,0.24009077881234747,2.1584193220636942
eng-premier-league,2021-2022,current,preseason,2021-08-13,eng-premier-league:2021-2022:brentford:brighton-hove-albion,4,eng-championship->eng-premier-league,no_target_history,0.7373350001267799,0.40818412592663167,2.153151870028234
eng-premier-league,2021-2022,current,preseason,2021-08-13,eng-premier-league:2021-2022:watford:wolverhampton-wanderers,4,eng-championship->eng-premier-league,recent_returner,0.9008177477376214,0.5308554975337592,2.629741267972326
eng-premier-league,2021-2022,current,preseason,2021-08-13,eng-premier-league:2021-2022:norwich-city:watford,5,mixed,mixed,1.108107752831733,0.6864115363577747,3.4609617370797783
eng-premier-league,2021-2022,current,preseason,2021-08-13,eng-premier-league:2021-2022:wolverhampton-wanderers:brentford,5,eng-championship->eng-premier-league,no_target_history,1.3753052873922322,0.8668360259351116,3.194563777403724
eng-premier-league,2021-2022,current,preseason,2021-08-13,eng-premier-league:2021-2022:brentford:liverpool,6,eng-championship->eng-premier-league,no_target_history,1.5590304899891279,1.020247908162393,4.517784228585466
eng-premier-league,2021-2022,current,preseason,2021-08-13,eng-premier-league:2021-2022:everton:norwich-city,6,eng-championship->eng-premier-league,recent_returner,0.6356227334919136,0.3319591123085949,2.361371020033885
eng-premier-league,2021-2022,current,preseason,2021-08-13,eng-premier-league:2021-2022:watford:newcastle-united,6,eng-championship->eng-premier-league,recent_returner,1.3759930445833002,0.8379584799964188,2.1434475936239306
eng-premier-league,2021-2022,current,preseason,2021-08-13,eng-premier-league:2021-2022:burnley:norwich-city,7,eng-championship->eng-premier-league,recent_returner,1.381258466392853,0.853681390717529,2.6285159776066216
eng-premier-league,2021-2022,current,preseason,2021-08-13,eng-premier-league:2021-2022:leeds-united:watford,7,eng-championship->eng-premier-league,recent_returner,0.6012907237357354,0.3063463674274122,2.368040447669267
eng-premier-league,2021-2022,current,preseason,2021-08-13,eng-premier-league:2021-2022:west-ham-united:brentford,7,eng-championship->eng-premier-league,no_target_history,1.6426495952645621,1.0490350717164285,2.9962724483249166
eng-premier-league,2021-2022,current,preseason,2021-08-13,eng-premier-league:2021-2022:brentford:chelsea,8,eng-championship->eng-premier-league,no_target_history,0.44866624850771597,0.19724071752844552,2.1709779281176793
eng-premier-league,2021-2022,current,preseason,2021-08-13,eng-premier-league:2021-2022:norwich-city:brighton-hove-albion,8,eng-championship->eng-premier-league,recent_returner,1.3681528735198352,0.8550191662324919,2.5237788391141436
eng-premier-league,2021-2022,current,preseason,2021-08-13,eng-premier-league:2021-2022:watford:liverpool,8,eng-championship->eng-premier-league,recent_returner,0.5143558638008051,0.24275397989438577,4.222987801633751
eng-premier-league,2021-2022,current,preseason,2021-08-13,eng-premier-league:2021-2022:chelsea:norwich-city,9,eng-championship->eng-premier-league,recent_returner,0.3269136700438255,0.11863075499551076,5.347352310319982
eng-premier-league,2021-2022,current,preseason,2021-08-13,eng-premier-league:2021-2022:everton:watford,9,eng-championship->eng-premier-league,recent_returner,1.4633251194219044,0.9275046029300575,6.9603485308432465
eng-premier-league,2021-2022,current,preseason,2021-08-13,eng-premier-league:2021-2022:brentford:leicester-city,9,eng-championship->eng-premier-league,no_target_history,0.6486891811477519,0.3417205812891771,2.38486068679158
eng-premier-league,2021-2022,current,preseason,2021-08-13,eng-premier-league:2021-2022:burnley:brentford,10,eng-championship->eng-premier-league,no_target_history,0.7899306600877292,0.44835372792578604,3.0957246908758798
eng-premier-league,2021-2022,current,preseason,2021-08-13,eng-premier-league:2021-2022:watford:southampton,10,eng-championship->eng-premier-league,recent_returner,0.9074621169322159,0.538641465967354,2.41527020055051
eng-premier-league,2021-2022,current,preseason,2021-08-13,eng-premier-league:2021-2022:norwich-city:leeds-united,10,eng-championship->eng-premier-league,recent_returner,0.7975974757479538,0.4555649625177598,2.4371594939455266
eng-premier-league,2021-2022,population,preseason,2021-08-13,eng-premier-league:2021-2022:brentford:arsenal,1,eng-championship->eng-premier-league,no_target_history,1.091760509572517,0.6777434945536102,2.9339056617391615
eng-premier-league,2021-2022,population,preseason,2021-08-13,eng-premier-league:2021-2022:norwich-city:liverpool,1,eng-championship->eng-premier-league,recent_returner,0.6823645872271096,0.3683295432279403,3.0574250847758315
eng-premier-league,2021-2022,population,preseason,2021-08-13,eng-premier-league:2021-2022:watford:aston-villa,1,eng-championship->eng-premier-league,recent_returner,0.8914497995633572,0.5292985100497837,3.6682786014825495
eng-premier-league,2021-2022,population,preseason,2021-08-13,eng-premier-league:2021-2022:brighton-hove-albion:watford,2,eng-championship->eng-premier-league,recent_returner,0.7455151392266268,0.41497023470603034,2.5194860830633425
eng-premier-league,2021-2022,population,preseason,2021-08-13,eng-premier-league:2021-2022:crystal-palace:brentford,2,eng-championship->eng-premier-league,no_target_history,1.4067351292752923,0.8584746179617914,2.4921515044742253
eng-premier-league,2021-2022,population,preseason,2021-08-13,eng-premier-league:2021-2022:manchester-city:norwich-city,2,eng-championship->eng-premier-league,recent_returner,0.3603983167591665,0.1381993966203089,3.4797393599525117
eng-premier-league,2021-2022,population,preseason,2021-08-13,eng-premier-league:2021-2022:aston-villa:brentford,3,eng-championship->eng-premier-league,no_target_history,1.456594711274199,0.8883317044346503,2.298631198796439
eng-premier-league,2021-2022,population,preseason,2021-08-13,eng-premier-league:2021-2022:norwich-city:leicester-city,3,eng-championship->eng-premier-league,recent_returner,0.8343014372290022,0.48503922060047455,2.605579261797527
eng-premier-league,2021-2022,population,preseason,2021-08-13,eng-premier-league:2021-2022:tottenham-hotspur:watford,3,eng-championship->eng-premier-league,recent_returner,0.7368432203120912,0.4101216920450229,2.3865587242004676
eng-premier-league,2021-2022,population,preseason,2021-08-13,eng-premier-league:2021-2022:arsenal:norwich-city,4,eng-championship->eng-premier-league,recent_returner,0.6861763678960539,0.37024839047348,2.244558204760783
eng-premier-league,2021-2022,population,preseason,2021-08-13,eng-premier-league:2021-2022:brentford:brighton-hove-albion,4,eng-championship->eng-premier-league,no_target_history,0.934696135190088,0.5588022703221686,2.2978087564067904
eng-premier-league,2021-2022,population,preseason,2021-08-13,eng-premier-league:2021-2022:watford:wolverhampton-wanderers,4,eng-championship->eng-premier-league,recent_returner,1.109666750353929,0.6884418850267203,2.915063861080927
eng-premier-league,2021-2022,population,preseason,2021-08-13,eng-premier-league:2021-2022:norwich-city:watford,5,mixed,mixed,1.0539796654917495,0.6560351369230285,3.5058587707189623
eng-premier-league,2021-2022,population,preseason,2021-08-13,eng-premier-league:2021-2022:wolverhampton-wanderers:brentford,5,eng-championship->eng-premier-league,no_target_history,1.0748502852234345,0.6630492741802909,2.874867554502007
eng-premier-league,2021-2022,population,preseason,2021-08-13,eng-premier-league:2021-2022:brentford:liverpool,6,eng-championship->eng-premier-league,no_target_history,1.5066715728005542,0.9341964349101799,4.367558340050941
eng-premier-league,2021-2022,population,preseason,2021-08-13,eng-premier-league:2021-2022:everton:norwich-city,6,eng-championship->eng-premier-league,recent_returner,0.8241808414000149,0.4756127074490393,2.6250443432265476
eng-premier-league,2021-2022,population,preseason,2021-08-13,eng-premier-league:2021-2022:watford:newcastle-united,6,eng-championship->eng-premier-league,recent_returner,1.4601416787942805,0.8976449015898776,2.294494505338513
eng-premier-league,2021-2022,population,preseason,2021-08-13,eng-premier-league:2021-2022:burnley:norwich-city,7,eng-championship->eng-premier-league,recent_returner,1.4184276429024862,0.8618034515682081,2.5571610958720283
eng-premier-league,2021-2022,population,preseason,2021-08-13,eng-premier-league:2021-2022:leeds-united:watford,7,eng-championship->eng-premier-league,recent_returner,0.755708966687798,0.42605973147057963,2.4963884054497085
eng-premier-league,2021-2022,population,preseason,2021-08-13,eng-premier-league:2021-2022:west-ham-united:brentford,7,eng-championship->eng-premier-league,no_target_history,1.2654845862390531,0.8104490920466477,2.8453233518198604
eng-premier-league,2021-2022,population,preseason,2021-08-13,eng-premier-league:2021-2022:brentford:chelsea,8,eng-championship->eng-premier-league,no_target_history,0.6120037630528555,0.31433467633766965,2.2322176055275107
eng-premier-league,2021-2022,population,preseason,2021-08-13,eng-premier-league:2021-2022:norwich-city:brighton-hove-albion,8,eng-championship->eng-premier-league,recent_returner,1.386574142472373,0.844501711496165,2.450631544563217
eng-premier-league,2021-2022,population,preseason,2021-08-13,eng-premier-league:2021-2022:watford:liverpool,8,eng-championship->eng-premier-league,recent_returner,0.6926039274157739,0.37613107784264443,4.461099678249427
eng-premier-league,2021-2022,population,preseason,2021-08-13,eng-premier-league:2021-2022:chelsea:norwich-city,9,eng-championship->eng-premier-league,recent_returner,0.4707570662130236,0.2118144973419706,5.340489656968629
eng-premier-league,2021-2022,population,preseason,2021-08-13,eng-premier-league:2021-2022:everton:watford,9,eng-championship->eng-premier-league,recent_returner,1.1431527480350983,0.7152423887251517,5.96092558660632
eng-premier-league,2021-2022,population,preseason,2021-08-13,eng-premier-league:2021-2022:brentford:leicester-city,9,eng-championship->eng-premier-league,no_target_history,0.8400984900953395,0.48948214835473086,2.5918682504612818
eng-premier-league,2021-2022,population,preseason,2021-08-13,eng-premier-league:2021-2022:burnley:brentford,10,eng-championship->eng-premier-league,no_target_history,0.9932063959681368,0.6052502355095953,3.372542331159997
eng-premier-league,2021-2022,population,preseason,2021-08-13,eng-premier-league:2021-2022:watford:southampton,10,eng-championship->eng-premier-league,recent_returner,1.1213440712101932,0.7041519409984675,2.5730486592027053
eng-premier-league,2021-2022,population,preseason,2021-08-13,eng-premier-league:2021-2022:norwich-city:leeds-united,10,eng-championship->eng-premier-league,recent_returner,0.9623973013364426,0.5871148763773728,2.6571003828600164
eng-premier-league,2021-2022,transition,preseason,2021-08-13,eng-premier-league:2021-2022:brentford:arsenal,1,eng-championship->eng-premier-league,no_target_history,1.3795121074366843,0.8706187229249138,3.2158086807634243
eng-premier-league,2021-2022,transition,preseason,2021-08-13,eng-premier-league:2021-2022:norwich-city:liverpool,1,eng-championship->eng-premier-league,recent_returner,0.5229797155265326,0.24905416765753358,2.743822278648975
eng-premier-league,2021-2022,transition,preseason,2021-08-13,eng-premier-league:2021-2022:watford:aston-villa,1,eng-championship->eng-premier-league,recent_returner,1.1322263763920033,0.7035070474328654,3.802910332526692
eng-premier-league,2021-2022,transition,preseason,2021-08-13,eng-premier-league:2021-2022:brighton-hove-albion:watford,2,eng-championship->eng-premier-league,recent_returner,0.5871814447682798,0.2965311835905525,2.2519850237321224
eng-premier-league,2021-2022,transition,preseason,2021-08-13,eng-premier-league:2021-2022:crystal-palace:brentford,2,eng-championship->eng-premier-league,no_target_history,1.3321317444038776,0.8156107411170256,2.502972155662816
eng-premier-league,2021-2022,transition,preseason,2021-08-13,eng-premier-league:2021-2022:manchester-city:norwich-city,2,eng-championship->eng-premier-league,recent_returner,0.24313536144898046,0.07192579934433022,3.2291322340981172
eng-premier-league,2021-2022,transition,preseason,2021-08-13,eng-premier-league:2021-2022:aston-villa:brentford,3,eng-championship->eng-premier-league,no_target_history,1.4318246686640463,0.9062185079024356,2.1940691385607485
eng-premier-league,2021-2022,transition,preseason,2021-08-13,eng-premier-league:2021-2022:norwich-city:leicester-city,3,eng-championship->eng-premier-league,recent_returner,0.6645208626000767,0.35356111480486063,2.379422461613906
eng-premier-league,2021-2022,transition,preseason,2021-08-13,eng-premier-league:2021-2022:tottenham-hotspur:watford,3,eng-championship->eng-premier-league,recent_returner,0.5721768435217639,0.28484917132064363,2.25732173710034
eng-premier-league,2021-2022,transition,preseason,2021-08-13,eng-premier-league:2021-2022:arsenal:norwich-city,4,eng-championship->eng-premier-league,recent_returner,0.5319035770535252,0.2560346154087359,2.121321225927507
eng-premier-league,2021-2022,transition,preseason,2021-08-13,eng-premier-league:2021-2022:brentford:brighton-hove-albion,4,eng-championship->eng-premier-league,no_target_history,0.7655146278725611,0.4292747595603495,2.1279236063985456
eng-premier-league,2021-2022,transition,preseason,2021-08-13,eng-premier-league:2021-2022:watford:wolverhampton-wanderers,4,eng-championship->eng-premier-league,recent_returner,0.9334161831753391,0.5545716707636901,2.6462616899312
eng-premier-league,2021-2022,transition,preseason,2021-08-13,eng-premier-league:2021-2022:norwich-city:watford,5,mixed,mixed,1.1190929460565602,0.6916591963013123,3.519237102451185
eng-premier-league,2021-2022,transition,preseason,2021-08-13,eng-premier-league:2021-2022:wolverhampton-wanderers:brentford,5,eng-championship->eng-premier-league,no_target_history,1.3462456322748102,0.8457446540075644,3.1501754890686438
eng-premier-league,2021-2022,transition,preseason,2021-08-13,eng-premier-league:2021-2022:brentford:liverpool,6,eng-championship->eng-premier-league,no_target_history,1.5281415247377566,0.9964037200501572,4.554511467313414
eng-premier-league,2021-2022,transition,preseason,2021-08-13,eng-premier-league:2021-2022:everton:norwich-city,6,eng-championship->eng-premier-league,recent_returner,0.6601984168915849,0.35034276966314243,2.3610857857393017
eng-premier-league,2021-2022,transition,preseason,2021-08-13,eng-premier-league:2021-2022:watford:newcastle-united,6,eng-championship->eng-premier-league,recent_returner,1.3617424012745505,0.8299157960741682,2.124054577980041
eng-premier-league,2021-2022,transition,preseason,2021-08-13,eng-premier-league:2021-2022:burnley:norwich-city,7,eng-championship->eng-premier-league,recent_returner,1.362172915472453,0.8399040992922641,2.581272089328219
eng-premier-league,2021-2022,transition,preseason,2021-08-13,eng-premier-league:2021-2022:leeds-united:watford,7,eng-championship->eng-premier-league,recent_returner,0.6592288085335317,0.34966097673786134,2.296147458519658
eng-premier-league,2021-2022,transition,preseason,2021-08-13,eng-premier-league:2021-2022:west-ham-united:brentford,7,eng-championship->eng-premier-league,no_target_history,1.6089601363533992,1.0258946834306275,2.965201536942919
eng-premier-league,2021-2022,transition,preseason,2021-08-13,eng-premier-league:2021-2022:brentford:chelsea,8,eng-championship->eng-premier-league,no_target_history,0.4692533089420442,0.21164226346230683,2.1338880243420295
eng-premier-league,2021-2022,transition,preseason,2021-08-13,eng-premier-league:2021-2022:norwich-city:brighton-hove-albion,8,eng-championship->eng-premier-league,recent_returner,1.3476885837818768,0.8392613086765535,2.4782892540428096
eng-premier-league,2021-2022,transition,preseason,2021-08-13,eng-premier-league:2021-2022:watford:liverpool,8,eng-championship->eng-premier-league,recent_returner,0.5368594764806561,0.2590577378434459,4.343019091120405
eng-premier-league,2021-2022,transition,preseason,2021-08-13,eng-premier-league:2021-2022:chelsea:norwich-city,9,eng-championship->eng-premier-league,recent_returner,0.34277312739025284,0.12845249424310823,5.558072885444256
eng-premier-league,2021-2022,transition,preseason,2021-08-13,eng-premier-league:2021-2022:everton:watford,9,eng-championship->eng-premier-league,recent_returner,1.4346820984684172,0.9069795362843528,6.987696183965204
eng-premier-league,2021-2022,transition,preseason,2021-08-13,eng-premier-league:2021-2022:brentford:leicester-city,9,eng-championship->eng-premier-league,no_target_history,0.6739805188871226,0.3606867220410743,2.3853849261178164
eng-premier-league,2021-2022,transition,preseason,2021-08-13,eng-premier-league:2021-2022:burnley:brentford,10,eng-championship->eng-premier-league,no_target_history,0.8164494938853912,0.4681492424330628,3.141114143160773
eng-premier-league,2021-2022,transition,preseason,2021-08-13,eng-premier-league:2021-2022:watford:southampton,10,eng-championship->eng-premier-league,recent_returner,0.9382742321922073,0.561270342382112,2.3951861579118523
eng-premier-league,2021-2022,transition,preseason,2021-08-13,eng-premier-league:2021-2022:norwich-city:leeds-united,10,eng-championship->eng-premier-league,recent_returner,0.8638624905150957,0.505252723562441,2.460608473481237
eng-premier-league,2021-2022,source,preseason,2021-08-13,eng-premier-league:2021-2022:brentford:arsenal,1,eng-championship->eng-premier-league,no_target_history,1.3324043127180745,0.8417768549250679,3.17976122858867
eng-premier-league,2021-2022,source,preseason,2021-08-13,eng-premier-league:2021-2022:norwich-city:liverpool,1,eng-championship->eng-premier-league,recent_returner,0.5416215463867962,0.26245730674512446,2.7861144580376247
eng-premier-league,2021-2022,source,preseason,2021-08-13,eng-premier-league:2021-2022:watford:aston-villa,1,eng-championship->eng-premier-league,recent_returner,1.1335274195036398,0.7033845904018093,3.8494224469627722
eng-premier-league,2021-2022,source,preseason,2021-08-13,eng-premier-league:2021-2022:brighton-hove-albion:watford,2,eng-championship->eng-premier-league,recent_returner,0.5958827013448191,0.30310023801023434,2.245180745382317
eng-premier-league,2021-2022,source,preseason,2021-08-13,eng-premier-league:2021-2022:crystal-palace:brentford,2,eng-championship->eng-premier-league,no_target_history,1.3483176079660004,0.8233864439248656,2.577912327246803
eng-premier-league,2021-2022,source,preseason,2021-08-13,eng-premier-league:2021-2022:manchester-city:norwich-city,2,eng-championship->eng-premier-league,recent_returner,0.2525256796323291,0.07666156590821714,3.265354655919489
eng-premier-league,2021-2022,source,preseason,2021-08-13,eng-premier-league:2021-2022:aston-villa:brentford,3,eng-championship->eng-premier-league,no_target_history,1.440535141045694,0.9054980355681839,2.2065786825123346
eng-premier-league,2021-2022,source,preseason,2021-08-13,eng-premier-league:2021-2022:norwich-city:leicester-city,3,eng-championship->eng-premier-league,recent_returner,0.686866037661398,0.37044241872283523,2.3848649240590998
eng-premier-league,2021-2022,source,preseason,2021-08-13,eng-premier-league:2021-2022:tottenham-hotspur:watford,3,eng-championship->eng-premier-league,recent_returner,0.580492620908782,0.29102730768632057,2.222529529702686
eng-premier-league,2021-2022,source,preseason,2021-08-13,eng-premier-league:2021-2022:arsenal:norwich-city,4,eng-championship->eng-premier-league,recent_returner,0.5496094046733578,0.2686969897741651,2.1484989328682174
eng-premier-league,2021-2022,source,preseason,2021-08-13,eng-premier-league:2021-2022:brentford:brighton-hove-albion,4,eng-championship->eng-premier-league,no_target_history,0.7868459729453375,0.4454964143996255,2.186262207587055
eng-premier-league,2021-2022,source,preseason,2021-08-13,eng-premier-league:2021-2022:watford:wolverhampton-wanderers,4,eng-championship->eng-premier-league,recent_returner,0.9407104551305264,0.5595451553199507,2.6428391293971765
eng-premier-league,2021-2022,source,preseason,2021-08-13,eng-premier-league:2021-2022:norwich-city:watford,5,mixed,mixed,1.1528809041981598,0.7155013427485755,3.5678942708444596
eng-premier-league,2021-2022,source,preseason,2021-08-13,eng-premier-league:2021-2022:wolverhampton-wanderers:brentford,5,eng-championship->eng-premier-league,no_target_history,1.301262137028978,0.817861353146409,3.1129286421456643
eng-premier-league,2021-2022,source,preseason,2021-08-13,eng-premier-league:2021-2022:brentford:liverpool,6,eng-championship->eng-premier-league,no_target_history,1.5303672370572847,0.9902099231872545,4.4499384927396735
eng-premier-league,2021-2022,source,preseason,2021-08-13,eng-premier-league:2021-2022:everton:norwich-city,6,eng-championship->eng-premier-league,recent_returner,0.6811688296874544,0.36601667374695473,2.398295225424267
eng-premier-league,2021-2022,source,preseason,2021-08-13,eng-premier-league:2021-2022:watford:newcastle-united,6,eng-championship->eng-premier-league,recent_returner,1.3504439263798453,0.8234629350330678,2.1127471232582105
eng-premier-league,2021-2022,source,preseason,2021-08-13,eng-premier-league:2021-2022:burnley:norwich-city,7,eng-championship->eng-premier-league,recent_returner,1.365230067531617,0.8386400095070066,2.61142686600337
eng-premier-league,2021-2022,source,preseason,2021-08-13,eng-premier-league:2021-2022:leeds-united:watford,7,eng-championship->eng-premier-league,recent_returner,0.6643325837529035,0.35344908626213567,2.2649107219155984
eng-premier-league,2021-2022,source,preseason,2021-08-13,eng-premier-league:2021-2022:west-ham-united:brentford,7,eng-championship->eng-premier-league,no_target_history,1.5605959441163182,0.9990677802704083,2.924423609306455
eng-premier-league,2021-2022,source,preseason,2021-08-13,eng-premier-league:2021-2022:brentford:chelsea,8,eng-championship->eng-premier-league,no_target_history,0.48230026028051964,0.22048022217984764,2.1824147836691767
eng-premier-league,2021-2022,source,preseason,2021-08-13,eng-premier-league:2021-2022:norwich-city:brighton-hove-albion,8,eng-championship->eng-premier-league,recent_returner,1.3488060195884248,0.8360432606338762,2.5038941425267467
eng-premier-league,2021-2022,source,preseason,2021-08-13,eng-premier-league:2021-2022:watford:liverpool,8,eng-championship->eng-premier-league,recent_returner,0.544730452929206,0.26484633804751734,4.379255922488503
eng-premier-league,2021-2022,source,preseason,2021-08-13,eng-premier-league:2021-2022:chelsea:norwich-city,9,eng-championship->eng-premier-league,recent_returner,0.35506315626240936,0.13592210639817698,5.607747292428092
eng-premier-league,2021-2022,source,preseason,2021-08-13,eng-premier-league:2021-2022:everton:watford,9,eng-championship->eng-premier-league,recent_returner,1.431973550328891,0.903576497723993,7.069738425922347
eng-premier-league,2021-2022,source,preseason,2021-08-13,eng-premier-league:2021-2022:brentford:leicester-city,9,eng-championship->eng-premier-league,no_target_history,0.6942629954973933,0.37613139646731836,2.3897135829246823
eng-premier-league,2021-2022,source,preseason,2021-08-13,eng-premier-league:2021-2022:burnley:brentford,10,eng-championship->eng-premier-league,no_target_history,0.8407604514081818,0.4869875479334235,3.141855565727492
eng-premier-league,2021-2022,source,preseason,2021-08-13,eng-premier-league:2021-2022:watford:southampton,10,eng-championship->eng-premier-league,recent_returner,0.9451107343693729,0.5658598226688629,2.3685073647631727
eng-premier-league,2021-2022,source,preseason,2021-08-13,eng-premier-league:2021-2022:norwich-city:leeds-united,10,eng-championship->eng-premier-league,recent_returner,0.8887572341975288,0.5245366913299165,2.4725572778994582
eng-premier-league,2021-2022,memory,preseason,2021-08-13,eng-premier-league:2021-2022:brentford:arsenal,1,eng-championship->eng-premier-league,no_target_history,1.3254381215654967,0.8373746602275732,3.174226842541218
eng-premier-league,2021-2022,memory,preseason,2021-08-13,eng-premier-league:2021-2022:norwich-city:liverpool,1,eng-championship->eng-premier-league,recent_returner,0.540638836907721,0.2617990764421328,2.7737028148241603
eng-premier-league,2021-2022,memory,preseason,2021-08-13,eng-premier-league:2021-2022:watford:aston-villa,1,eng-championship->eng-premier-league,recent_returner,1.1383243774189313,0.7064463105634304,3.874922563005093
eng-premier-league,2021-2022,memory,preseason,2021-08-13,eng-premier-league:2021-2022:brighton-hove-albion:watford,2,eng-championship->eng-premier-league,recent_returner,0.5971899892542244,0.3041379670533102,2.2401395730103624
eng-premier-league,2021-2022,memory,preseason,2021-08-13,eng-premier-league:2021-2022:crystal-palace:brentford,2,eng-championship->eng-premier-league,no_target_history,1.350315087660749,0.8243469461585827,2.5855162675275074
eng-premier-league,2021-2022,memory,preseason,2021-08-13,eng-premier-league:2021-2022:manchester-city:norwich-city,2,eng-championship->eng-premier-league,recent_returner,0.2557804374888224,0.07847639455311523,3.2680347617903576
eng-premier-league,2021-2022,memory,preseason,2021-08-13,eng-premier-league:2021-2022:aston-villa:brentford,3,eng-championship->eng-premier-league,no_target_history,1.4414885635572323,0.9051634046325214,2.2083971708900374
eng-premier-league,2021-2022,memory,preseason,2021-08-13,eng-premier-league:2021-2022:norwich-city:leicester-city,3,eng-championship->eng-premier-league,recent_returner,0.6832666552306768,0.36767163251125057,2.398243622066487
eng-premier-league,2021-2022,memory,preseason,2021-08-13,eng-premier-league:2021-2022:tottenham-hotspur:watford,3,eng-championship->eng-premier-league,recent_returner,0.5814877187888235,0.29178714090481506,2.206320742642293
eng-premier-league,2021-2022,memory,preseason,2021-08-13,eng-premier-league:2021-2022:arsenal:norwich-city,4,eng-championship->eng-premier-league,recent_returner,0.5488308347285409,0.2682439446343049,2.115579784458025
eng-premier-league,2021-2022,memory,preseason,2021-08-13,eng-premier-league:2021-2022:brentford:brighton-hove-albion,4,eng-championship->eng-premier-league,no_target_history,0.7904189525304398,0.44821988339218133,2.1927257217569434
eng-premier-league,2021-2022,memory,preseason,2021-08-13,eng-premier-league:2021-2022:watford:wolverhampton-wanderers,4,eng-championship->eng-premier-league,recent_returner,0.9391795358026136,0.558268382394392,2.6353974169297976
eng-premier-league,2021-2022,memory,preseason,2021-08-13,eng-premier-league:2021-2022:norwich-city:watford,5,mixed,mixed,1.1445871510654781,0.7084896165756432,3.5958947568961106
eng-premier-league,2021-2022,memory,preseason,2021-08-13,eng-premier-league:2021-2022:wolverhampton-wanderers:brentford,5,eng-championship->eng-premier-league,no_target_history,1.2948735814126269,0.813788751166942,3.1074962068571956
eng-premier-league,2021-2022,memory,preseason,2021-08-13,eng-premier-league:2021-2022:brentford:liverpool,6,eng-championship->eng-premier-league,no_target_history,1.5301469651825645,0.9888945222142028,4.438018238515712
eng-premier-league,2021-2022,memory,preseason,2021-08-13,eng-premier-league:2021-2022:everton:norwich-city,6,eng-championship->eng-premier-league,recent_returner,0.6780910174422171,0.36371849679739443,2.3794236986054207
eng-premier-league,2021-2022,memory,preseason,2021-08-13,eng-premier-league:2021-2022:watford:newcastle-united,6,eng-championship->eng-premier-league,recent_returner,1.3462508322220739,0.8210072623348743,2.1103382984084726
eng-premier-league,2021-2022,memory,preseason,2021-08-13,eng-premier-league:2021-2022:burnley:norwich-city,7,eng-championship->eng-premier-league,recent_returner,1.3587628703139123,0.8358129328525961,2.556526234114786
eng-premier-league,2021-2022,memory,preseason,2021-08-13,eng-premier-league:2021-2022:leeds-united:watford,7,eng-championship->eng-premier-league,recent_returner,0.6618198677926823,0.3515454897016425,2.249732104633451
eng-premier-league,2021-2022,memory,preseason,2021-08-13,eng-premier-league:2021-2022:west-ham-united:brentford,7,eng-championship->eng-premier-league,no_target_history,1.5526752211541994,0.994479808753662,2.918727708628822
eng-premier-league,2021-2022,memory,preseason,2021-08-13,eng-premier-league:2021-2022:brentford:chelsea,8,eng-championship->eng-premier-league,no_target_history,0.48469459351206856,0.222129874096054,2.1874150588198944
eng-premier-league,2021-2022,memory,preseason,2021-08-13,eng-premier-league:2021-2022:norwich-city:brighton-hove-albion,8,eng-championship->eng-premier-league,recent_returner,1.3427276500317564,0.8335906490238565,2.454167690161835
eng-premier-league,2021-2022,memory,preseason,2021-08-13,eng-premier-league:2021-2022:watford:liverpool,8,eng-championship->eng-premier-league,recent_returner,0.5455941126847389,0.2655049381625932,4.378188148129567
eng-premier-league,2021-2022,memory,preseason,2021-08-13,eng-premier-league:2021-2022:chelsea:norwich-city,9,eng-championship->eng-premier-league,recent_returner,0.356640174825501,0.13703543823511005,5.575257049558747
eng-premier-league,2021-2022,memory,preseason,2021-08-13,eng-premier-league:2021-2022:everton:watford,9,eng-championship->eng-premier-league,recent_returner,1.4348143333747907,0.9048202750067883,7.101269053998901
eng-premier-league,2021-2022,memory,preseason,2021-08-13,eng-premier-league:2021-2022:brentford:leicester-city,9,eng-championship->eng-premier-league,no_target_history,0.6976696768215541,0.3787362718584184,2.3912916769189536
eng-premier-league,2021-2022,memory,preseason,2021-08-13,eng-premier-league:2021-2022:burnley:brentford,10,eng-championship->eng-premier-league,no_target_history,0.8447784554628075,0.49009525066362214,3.1442955711565155
eng-premier-league,2021-2022,memory,preseason,2021-08-13,eng-premier-league:2021-2022:watford:southampton,10,eng-championship->eng-premier-league,recent_returner,0.9433013742618918,0.5643133538903788,2.35327766911253
eng-premier-league,2021-2022,memory,preseason,2021-08-13,eng-premier-league:2021-2022:norwich-city:leeds-united,10,eng-championship->eng-premier-league,recent_returner,0.8770083663866927,0.5153182570255045,2.4778326431457574
eng-premier-league,2022-2023,current,preseason,2022-08-05,eng-premier-league:2022-2023:bournemouth:aston-villa,1,eng-championship->eng-premier-league,recent_returner,1.152713333770251,0.7178454451404105,2.969774553804651
eng-premier-league,2022-2023,current,preseason,2022-08-05,eng-premier-league:2022-2023:fulham:liverpool,1,eng-championship->eng-premier-league,recent_returner,1.7920251312923503,1.2270872889055016,3.308436621464171
eng-premier-league,2022-2023,current,preseason,2022-08-05,eng-premier-league:2022-2023:newcastle-united:nottingham-forest,1,eng-championship->eng-premier-league,no_target_history,0.6972626832725272,0.3782264468467242,2.4680070254146207
eng-premier-league,2022-2023,current,preseason,2022-08-05,eng-premier-league:2022-2023:manchester-city:bournemouth,2,eng-championship->eng-premier-league,recent_returner,0.15575585843386885,0.032560198910046176,2.391682372726896
eng-premier-league,2022-2023,current,preseason,2022-08-05,eng-premier-league:2022-2023:wolverhampton-wanderers:fulham,2,eng-championship->eng-premier-league,recent_returner,1.3718291648751406,0.8504498504172635,2.585851655986035
eng-premier-league,2022-2023,current,preseason,2022-08-05,eng-premier-league:2022-2023:nottingham-forest:west-ham-united,2,eng-championship->eng-premier-league,no_target_history,1.211098611411333,0.7626133899246871,2.595591335055736
eng-premier-league,2022-2023,current,preseason,2022-08-05,eng-premier-league:2022-2023:bournemouth:arsenal,3,eng-championship->eng-premier-league,recent_returner,0.5981433954258052,0.3039819529428299,2.8839783048209466
eng-premier-league,2022-2023,current,preseason,2022-08-05,eng-premier-league:2022-2023:everton:nottingham-forest,3,eng-championship->eng-premier-league,no_target_history,1.4142406232032607,0.8835296862195952,2.180191931962522
eng-premier-league,2022-2023,current,preseason,2022-08-05,eng-premier-league:2022-2023:fulham:brentford,3,eng-championship->eng-premier-league,recent_returner,1.1998405117271378,0.7524484678581025,3.8440410349572494
eng-premier-league,2022-2023,current,preseason,2022-08-05,eng-premier-league:2022-2023:arsenal:fulham,4,eng-championship->eng-premier-league,recent_returner,0.41957116904576885,0.1770628975172864,2.3728246489965144
eng-premier-league,2022-2023,current,preseason,2022-08-05,eng-premier-league:2022-2023:liverpool:bournemouth,4,eng-championship->eng-premier-league,recent_returner,0.21519593299869183,0.057851356368631014,6.360335765631906
eng-premier-league,2022-2023,current,preseason,2022-08-05,eng-premier-league:2022-2023:nottingham-forest:tottenham-hotspur,4,eng-championship->eng-premier-league,no_target_history,0.5068512195454298,0.23742054792206113,2.328959884991243
eng-premier-league,2022-2023,current,preseason,2022-08-05,eng-premier-league:2022-2023:fulham:brighton-hove-albion,5,eng-championship->eng-premier-league,recent_returner,1.3252604603624798,0.8370506241308218,2.764892347941191
eng-premier-league,2022-2023,current,preseason,2022-08-05,eng-premier-league:2022-2023:bournemouth:wolverhampton-wanderers,5,eng-championship->eng-premier-league,recent_returner,1.3482606369252743,0.8225403199908767,2.568374974656373
eng-premier-league,2022-2023,current,preseason,2022-08-05,eng-premier-league:2022-2023:manchester-city:nottingham-forest,5,eng-championship->eng-premier-league,no_target_history,0.15889433388363935,0.033750763574491596,3.3919237555988477
eng-premier-league,2022-2023,current,preseason,2022-08-05,eng-premier-league:2022-2023:nottingham-forest:bournemouth,6,mixed,mixed,1.1280156186817127,0.7020594152075854,3.7653121916444423
eng-premier-league,2022-2023,current,preseason,2022-08-05,eng-premier-league:2022-2023:tottenham-hotspur:fulham,6,eng-championship->eng-premier-league,recent_returner,0.3478812176509049,0.13080424682403147,2.404094263170271
eng-premier-league,2022-2023,current,preseason,2022-08-05,eng-premier-league:2022-2023:nottingham-forest:fulham,7,mixed,mixed,1.127744256282394,0.7019092934769353,3.7662095703322667
eng-premier-league,2022-2023,current,preseason,2022-08-05,eng-premier-league:2022-2023:newcastle-united:bournemouth,7,eng-championship->eng-premier-league,recent_returner,1.4172811675687935,0.8887792737668264,2.1826180423900636
eng-premier-league,2022-2023,current,preseason,2022-08-05,eng-premier-league:2022-2023:bournemouth:brentford,8,eng-championship->eng-premier-league,recent_returner,1.390191012262059,0.8562091496004988,2.683335691170168
eng-premier-league,2022-2023,current,preseason,2022-08-05,eng-premier-league:2022-2023:fulham:newcastle-united,8,eng-championship->eng-premier-league,recent_returner,0.9454447955256597,0.5661951585237621,4.245781755754663
eng-premier-league,2022-2023,current,preseason,2022-08-05,eng-premier-league:2022-2023:leicester-city:nottingham-forest,8,eng-championship->eng-premier-league,no_target_history,0.6343157117728886,0.3310229605087517,3.69652025580472
eng-premier-league,2022-2023,current,preseason,2022-08-05,eng-premier-league:2022-2023:bournemouth:leicester-city,9,eng-championship->eng-premier-league,recent_returner,1.0865735698142551,0.6737401461817163,2.589345223018114
eng-premier-league,2022-2023,current,preseason,2022-08-05,eng-premier-league:2022-2023:west-ham-united:fulham,9,eng-championship->eng-premier-league,recent_returner,0.5692958828085831,0.28267768472068566,2.824270250544743
eng-premier-league,2022-2023,current,preseason,2022-08-05,eng-premier-league:2022-2023:nottingham-forest:aston-villa,9,eng-championship->eng-premier-league,no_target_history,1.3743974106045243,0.8428787307196088,2.139367674941419
eng-premier-league,2022-2023,current,preseason,2022-08-05,eng-premier-league:2022-2023:fulham:bournemouth,10,mixed,mixed,1.3922707909620744,0.8524697843772406,2.9395210286078974
eng-premier-league,2022-2023,current,preseason,2022-08-05,eng-premier-league:2022-2023:wolverhampton-wanderers:nottingham-forest,10,eng-championship->eng-premier-league,no_target_history,0.778607341181867,0.43960699064521125,2.238154248293902
eng-premier-league,2022-2023,population,preseason,2022-08-05,eng-premier-league:2022-2023:bournemouth:aston-villa,1,eng-championship->eng-premier-league,recent_returner,0.8714856051784547,0.5126976871359025,2.713183850588688
eng-premier-league,2022-2023,population,preseason,2022-08-05,eng-premier-league:2022-2023:fulham:liverpool,1,eng-championship->eng-premier-league,recent_returner,1.6199060931541247,1.0534941302318666,3.2203643179102825
eng-premier-league,2022-2023,population,preseason,2022-08-05,eng-premier-league:2022-2023:newcastle-united:nottingham-forest,1,eng-championship->eng-premier-league,no_target_history,0.9156802945072207,0.5468573849427734,2.76921129522663
eng-premier-league,2022-2023,population,preseason,2022-08-05,eng-premier-league:2022-2023:manchester-city:bournemouth,2,eng-championship->eng-premier-league,recent_returner,0.27371564036412577,0.08709409864164909,2.7498633790282523
eng-premier-league,2022-2023,population,preseason,2022-08-05,eng-premier-league:2022-2023:wolverhampton-wanderers:fulham,2,eng-championship->eng-premier-league,recent_returner,1.4061951678551137,0.8550564286347383,2.503254312888184
eng-premier-league,2022-2023,population,preseason,2022-08-05,eng-premier-league:2022-2023:nottingham-forest:west-ham-united,2,eng-championship->eng-premier-league,no_target_history,0.9105770818522139,0.544574329149569,2.4623440203681275
eng-premier-league,2022-2023,population,preseason,2022-08-05,eng-premier-league:2022-2023:bournemouth:arsenal,3,eng-championship->eng-premier-league,recent_returner,0.8054003138943593,0.4630378195792829,3.241401173515311
eng-premier-league,2022-2023,population,preseason,2022-08-05,eng-premier-league:2022-2023:everton:nottingham-forest,3,eng-championship->eng-premier-league,no_target_history,1.4349216341477842,0.8709260433841581,2.276231645010813
eng-premier-league,2022-2023,population,preseason,2022-08-05,eng-premier-league:2022-2023:fulham:brentford,3,eng-championship->eng-premier-league,recent_returner,0.9466638820683011,0.5710610736907933,3.72269188979068
eng-premier-league,2022-2023,population,preseason,2022-08-05,eng-premier-league:2022-2023:arsenal:fulham,4,eng-championship->eng-premier-league,recent_returner,0.5996097242087429,0.3053062278342237,2.5326906621818828
eng-premier-league,2022-2023,population,preseason,2022-08-05,eng-premier-league:2022-2023:liverpool:bournemouth,4,eng-championship->eng-premier-league,recent_returner,0.35109567669497416,0.13216228425160986,6.0393002545988805
eng-premier-league,2022-2023,population,preseason,2022-08-05,eng-premier-league:2022-2023:nottingham-forest:tottenham-hotspur,4,eng-championship->eng-premier-league,no_target_history,0.7010641112579922,0.3826013722921607,2.590386119586849
eng-premier-league,2022-2023,population,preseason,2022-08-05,eng-premier-league:2022-2023:fulham:brighton-hove-albion,5,eng-championship->eng-premier-league,recent_returner,1.0103330787801614,0.6175920084113313,2.6928985577089692
eng-premier-league,2022-2023,population,preseason,2022-08-05,eng-premier-league:2022-2023:bournemouth:wolverhampton-wanderers,5,eng-championship->eng-premier-league,recent_returner,1.4443550374464795,0.8970929382870849,2.546644800773888
eng-premier-league,2022-2023,population,preseason,2022-08-05,eng-premier-league:2022-2023:manchester-city:nottingham-forest,5,eng-championship->eng-premier-league,no_target_history,0.27633938015217335,0.0885142772362514,3.7202736365669664
eng-premier-league,2022-2023,population,preseason,2022-08-05,eng-premier-league:2022-2023:nottingham-forest:bournemouth,6,mixed,mixed,1.0696500897558419,0.6694407971792893,3.8600740499974884
eng-premier-league,2022-2023,population,preseason,2022-08-05,eng-premier-league:2022-2023:tottenham-hotspur:fulham,6,eng-championship->eng-premier-league,recent_returner,0.5143057739292096,0.24250787128935408,2.527061948604946
eng-premier-league,2022-2023,population,preseason,2022-08-05,eng-premier-league:2022-2023:nottingham-forest:fulham,7,mixed,mixed,1.0696474491495904,0.6694821092565891,3.8579785354939915
eng-premier-league,2022-2023,population,preseason,2022-08-05,eng-premier-league:2022-2023:newcastle-united:bournemouth,7,eng-championship->eng-premier-league,recent_returner,1.4312549321531607,0.8695043187476638,2.265332987020444
eng-premier-league,2022-2023,population,preseason,2022-08-05,eng-premier-league:2022-2023:bournemouth:brentford,8,eng-championship->eng-premier-league,recent_returner,1.4376892749678611,0.8722830914773916,2.625482005256374
eng-premier-league,2022-2023,population,preseason,2022-08-05,eng-premier-league:2022-2023:fulham:newcastle-united,8,eng-championship->eng-premier-league,recent_returner,1.1804007196511075,0.7450627119798677,4.5100637684421665
eng-premier-league,2022-2023,population,preseason,2022-08-05,eng-premier-league:2022-2023:leicester-city:nottingham-forest,8,eng-championship->eng-premier-league,no_target_history,0.8431926787089717,0.4931218951920329,4.028880718320329
eng-premier-league,2022-2023,population,preseason,2022-08-05,eng-premier-league:2022-2023:bournemouth:leicester-city,9,eng-championship->eng-premier-league,recent_returner,0.8197245005048007,0.474862497112633,2.5873435081594742
eng-premier-league,2022-2023,population,preseason,2022-08-05,eng-premier-league:2022-2023:west-ham-united:fulham,9,eng-championship->eng-premier-league,recent_returner,0.7676393827465504,0.4338864772660829,3.1052597413226364
eng-premier-league,2022-2023,population,preseason,2022-08-05,eng-premier-league:2022-2023:nottingham-forest:aston-villa,9,eng-championship->eng-premier-league,no_target_history,1.4309907450373764,0.8715061393081431,2.2595537008384206
eng-premier-league,2022-2023,population,preseason,2022-08-05,eng-premier-league:2022-2023:fulham:bournemouth,10,mixed,mixed,1.5017209356873327,0.9103280176150818,3.1837564404912326
eng-premier-league,2022-2023,population,preseason,2022-08-05,eng-premier-league:2022-2023:wolverhampton-wanderers:nottingham-forest,10,eng-championship->eng-premier-league,no_target_history,0.9942993827960014,0.6055132683404486,2.395073842270622
eng-premier-league,2022-2023,transition,preseason,2022-08-05,eng-premier-league:2022-2023:bournemouth:aston-villa,1,eng-championship->eng-premier-league,recent_returner,1.1396204818267366,0.7072005889429908,2.938363946398324
eng-premier-league,2022-2023,transition,preseason,2022-08-05,eng-premier-league:2022-2023:fulham:liverpool,1,eng-championship->eng-premier-league,recent_returner,1.7581062597518378,1.204694780858513,3.3051003891022597
eng-premier-league,2022-2023,transition,preseason,2022-08-05,eng-premier-league:2022-2023:newcastle-united:nottingham-forest,1,eng-championship->eng-premier-league,no_target_history,0.7146599708854734,0.39126259308574723,2.454923368028566
eng-premier-league,2022-2023,transition,preseason,2022-08-05,eng-premier-league:2022-2023:manchester-city:bournemouth,2,eng-championship->eng-premier-league,recent_returner,0.16389687232998437,0.035769949694580756,2.3968260757268034
eng-premier-league,2022-2023,transition,preseason,2022-08-05,eng-premier-league:2022-2023:wolverhampton-wanderers:fulham,2,eng-championship->eng-premier-league,recent_returner,1.3549278261680193,0.8387931027965646,2.5320809921320553
eng-premier-league,2022-2023,transition,preseason,2022-08-05,eng-premier-league:2022-2023:nottingham-forest:west-ham-united,2,eng-championship->eng-premier-league,no_target_history,1.1964074660550317,0.7507126731139153,2.5512177474188222
eng-premier-league,2022-2023,transition,preseason,2022-08-05,eng-premier-league:2022-2023:bournemouth:arsenal,3,eng-championship->eng-premier-league,recent_returner,0.6154031015458462,0.31682195350607206,2.8983107945135407
eng-premier-league,2022-2023,transition,preseason,2022-08-05,eng-premier-league:2022-2023:everton:nottingham-forest,3,eng-championship->eng-premier-league,no_target_history,1.3964865657904255,0.8710138170195751,2.158074510119074
eng-premier-league,2022-2023,transition,preseason,2022-08-05,eng-premier-league:2022-2023:fulham:brentford,3,eng-championship->eng-premier-league,recent_returner,1.1786519246868505,0.7360800978902731,3.873365805007431
eng-premier-league,2022-2023,transition,preseason,2022-08-05,eng-premier-league:2022-2023:arsenal:fulham,4,eng-championship->eng-premier-league,recent_returner,0.43373762107612984,0.1867557334832653,2.364122546487603
eng-premier-league,2022-2023,transition,preseason,2022-08-05,eng-premier-league:2022-2023:liverpool:bournemouth,4,eng-championship->eng-premier-league,recent_returner,0.224948196406602,0.06262493377638025,6.609555874952028
eng-premier-league,2022-2023,transition,preseason,2022-08-05,eng-premier-league:2022-2023:nottingham-forest:tottenham-hotspur,4,eng-championship->eng-premier-league,no_target_history,0.5228284473259165,0.24896300438884467,2.3090358457845293
eng-premier-league,2022-2023,transition,preseason,2022-08-05,eng-premier-league:2022-2023:fulham:brighton-hove-albion,5,eng-championship->eng-premier-league,recent_returner,1.309557726831379,0.8247999710719642,2.756606928790135
eng-premier-league,2022-2023,transition,preseason,2022-08-05,eng-premier-league:2022-2023:bournemouth:wolverhampton-wanderers,5,eng-championship->eng-premier-league,recent_returner,1.3359062088826887,0.8157471016074063,2.518605957291082
eng-premier-league,2022-2023,transition,preseason,2022-08-05,eng-premier-league:2022-2023:manchester-city:nottingham-forest,5,eng-championship->eng-premier-league,no_target_history,0.16689750342639895,0.03694806146362839,3.469573106769925
eng-premier-league,2022-2023,transition,preseason,2022-08-05,eng-premier-league:2022-2023:nottingham-forest:bournemouth,6,mixed,mixed,1.1355094222137079,0.7049124170314262,3.873159064825205
eng-premier-league,2022-2023,transition,preseason,2022-08-05,eng-premier-league:2022-2023:tottenham-hotspur:fulham,6,eng-championship->eng-premier-league,recent_returner,0.36062731337232484,0.1388948554695577,2.3905755388614036
eng-premier-league,2022-2023,transition,preseason,2022-08-05,eng-premier-league:2022-2023:nottingham-forest:fulham,7,mixed,mixed,1.135042008804757,0.7046905546934097,3.870832370361379
eng-premier-league,2022-2023,transition,preseason,2022-08-05,eng-premier-league:2022-2023:newcastle-united:bournemouth,7,eng-championship->eng-premier-league,recent_returner,1.4002575729600901,0.8765977225900713,2.1620248771866164
eng-premier-league,2022-2023,transition,preseason,2022-08-05,eng-premier-league:2022-2023:bournemouth:brentford,8,eng-championship->eng-premier-league,recent_returner,1.3746249620565214,0.845189729075525,2.634141268015894
eng-premier-league,2022-2023,transition,preseason,2022-08-05,eng-premier-league:2022-2023:fulham:newcastle-united,8,eng-championship->eng-premier-league,recent_returner,0.9634054291273415,0.579014798882322,4.326320028019899
eng-premier-league,2022-2023,transition,preseason,2022-08-05,eng-premier-league:2022-2023:leicester-city:nottingham-forest,8,eng-championship->eng-premier-league,no_target_history,0.649958835682208,0.3427224374369162,3.741754741410865
eng-premier-league,2022-2023,transition,preseason,2022-08-05,eng-premier-league:2022-2023:bournemouth:leicester-city,9,eng-championship->eng-premier-league,recent_returner,1.0744395143521113,0.663793943010255,2.580639113880455
eng-premier-league,2022-2023,transition,preseason,2022-08-05,eng-premier-league:2022-2023:west-ham-united:fulham,9,eng-championship->eng-premier-league,recent_returner,0.5843696216085662,0.293813924710502,2.8512923308325417
eng-premier-league,2022-2023,transition,preseason,2022-08-05,eng-premier-league:2022-2023:nottingham-forest:aston-villa,9,eng-championship->eng-premier-league,no_target_history,1.3605147622574436,0.8337739835456333,2.1224099591553762
eng-premier-league,2022-2023,transition,preseason,2022-08-05,eng-premier-league:2022-2023:fulham:bournemouth,10,mixed,mixed,1.3663282164776556,0.83759455188005,2.989673382620074
eng-premier-league,2022-2023,transition,preseason,2022-08-05,eng-premier-league:2022-2023:wolverhampton-wanderers:nottingham-forest,10,eng-championship->eng-premier-league,no_target_history,0.7950556433385524,0.45184615482554713,2.209220151691147
eng-premier-league,2022-2023,source,preseason,2022-08-05,eng-premier-league:2022-2023:bournemouth:aston-villa,1,eng-championship->eng-premier-league,recent_returner,1.1419356839624148,0.708892782916742,2.939894295027436
eng-premier-league,2022-2023,source,preseason,2022-08-05,eng-premier-league:2022-2023:fulham:liverpool,1,eng-championship->eng-premier-league,recent_returner,1.7362884107004781,1.1746666711363183,3.1883954242130423
eng-premier-league,2022-2023,source,preseason,2022-08-05,eng-premier-league:2022-2023:newcastle-united:nottingham-forest,1,eng-championship->eng-premier-league,no_target_history,0.7112633823013552,0.3886942227216251,2.451483346558224
eng-premier-league,2022-2023,source,preseason,2022-08-05,eng-premier-league:2022-2023:manchester-city:bournemouth,2,eng-championship->eng-premier-league,recent_returner,0.16338693453788644,0.03556936794049412,2.396497779008669
eng-premier-league,2022-2023,source,preseason,2022-08-05,eng-premier-league:2022-2023:wolverhampton-wanderers:fulham,2,eng-championship->eng-premier-league,recent_returner,1.3752934174023514,0.8428207919315568,2.651954560117919
eng-premier-league,2022-2023,source,preseason,2022-08-05,eng-premier-league:2022-2023:nottingham-forest:west-ham-united,2,eng-championship->eng-premier-league,no_target_history,1.2022415733581229,0.754764667283611,2.5513133727730946
eng-premier-league,2022-2023,source,preseason,2022-08-05,eng-premier-league:2022-2023:bournemouth:arsenal,3,eng-championship->eng-premier-league,recent_returner,0.6138886245809488,0.3156947764759186,2.896823990620533
eng-premier-league,2022-2023,source,preseason,2022-08-05,eng-premier-league:2022-2023:everton:nottingham-forest,3,eng-championship->eng-premier-league,no_target_history,1.3968617486315975,0.8718946080990851,2.158040928929122
eng-premier-league,2022-2023,source,preseason,2022-08-05,eng-premier-league:2022-2023:fulham:brentford,3,eng-championship->eng-premier-league,recent_returner,1.0837509859298624,0.6707377389660323,3.694650940395282
eng-premier-league,2022-2023,source,preseason,2022-08-05,eng-premier-league:2022-2023:arsenal:fulham,4,eng-championship->eng-premier-league,recent_returner,0.4691585372511669,0.2107129306157994,2.3609980489563043
eng-premier-league,2022-2023,source,preseason,2022-08-05,eng-premier-league:2022-2023:liverpool:bournemouth,4,eng-championship->eng-premier-league,recent_returner,0.22433356543294725,0.06232551062123887,6.584881525522125
eng-premier-league,2022-2023,source,preseason,2022-08-05,eng-premier-league:2022-2023:nottingham-forest:tottenham-hotspur,4,eng-championship->eng-premier-league,no_target_history,0.5199555776487776,0.2469081370237761,2.306425675024269
eng-premier-league,2022-2023,source,preseason,2022-08-05,eng-premier-league:2022-2023:fulham:brighton-hove-albion,5,eng-championship->eng-premier-league,recent_returner,1.2055075165516365,0.7565296363073889,2.673642560341496
eng-premier-league,2022-2023,source,preseason,2022-08-05,eng-premier-league:2022-2023:bournemouth:wolverhampton-wanderers,5,eng-championship->eng-premier-league,recent_returner,1.3361477786695213,0.8158428937178477,2.5207501868252167
eng-premier-league,2022-2023,source,preseason,2022-08-05,eng-premier-league:2022-2023:manchester-city:nottingham-forest,5,eng-championship->eng-premier-league,no_target_history,0.16588466668350768,0.036553289580850724,3.4608219607975816
eng-premier-league,2022-2023,source,preseason,2022-08-05,eng-premier-league:2022-2023:nottingham-forest:bournemouth,6,mixed,mixed,1.1323139735108727,0.7026266806851917,3.8697731610063895
eng-premier-league,2022-2023,source,preseason,2022-08-05,eng-premier-league:2022-2023:tottenham-hotspur:fulham,6,eng-championship->eng-premier-league,recent_returner,0.3906836311430373,0.1576837488931729,2.3812167695320885
eng-premier-league,2022-2023,source,preseason,2022-08-05,eng-premier-league:2022-2023:nottingham-forest:fulham,7,mixed,mixed,1.033170514553774,0.6328320289397643,3.7027603635889745
eng-premier-league,2022-2023,source,preseason,2022-08-05,eng-premier-league:2022-2023:newcastle-united:bournemouth,7,eng-championship->eng-premier-league,recent_returner,1.4008945544871645,0.8772197061997845,2.162357931363314
eng-premier-league,2022-2023,source,preseason,2022-08-05,eng-premier-league:2022-2023:bournemouth:brentford,8,eng-championship->eng-premier-league,recent_returner,1.3782933881394923,0.8480542737116216,2.645910530966419
eng-premier-league,2022-2023,source,preseason,2022-08-05,eng-premier-league:2022-2023:fulham:newcastle-united,8,eng-championship->eng-premier-league,recent_returner,1.0361479128477773,0.6351374442829374,4.3651851560444035
eng-premier-league,2022-2023,source,preseason,2022-08-05,eng-premier-league:2022-2023:leicester-city:nottingham-forest,8,eng-championship->eng-premier-league,no_target_history,0.6467974464306945,0.34033934527058357,3.7338840600170276
eng-premier-league,2022-2023,source,preseason,2022-08-05,eng-premier-league:2022-2023:bournemouth:leicester-city,9,eng-championship->eng-premier-league,recent_returner,1.0762765621558004,0.6651597093388272,2.5811082500966904
eng-premier-league,2022-2023,source,preseason,2022-08-05,eng-premier-league:2022-2023:west-ham-united:fulham,9,eng-championship->eng-premier-league,recent_returner,0.6312650967325613,0.32876840615541486,2.8643879595675195
eng-premier-league,2022-2023,source,preseason,2022-08-05,eng-premier-league:2022-2023:nottingham-forest:aston-villa,9,eng-championship->eng-premier-league,no_target_history,1.360328344916668,0.8340208475758619,2.1219276137695493
eng-premier-league,2022-2023,source,preseason,2022-08-05,eng-premier-league:2022-2023:fulham:bournemouth,10,mixed,mixed,1.4123906103492938,0.8719907117334842,2.9494841720259712
eng-premier-league,2022-2023,source,preseason,2022-08-05,eng-premier-league:2022-2023:wolverhampton-wanderers:nottingham-forest,10,eng-championship->eng-premier-league,no_target_history,0.7917359075885241,0.4493254948957482,2.206752280263261
eng-premier-league,2022-2023,memory,preseason,2022-08-05,eng-premier-league:2022-2023:bournemouth:aston-villa,1,eng-championship->eng-premier-league,recent_returner,1.1531939346818425,0.7174898741604651,2.963231987353703
eng-premier-league,2022-2023,memory,preseason,2022-08-05,eng-premier-league:2022-2023:fulham:liverpool,1,eng-championship->eng-premier-league,recent_returner,1.7352678827883294,1.1855927233402033,3.283870475526337
eng-premier-league,2022-2023,memory,preseason,2022-08-05,eng-premier-league:2022-2023:newcastle-united:nottingham-forest,1,eng-championship->eng-premier-league,no_target_history,0.7497287919725275,0.4177691647658598,2.498307665966389
eng-premier-league,2022-2023,memory,preseason,2022-08-05,eng-premier-league:2022-2023:manchester-city:bournemouth,2,eng-championship->eng-premier-league,recent_returner,0.15717105995674313,0.03313271877323498,2.384118549715205
eng-premier-league,2022-2023,memory,preseason,2022-08-05,eng-premier-league:2022-2023:wolverhampton-wanderers:fulham,2,eng-championship->eng-premier-league,recent_returner,1.351295166086555,0.8338390012927783,2.520704347343103
eng-premier-league,2022-2023,memory,preseason,2022-08-05,eng-premier-league:2022-2023:nottingham-forest:west-ham-united,2,eng-championship->eng-premier-league,no_target_history,1.1466518734178186,0.7151476979839622,2.5224897665013932
eng-premier-league,2022-2023,memory,preseason,2022-08-05,eng-premier-league:2022-2023:bournemouth:arsenal,3,eng-championship->eng-premier-league,recent_returner,0.6021191716310957,0.30694147876709194,2.8815252006081735
eng-premier-league,2022-2023,memory,preseason,2022-08-05,eng-premier-league:2022-2023:everton:nottingham-forest,3,eng-championship->eng-premier-league,no_target_history,1.3862660484128262,0.8593086524056909,2.14728936051385
eng-premier-league,2022-2023,memory,preseason,2022-08-05,eng-premier-league:2022-2023:fulham:brentford,3,eng-championship->eng-premier-league,recent_returner,1.1578392590609516,0.7216854172681794,3.8476054722729396
eng-premier-league,2022-2023,memory,preseason,2022-08-05,eng-premier-league:2022-2023:arsenal:fulham,4,eng-championship->eng-premier-league,recent_returner,0.44964824216016575,0.19756661268443568,2.3668166196610394
eng-premier-league,2022-2023,memory,preseason,2022-08-05,eng-premier-league:2022-2023:liverpool:bournemouth,4,eng-championship->eng-premier-league,recent_returner,0.21695624068644803,0.05873799779365601,6.499860652683465
eng-premier-league,2022-2023,memory,preseason,2022-08-05,eng-premier-league:2022-2023:nottingham-forest:tottenham-hotspur,4,eng-championship->eng-premier-league,no_target_history,0.5511892065848623,0.26947891689978093,2.3403387864175857
eng-premier-league,2022-2023,memory,preseason,2022-08-05,eng-premier-league:2022-2023:fulham:brighton-hove-albion,5,eng-championship->eng-premier-league,recent_returner,1.2777631272334942,0.803321689710302,2.7397400316073455
eng-premier-league,2022-2023,memory,preseason,2022-08-05,eng-premier-league:2022-2023:bournemouth:wolverhampton-wanderers,5,eng-championship->eng-premier-league,recent_returner,1.3413861809430117,0.8185967322495481,2.5468360452931456
eng-premier-league,2022-2023,memory,preseason,2022-08-05,eng-premier-league:2022-2023:manchester-city:nottingham-forest,5,eng-championship->eng-premier-league,no_target_history,0.17897915008375764,0.04187038849746496,3.5536567848549097
eng-premier-league,2022-2023,memory,preseason,2022-08-05,eng-premier-league:2022-2023:nottingham-forest:bournemouth,6,mixed,mixed,1.197635740834966,0.7498381074613899,3.878981879276641
eng-premier-league,2022-2023,memory,preseason,2022-08-05,eng-premier-league:2022-2023:tottenham-hotspur:fulham,6,eng-championship->eng-premier-league,recent_returner,0.37484540264045185,0.14786357660432048,2.389174229385242
eng-premier-league,2022-2023,memory,preseason,2022-08-05,eng-premier-league:2022-2023:nottingham-forest:fulham,7,mixed,mixed,1.1538907760442156,0.7184156181447736,3.8711717355855857
eng-premier-league,2022-2023,memory,preseason,2022-08-05,eng-premier-league:2022-2023:newcastle-united:bournemouth,7,eng-championship->eng-premier-league,recent_returner,1.410453975948033,0.8847438797369311,2.172393495255362
eng-premier-league,2022-2023,memory,preseason,2022-08-05,eng-premier-league:2022-2023:bournemouth:brentford,8,eng-championship->eng-premier-league,recent_returner,1.3868989192276737,0.8544367217905646,2.67713712588215
eng-premier-league,2022-2023,memory,preseason,2022-08-05,eng-premier-league:2022-2023:fulham:newcastle-united,8,eng-championship->eng-premier-league,recent_returner,0.9876801090623534,0.5971759466255566,4.374836433124543
eng-premier-league,2022-2023,memory,preseason,2022-08-05,eng-premier-league:2022-2023:leicester-city:nottingham-forest,8,eng-championship->eng-premier-league,no_target_history,0.6829007513932401,0.3675978171561436,3.8277980233678397
eng-premier-league,2022-2023,memory,preseason,2022-08-05,eng-premier-league:2022-2023:bournemouth:leicester-city,9,eng-championship->eng-premier-league,recent_returner,1.0872188242169942,0.6736636103093048,2.5865511030768227
eng-premier-league,2022-2023,memory,preseason,2022-08-05,eng-premier-league:2022-2023:west-ham-united:fulham,9,eng-championship->eng-premier-league,recent_returner,0.6030567913427997,0.30763588086080423,2.8747675481790607
eng-premier-league,2022-2023,memory,preseason,2022-08-05,eng-premier-league:2022-2023:nottingham-forest:aston-villa,9,eng-championship->eng-premier-league,no_target_history,1.3566862368090178,0.8290673346300291,2.118010156235452
eng-premier-league,2022-2023,memory,preseason,2022-08-05,eng-premier-league:2022-2023:fulham:bournemouth,10,mixed,mixed,1.378956275505328,0.8479665642797397,2.988181721067922
eng-premier-league,2022-2023,memory,preseason,2022-08-05,eng-premier-league:2022-2023:wolverhampton-wanderers:nottingham-forest,10,eng-championship->eng-premier-league,no_target_history,0.8314384658178667,0.4793072529396716,2.2317089855279053
eng-premier-league,2023-2024,current,preseason,2023-08-11,eng-premier-league:2023-2024:burnley:manchester-city,1,eng-championship->eng-premier-league,recent_returner,0.32787322737680286,0.11846349964592762,2.4308684291373703
eng-premier-league,2023-2024,current,preseason,2023-08-11,eng-premier-league:2023-2024:brighton-hove-albion:luton-town,1,eng-championship->eng-premier-league,no_target_history,0.3136330483288147,0.10941225017394443,2.9632751691038095
eng-premier-league,2023-2024,current,preseason,2023-08-11,eng-premier-league:2023-2024:sheffield-united:crystal-palace,1,eng-championship->eng-premier-league,recent_returner,0.8839169627563257,0.5191723736093653,2.2936199841077034
eng-premier-league,2023-2024,current,preseason,2023-08-11,eng-premier-league:2023-2024:nottingham-forest:sheffield-united,2,eng-championship->eng-premier-league,recent_returner,0.7644105014008221,0.42993566071710676,2.415190138027702
eng-premier-league,2023-2024,current,preseason,2023-08-11,eng-premier-league:2023-2024:chelsea:luton-town,2,eng-championship->eng-premier-league,no_target_history,0.47054318030509973,0.21176916129070483,2.664799410792803
eng-premier-league,2023-2024,current,preseason,2023-08-11,eng-premier-league:2023-2024:burnley:aston-villa,2,eng-championship->eng-premier-league,recent_returner,0.7426433267794607,0.4129290617886031,2.997256708126794
eng-premier-league,2023-2024,current,preseason,2023-08-11,eng-premier-league:2023-2024:sheffield-united:manchester-city,3,eng-championship->eng-premier-league,recent_returner,0.3317722149439421,0.12079718851200352,2.408984339579579
eng-premier-league,2023-2024,current,preseason,2023-08-11,eng-premier-league:2023-2024:luton-town:west-ham-united,3,eng-championship->eng-premier-league,no_target_history,0.8489343757592109,0.4952853168707364,2.4541747880733995
eng-premier-league,2023-2024,current,preseason,2023-08-11,eng-premier-league:2023-2024:burnley:tottenham-hotspur,3,eng-championship->eng-premier-league,recent_returner,0.6800481769418265,0.3660819605970673,5.007933345588432
eng-premier-league,2023-2024,current,preseason,2023-08-11,eng-premier-league:2023-2024:sheffield-united:everton,4,eng-championship->eng-premier-league,recent_returner,1.429779286670497,0.8678560075918601,2.8193314361826927
eng-premier-league,2023-2024,current,preseason,2023-08-11,eng-premier-league:2023-2024:fulham:luton-town,4,eng-championship->eng-premier-league,no_target_history,0.6678831512867895,0.35661453317927355,2.434648387611549
eng-premier-league,2023-2024,current,preseason,2023-08-11,eng-premier-league:2023-2024:tottenham-hotspur:sheffield-united,5,eng-championship->eng-premier-league,recent_returner,0.4268397599453319,0.18140617708690399,2.374985663494346
eng-premier-league,2023-2024,current,preseason,2023-08-11,eng-premier-league:2023-2024:nottingham-forest:burnley,4,eng-championship->eng-premier-league,recent_returner,1.432109274161108,0.883524160883666,2.2072639824166926
eng-premier-league,2023-2024,current,preseason,2023-08-11,eng-premier-league:2023-2024:burnley:manchester-united,5,eng-championship->eng-premier-league,recent_returner,0.5975653899107154,0.3037493257585004,2.489852272372196
eng-premier-league,2023-2024,current,preseason,2023-08-11,eng-premier-league:2023-2024:luton-town:wolverhampton-wanderers,5,eng-championship->eng-premier-league,no_target_history,1.404366106419023,0.8637017775228468,2.1727694119044276
eng-premier-league,2023-2024,current,preseason,2023-08-11,eng-premier-league:2023-2024:sheffield-united:newcastle-united,6,eng-championship->eng-premier-league,recent_returner,0.4987581549864009,0.23141338001360812,7.322832187793827
eng-premier-league,2023-2024,current,preseason,2023-08-11,eng-premier-league:2023-2024:everton:luton-town,6,eng-championship->eng-premier-league,no_target_history,1.3845335522976185,0.8884390740983048,2.7934649693129305
eng-premier-league,2023-2024,current,preseason,2023-08-11,eng-premier-league:2023-2024:newcastle-united:burnley,6,eng-championship->eng-premier-league,recent_returner,0.2976236291142,0.10049064624886803,2.2721709799755425
eng-premier-league,2023-2024,current,preseason,2023-08-11,eng-premier-league:2023-2024:west-ham-united:sheffield-united,7,eng-championship->eng-premier-league,recent_returner,0.5559129467883336,0.27279301134381123,2.425650830881693
eng-premier-league,2023-2024,current,preseason,2023-08-11,eng-premier-league:2023-2024:luton-town:burnley,7,mixed,mixed,1.1640441921122684,0.7329434194003762,2.6498227915026655
eng-premier-league,2023-2024,current,preseason,2023-08-11,eng-premier-league:2023-2024:burnley:chelsea,8,eng-championship->eng-premier-league,recent_returner,0.7403764233185104,0.411461711251564,3.8077863034186796
eng-premier-league,2023-2024,current,preseason,2023-08-11,eng-premier-league:2023-2024:fulham:sheffield-united,8,eng-championship->eng-premier-league,recent_returner,0.6693302381344844,0.35771920025313125,2.8771609521842194
eng-premier-league,2023-2024,current,preseason,2023-08-11,eng-premier-league:2023-2024:luton-town:tottenham-hotspur,8,eng-championship->eng-premier-league,no_target_history,0.6871612505715836,0.3715134130512119,2.4802308369955366
eng-premier-league,2023-2024,current,preseason,2023-08-11,eng-premier-league:2023-2024:brentford:burnley,9,eng-championship->eng-premier-league,recent_returner,0.44786695133460813,0.19598232831924733,2.633151997515702
eng-premier-league,2023-2024,current,preseason,2023-08-11,eng-premier-league:2023-2024:nottingham-forest:luton-town,9,eng-championship->eng-premier-league,no_target_history,1.4335627296624596,0.8841981120669296,2.8871795011823247
eng-premier-league,2023-2024,current,preseason,2023-08-11,eng-premier-league:2023-2024:sheffield-united:manchester-united,9,eng-championship->eng-premier-league,recent_returner,0.6041351639732878,0.30866709844851586,2.3772412268249203
eng-premier-league,2023-2024,current,preseason,2023-08-11,eng-premier-league:2023-2024:arsenal:sheffield-united,10,eng-championship->eng-premier-league,recent_returner,0.31307979005564635,0.10928832271936659,3.4638530533387772
eng-premier-league,2023-2024,current,preseason,2023-08-11,eng-premier-league:2023-2024:bournemouth:burnley,10,eng-championship->eng-premier-league,recent_returner,0.7557123648058162,0.42342109087135715,2.415146337424816
eng-premier-league,2023-2024,current,preseason,2023-08-11,eng-premier-league:2023-2024:aston-villa:luton-town,10,eng-championship->eng-premier-league,no_target_history,0.4860825422381157,0.22271157815369286,2.746199440715648
eng-premier-league,2023-2024,population,preseason,2023-08-11,eng-premier-league:2023-2024:burnley:manchester-city,1,eng-championship->eng-premier-league,recent_returner,0.5063765542390013,0.23680074599527132,2.784813212215827
eng-premier-league,2023-2024,population,preseason,2023-08-11,eng-premier-league:2023-2024:brighton-hove-albion:luton-town,1,eng-championship->eng-premier-league,no_target_history,0.49778340472992466,0.23085558695072048,3.3143799590433836
eng-premier-league,2023-2024,population,preseason,2023-08-11,eng-premier-league:2023-2024:sheffield-united:crystal-palace,1,eng-championship->eng-premier-league,recent_returner,1.1323661446307094,0.7075895824183336,2.4712556324846537
eng-premier-league,2023-2024,population,preseason,2023-08-11,eng-premier-league:2023-2024:nottingham-forest:sheffield-united,2,eng-championship->eng-premier-league,recent_returner,1.0164606347753826,0.6263175963121356,2.703110469597779
eng-premier-league,2023-2024,population,preseason,2023-08-11,eng-premier-league:2023-2024:chelsea:luton-town,2,eng-championship->eng-premier-league,no_target_history,0.6739133750585109,0.36172728907538665,3.0359527899363057
eng-premier-league,2023-2024,population,preseason,2023-08-11,eng-premier-league:2023-2024:burnley:aston-villa,2,eng-championship->eng-premier-league,recent_returner,0.9795394177332688,0.5968874695563506,3.3368553636784544
eng-premier-league,2023-2024,population,preseason,2023-08-11,eng-premier-league:2023-2024:sheffield-united:manchester-city,3,eng-championship->eng-premier-league,recent_returner,0.5093049640848699,0.23890769899190084,2.532984603188637
eng-premier-league,2023-2024,population,preseason,2023-08-11,eng-premier-league:2023-2024:luton-town:west-ham-united,3,eng-championship->eng-premier-league,no_target_history,1.1008769316623117,0.6920137542300998,2.7506075402148253
eng-premier-league,2023-2024,population,preseason,2023-08-11,eng-premier-league:2023-2024:burnley:tottenham-hotspur,3,eng-championship->eng-premier-league,recent_returner,0.917752407000771,0.5533613707936251,5.127457632469369
eng-premier-league,2023-2024,population,preseason,2023-08-11,eng-premier-league:2023-2024:sheffield-united:everton,4,eng-championship->eng-premier-league,recent_returner,1.5279660814810485,0.9395071434242442,3.02926092989217
eng-premier-league,2023-2024,population,preseason,2023-08-11,eng-premier-league:2023-2024:fulham:luton-town,4,eng-championship->eng-premier-league,no_target_history,0.8735684844488881,0.5185132268914088,2.5613955980245207
eng-premier-league,2023-2024,population,preseason,2023-08-11,eng-premier-league:2023-2024:tottenham-hotspur:sheffield-united,5,eng-championship->eng-premier-league,recent_returner,0.6259835941287181,0.3259528976026046,2.5450655950343437
eng-premier-league,2023-2024,population,preseason,2023-08-11,eng-premier-league:2023-2024:nottingham-forest:burnley,4,eng-championship->eng-premier-league,recent_returner,1.4668210125314007,0.8887536075511475,2.305832134639073
eng-premier-league,2023-2024,population,preseason,2023-08-11,eng-premier-league:2023-2024:burnley:manchester-united,5,eng-championship->eng-premier-league,recent_returner,0.823649235613367,0.4801601170756166,2.5776952371329585
eng-premier-league,2023-2024,population,preseason,2023-08-11,eng-premier-league:2023-2024:luton-town:wolverhampton-wanderers,5,eng-championship->eng-premier-league,no_target_history,1.5341213640768923,0.9724364589155556,2.3685935213288722
eng-premier-league,2023-2024,population,preseason,2023-08-11,eng-premier-league:2023-2024:sheffield-united:newcastle-united,6,eng-championship->eng-premier-league,recent_returner,0.7079152630065874,0.38890175547873734,6.991931595270167
eng-premier-league,2023-2024,population,preseason,2023-08-11,eng-premier-league:2023-2024:everton:luton-town,6,eng-championship->eng-premier-league,no_target_history,1.0280809754363147,0.6378008199594298,2.701535859406919
eng-premier-league,2023-2024,population,preseason,2023-08-11,eng-premier-league:2023-2024:newcastle-united:burnley,6,eng-championship->eng-premier-league,recent_returner,0.4673405832378538,0.20906672748476915,2.4491128570737963
eng-premier-league,2023-2024,population,preseason,2023-08-11,eng-premier-league:2023-2024:west-ham-united:sheffield-united,7,eng-championship->eng-premier-league,recent_returner,0.7709757501993214,0.43751440154949295,2.694589594340842
eng-premier-league,2023-2024,population,preseason,2023-08-11,eng-premier-league:2023-2024:luton-town:burnley,7,mixed,mixed,1.0974627963461006,0.6950831130922916,2.8727788408171833
eng-premier-league,2023-2024,population,preseason,2023-08-11,eng-premier-league:2023-2024:burnley:chelsea,8,eng-championship->eng-premier-league,recent_returner,0.9742299906603927,0.5938963611293063,4.122311535772825
eng-premier-league,2023-2024,population,preseason,2023-08-11,eng-premier-league:2023-2024:fulham:sheffield-united,8,eng-championship->eng-premier-league,recent_returner,0.8728438218054577,0.5179226223891429,3.1756190365290653
eng-premier-league,2023-2024,population,preseason,2023-08-11,eng-premier-league:2023-2024:luton-town:tottenham-hotspur,8,eng-championship->eng-premier-league,no_target_history,0.9210059769233451,0.555832879122571,2.5960261746051394
eng-premier-league,2023-2024,population,preseason,2023-08-11,eng-premier-league:2023-2024:brentford:burnley,9,eng-championship->eng-premier-league,recent_returner,0.637075505749366,0.33381260850503636,2.9724199288879456
eng-premier-league,2023-2024,population,preseason,2023-08-11,eng-premier-league:2023-2024:nottingham-forest:luton-town,9,eng-championship->eng-premier-league,no_target_history,1.468185479246488,0.8893781651908392,3.016097141730908
eng-premier-league,2023-2024,population,preseason,2023-08-11,eng-premier-league:2023-2024:sheffield-united:manchester-united,9,eng-championship->eng-premier-league,recent_returner,0.8273650280880911,0.4830114028212842,2.60092057201721
eng-premier-league,2023-2024,population,preseason,2023-08-11,eng-premier-league:2023-2024:arsenal:sheffield-united,10,eng-championship->eng-premier-league,recent_returner,0.484608603761247,0.22129450568565498,3.834180318925254
eng-premier-league,2023-2024,population,preseason,2023-08-11,eng-premier-league:2023-2024:bournemouth:burnley,10,eng-championship->eng-premier-league,recent_returner,0.9967732582887959,0.611866903367417,2.6724049457875036
eng-premier-league,2023-2024,population,preseason,2023-08-11,eng-premier-league:2023-2024:aston-villa:luton-town,10,eng-championship->eng-premier-league,no_target_history,0.6827420993223463,0.36835681392537745,3.0262090206445835
eng-premier-league,2023-2024,transition,preseason,2023-08-11,eng-premier-league:2023-2024:burnley:manchester-city,1,eng-championship->eng-premier-league,recent_returner,0.3528157659638348,0.13390094391769652,2.44389196757676
eng-premier-league,2023-2024,transition,preseason,2023-08-11,eng-premier-league:2023-2024:brighton-hove-albion:luton-town,1,eng-championship->eng-premier-league,no_target_history,0.3379789046998293,0.1241009223691435,3.025990154637435
eng-premier-league,2023-2024,transition,preseason,2023-08-11,eng-premier-league:2023-2024:sheffield-united:crystal-palace,1,eng-championship->eng-premier-league,recent_returner,0.920146667325338,0.5456732895997377,2.260100543711555
eng-premier-league,2023-2024,transition,preseason,2023-08-11,eng-premier-league:2023-2024:nottingham-forest:sheffield-united,2,eng-championship->eng-premier-league,recent_returner,0.8016309611682683,0.4578755711021717,2.4286975342095305
eng-premier-league,2023-2024,transition,preseason,2023-08-11,eng-premier-league:2023-2024:chelsea:luton-town,2,eng-championship->eng-premier-league,no_target_history,0.4990750077644562,0.23200196749488244,2.693243240872281
eng-premier-league,2023-2024,transition,preseason,2023-08-11,eng-premier-league:2023-2024:burnley:aston-villa,2,eng-championship->eng-premier-league,recent_returner,0.7768544415860898,0.4386385707550015,3.0591653270883077
eng-premier-league,2023-2024,transition,preseason,2023-08-11,eng-premier-league:2023-2024:sheffield-united:manchester-city,3,eng-championship->eng-premier-league,recent_returner,0.3563765549112062,0.1360983070046965,2.388629661460727
eng-premier-league,2023-2024,transition,preseason,2023-08-11,eng-premier-league:2023-2024:luton-town:west-ham-united,3,eng-championship->eng-premier-league,no_target_history,0.8849506879347521,0.5221177972325347,2.4679084626726295
eng-premier-league,2023-2024,transition,preseason,2023-08-11,eng-premier-league:2023-2024:burnley:tottenham-hotspur,3,eng-championship->eng-premier-league,recent_returner,0.7135687806959761,0.39140820375675367,5.179188330755552
eng-premier-league,2023-2024,transition,preseason,2023-08-11,eng-premier-league:2023-2024:sheffield-united:everton,4,eng-championship->eng-premier-league,recent_returner,1.4138244476315172,0.8593921684633083,2.847748623841252
eng-premier-league,2023-2024,transition,preseason,2023-08-11,eng-premier-league:2023-2024:fulham:luton-town,4,eng-championship->eng-premier-league,no_target_history,0.6981679039444553,0.37940534850189195,2.381389141594173
eng-premier-league,2023-2024,transition,preseason,2023-08-11,eng-premier-league:2023-2024:tottenham-hotspur:sheffield-united,5,eng-championship->eng-premier-league,recent_returner,0.45370767277207946,0.19986684240597705,2.3612682935337013
eng-premier-league,2023-2024,transition,preseason,2023-08-11,eng-premier-league:2023-2024:nottingham-forest:burnley,4,eng-championship->eng-premier-league,recent_returner,1.4068343285745273,0.8654148017799264,2.172824102323541
eng-premier-league,2023-2024,transition,preseason,2023-08-11,eng-premier-league:2023-2024:burnley:manchester-united,5,eng-championship->eng-premier-league,recent_returner,0.6290209491002352,0.32725377164720426,2.4385930372408655
eng-premier-league,2023-2024,transition,preseason,2023-08-11,eng-premier-league:2023-2024:luton-town:wolverhampton-wanderers,5,eng-championship->eng-premier-league,no_target_history,1.3939375734984027,0.8609001721130668,2.15620814189169
eng-premier-league,2023-2024,transition,preseason,2023-08-11,eng-premier-league:2023-2024:sheffield-united:newcastle-united,6,eng-championship->eng-premier-league,recent_returner,0.5277136018152907,0.2522623596475443,7.597545569461399
eng-premier-league,2023-2024,transition,preseason,2023-08-11,eng-premier-league:2023-2024:everton:luton-town,6,eng-championship->eng-premier-league,no_target_history,1.3457465083715616,0.8597666658299113,2.762316758214224
eng-premier-league,2023-2024,transition,preseason,2023-08-11,eng-premier-league:2023-2024:newcastle-united:burnley,6,eng-championship->eng-premier-league,recent_returner,0.3197019230748021,0.11347262625879424,2.2378156536196974
eng-premier-league,2023-2024,transition,preseason,2023-08-11,eng-premier-league:2023-2024:west-ham-united:sheffield-united,7,eng-championship->eng-premier-league,recent_returner,0.585600309858512,0.2946774162585084,2.4152637479716192
eng-premier-league,2023-2024,transition,preseason,2023-08-11,eng-premier-league:2023-2024:luton-town:burnley,7,mixed,mixed,1.1702716686276315,0.7339314073693737,2.65005455871066
eng-premier-league,2023-2024,transition,preseason,2023-08-11,eng-premier-league:2023-2024:burnley:chelsea,8,eng-championship->eng-premier-league,recent_returner,0.7733975848502926,0.43633822915723935,3.9112286235340843
eng-premier-league,2023-2024,transition,preseason,2023-08-11,eng-premier-league:2023-2024:fulham:sheffield-united,8,eng-championship->eng-premier-league,recent_returner,0.6989574518333216,0.38002488248028266,2.925810976450494
eng-premier-league,2023-2024,transition,preseason,2023-08-11,eng-premier-league:2023-2024:luton-town:tottenham-hotspur,8,eng-championship->eng-premier-league,no_target_history,0.7196650994496945,0.3960972129170961,2.4361205985377077
eng-premier-league,2023-2024,transition,preseason,2023-08-11,eng-premier-league:2023-2024:brentford:burnley,9,eng-championship->eng-premier-league,recent_returner,0.4746602384266092,0.21467969743423632,2.6593362584087155
eng-premier-league,2023-2024,transition,preseason,2023-08-11,eng-premier-league:2023-2024:nottingham-forest:luton-town,9,eng-championship->eng-premier-league,no_target_history,1.4098411842394225,0.8670690750214272,2.911071975436104
eng-premier-league,2023-2024,transition,preseason,2023-08-11,eng-premier-league:2023-2024:sheffield-united:manchester-united,9,eng-championship->eng-premier-league,recent_returner,0.6348315154584925,0.3316422661717869,2.376222698485642
eng-premier-league,2023-2024,transition,preseason,2023-08-11,eng-premier-league:2023-2024:arsenal:sheffield-united,10,eng-championship->eng-premier-league,recent_returner,0.33508446467719677,0.12253392102189159,3.5537547397040345
eng-premier-league,2023-2024,transition,preseason,2023-08-11,eng-premier-league:2023-2024:bournemouth:burnley,10,eng-championship->eng-premier-league,recent_returner,0.7906239167067866,0.44972236587805586,2.4272637295062927
eng-premier-league,2023-2024,transition,preseason,2023-08-11,eng-premier-league:2023-2024:aston-villa:luton-town,10,eng-championship->eng-premier-league,no_target_history,0.5128641694234524,0.24184980228684105,2.7858935030073084
eng-premier-league,2023-2024,source,preseason,2023-08-11,eng-premier-league:2023-2024:burnley:manchester-city,1,eng-championship->eng-premier-league,recent_returner,0.3677429818609719,0.14300693421895333,2.497150628371072
eng-premier-league,2023-2024,source,preseason,2023-08-11,eng-premier-league:2023-2024:brighton-hove-albion:luton-town,1,eng-championship->eng-premier-league,no_target_history,0.3107410604009808,0.10814992404026082,3.030135707361096
eng-premier-league,2023-2024,source,preseason,2023-08-11,eng-premier-league:2023-2024:sheffield-united:crystal-palace,1,eng-championship->eng-premier-league,recent_returner,0.9162556686711228,0.5427590945622831,2.2615154047981694
eng-premier-league,2023-2024,source,preseason,2023-08-11,eng-premier-league:2023-2024:nottingham-forest:sheffield-united,2,eng-championship->eng-premier-league,recent_returner,0.7981731752583575,0.45522900152231577,2.4256171382118517
eng-premier-league,2023-2024,source,preseason,2023-08-11,eng-premier-league:2023-2024:chelsea:luton-town,2,eng-championship->eng-premier-league,no_target_history,0.4633547433331129,0.2073203700894764,2.606923245770603
eng-premier-league,2023-2024,source,preseason,2023-08-11,eng-premier-league:2023-2024:burnley:aston-villa,2,eng-championship->eng-premier-league,recent_returner,0.8101003570957218,0.46446468430048937,3.065205005474052
eng-premier-league,2023-2024,source,preseason,2023-08-11,eng-premier-league:2023-2024:sheffield-united:manchester-city,3,eng-championship->eng-premier-league,recent_returner,0.35359113802409425,0.13437277191251193,2.389170760941703
eng-premier-league,2023-2024,source,preseason,2023-08-11,eng-premier-league:2023-2024:luton-town:west-ham-united,3,eng-championship->eng-premier-league,no_target_history,0.8217780246207558,0.47296286005923244,2.4393261601339375
eng-premier-league,2023-2024,source,preseason,2023-08-11,eng-premier-league:2023-2024:burnley:tottenham-hotspur,3,eng-championship->eng-premier-league,recent_returner,0.7462036490927544,0.4169366817665678,5.11698904695063
eng-premier-league,2023-2024,source,preseason,2023-08-11,eng-premier-league:2023-2024:sheffield-united:everton,4,eng-championship->eng-premier-league,recent_returner,1.4131489122437169,0.8589464982772184,2.844543445599017
eng-premier-league,2023-2024,source,preseason,2023-08-11,eng-premier-league:2023-2024:fulham:luton-town,4,eng-championship->eng-premier-league,no_target_history,0.6354516969431204,0.33180858234825744,2.295760451408375
eng-premier-league,2023-2024,source,preseason,2023-08-11,eng-premier-league:2023-2024:tottenham-hotspur:sheffield-united,5,eng-championship->eng-premier-league,recent_returner,0.45090291875919,0.19794129728587118,2.3606570985564703
eng-premier-league,2023-2024,source,preseason,2023-08-11,eng-premier-league:2023-2024:nottingham-forest:burnley,4,eng-championship->eng-premier-league,recent_returner,1.4182204576022737,0.8674032010548256,2.19069276182725
eng-premier-league,2023-2024,source,preseason,2023-08-11,eng-premier-league:2023-2024:burnley:manchester-united,5,eng-championship->eng-premier-league,recent_returner,0.6581117160079352,0.34953572007021544,2.5152954452856147
eng-premier-league,2023-2024,source,preseason,2023-08-11,eng-premier-league:2023-2024:luton-town:wolverhampton-wanderers,5,eng-championship->eng-premier-league,no_target_history,1.3542220356920103,0.8305417704763245,2.1150096290896494
eng-premier-league,2023-2024,source,preseason,2023-08-11,eng-premier-league:2023-2024:sheffield-united:newcastle-united,6,eng-championship->eng-premier-league,recent_returner,0.5244684786280422,0.24992084556464964,7.5701232112906975
eng-premier-league,2023-2024,source,preseason,2023-08-11,eng-premier-league:2023-2024:everton:luton-town,6,eng-championship->eng-premier-league,no_target_history,1.4477294576174005,0.9242431673066042,2.8403620403126073
eng-premier-league,2023-2024,source,preseason,2023-08-11,eng-premier-league:2023-2024:newcastle-united:burnley,6,eng-championship->eng-premier-league,recent_returner,0.33451081146411776,0.1221401822318094,2.2926338755071543
eng-premier-league,2023-2024,source,preseason,2023-08-11,eng-premier-league:2023-2024:west-ham-united:sheffield-united,7,eng-championship->eng-premier-league,recent_returner,0.5824377168036862,0.2923369794823455,2.4146119352602433
eng-premier-league,2023-2024,source,preseason,2023-08-11,eng-premier-league:2023-2024:luton-town:burnley,7,mixed,mixed,1.0353465720313626,0.6346494391379434,2.5631665594010844
eng-premier-league,2023-2024,source,preseason,2023-08-11,eng-premier-league:2023-2024:burnley:chelsea,8,eng-championship->eng-premier-league,recent_returner,0.8070240575367778,0.46253372972617823,3.9175138496724524
eng-premier-league,2023-2024,source,preseason,2023-08-11,eng-premier-league:2023-2024:fulham:sheffield-united,8,eng-championship->eng-premier-league,recent_returner,0.6829204820508223,0.367873353853475,2.9023607625557206
eng-premier-league,2023-2024,source,preseason,2023-08-11,eng-premier-league:2023-2024:luton-town:tottenham-hotspur,8,eng-championship->eng-premier-league,no_target_history,0.6668907247000851,0.3555504540881728,2.3376651309743144
eng-premier-league,2023-2024,source,preseason,2023-08-11,eng-premier-league:2023-2024:brentford:burnley,9,eng-championship->eng-premier-league,recent_returner,0.49529938783503447,0.22906584992770393,2.7160426399454902
eng-premier-league,2023-2024,source,preseason,2023-08-11,eng-premier-league:2023-2024:nottingham-forest:luton-town,9,eng-championship->eng-premier-league,no_target_history,1.4014521048372814,0.8713982038275685,2.975937338001552
eng-premier-league,2023-2024,source,preseason,2023-08-11,eng-premier-league:2023-2024:sheffield-united:manchester-united,9,eng-championship->eng-premier-league,recent_returner,0.6314064939718976,0.3290484041330912,2.374314449736853
eng-premier-league,2023-2024,source,preseason,2023-08-11,eng-premier-league:2023-2024:arsenal:sheffield-united,10,eng-championship->eng-premier-league,recent_returner,0.33285924689416707,0.12119985660697144,3.5464109263410286
eng-premier-league,2023-2024,source,preseason,2023-08-11,eng-premier-league:2023-2024:bournemouth:burnley,10,eng-championship->eng-premier-league,recent_returner,0.8250214887111377,0.4766309625508897,2.4423100866348357
eng-premier-league,2023-2024,source,preseason,2023-08-11,eng-premier-league:2023-2024:aston-villa:luton-town,10,eng-championship->eng-premier-league,no_target_history,0.47656513261647804,0.21650746215505526,2.785427767664267
eng-premier-league,2023-2024,memory,preseason,2023-08-11,eng-premier-league:2023-2024:burnley:manchester-city,1,eng-championship->eng-premier-league,recent_returner,0.37126971763777944,0.14541366456590035,2.485149237989978
eng-premier-league,2023-2024,memory,preseason,2023-08-11,eng-premier-league:2023-2024:brighton-hove-albion:luton-town,1,eng-championship->eng-premier-league,no_target_history,0.3279020103940488,0.11833141620005266,3.0603189771638233
eng-premier-league,2023-2024,memory,preseason,2023-08-11,eng-premier-league:2023-2024:sheffield-united:crystal-palace,1,eng-championship->eng-premier-league,recent_returner,0.8632121231324098,0.5026534860175182,2.187450695135304
eng-premier-league,2023-2024,memory,preseason,2023-08-11,eng-premier-league:2023-2024:nottingham-forest:sheffield-united,2,eng-championship->eng-premier-league,recent_returner,0.7414105436681059,0.41174649306596267,2.40685727445337
eng-premier-league,2023-2024,memory,preseason,2023-08-11,eng-premier-league:2023-2024:chelsea:luton-town,2,eng-championship->eng-premier-league,no_target_history,0.48479543977902734,0.22230508713839214,2.644012702160051
eng-premier-league,2023-2024,memory,preseason,2023-08-11,eng-premier-league:2023-2024:burnley:aston-villa,2,eng-championship->eng-premier-league,recent_returner,0.8101498938331062,0.4641134863539328,3.08573187676517
eng-premier-league,2023-2024,memory,preseason,2023-08-11,eng-premier-league:2023-2024:sheffield-united:manchester-city,3,eng-championship->eng-premier-league,recent_returner,0.32876085217464485,0.11937642127505019,2.4075721859893333
eng-premier-league,2023-2024,memory,preseason,2023-08-11,eng-premier-league:2023-2024:luton-town:west-ham-united,3,eng-championship->eng-premier-league,no_target_history,0.8536293799670741,0.4970679212996898,2.4532873163023705
eng-premier-league,2023-2024,memory,preseason,2023-08-11,eng-premier-league:2023-2024:burnley:tottenham-hotspur,3,eng-championship->eng-premier-league,recent_returner,0.7463743467964745,0.4167101523373301,5.193583360449168
eng-premier-league,2023-2024,memory,preseason,2023-08-11,eng-premier-league:2023-2024:sheffield-united:everton,4,eng-championship->eng-premier-league,recent_returner,1.399902943029793,0.8517858850154244,2.8758877996687247
eng-premier-league,2023-2024,memory,preseason,2023-08-11,eng-premier-league:2023-2024:fulham:luton-town,4,eng-championship->eng-premier-league,no_target_history,0.6668698201572558,0.35540613886855654,2.2891615900312092
eng-premier-league,2023-2024,memory,preseason,2023-08-11,eng-premier-league:2023-2024:tottenham-hotspur:sheffield-united,5,eng-championship->eng-premier-league,recent_returner,0.41941118137400624,0.17668333361368752,2.367411759523808
eng-premier-league,2023-2024,memory,preseason,2023-08-11,eng-premier-league:2023-2024:nottingham-forest:burnley,4,eng-championship->eng-premier-league,recent_returner,1.408181549664766,0.8629572005208855,2.1766176965130857
eng-premier-league,2023-2024,memory,preseason,2023-08-11,eng-premier-league:2023-2024:burnley:manchester-united,5,eng-championship->eng-premier-league,recent_returner,0.6587333236068472,0.3498189009671268,2.4684970508980557
eng-premier-league,2023-2024,memory,preseason,2023-08-11,eng-premier-league:2023-2024:luton-town:wolverhampton-wanderers,5,eng-championship->eng-premier-league,no_target_history,1.355949220075793,0.8342365421679103,2.116494272722237
eng-premier-league,2023-2024,memory,preseason,2023-08-11,eng-premier-league:2023-2024:sheffield-united:newcastle-united,6,eng-championship->eng-premier-league,recent_returner,0.48902274890211306,0.22468317552434475,7.43455713986658
eng-premier-league,2023-2024,memory,preseason,2023-08-11,eng-premier-league:2023-2024:everton:luton-town,6,eng-championship->eng-premier-league,no_target_history,1.4057070749361649,0.8960515298660622,2.8079737532098354
eng-premier-league,2023-2024,memory,preseason,2023-08-11,eng-premier-league:2023-2024:newcastle-united:burnley,6,eng-championship->eng-premier-league,recent_returner,0.3372268376852869,0.1239199944879546,2.261758612685357
eng-premier-league,2023-2024,memory,preseason,2023-08-11,eng-premier-league:2023-2024:west-ham-united:sheffield-united,7,eng-championship->eng-premier-league,recent_returner,0.5442940787708751,0.2643990357023922,2.3460305225146882
eng-premier-league,2023-2024,memory,preseason,2023-08-11,eng-premier-league:2023-2024:luton-town:burnley,7,mixed,mixed,1.0818577170508166,0.6676915517574641,2.594584085799187
eng-premier-league,2023-2024,memory,preseason,2023-08-11,eng-premier-league:2023-2024:burnley:chelsea,8,eng-championship->eng-premier-league,recent_returner,0.8066801539000786,0.4618870645944906,3.9518128993534862
eng-premier-league,2023-2024,memory,preseason,2023-08-11,eng-premier-league:2023-2024:fulham:sheffield-united,8,eng-championship->eng-premier-league,recent_returner,0.6434482728675028,0.3378668782706923,2.8844716237666748
eng-premier-league,2023-2024,memory,preseason,2023-08-11,eng-premier-league:2023-2024:luton-town:tottenham-hotspur,8,eng-championship->eng-premier-league,no_target_history,0.694412583851984,0.3763740802176692,2.338615489475161
eng-premier-league,2023-2024,memory,preseason,2023-08-11,eng-premier-league:2023-2024:brentford:burnley,9,eng-championship->eng-premier-league,recent_returner,0.49684275643963777,0.23024900068006146,2.705731014066287
eng-premier-league,2023-2024,memory,preseason,2023-08-11,eng-premier-league:2023-2024:nottingham-forest:luton-town,9,eng-championship->eng-premier-league,no_target_history,1.3933914270310401,0.8635076671561064,2.969823180711458
eng-premier-league,2023-2024,memory,preseason,2023-08-11,eng-premier-league:2023-2024:sheffield-united:manchester-united,9,eng-championship->eng-premier-league,recent_returner,0.5895226648433776,0.29760870410510903,2.3654734859708593
eng-premier-league,2023-2024,memory,preseason,2023-08-11,eng-premier-league:2023-2024:arsenal:sheffield-united,10,eng-championship->eng-premier-league,recent_returner,0.3082144273551772,0.10672790175215148,3.4564836593412087
eng-premier-league,2023-2024,memory,preseason,2023-08-11,eng-premier-league:2023-2024:bournemouth:burnley,10,eng-championship->eng-premier-league,recent_returner,0.8240007831849212,0.47544258763340497,2.4419728722632197
eng-premier-league,2023-2024,memory,preseason,2023-08-11,eng-premier-league:2023-2024:aston-villa:luton-town,10,eng-championship->eng-premier-league,no_target_history,0.49743005586889844,0.2312041581842297,2.805144324866835
eng-premier-league,2024-2025,current,preseason,2024-08-16,eng-premier-league:2024-2025:ipswich-town:liverpool,1,eng-championship->eng-premier-league,no_target_history,0.3837432920105972,0.1524585831473342,2.537386684188819
eng-premier-league,2024-2025,current,preseason,2024-08-16,eng-premier-league:2024-2025:newcastle-united:southampton,1,eng-championship->eng-premier-league,recent_returner,0.27542121155253807,0.08736402410572301,2.912974362478911
eng-premier-league,2024-2025,current,preseason,2024-08-16,eng-premier-league:2024-2025:leicester-city:tottenham-hotspur,1,eng-championship->eng-premier-league,recent_returner,1.568300766917743,0.9695874262151892,2.444811178492295
eng-premier-league,2024-2025,current,preseason,2024-08-16,eng-premier-league:2024-2025:fulham:leicester-city,2,eng-championship->eng-premier-league,recent_returner,0.5287027071281276,0.2529426914168381,2.370933650335683
eng-premier-league,2024-2025,current,preseason,2024-08-16,eng-premier-league:2024-2025:manchester-city:ipswich-town,2,eng-championship->eng-premier-league,no_target_history,0.1458695605849633,0.02853109706230783,2.7859130785247745
eng-premier-league,2024-2025,current,preseason,2024-08-16,eng-premier-league:2024-2025:southampton:nottingham-forest,2,eng-championship->eng-premier-league,recent_returner,0.8331238146097493,0.48414016748396355,2.5662022523303305
eng-premier-league,2024-2025,current,preseason,2024-08-16,eng-premier-league:2024-2025:brentford:southampton,3,eng-championship->eng-premier-league,recent_returner,0.4327744880032527,0.18522626974650458,2.631010243825762
eng-premier-league,2024-2025,current,preseason,2024-08-16,eng-premier-league:2024-2025:ipswich-town:fulham,3,eng-championship->eng-premier-league,no_target_history,1.4659028208586922,0.8888932147487901,2.2792046872642144
eng-premier-league,2024-2025,current,preseason,2024-08-16,eng-premier-league:2024-2025:leicester-city:aston-villa,3,eng-championship->eng-premier-league,recent_returner,0.7712192915291632,0.43800965680670884,2.447555680305783
eng-premier-league,2024-2025,current,preseason,2024-08-16,eng-premier-league:2024-2025:brighton-hove-albion:ipswich-town,4,eng-championship->eng-premier-league,no_target_history,1.7040812180673643,1.1265992623773393,3.3482284797473074
eng-premier-league,2024-2025,current,preseason,2024-08-16,eng-premier-league:2024-2025:crystal-palace:leicester-city,4,eng-championship->eng-premier-league,recent_returner,1.6610370580567821,1.0964206995686117,3.0178722055190157
eng-premier-league,2024-2025,current,preseason,2024-08-16,eng-premier-league:2024-2025:southampton:manchester-united,4,eng-championship->eng-premier-league,recent_returner,0.8377429532296206,0.4906575042246826,3.4025100414255287
eng-premier-league,2024-2025,current,preseason,2024-08-16,eng-premier-league:2024-2025:leicester-city:everton,5,eng-championship->eng-premier-league,recent_returner,1.4565587634683694,0.8865752555967107,2.2570467884739487
eng-premier-league,2024-2025,current,preseason,2024-08-16,eng-premier-league:2024-2025:southampton:ipswich-town,5,mixed,mixed,1.505326406346651,0.9224972359986255,2.3367863103900905
eng-premier-league,2024-2025,current,preseason,2024-08-16,eng-premier-league:2024-2025:arsenal:leicester-city,6,eng-championship->eng-premier-league,recent_returner,0.17094081667389582,0.03810175026626052,3.8249911862669927
eng-premier-league,2024-2025,current,preseason,2024-08-16,eng-premier-league:2024-2025:ipswich-town:aston-villa,6,eng-championship->eng-premier-league,no_target_history,1.508762549067445,0.9198357630697518,2.7514829493358124
eng-premier-league,2024-2025,current,preseason,2024-08-16,eng-premier-league:2024-2025:bournemouth:southampton,6,eng-championship->eng-premier-league,recent_returner,0.46343086915400816,0.20634032775658293,2.650501284492018
eng-premier-league,2024-2025,current,preseason,2024-08-16,eng-premier-league:2024-2025:arsenal:southampton,7,eng-championship->eng-premier-league,recent_returner,0.17195295845472255,0.03850409306401211,2.609254278393469
eng-premier-league,2024-2025,current,preseason,2024-08-16,eng-premier-league:2024-2025:leicester-city:bournemouth,7,eng-championship->eng-premier-league,recent_returner,1.1238962519103013,0.7090522965018033,2.8593777559328335
eng-premier-league,2024-2025,current,preseason,2024-08-16,eng-premier-league:2024-2025:west-ham-united:ipswich-town,7,eng-championship->eng-premier-league,no_target_history,0.588670918528516,0.297571936539393,3.346362514631192
eng-premier-league,2024-2025,current,preseason,2024-08-16,eng-premier-league:2024-2025:ipswich-town:everton,8,eng-championship->eng-premier-league,no_target_history,0.8485527306807991,0.49641296966319776,2.7898889475136057
eng-premier-league,2024-2025,current,preseason,2024-08-16,eng-premier-league:2024-2025:southampton:leicester-city,8,mixed,mixed,1.189768518435207,0.7578082836254882,3.4980898358265
eng-premier-league,2024-2025,current,preseason,2024-08-16,eng-premier-league:2024-2025:leicester-city:nottingham-forest,9,eng-championship->eng-premier-league,recent_returner,0.8405633575924694,0.4901390672454095,3.0302370872343656
eng-premier-league,2024-2025,current,preseason,2024-08-16,eng-premier-league:2024-2025:brentford:ipswich-town,9,eng-championship->eng-premier-league,no_target_history,0.44019576837847935,0.19028254280378254,4.715752141144469
eng-premier-league,2024-2025,current,preseason,2024-08-16,eng-premier-league:2024-2025:manchester-city:southampton,9,eng-championship->eng-premier-league,recent_returner,0.15540974826517412,0.031991204863268265,2.852178085686096
eng-premier-league,2024-2025,current,preseason,2024-08-16,eng-premier-league:2024-2025:ipswich-town:leicester-city,10,mixed,mixed,1.5064874290497314,0.9230199419491482,2.3365212171832512
eng-premier-league,2024-2025,current,preseason,2024-08-16,eng-premier-league:2024-2025:southampton:everton,10,eng-championship->eng-premier-league,recent_returner,1.0780651256391256,0.6718944014645635,2.7210634863253857
eng-premier-league,2024-2025,population,preseason,2024-08-16,eng-premier-league:2024-2025:ipswich-town:liverpool,1,eng-championship->eng-premier-league,no_target_history,0.6320706117530069,0.3327456481643405,2.790780595047157
eng-premier-league,2024-2025,population,preseason,2024-08-16,eng-premier-league:2024-2025:newcastle-united:southampton,1,eng-championship->eng-premier-league,recent_returner,0.49480232270233093,0.22942342162086504,2.783962467883282
eng-premier-league,2024-2025,population,preseason,2024-08-16,eng-premier-league:2024-2025:leicester-city:tottenham-hotspur,1,eng-championship->eng-premier-league,recent_returner,1.5999114973583388,0.9560634286656293,2.517304761859423
eng-premier-league,2024-2025,population,preseason,2024-08-16,eng-premier-league:2024-2025:fulham:leicester-city,2,eng-championship->eng-premier-league,recent_returner,0.7950288382954271,0.4588068163250847,2.6197379622441286
eng-premier-league,2024-2025,population,preseason,2024-08-16,eng-premier-league:2024-2025:manchester-city:ipswich-town,2,eng-championship->eng-premier-league,no_target_history,0.3008165123441479,0.10158683411471445,3.0897513829123375
eng-premier-league,2024-2025,population,preseason,2024-08-16,eng-premier-league:2024-2025:southampton:nottingham-forest,2,eng-championship->eng-premier-league,recent_returner,1.149621354392814,0.7319273371436449,2.7537842316573613
eng-premier-league,2024-2025,population,preseason,2024-08-16,eng-premier-league:2024-2025:brentford:southampton,3,eng-championship->eng-premier-league,recent_returner,0.6825274282143419,0.37067915047095307,2.9873425174962858
eng-premier-league,2024-2025,population,preseason,2024-08-16,eng-premier-league:2024-2025:ipswich-town:fulham,3,eng-championship->eng-premier-league,no_target_history,1.5697940566259094,0.9592587086978199,2.440599180923443
eng-premier-league,2024-2025,population,preseason,2024-08-16,eng-premier-league:2024-2025:leicester-city:aston-villa,3,eng-championship->eng-premier-league,recent_returner,1.0870149985940958,0.6904982023230912,2.7820626381618325
eng-premier-league,2024-2025,population,preseason,2024-08-16,eng-premier-league:2024-2025:brighton-hove-albion:ipswich-town,4,eng-championship->eng-premier-league,no_target_history,1.5829987753448038,0.974677611644994,3.0298052872716523
eng-premier-league,2024-2025,population,preseason,2024-08-16,eng-premier-league:2024-2025:crystal-palace:leicester-city,4,eng-championship->eng-premier-league,recent_returner,1.5531229903072938,0.9557213465009363,3.0148008939772586
eng-premier-league,2024-2025,population,preseason,2024-08-16,eng-premier-league:2024-2025:southampton:manchester-united,4,eng-championship->eng-premier-league,recent_returner,1.1625037551365973,0.7497756969899896,3.8808159300447937
eng-premier-league,2024-2025,population,preseason,2024-08-16,eng-premier-league:2024-2025:leicester-city:everton,5,eng-championship->eng-premier-league,recent_returner,1.5417842600707476,0.9392559802796928,2.3990089868968463
eng-premier-league,2024-2025,population,preseason,2024-08-16,eng-premier-league:2024-2025:southampton:ipswich-town,5,mixed,mixed,1.6269042327854732,0.9786681613973764,2.5496535964568734
eng-premier-league,2024-2025,population,preseason,2024-08-16,eng-premier-league:2024-2025:arsenal:leicester-city,6,eng-championship->eng-premier-league,recent_returner,0.3314796998774311,0.11971869943418142,3.889551295022255
eng-premier-league,2024-2025,population,preseason,2024-08-16,eng-premier-league:2024-2025:ipswich-town:aston-villa,6,eng-championship->eng-premier-league,no_target_history,1.5807318248064317,0.9533103361813172,2.936239642259602
eng-premier-league,2024-2025,population,preseason,2024-08-16,eng-premier-league:2024-2025:bournemouth:southampton,6,eng-championship->eng-premier-league,recent_returner,0.717488263837754,0.39843928587306754,3.005370495458685
eng-premier-league,2024-2025,population,preseason,2024-08-16,eng-premier-league:2024-2025:arsenal:southampton,7,eng-championship->eng-premier-league,recent_returner,0.3321576467716919,0.1201234329209275,2.7747046083265787
eng-premier-league,2024-2025,population,preseason,2024-08-16,eng-premier-league:2024-2025:leicester-city:bournemouth,7,eng-championship->eng-premier-league,recent_returner,0.7726736147723219,0.44204357814962647,2.680450891389503
eng-premier-league,2024-2025,population,preseason,2024-08-16,eng-premier-league:2024-2025:west-ham-united:ipswich-town,7,eng-championship->eng-premier-league,no_target_history,0.870360001306227,0.520735665771604,3.784467644822759
eng-premier-league,2024-2025,population,preseason,2024-08-16,eng-premier-league:2024-2025:ipswich-town:everton,8,eng-championship->eng-premier-league,no_target_history,1.1587389113787305,0.7396681558601537,3.16344181958834
eng-premier-league,2024-2025,population,preseason,2024-08-16,eng-premier-league:2024-2025:southampton:leicester-city,8,mixed,mixed,1.1095173201024542,0.7124281667024717,3.693150553307148
eng-premier-league,2024-2025,population,preseason,2024-08-16,eng-premier-league:2024-2025:leicester-city:nottingham-forest,9,eng-championship->eng-premier-league,recent_returner,1.1488546911764674,0.7319179671889035,3.445466264344227
eng-premier-league,2024-2025,population,preseason,2024-08-16,eng-premier-league:2024-2025:brentford:ipswich-town,9,eng-championship->eng-premier-league,no_target_history,0.6835485372226149,0.3715144379174948,4.674657260584535
eng-premier-league,2024-2025,population,preseason,2024-08-16,eng-premier-league:2024-2025:manchester-city:southampton,9,eng-championship->eng-premier-league,recent_returner,0.30775773845942705,0.10556063815003619,2.6082482291874807
eng-premier-league,2024-2025,population,preseason,2024-08-16,eng-premier-league:2024-2025:ipswich-town:leicester-city,10,mixed,mixed,1.6280246274471357,0.9792819845375279,2.5364484915495247
eng-premier-league,2024-2025,population,preseason,2024-08-16,eng-premier-league:2024-2025:southampton:everton,10,eng-championship->eng-premier-league,recent_returner,0.74934022663204,0.4221578069860687,2.5734879111825184
eng-premier-league,2024-2025,transition,preseason,2024-08-16,eng-premier-league:2024-2025:ipswich-town:liverpool,1,eng-championship->eng-premier-league,no_target_history,0.41870952749280455,0.17560010035299184,2.5225293594114913
eng-premier-league,2024-2025,transition,preseason,2024-08-16,eng-premier-league:2024-2025:newcastle-united:southampton,1,eng-championship->eng-premier-league,recent_returner,0.30471619703083985,0.10385683397043877,2.833696203580357
eng-premier-league,2024-2025,transition,preseason,2024-08-16,eng-premier-league:2024-2025:leicester-city:tottenham-hotspur,1,eng-championship->eng-premier-league,recent_returner,1.5433205935942171,0.9480850462667302,2.400835004203964
eng-premier-league,2024-2025,transition,preseason,2024-08-16,eng-premier-league:2024-2025:fulham:leicester-city,2,eng-championship->eng-premier-league,recent_returner,0.5675648453380865,0.28144573981257587,2.3697836029135564
eng-premier-league,2024-2025,transition,preseason,2024-08-16,eng-premier-league:2024-2025:manchester-city:ipswich-town,2,eng-championship->eng-premier-league,no_target_history,0.16547751980314984,0.03590914327882265,2.8161344088098366
eng-premier-league,2024-2025,transition,preseason,2024-08-16,eng-premier-league:2024-2025:southampton:nottingham-forest,2,eng-championship->eng-premier-league,recent_returner,0.881025907677237,0.5206272731139647,2.5481125917400664
eng-premier-league,2024-2025,transition,preseason,2024-08-16,eng-premier-league:2024-2025:brentford:southampton,3,eng-championship->eng-premier-league,recent_returner,0.4684804629466353,0.20991381068218556,2.6651572527358476
eng-premier-league,2024-2025,transition,preseason,2024-08-16,eng-premier-league:2024-2025:ipswich-town:fulham,3,eng-championship->eng-premier-league,no_target_history,1.4543887164971292,0.881369390133333,2.255214397786248
eng-premier-league,2024-2025,transition,preseason,2024-08-16,eng-premier-league:2024-2025:leicester-city:aston-villa,3,eng-championship->eng-premier-league,recent_returner,0.8183716233260306,0.4744318239574848,2.460813153498206
eng-premier-league,2024-2025,transition,preseason,2024-08-16,eng-premier-league:2024-2025:brighton-hove-albion:ipswich-town,4,eng-championship->eng-premier-league,no_target_history,1.6578180575614265,1.0885349529606052,3.2552275636824772
eng-premier-league,2024-2025,transition,preseason,2024-08-16,eng-premier-league:2024-2025:crystal-palace:leicester-city,4,eng-championship->eng-premier-league,recent_returner,1.6172710255353073,1.059640413243744,3.003951308348804
eng-premier-league,2024-2025,transition,preseason,2024-08-16,eng-premier-league:2024-2025:southampton:manchester-united,4,eng-championship->eng-premier-league,recent_returner,0.8865401929827517,0.5283587824743536,3.4635134946264268
eng-premier-league,2024-2025,transition,preseason,2024-08-16,eng-premier-league:2024-2025:leicester-city:everton,5,eng-championship->eng-premier-league,recent_returner,1.443537073381714,0.8768765908607696,2.2339611690254504
eng-premier-league,2024-2025,transition,preseason,2024-08-16,eng-premier-league:2024-2025:southampton:ipswich-town,5,mixed,mixed,1.4843428041288125,0.9107365066848151,2.28915165033957
eng-premier-league,2024-2025,transition,preseason,2024-08-16,eng-premier-league:2024-2025:arsenal:leicester-city,6,eng-championship->eng-premier-league,recent_returner,0.19149182154098734,0.04673247602019916,3.856532824855168
eng-premier-league,2024-2025,transition,preseason,2024-08-16,eng-premier-league:2024-2025:ipswich-town:aston-villa,6,eng-championship->eng-premier-league,no_target_history,1.492794486145137,0.9068768916560694,2.758823317694122
eng-premier-league,2024-2025,transition,preseason,2024-08-16,eng-premier-league:2024-2025:bournemouth:southampton,6,eng-championship->eng-premier-league,recent_returner,0.4994759465428392,0.23185284332813877,2.6854786529507555
eng-premier-league,2024-2025,transition,preseason,2024-08-16,eng-premier-league:2024-2025:arsenal:southampton,7,eng-championship->eng-premier-league,recent_returner,0.19241936601757867,0.04712953052595967,2.6028754196932757
eng-premier-league,2024-2025,transition,preseason,2024-08-16,eng-premier-league:2024-2025:leicester-city:bournemouth,7,eng-championship->eng-premier-league,recent_returner,1.0726522483299703,0.6697721826118358,2.7854543318642118
eng-premier-league,2024-2025,transition,preseason,2024-08-16,eng-premier-league:2024-2025:west-ham-united:ipswich-town,7,eng-championship->eng-premier-league,no_target_history,0.6290503166902874,0.3280220027796884,3.4290383322567712
eng-premier-league,2024-2025,transition,preseason,2024-08-16,eng-premier-league:2024-2025:ipswich-town:everton,8,eng-championship->eng-premier-league,no_target_history,0.8948034266984116,0.5317333252116762,2.817830223520054
eng-premier-league,2024-2025,transition,preseason,2024-08-16,eng-premier-league:2024-2025:southampton:leicester-city,8,mixed,mixed,1.1894737838451612,0.7554411998221395,3.5720939799074216
eng-premier-league,2024-2025,transition,preseason,2024-08-16,eng-premier-league:2024-2025:leicester-city:nottingham-forest,9,eng-championship->eng-premier-league,recent_returner,0.8866857056051246,0.525370798066569,3.0914669795084815
eng-premier-league,2024-2025,transition,preseason,2024-08-16,eng-premier-league:2024-2025:brentford:ipswich-town,9,eng-championship->eng-premier-league,no_target_history,0.4744155503201991,0.21406852902908274,4.779819905107638
eng-premier-league,2024-2025,transition,preseason,2024-08-16,eng-premier-league:2024-2025:manchester-city:southampton,9,eng-championship->eng-premier-league,recent_returner,0.1743936586668616,0.039428325311475956,2.7647625469614265
eng-premier-league,2024-2025,transition,preseason,2024-08-16,eng-premier-league:2024-2025:ipswich-town:leicester-city,10,mixed,mixed,1.487784757572306,0.9125390248107162,2.293744373814234
eng-premier-league,2024-2025,transition,preseason,2024-08-16,eng-premier-league:2024-2025:southampton:everton,10,eng-championship->eng-premier-league,recent_returner,1.030742182875528,0.6356510285802124,2.657008891577589
eng-premier-league,2024-2025,source,preseason,2024-08-16,eng-premier-league:2024-2025:ipswich-town:liverpool,1,eng-championship->eng-premier-league,no_target_history,0.4399602742703476,0.1900394511860876,2.568010867026257
eng-premier-league,2024-2025,source,preseason,2024-08-16,eng-premier-league:2024-2025:newcastle-united:southampton,1,eng-championship->eng-premier-league,recent_returner,0.319758063289682,0.1126293494613253,2.8376440702422574
eng-premier-league,2024-2025,source,preseason,2024-08-16,eng-premier-league:2024-2025:leicester-city:tottenham-hotspur,1,eng-championship->eng-premier-league,recent_returner,1.5484059603087728,0.9480988950669726,2.4193572821422658
eng-premier-league,2024-2025,source,preseason,2024-08-16,eng-premier-league:2024-2025:fulham:leicester-city,2,eng-championship->eng-premier-league,recent_returner,0.5742124461602137,0.28643827057160987,2.3756239777216113
eng-premier-league,2024-2025,source,preseason,2024-08-16,eng-premier-league:2024-2025:manchester-city:ipswich-town,2,eng-championship->eng-premier-league,no_target_history,0.17516799048707932,0.03972332466054632,2.8143772051809943
eng-premier-league,2024-2025,source,preseason,2024-08-16,eng-premier-league:2024-2025:southampton:nottingham-forest,2,eng-championship->eng-premier-league,recent_returner,0.9102259577802249,0.5433222910699985,2.580313979984843
eng-premier-league,2024-2025,source,preseason,2024-08-16,eng-premier-league:2024-2025:brentford:southampton,3,eng-championship->eng-premier-league,recent_returner,0.4878829028745376,0.22358716679557772,2.6802796440181176
eng-premier-league,2024-2025,source,preseason,2024-08-16,eng-premier-league:2024-2025:ipswich-town:fulham,3,eng-championship->eng-premier-league,no_target_history,1.464530498697851,0.8866723966904858,2.2741394378796302
eng-premier-league,2024-2025,source,preseason,2024-08-16,eng-premier-league:2024-2025:leicester-city:aston-villa,3,eng-championship->eng-premier-league,recent_returner,0.832252471643013,0.4857334181692909,2.4735609029937144
eng-premier-league,2024-2025,source,preseason,2024-08-16,eng-premier-league:2024-2025:brighton-hove-albion:ipswich-town,4,eng-championship->eng-premier-league,no_target_history,1.6432652701760002,1.0709122394637605,3.2744447277991515
eng-premier-league,2024-2025,source,preseason,2024-08-16,eng-premier-league:2024-2025:crystal-palace:leicester-city,4,eng-championship->eng-premier-league,recent_returner,1.618036719677036,1.0562069169052213,2.9806094311198756
eng-premier-league,2024-2025,source,preseason,2024-08-16,eng-premier-league:2024-2025:southampton:manchester-united,4,eng-championship->eng-premier-league,recent_returner,0.917404596517135,0.5527259973618744,3.520918851701575
eng-premier-league,2024-2025,source,preseason,2024-08-16,eng-premier-league:2024-2025:leicester-city:everton,5,eng-championship->eng-premier-league,recent_returner,1.451438538651973,0.8804777095112367,2.248553747868341
eng-premier-league,2024-2025,source,preseason,2024-08-16,eng-premier-league:2024-2025:southampton:ipswich-town,5,mixed,mixed,1.4974339869448186,0.9167381868102463,2.314330036276818
eng-premier-league,2024-2025,source,preseason,2024-08-16,eng-premier-league:2024-2025:arsenal:leicester-city,6,eng-championship->eng-premier-league,recent_returner,0.1939110234146967,0.04772559566841797,3.821348358755856
eng-premier-league,2024-2025,source,preseason,2024-08-16,eng-premier-league:2024-2025:ipswich-town:aston-villa,6,eng-championship->eng-premier-league,no_target_history,1.4969913500286407,0.906290255032195,2.7451254283098203
eng-premier-league,2024-2025,source,preseason,2024-08-16,eng-premier-league:2024-2025:bournemouth:southampton,6,eng-championship->eng-premier-league,recent_returner,0.5196858994962856,0.24642549901307295,2.7020916068947742
eng-premier-league,2024-2025,source,preseason,2024-08-16,eng-premier-league:2024-2025:arsenal:southampton,7,eng-championship->eng-premier-league,recent_returner,0.2026068566170802,0.05161704537229669,2.6005737206660537
eng-premier-league,2024-2025,source,preseason,2024-08-16,eng-premier-league:2024-2025:leicester-city:bournemouth,7,eng-championship->eng-premier-league,recent_returner,1.0506931778336646,0.6539647088532479,2.8045784758915895
eng-premier-league,2024-2025,source,preseason,2024-08-16,eng-premier-league:2024-2025:west-ham-united:ipswich-town,7,eng-championship->eng-premier-league,no_target_history,0.6581367198588627,0.35045231652488246,3.4589391952570487
eng-premier-league,2024-2025,source,preseason,2024-08-16,eng-premier-league:2024-2025:ipswich-town:everton,8,eng-championship->eng-premier-league,no_target_history,0.9312353540363038,0.5602835889690848,2.8781419421940315
eng-premier-league,2024-2025,source,preseason,2024-08-16,eng-premier-league:2024-2025:southampton:leicester-city,8,mixed,mixed,1.2030085606223802,0.7669580748846875,3.543938975837972
eng-premier-league,2024-2025,source,preseason,2024-08-16,eng-premier-league:2024-2025:leicester-city:nottingham-forest,9,eng-championship->eng-premier-league,recent_returner,0.9009724984584861,0.5368457576375719,3.0970137232325747
eng-premier-league,2024-2025,source,preseason,2024-08-16,eng-premier-league:2024-2025:brentford:ipswich-town,9,eng-championship->eng-premier-league,no_target_history,0.49703322431182434,0.23010590840270628,4.729527992650066
eng-premier-league,2024-2025,source,preseason,2024-08-16,eng-premier-league:2024-2025:manchester-city:southampton,9,eng-championship->eng-premier-league,recent_returner,0.18402086282589827,0.043390350533032376,2.751877611247206
eng-premier-league,2024-2025,source,preseason,2024-08-16,eng-premier-league:2024-2025:ipswich-town:leicester-city,10,mixed,mixed,1.5114856053653318,0.9282748570139208,2.3330284221028084
eng-premier-league,2024-2025,source,preseason,2024-08-16,eng-premier-league:2024-2025:southampton:everton,10,eng-championship->eng-premier-league,recent_returner,0.997017968335338,0.6103857657272223,2.644874705178099
eng-premier-league,2024-2025,memory,preseason,2024-08-16,eng-premier-league:2024-2025:ipswich-town:liverpool,1,eng-championship->eng-premier-league,no_target_history,0.4836188300887669,0.2206171804864837,2.6213780126176633
eng-premier-league,2024-2025,memory,preseason,2024-08-16,eng-premier-league:2024-2025:newcastle-united:southampton,1,eng-championship->eng-premier-league,recent_returner,0.2868560553126946,0.09365281286241725,2.8982834401999584
eng-premier-league,2024-2025,memory,preseason,2024-08-16,eng-premier-league:2024-2025:leicester-city:tottenham-hotspur,1,eng-championship->eng-premier-league,recent_returner,1.5752038544171603,0.9608635648818564,2.489937226165406
eng-premier-league,2024-2025,memory,preseason,2024-08-16,eng-premier-league:2024-2025:fulham:leicester-city,2,eng-championship->eng-premier-league,recent_returner,0.5685178591728597,0.2824268592667741,2.392992242178263
eng-premier-league,2024-2025,memory,preseason,2024-08-16,eng-premier-league:2024-2025:manchester-city:ipswich-town,2,eng-championship->eng-premier-league,no_target_history,0.1953667049679816,0.04823093506964547,2.819391383718716
eng-premier-league,2024-2025,memory,preseason,2024-08-16,eng-premier-league:2024-2025:southampton:nottingham-forest,2,eng-championship->eng-premier-league,recent_returner,0.8487267076153803,0.4963218832984178,2.5769148880771766
eng-premier-league,2024-2025,memory,preseason,2024-08-16,eng-premier-league:2024-2025:brentford:southampton,3,eng-championship->eng-premier-league,recent_returner,0.44605468014741306,0.194303665121943,2.645933147346743
eng-premier-league,2024-2025,memory,preseason,2024-08-16,eng-premier-league:2024-2025:ipswich-town:fulham,3,eng-championship->eng-premier-league,no_target_history,1.4741732960534122,0.894126062638427,2.2901691757410925
eng-premier-league,2024-2025,memory,preseason,2024-08-16,eng-premier-league:2024-2025:leicester-city:aston-villa,3,eng-championship->eng-premier-league,recent_returner,0.8313674147892367,0.4864928010297148,2.4967341892318275
eng-premier-league,2024-2025,memory,preseason,2024-08-16,eng-premier-league:2024-2025:brighton-hove-albion:ipswich-town,4,eng-championship->eng-premier-league,no_target_history,1.6096881478090712,1.0359732074935104,3.2769091324250295
eng-premier-league,2024-2025,memory,preseason,2024-08-16,eng-premier-league:2024-2025:crystal-palace:leicester-city,4,eng-championship->eng-premier-league,recent_returner,1.6475318122697546,1.0715949229788408,2.9443335758507567
eng-premier-league,2024-2025,memory,preseason,2024-08-16,eng-premier-league:2024-2025:southampton:manchester-united,4,eng-championship->eng-premier-league,recent_returner,0.8552341071796841,0.5045584812513848,3.430673489607103
eng-premier-league,2024-2025,memory,preseason,2024-08-16,eng-premier-league:2024-2025:leicester-city:everton,5,eng-championship->eng-premier-league,recent_returner,1.4779088115910821,0.8943546945541189,2.299213613844204
eng-premier-league,2024-2025,memory,preseason,2024-08-16,eng-premier-league:2024-2025:southampton:ipswich-town,5,mixed,mixed,1.49000414963847,0.9018029541941752,2.3197657176838415
eng-premier-league,2024-2025,memory,preseason,2024-08-16,eng-premier-league:2024-2025:arsenal:leicester-city,6,eng-championship->eng-premier-league,recent_returner,0.18652696978959524,0.044370100127071335,3.7309384983184173
eng-premier-league,2024-2025,memory,preseason,2024-08-16,eng-premier-league:2024-2025:ipswich-town:aston-villa,6,eng-championship->eng-premier-league,no_target_history,1.4985167894408393,0.9046217024497651,2.7297634443125585
eng-premier-league,2024-2025,memory,preseason,2024-08-16,eng-premier-league:2024-2025:bournemouth:southampton,6,eng-championship->eng-premier-league,recent_returner,0.4765288828982756,0.2155359860550819,2.6652868723931613
eng-premier-league,2024-2025,memory,preseason,2024-08-16,eng-premier-league:2024-2025:arsenal:southampton,7,eng-championship->eng-premier-league,recent_returner,0.18026713967382726,0.04188643840842733,2.6124722983797337
eng-premier-league,2024-2025,memory,preseason,2024-08-16,eng-premier-league:2024-2025:leicester-city:bournemouth,7,eng-championship->eng-premier-league,recent_returner,1.0349883040204233,0.6443865795573409,2.8980824197721637
eng-premier-league,2024-2025,memory,preseason,2024-08-16,eng-premier-league:2024-2025:west-ham-united:ipswich-town,7,eng-championship->eng-premier-league,no_target_history,0.7144969084032059,0.3942139705929343,3.536773882120227
eng-premier-league,2024-2025,memory,preseason,2024-08-16,eng-premier-league:2024-2025:ipswich-town:everton,8,eng-championship->eng-premier-league,no_target_history,1.0017847148909003,0.6147222423187929,2.97159801757477
eng-premier-league,2024-2025,memory,preseason,2024-08-16,eng-premier-league:2024-2025:southampton:leicester-city,8,mixed,mixed,1.1189212784849252,0.7082003947753822,3.40780671068915
eng-premier-league,2024-2025,memory,preseason,2024-08-16,eng-premier-league:2024-2025:leicester-city:nottingham-forest,9,eng-championship->eng-premier-league,recent_returner,0.8997572814910523,0.5374330672079896,3.0707881460411786
eng-premier-league,2024-2025,memory,preseason,2024-08-16,eng-premier-league:2024-2025:brentford:ipswich-town,9,eng-championship->eng-premier-league,no_target_history,0.5413490838711627,0.2622538358633957,4.684141110668323
eng-premier-league,2024-2025,memory,preseason,2024-08-16,eng-premier-league:2024-2025:manchester-city:southampton,9,eng-championship->eng-premier-league,recent_returner,0.16322140798749205,0.03494271041722682,2.8309778250304722
eng-premier-league,2024-2025,memory,preseason,2024-08-16,eng-premier-league:2024-2025:ipswich-town:leicester-city,10,mixed,mixed,1.5605332181309441,0.9644290559892161,2.4152795053259366
eng-premier-league,2024-2025,memory,preseason,2024-08-16,eng-premier-league:2024-2025:southampton:everton,10,eng-championship->eng-premier-league,recent_returner,1.0570558777191204,0.6564412452375384,2.704732266168769
eng-premier-league,2025-2026,current,preseason,2025-08-15,eng-premier-league:2025-2026:sunderland:west-ham-united,1,eng-championship->eng-premier-league,stale_history,1.085512787924179,0.67435577077469,3.749575283031426
eng-premier-league,2025-2026,current,preseason,2025-08-15,eng-premier-league:2025-2026:tottenham-hotspur:burnley,1,eng-championship->eng-premier-league,recent_returner,0.5223358294237682,0.24833774501391537,2.846272550385048
eng-premier-league,2025-2026,current,preseason,2025-08-15,eng-premier-league:2025-2026:leeds-united:everton,1,eng-championship->eng-premier-league,recent_returner,1.3032699179692369,0.8256678868443044,2.6435063316461185
eng-premier-league,2025-2026,current,preseason,2025-08-15,eng-premier-league:2025-2026:arsenal:leeds-united,2,eng-championship->eng-premier-league,recent_returner,0.2627927647890834,0.0816363954369142,3.300780662885252
eng-premier-league,2025-2026,current,preseason,2025-08-15,eng-premier-league:2025-2026:burnley:sunderland,2,mixed,mixed,0.8238776591027719,0.4767380431645838,2.744578846343584
eng-premier-league,2025-2026,current,preseason,2025-08-15,eng-premier-league:2025-2026:leeds-united:newcastle-united,3,eng-championship->eng-premier-league,recent_returner,1.6329895440091748,1.065054912623633,3.263913866333243
eng-premier-league,2025-2026,current,preseason,2025-08-15,eng-premier-league:2025-2026:manchester-united:burnley,3,eng-championship->eng-premier-league,recent_returner,0.5039752299490864,0.23518191682425593,3.35016233085219
eng-premier-league,2025-2026,current,preseason,2025-08-15,eng-premier-league:2025-2026:sunderland:brentford,3,eng-championship->eng-premier-league,stale_history,1.4516272474940823,0.937090615199874,2.8417364965303866
eng-premier-league,2025-2026,current,preseason,2025-08-15,eng-premier-league:2025-2026:crystal-palace:sunderland,4,eng-championship->eng-premier-league,stale_history,1.7056515406928086,1.137674785782962,3.2651490212739773
eng-premier-league,2025-2026,current,preseason,2025-08-15,eng-premier-league:2025-2026:fulham:leeds-united,4,eng-championship->eng-premier-league,recent_returner,0.49405673713057496,0.22818989720151156,2.3611707916603684
eng-premier-league,2025-2026,current,preseason,2025-08-15,eng-premier-league:2025-2026:burnley:liverpool,4,eng-championship->eng-premier-league,recent_returner,0.35300894502346913,0.13319632811559348,2.602185151865775
eng-premier-league,2025-2026,current,preseason,2025-08-15,eng-premier-league:2025-2026:burnley:nottingham-forest,5,eng-championship->eng-premier-league,recent_returner,1.4345944827748678,0.8851607792686,2.209326744852513
eng-premier-league,2025-2026,current,preseason,2025-08-15,eng-premier-league:2025-2026:wolverhampton-wanderers:leeds-united,5,eng-championship->eng-premier-league,recent_returner,1.4333493803344926,0.9179782377423896,3.7588087808316546
eng-premier-league,2025-2026,current,preseason,2025-08-15,eng-premier-league:2025-2026:sunderland:aston-villa,5,eng-championship->eng-premier-league,stale_history,1.5185473199994384,0.9636327965837344,2.3050168310034764
eng-premier-league,2025-2026,current,preseason,2025-08-15,eng-premier-league:2025-2026:leeds-united:bournemouth,6,eng-championship->eng-premier-league,recent_returner,1.5327538514811752,0.9751876033389604,2.8974420954685893
eng-premier-league,2025-2026,current,preseason,2025-08-15,eng-premier-league:2025-2026:manchester-city:burnley,6,eng-championship->eng-premier-league,recent_returner,0.30357818978669143,0.10392350824604302,3.618759355296567
eng-premier-league,2025-2026,current,preseason,2025-08-15,eng-premier-league:2025-2026:nottingham-forest:sunderland,6,eng-championship->eng-premier-league,stale_history,1.586909748694149,1.0165840000611661,2.946916569736822
eng-premier-league,2025-2026,current,preseason,2025-08-15,eng-premier-league:2025-2026:leeds-united:tottenham-hotspur,7,eng-championship->eng-premier-league,recent_returner,0.7598696858104976,0.4284101462591501,2.427380502338049
eng-premier-league,2025-2026,current,preseason,2025-08-15,eng-premier-league:2025-2026:manchester-united:sunderland,7,eng-championship->eng-premier-league,stale_history,0.5085122309904223,0.23841767069836148,2.3900467458036543
eng-premier-league,2025-2026,current,preseason,2025-08-15,eng-premier-league:2025-2026:aston-villa:burnley,7,eng-championship->eng-premier-league,recent_returner,0.41645370253842284,0.1745014316148915,2.368132300960686
eng-premier-league,2025-2026,current,preseason,2025-08-15,eng-premier-league:2025-2026:burnley:leeds-united,8,mixed,mixed,0.824050805737041,0.476927181258144,2.7417021875599676
eng-premier-league,2025-2026,current,preseason,2025-08-15,eng-premier-league:2025-2026:sunderland:wolverhampton-wanderers,8,eng-championship->eng-premier-league,stale_history,1.0857206900082168,0.6738131436660644,2.9793628514147903
eng-premier-league,2025-2026,current,preseason,2025-08-15,eng-premier-league:2025-2026:leeds-united:west-ham-united,9,eng-championship->eng-premier-league,recent_returner,1.0755311202441447,0.667278418892747,2.577049026577987
eng-premier-league,2025-2026,current,preseason,2025-08-15,eng-premier-league:2025-2026:chelsea:sunderland,9,eng-championship->eng-premier-league,stale_history,1.9745511652178809,1.2436907065472198,3.2596336871409024
eng-premier-league,2025-2026,current,preseason,2025-08-15,eng-premier-league:2025-2026:wolverhampton-wanderers:burnley,9,eng-championship->eng-premier-league,recent_returner,1.4264554242269316,0.913824935201863,3.856796099606232
eng-premier-league,2025-2026,current,preseason,2025-08-15,eng-premier-league:2025-2026:brighton-hove-albion:leeds-united,10,eng-championship->eng-premier-league,recent_returner,0.4279998638191461,0.18208838221337598,2.6558778858413072
eng-premier-league,2025-2026,current,preseason,2025-08-15,eng-premier-league:2025-2026:burnley:arsenal,10,eng-championship->eng-premier-league,recent_returner,0.41650742109190264,0.1747775198412658,2.272751331067817
eng-premier-league,2025-2026,current,preseason,2025-08-15,eng-premier-league:2025-2026:sunderland:everton,10,eng-championship->eng-premier-league,stale_history,1.424848176851564,0.8861017973231919,2.19135592925445
eng-premier-league,2025-2026,population,preseason,2025-08-15,eng-premier-league:2025-2026:sunderland:west-ham-united,1,eng-championship->eng-premier-league,stale_history,0.7240635222706685,0.401057516319442,3.1408938671800555
eng-premier-league,2025-2026,population,preseason,2025-08-15,eng-premier-league:2025-2026:tottenham-hotspur:burnley,1,eng-championship->eng-premier-league,recent_returner,0.8277923773633238,0.4851970752643713,3.3577099970006232
eng-premier-league,2025-2026,population,preseason,2025-08-15,eng-premier-league:2025-2026:leeds-united:everton,1,eng-championship->eng-premier-league,recent_returner,0.8885707577007163,0.526637722667733,2.4080070605623574
eng-premier-league,2025-2026,population,preseason,2025-08-15,eng-premier-league:2025-2026:arsenal:leeds-united,2,eng-championship->eng-premier-league,recent_returner,0.4787309792039289,0.2171242580578057,3.8402204633870767
eng-premier-league,2025-2026,population,preseason,2025-08-15,eng-premier-league:2025-2026:burnley:sunderland,2,mixed,mixed,0.8150826944848203,0.4756050387698869,2.834627816805041
eng-premier-league,2025-2026,population,preseason,2025-08-15,eng-premier-league:2025-2026:leeds-united:newcastle-united,3,eng-championship->eng-premier-league,recent_returner,1.5434718010502866,0.9377361660299918,2.958815876837095
eng-premier-league,2025-2026,population,preseason,2025-08-15,eng-premier-league:2025-2026:manchester-united:burnley,3,eng-championship->eng-premier-league,recent_returner,0.7918165337452785,0.4539480351318064,3.5377631432466736
eng-premier-league,2025-2026,population,preseason,2025-08-15,eng-premier-league:2025-2026:sunderland:brentford,3,eng-championship->eng-premier-league,stale_history,0.9719251907642309,0.5969424982099669,2.6922189499097833
eng-premier-league,2025-2026,population,preseason,2025-08-15,eng-premier-league:2025-2026:crystal-palace:sunderland,4,eng-championship->eng-premier-league,stale_history,1.5547813412604825,0.9610728715263622,2.91657501191846
eng-premier-league,2025-2026,population,preseason,2025-08-15,eng-premier-league:2025-2026:fulham:leeds-united,4,eng-championship->eng-premier-league,recent_returner,0.7736508867501942,0.4392885711706226,2.449690152720049
eng-premier-league,2025-2026,population,preseason,2025-08-15,eng-premier-league:2025-2026:burnley:liverpool,4,eng-championship->eng-premier-league,recent_returner,0.6076881810905276,0.312665871120033,2.575175036181232
eng-premier-league,2025-2026,population,preseason,2025-08-15,eng-premier-league:2025-2026:burnley:nottingham-forest,5,eng-championship->eng-premier-league,recent_returner,1.48172423193409,0.9008913304203781,2.322695452455907
eng-premier-league,2025-2026,population,preseason,2025-08-15,eng-premier-league:2025-2026:wolverhampton-wanderers:leeds-united,5,eng-championship->eng-premier-league,recent_returner,0.9764122496980264,0.5964654098039646,3.3061426496526183
eng-premier-league,2025-2026,population,preseason,2025-08-15,eng-premier-league:2025-2026:sunderland:aston-villa,5,eng-championship->eng-premier-league,stale_history,1.4978391469167756,0.9045566242197585,2.345642134905256
eng-premier-league,2025-2026,population,preseason,2025-08-15,eng-premier-league:2025-2026:leeds-united:bournemouth,6,eng-championship->eng-premier-league,recent_returner,1.50514128290067,0.9087751013476015,2.978581367447154
eng-premier-league,2025-2026,population,preseason,2025-08-15,eng-premier-league:2025-2026:manchester-city:burnley,6,eng-championship->eng-premier-league,recent_returner,0.5337003342774759,0.2567193895741948,4.037171821396169
eng-premier-league,2025-2026,population,preseason,2025-08-15,eng-premier-league:2025-2026:nottingham-forest:sunderland,6,eng-championship->eng-premier-league,stale_history,1.0885262859408835,0.681729881617788,2.6065965154478
eng-premier-league,2025-2026,population,preseason,2025-08-15,eng-premier-league:2025-2026:leeds-united:tottenham-hotspur,7,eng-championship->eng-premier-league,recent_returner,1.1016355328043324,0.6989120867483236,2.7640069433126286
eng-premier-league,2025-2026,population,preseason,2025-08-15,eng-premier-league:2025-2026:manchester-united:sunderland,7,eng-championship->eng-premier-league,stale_history,0.7917979302437114,0.45399363063067893,2.7255698072695855
eng-premier-league,2025-2026,population,preseason,2025-08-15,eng-premier-league:2025-2026:aston-villa:burnley,7,eng-championship->eng-premier-league,recent_returner,0.6782765223506694,0.36594747320680515,2.5494725168751957
eng-premier-league,2025-2026,population,preseason,2025-08-15,eng-premier-league:2025-2026:burnley:leeds-united,8,mixed,mixed,0.8140786906018018,0.4749100337598075,2.8185937836293125
eng-premier-league,2025-2026,population,preseason,2025-08-15,eng-premier-league:2025-2026:sunderland:wolverhampton-wanderers,8,eng-championship->eng-premier-league,stale_history,0.7347445152965849,0.4090378161763018,2.6404084530299805
eng-premier-league,2025-2026,population,preseason,2025-08-15,eng-premier-league:2025-2026:leeds-united:west-ham-united,9,eng-championship->eng-premier-league,recent_returner,0.7257805376434361,0.40248785390094793,2.5548759050744363
eng-premier-league,2025-2026,population,preseason,2025-08-15,eng-premier-league:2025-2026:chelsea:sunderland,9,eng-championship->eng-premier-league,stale_history,1.357486642344428,0.8811302442487624,2.9107832880458266
eng-premier-league,2025-2026,population,preseason,2025-08-15,eng-premier-league:2025-2026:wolverhampton-wanderers:burnley,9,eng-championship->eng-premier-league,recent_returner,0.9775070118021238,0.5974818100124039,3.648806007225307
eng-premier-league,2025-2026,population,preseason,2025-08-15,eng-premier-league:2025-2026:brighton-hove-albion:leeds-united,10,eng-championship->eng-premier-league,recent_returner,0.6931963616330471,0.37822288926099795,3.1076250536772294
eng-premier-league,2025-2026,population,preseason,2025-08-15,eng-premier-league:2025-2026:burnley:arsenal,10,eng-championship->eng-premier-league,recent_returner,0.6692570666936591,0.35837121587942417,2.5629391225585234
eng-premier-league,2025-2026,population,preseason,2025-08-15,eng-premier-league:2025-2026:sunderland:everton,10,eng-championship->eng-premier-league,stale_history,1.4513447625265288,0.8813959509199732,2.278169105005622
eng-premier-league,2025-2026,transition,preseason,2025-08-15,eng-premier-league:2025-2026:sunderland:west-ham-united,1,eng-championship->eng-premier-league,stale_history,1.0571110483375057,0.6524689955587544,3.684404357764226
eng-premier-league,2025-2026,transition,preseason,2025-08-15,eng-premier-league:2025-2026:tottenham-hotspur:burnley,1,eng-championship->eng-premier-league,recent_returner,0.550432033602991,0.26884964226787417,2.8692639784196907
eng-premier-league,2025-2026,transition,preseason,2025-08-15,eng-premier-league:2025-2026:leeds-united:everton,1,eng-championship->eng-premier-league,recent_returner,1.2684294095259765,0.8003949320790658,2.5742038158897746
eng-premier-league,2025-2026,transition,preseason,2025-08-15,eng-premier-league:2025-2026:arsenal:leeds-united,2,eng-championship->eng-premier-league,recent_returner,0.28429154567421194,0.09343821686619035,3.375579683216567
eng-premier-league,2025-2026,transition,preseason,2025-08-15,eng-premier-league:2025-2026:burnley:sunderland,2,mixed,mixed,0.834913247581588,0.48442272299884076,2.690402639623348
eng-premier-league,2025-2026,transition,preseason,2025-08-15,eng-premier-league:2025-2026:leeds-united:newcastle-united,3,eng-championship->eng-premier-league,recent_returner,1.6016474160075012,1.0388983216216048,3.168452782480184
eng-premier-league,2025-2026,transition,preseason,2025-08-15,eng-premier-league:2025-2026:manchester-united:burnley,3,eng-championship->eng-premier-league,recent_returner,0.5309360689001904,0.2546082312218351,3.4059141135165083
eng-premier-league,2025-2026,transition,preseason,2025-08-15,eng-premier-league:2025-2026:sunderland:brentford,3,eng-championship->eng-premier-league,stale_history,1.4075961331028142,0.9062839215863514,2.810315361980945
eng-premier-league,2025-2026,transition,preseason,2025-08-15,eng-premier-league:2025-2026:crystal-palace:sunderland,4,eng-championship->eng-premier-league,stale_history,1.6678561133385785,1.1075523205003803,3.167658680923725
eng-premier-league,2025-2026,transition,preseason,2025-08-15,eng-premier-league:2025-2026:fulham:leeds-united,4,eng-championship->eng-premier-league,recent_returner,0.5202982822078441,0.24698449820127333,2.3190429351418658
eng-premier-league,2025-2026,transition,preseason,2025-08-15,eng-premier-league:2025-2026:burnley:liverpool,4,eng-championship->eng-premier-league,recent_returner,0.37706439638075545,0.14845107318240197,2.5418011897837705
eng-premier-league,2025-2026,transition,preseason,2025-08-15,eng-premier-league:2025-2026:burnley:nottingham-forest,5,eng-championship->eng-premier-league,recent_returner,1.4198721592047148,0.8734102968824872,2.1885615999218766
eng-premier-league,2025-2026,transition,preseason,2025-08-15,eng-premier-league:2025-2026:wolverhampton-wanderers:leeds-united,5,eng-championship->eng-premier-league,recent_returner,1.3929164411385724,0.8897730215247349,3.734786650728548
eng-premier-league,2025-2026,transition,preseason,2025-08-15,eng-premier-league:2025-2026:sunderland:aston-villa,5,eng-championship->eng-premier-league,stale_history,1.4965793716136984,0.9447512391776781,2.274445282300277
eng-premier-league,2025-2026,transition,preseason,2025-08-15,eng-premier-league:2025-2026:leeds-united:bournemouth,6,eng-championship->eng-premier-league,recent_returner,1.510208232508709,0.9557593844375784,2.913281999005106
eng-premier-league,2025-2026,transition,preseason,2025-08-15,eng-premier-league:2025-2026:manchester-city:burnley,6,eng-championship->eng-premier-league,recent_returner,0.3255884437034305,0.11691429747487868,3.7079696453316444
eng-premier-league,2025-2026,transition,preseason,2025-08-15,eng-premier-league:2025-2026:nottingham-forest:sunderland,6,eng-championship->eng-premier-league,stale_history,1.5406625412634225,0.9861424392987752,2.868193047550773
eng-premier-league,2025-2026,transition,preseason,2025-08-15,eng-premier-league:2025-2026:leeds-united:tottenham-hotspur,7,eng-championship->eng-premier-league,recent_returner,0.788869104832944,0.45067262788545565,2.4392641711908896
eng-premier-league,2025-2026,transition,preseason,2025-08-15,eng-premier-league:2025-2026:manchester-united:sunderland,7,eng-championship->eng-premier-league,stale_history,0.534529918846867,0.257202868683886,2.3867312359285817
eng-premier-league,2025-2026,transition,preseason,2025-08-15,eng-premier-league:2025-2026:aston-villa:burnley,7,eng-championship->eng-premier-league,recent_returner,0.4409417879523631,0.19110711736869448,2.3667785317418564
eng-premier-league,2025-2026,transition,preseason,2025-08-15,eng-premier-league:2025-2026:burnley:leeds-united,8,mixed,mixed,0.8336369478247724,0.483622522498697,2.693796410765187
eng-premier-league,2025-2026,transition,preseason,2025-08-15,eng-premier-league:2025-2026:sunderland:wolverhampton-wanderers,8,eng-championship->eng-premier-league,stale_history,1.0580948030667616,0.6527163721132662,2.921449858667279
eng-premier-league,2025-2026,transition,preseason,2025-08-15,eng-premier-league:2025-2026:leeds-united:west-ham-united,9,eng-championship->eng-premier-league,recent_returner,1.0478070967982622,0.6460210833968303,2.564299936982961
eng-premier-league,2025-2026,transition,preseason,2025-08-15,eng-premier-league:2025-2026:chelsea:sunderland,9,eng-championship->eng-premier-league,stale_history,1.9125193985559277,1.209559577781312,3.2113263295721324
eng-premier-league,2025-2026,transition,preseason,2025-08-15,eng-premier-league:2025-2026:wolverhampton-wanderers:burnley,9,eng-championship->eng-premier-league,recent_returner,1.3869226927802625,0.8863109295073819,3.877883779996896
eng-premier-league,2025-2026,transition,preseason,2025-08-15,eng-premier-league:2025-2026:brighton-hove-albion:leeds-united,10,eng-championship->eng-premier-league,recent_returner,0.4521334853856297,0.19861977162325398,2.6775164922984254
eng-premier-league,2025-2026,transition,preseason,2025-08-15,eng-premier-league:2025-2026:burnley:arsenal,10,eng-championship->eng-premier-league,recent_returner,0.440233192020436,0.1908531134874676,2.2677571194955792
eng-premier-league,2025-2026,transition,preseason,2025-08-15,eng-premier-league:2025-2026:sunderland:everton,10,eng-championship->eng-premier-league,stale_history,1.409967462186687,0.8735576307202813,2.173422701255154
eng-premier-league,2025-2026,source,preseason,2025-08-15,eng-premier-league:2025-2026:sunderland:west-ham-united,1,eng-championship->eng-premier-league,stale_history,1.1136480738974224,0.69302039292184,3.776302522635598
eng-premier-league,2025-2026,source,preseason,2025-08-15,eng-premier-league:2025-2026:tottenham-hotspur:burnley,1,eng-championship->eng-premier-league,recent_returner,0.5737525867591504,0.28601391544373544,2.8944292458732424
eng-premier-league,2025-2026,source,preseason,2025-08-15,eng-premier-league:2025-2026:leeds-united:everton,1,eng-championship->eng-premier-league,recent_returner,1.217606107554076,0.7658071229285547,2.5594425855491565
eng-premier-league,2025-2026,source,preseason,2025-08-15,eng-premier-league:2025-2026:arsenal:leeds-united,2,eng-championship->eng-premier-league,recent_returner,0.3002516297014901,0.10234927157615785,3.430463806608262
eng-premier-league,2025-2026,source,preseason,2025-08-15,eng-premier-league:2025-2026:burnley:sunderland,2,mixed,mixed,0.791187408480393,0.45004735227908826,2.573136024540154
eng-premier-league,2025-2026,source,preseason,2025-08-15,eng-premier-league:2025-2026:leeds-united:newcastle-united,3,eng-championship->eng-premier-league,recent_returner,1.5879591036173544,1.0214601134542753,3.1786975681480767
eng-premier-league,2025-2026,source,preseason,2025-08-15,eng-premier-league:2025-2026:manchester-united:burnley,3,eng-championship->eng-premier-league,recent_returner,0.554051677118582,0.2714819309510903,3.486727774146024
eng-premier-league,2025-2026,source,preseason,2025-08-15,eng-premier-league:2025-2026:sunderland:brentford,3,eng-championship->eng-premier-league,stale_history,1.4724571249022247,0.9473763361735557,2.8582121233923004
eng-premier-league,2025-2026,source,preseason,2025-08-15,eng-premier-league:2025-2026:crystal-palace:sunderland,4,eng-championship->eng-premier-league,stale_history,1.6848861406052893,1.1278544859863664,3.132708659932294
eng-premier-league,2025-2026,source,preseason,2025-08-15,eng-premier-league:2025-2026:fulham:leeds-united,4,eng-championship->eng-premier-league,recent_returner,0.54526718216176,0.26502734476482775,2.343966750789906
eng-premier-league,2025-2026,source,preseason,2025-08-15,eng-premier-league:2025-2026:burnley:liverpool,4,eng-championship->eng-premier-league,recent_returner,0.3988582497149503,0.1627163770811698,2.4645401951230568
eng-premier-league,2025-2026,source,preseason,2025-08-15,eng-premier-league:2025-2026:burnley:nottingham-forest,5,eng-championship->eng-premier-league,recent_returner,1.401823922562828,0.8613501215507302,2.1692072130962146
eng-premier-league,2025-2026,source,preseason,2025-08-15,eng-premier-league:2025-2026:wolverhampton-wanderers:leeds-united,5,eng-championship->eng-premier-league,recent_returner,1.3385848666508218,0.8540796648083817,3.660055585924989
eng-premier-league,2025-2026,source,preseason,2025-08-15,eng-premier-league:2025-2026:sunderland:aston-villa,5,eng-championship->eng-premier-league,stale_history,1.502183564043651,0.9571179466937331,2.2742548232376634
eng-premier-league,2025-2026,source,preseason,2025-08-15,eng-premier-league:2025-2026:leeds-united:bournemouth,6,eng-championship->eng-premier-league,recent_returner,1.502431577320606,0.9434329061379604,2.8904126387288365
eng-premier-league,2025-2026,source,preseason,2025-08-15,eng-premier-league:2025-2026:manchester-city:burnley,6,eng-championship->eng-premier-league,recent_returner,0.3466773332185438,0.12988319842465224,3.791037151619073
eng-premier-league,2025-2026,source,preseason,2025-08-15,eng-premier-league:2025-2026:nottingham-forest:sunderland,6,eng-championship->eng-premier-league,stale_history,1.6049382606031186,1.0239406132771414,2.879098563164512
eng-premier-league,2025-2026,source,preseason,2025-08-15,eng-premier-league:2025-2026:leeds-united:tottenham-hotspur,7,eng-championship->eng-premier-league,recent_returner,0.8246509299324384,0.47882412187458834,2.460775812677155
eng-premier-league,2025-2026,source,preseason,2025-08-15,eng-premier-league:2025-2026:manchester-united:sunderland,7,eng-championship->eng-premier-league,stale_history,0.5091876074317081,0.2390108378590838,2.3362729693475424
eng-premier-league,2025-2026,source,preseason,2025-08-15,eng-premier-league:2025-2026:aston-villa:burnley,7,eng-championship->eng-premier-league,recent_returner,0.4629861660534058,0.20640965574414283,2.3788848486365395
eng-premier-league,2025-2026,source,preseason,2025-08-15,eng-premier-league:2025-2026:burnley:leeds-united,8,mixed,mixed,0.8600618837679401,0.5037533551305757,2.693216039886405
eng-premier-league,2025-2026,source,preseason,2025-08-15,eng-premier-league:2025-2026:sunderland:wolverhampton-wanderers,8,eng-championship->eng-premier-league,stale_history,1.1124580947874423,0.6917053608729987,2.9642564711236874
eng-premier-league,2025-2026,source,preseason,2025-08-15,eng-premier-league:2025-2026:leeds-united:west-ham-united,9,eng-championship->eng-premier-league,recent_returner,1.0026948982892043,0.6127222671709772,2.5400132923848604
eng-premier-league,2025-2026,source,preseason,2025-08-15,eng-premier-league:2025-2026:chelsea:sunderland,9,eng-championship->eng-premier-league,stale_history,1.9829769968575186,1.243888077890701,3.2720166712605563
eng-premier-league,2025-2026,source,preseason,2025-08-15,eng-premier-league:2025-2026:wolverhampton-wanderers:burnley,9,eng-championship->eng-premier-league,recent_returner,1.3625370754484336,0.8678566928210907,3.9431546359042855
eng-premier-league,2025-2026,source,preseason,2025-08-15,eng-premier-league:2025-2026:brighton-hove-albion:leeds-united,10,eng-championship->eng-premier-league,recent_returner,0.4755260007912628,0.21488529841505866,2.7246658460475723
eng-premier-league,2025-2026,source,preseason,2025-08-15,eng-premier-league:2025-2026:burnley:arsenal,10,eng-championship->eng-premier-league,recent_returner,0.4613606258105095,0.20552115547583816,2.261112223102883
eng-premier-league,2025-2026,source,preseason,2025-08-15,eng-premier-league:2025-2026:sunderland:everton,10,eng-championship->eng-premier-league,stale_history,1.4094149392024782,0.8795538120075868,2.171526165149599
eng-premier-league,2025-2026,memory,preseason,2025-08-15,eng-premier-league:2025-2026:sunderland:west-ham-united,1,eng-championship->eng-premier-league,stale_history,1.1230083080456965,0.6991335202521924,3.7941931074691744
eng-premier-league,2025-2026,memory,preseason,2025-08-15,eng-premier-league:2025-2026:tottenham-hotspur:burnley,1,eng-championship->eng-premier-league,recent_returner,0.510044414547098,0.23944004223215531,2.7951902879047905
eng-premier-league,2025-2026,memory,preseason,2025-08-15,eng-premier-league:2025-2026:leeds-united:everton,1,eng-championship->eng-premier-league,recent_returner,1.2376533689029336,0.783430110886052,2.663488752022821
eng-premier-league,2025-2026,memory,preseason,2025-08-15,eng-premier-league:2025-2026:arsenal:leeds-united,2,eng-championship->eng-premier-league,recent_returner,0.2772456753954355,0.0891376105320617,3.3250711490342026
eng-premier-league,2025-2026,memory,preseason,2025-08-15,eng-premier-league:2025-2026:burnley:sunderland,2,mixed,mixed,0.8639445971035795,0.5054646813814981,2.6520460899846756
eng-premier-league,2025-2026,memory,preseason,2025-08-15,eng-premier-league:2025-2026:leeds-united:newcastle-united,3,eng-championship->eng-premier-league,recent_returner,1.63516240251411,1.0536939912819052,3.3433845353476603
eng-premier-league,2025-2026,memory,preseason,2025-08-15,eng-premier-league:2025-2026:manchester-united:burnley,3,eng-championship->eng-premier-league,recent_returner,0.4941532477943043,0.22832277045627566,3.4713402419898447
eng-premier-league,2025-2026,memory,preseason,2025-08-15,eng-premier-league:2025-2026:sunderland:brentford,3,eng-championship->eng-premier-league,stale_history,1.4823905381477605,0.9526096771224035,2.864217302644113
eng-premier-league,2025-2026,memory,preseason,2025-08-15,eng-premier-league:2025-2026:crystal-palace:sunderland,4,eng-championship->eng-premier-league,stale_history,1.6800744458540995,1.1265850954338388,3.1076038490896436
eng-premier-league,2025-2026,memory,preseason,2025-08-15,eng-premier-league:2025-2026:fulham:leeds-united,4,eng-championship->eng-premier-league,recent_returner,0.5176983523200278,0.24497106653368825,2.4387734901902736
eng-premier-league,2025-2026,memory,preseason,2025-08-15,eng-premier-league:2025-2026:burnley:liverpool,4,eng-championship->eng-premier-league,recent_returner,0.34932475813805935,0.13106468880976269,2.5019036955644225
eng-premier-league,2025-2026,memory,preseason,2025-08-15,eng-premier-league:2025-2026:burnley:nottingham-forest,5,eng-championship->eng-premier-league,recent_returner,1.4251319445359634,0.8848909790955077,2.193843758404769
eng-premier-league,2025-2026,memory,preseason,2025-08-15,eng-premier-league:2025-2026:wolverhampton-wanderers:leeds-united,5,eng-championship->eng-premier-league,recent_returner,1.3633065461831766,0.8750037792600457,3.646308173353491
eng-premier-league,2025-2026,memory,preseason,2025-08-15,eng-premier-league:2025-2026:sunderland:aston-villa,5,eng-championship->eng-premier-league,stale_history,1.4970173982643973,0.9554516608804061,2.266779483104362
eng-premier-league,2025-2026,memory,preseason,2025-08-15,eng-premier-league:2025-2026:leeds-united:bournemouth,6,eng-championship->eng-premier-league,recent_returner,1.5409884928343103,0.9694766261639907,2.861164460627267
eng-premier-league,2025-2026,memory,preseason,2025-08-15,eng-premier-league:2025-2026:manchester-city:burnley,6,eng-championship->eng-premier-league,recent_returner,0.3033090065623007,0.10397121737659853,3.6648707844442
eng-premier-league,2025-2026,memory,preseason,2025-08-15,eng-premier-league:2025-2026:nottingham-forest:sunderland,6,eng-championship->eng-premier-league,stale_history,1.614268343176417,1.0283121719970214,2.8698084601846894
eng-premier-league,2025-2026,memory,preseason,2025-08-15,eng-premier-league:2025-2026:leeds-united:tottenham-hotspur,7,eng-championship->eng-premier-league,recent_returner,0.7950562608808407,0.4569474914470159,2.464812332526921
eng-premier-league,2025-2026,memory,preseason,2025-08-15,eng-premier-league:2025-2026:manchester-united:sunderland,7,eng-championship->eng-premier-league,stale_history,0.5080779861719824,0.23826923785366394,2.3212775568955335
eng-premier-league,2025-2026,memory,preseason,2025-08-15,eng-premier-league:2025-2026:aston-villa:burnley,7,eng-championship->eng-premier-league,recent_returner,0.41048798168396405,0.1707034804953308,2.3912163257406194
eng-premier-league,2025-2026,memory,preseason,2025-08-15,eng-premier-league:2025-2026:burnley:leeds-united,8,mixed,mixed,0.9105218007813551,0.5441898899608733,2.81035169748505
eng-premier-league,2025-2026,memory,preseason,2025-08-15,eng-premier-league:2025-2026:sunderland:wolverhampton-wanderers,8,eng-championship->eng-premier-league,stale_history,1.1212457402702722,0.6974696066177974,2.9669790204382274
eng-premier-league,2025-2026,memory,preseason,2025-08-15,eng-premier-league:2025-2026:leeds-united:west-ham-united,9,eng-championship->eng-premier-league,recent_returner,1.0174470483788296,0.62588692022376,2.553110839038245
eng-premier-league,2025-2026,memory,preseason,2025-08-15,eng-premier-league:2025-2026:chelsea:sunderland,9,eng-championship->eng-premier-league,stale_history,1.9924600525638154,1.247203998802198,3.2795473032571305
eng-premier-league,2025-2026,memory,preseason,2025-08-15,eng-premier-league:2025-2026:wolverhampton-wanderers:burnley,9,eng-championship->eng-premier-league,recent_returner,1.4705168660152568,0.9400926717591254,4.009368053105206
eng-premier-league,2025-2026,memory,preseason,2025-08-15,eng-premier-league:2025-2026:brighton-hove-albion:leeds-united,10,eng-championship->eng-premier-league,recent_returner,0.45041046986910804,0.19729372950460913,2.722322071262675
eng-premier-league,2025-2026,memory,preseason,2025-08-15,eng-premier-league:2025-2026:burnley:arsenal,10,eng-championship->eng-premier-league,recent_returner,0.4099985577404532,0.17065365177401065,2.2298021320108186
eng-premier-league,2025-2026,memory,preseason,2025-08-15,eng-premier-league:2025-2026:sunderland:everton,10,eng-championship->eng-premier-league,stale_history,1.404138583648122,0.8773964694036779,2.165777132762025
eng-championship,2016-2017,current,preseason,2016-08-05,eng-championship:2016-2017:fulham:newcastle-united,1,eng-premier-league->eng-championship,no_target_history,0.9554795219462251,0.5784694930095546,2.45891464916172
eng-championship,2016-2017,current,preseason,2016-08-05,eng-championship:2016-2017:blackburn-rovers:norwich-city,1,eng-premier-league->eng-championship,recent_returner,0.8871236626508997,0.5201784222301422,4.363047858577303
eng-championship,2016-2017,current,preseason,2016-08-05,eng-championship:2016-2017:bristol-city:wigan-athletic,1,outside->eng-championship,recent_returner,0.8563082758737193,0.49762535488037174,2.48547022894347
eng-championship,2016-2017,current,preseason,2016-08-05,eng-championship:2016-2017:ipswich-town:barnsley,1,outside->eng-championship,recent_returner,0.6554745090795099,0.3470098961749427,4.752466672944108
eng-championship,2016-2017,current,preseason,2016-08-05,eng-championship:2016-2017:nottingham-forest:burton-albion,1,outside->eng-championship,no_target_history,0.8774248126895833,0.5142444748606623,5.597550517372975
eng-championship,2016-2017,current,preseason,2016-08-05,eng-championship:2016-2017:sheffield-wednesday:aston-villa,1,eng-premier-league->eng-championship,no_target_history,0.7293238016459965,0.402363940465045,2.1426012197185846
eng-championship,2016-2017,current,preseason,2016-08-05,eng-championship:2016-2017:aston-villa:rotherham-united,2,eng-premier-league->eng-championship,no_target_history,0.6886638634299302,0.37182298492671173,3.0072898559421883
eng-championship,2016-2017,current,preseason,2016-08-05,eng-championship:2016-2017:barnsley:derby-county,2,outside->eng-championship,recent_returner,1.2816896732278251,0.8050390312909677,3.0773476365569667
eng-championship,2016-2017,current,preseason,2016-08-05,eng-championship:2016-2017:burton-albion:bristol-city,2,outside->eng-championship,no_target_history,1.3077288840177315,0.831211804069969,2.8952560318926897
eng-championship,2016-2017,current,preseason,2016-08-05,eng-championship:2016-2017:newcastle-united:huddersfield-town,2,eng-premier-league->eng-championship,no_target_history,1.2870189424371257,0.818466064172977,2.8775242226852216
eng-championship,2016-2017,current,preseason,2016-08-05,eng-championship:2016-2017:norwich-city:sheffield-wednesday,2,eng-premier-league->eng-championship,recent_returner,1.3720385178208965,0.8672151829591126,2.4774828578757395
eng-championship,2016-2017,current,preseason,2016-08-05,eng-championship:2016-2017:wigan-athletic:blackburn-rovers,2,outside->eng-championship,recent_returner,1.0103458056973327,0.6096528106685445,3.5980800802646016
eng-championship,2016-2017,current,preseason,2016-08-05,eng-championship:2016-2017:aston-villa:huddersfield-town,3,eng-premier-league->eng-championship,no_target_history,1.4494076882404767,0.9011908164472444,2.2940077775102456
eng-championship,2016-2017,current,preseason,2016-08-05,eng-championship:2016-2017:burton-albion:sheffield-wednesday,3,outside->eng-championship,no_target_history,0.9670797264385449,0.58171500544023,3.4326411831447423
eng-championship,2016-2017,current,preseason,2016-08-05,eng-championship:2016-2017:norwich-city:bristol-city,3,eng-premier-league->eng-championship,recent_returner,0.47123497016225796,0.21279383695872797,2.1564468124078027
eng-championship,2016-2017,current,preseason,2016-08-05,eng-championship:2016-2017:wigan-athletic:birmingham-city,3,outside->eng-championship,recent_returner,1.288097804714806,0.7874378526973493,2.064555503700565
eng-championship,2016-2017,current,preseason,2016-08-05,eng-championship:2016-2017:barnsley:queens-park-rangers,3,outside->eng-championship,recent_returner,1.075185866746105,0.657947526237539,4.045542431583225
eng-championship,2016-2017,current,preseason,2016-08-05,eng-championship:2016-2017:newcastle-united:reading,3,eng-premier-league->eng-championship,no_target_history,0.7452318111254667,0.41463040517435795,3.9334019409155587
eng-championship,2016-2017,current,preseason,2016-08-05,eng-championship:2016-2017:blackburn-rovers:burton-albion,4,outside->eng-championship,no_target_history,1.3626895174130087,0.8391923457828114,3.229857944360864
eng-championship,2016-2017,current,preseason,2016-08-05,eng-championship:2016-2017:bristol-city:newcastle-united,4,eng-premier-league->eng-championship,no_target_history,0.9958405830912569,0.605762688624098,2.3635132510989436
eng-championship,2016-2017,current,preseason,2016-08-05,eng-championship:2016-2017:derby-county:aston-villa,4,eng-premier-league->eng-championship,no_target_history,1.4511002292037802,0.9185337333538909,2.4809460262053236
eng-championship,2016-2017,current,preseason,2016-08-05,eng-championship:2016-2017:huddersfield-town:barnsley,4,outside->eng-championship,recent_returner,0.7804343171548686,0.44108964562678754,2.44129950624301
eng-championship,2016-2017,current,preseason,2016-08-05,eng-championship:2016-2017:nottingham-forest:wigan-athletic,4,outside->eng-championship,recent_returner,0.779659768317675,0.43973861714390716,6.078429302076195
eng-championship,2016-2017,current,preseason,2016-08-05,eng-championship:2016-2017:ipswich-town:norwich-city,4,eng-premier-league->eng-championship,recent_returner,1.3152530711965653,0.8054282317403364,2.082829841188052
eng-championship,2016-2017,current,preseason,2016-08-05,eng-championship:2016-2017:burton-albion:derby-county,5,outside->eng-championship,no_target_history,1.0482766623160322,0.6436803619941646,2.360517330496956
eng-championship,2016-2017,current,preseason,2016-08-05,eng-championship:2016-2017:barnsley:rotherham-united,5,outside->eng-championship,recent_returner,0.8429026563521781,0.487648764270963,4.254259649875532
eng-championship,2016-2017,current,preseason,2016-08-05,eng-championship:2016-2017:birmingham-city:norwich-city,5,eng-premier-league->eng-championship,recent_returner,1.1830374301268012,0.7352273006770509,3.895761232203684
eng-championship,2016-2017,current,preseason,2016-08-05,eng-championship:2016-2017:bristol-city:aston-villa,5,eng-premier-league->eng-championship,no_target_history,0.9580534942701271,0.5773061158786743,3.3705004986868357
eng-championship,2016-2017,current,preseason,2016-08-05,eng-championship:2016-2017:newcastle-united:brighton-hove-albion,5,eng-premier-league->eng-championship,no_target_history,1.0651430545570328,0.6546928105928277,2.8482940020595713
eng-championship,2016-2017,current,preseason,2016-08-05,eng-championship:2016-2017:wigan-athletic:queens-park-rangers,5,outside->eng-championship,recent_returner,1.0064440482605121,0.607204471370808,2.1754252898820847
eng-championship,2016-2017,current,preseason,2016-08-05,eng-championship:2016-2017:derby-county:newcastle-united,6,eng-premier-league->eng-championship,no_target_history,1.4120393806321871,0.8994412504362361,3.2666873734194564
eng-championship,2016-2017,current,preseason,2016-08-05,eng-championship:2016-2017:norwich-city:cardiff-city,6,eng-premier-league->eng-championship,recent_returner,0.611724291805955,0.3144139175557512,3.759750483064143
eng-championship,2016-2017,current,preseason,2016-08-05,eng-championship:2016-2017:preston-north-end:barnsley,6,outside->eng-championship,recent_returner,1.3669694083151693,0.8573113718680642,2.8470419499180606
eng-championship,2016-2017,current,preseason,2016-08-05,eng-championship:2016-2017:sheffield-wednesday:wigan-athletic,6,outside->eng-championship,recent_returner,0.63792714373356,0.33417131607226536,2.4225509301126618
eng-championship,2016-2017,current,preseason,2016-08-05,eng-championship:2016-2017:wolverhampton-wanderers:burton-albion,6,outside->eng-championship,no_target_history,1.3821523359985988,0.8482742772421371,2.2274883530574296
eng-championship,2016-2017,current,preseason,2016-08-05,eng-championship:2016-2017:aston-villa:nottingham-forest,6,eng-premier-league->eng-championship,no_target_history,1.3698961026834524,0.8444637708466138,3.2210381909011985
eng-championship,2016-2017,current,preseason,2016-08-05,eng-championship:2016-2017:fulham:burton-albion,7,outside->eng-championship,no_target_history,1.44206109727649,0.874558464728681,2.278627091256543
eng-championship,2016-2017,current,preseason,2016-08-05,eng-championship:2016-2017:norwich-city:wigan-athletic,7,mixed,mixed,0.5061348573186133,0.23785889363573362,2.396184668278876
eng-championship,2016-2017,current,preseason,2016-08-05,eng-championship:2016-2017:queens-park-rangers:newcastle-united,7,eng-premier-league->eng-championship,no_target_history,1.2043787680958566,0.7541751747016162,7.1518545438722
eng-championship,2016-2017,current,preseason,2016-08-05,eng-championship:2016-2017:wolverhampton-wanderers:barnsley,7,outside->eng-championship,recent_returner,1.3994374490535033,0.8823701221840208,5.562430622914235
eng-championship,2016-2017,current,preseason,2016-08-05,eng-championship:2016-2017:aston-villa:brentford,7,eng-premier-league->eng-championship,no_target_history,1.4348166857219657,0.8712831354197571,2.270811449136244
eng-championship,2016-2017,current,preseason,2016-08-05,eng-championship:2016-2017:barnsley:reading,8,outside->eng-championship,recent_returner,1.101990957211871,0.6783700299883435,2.6369464727134844
eng-championship,2016-2017,current,preseason,2016-08-05,eng-championship:2016-2017:burton-albion:brighton-hove-albion,8,outside->eng-championship,no_target_history,0.9175291366623174,0.5449972755104809,2.244690431596835
eng-championship,2016-2017,current,preseason,2016-08-05,eng-championship:2016-2017:ipswich-town:aston-villa,8,eng-premier-league->eng-championship,no_target_history,1.3730777678605206,0.8476918125617671,2.3514279736071675
eng-championship,2016-2017,current,preseason,2016-08-05,eng-championship:2016-2017:newcastle-united:wolverhampton-wanderers,8,eng-premier-league->eng-championship,no_target_history,1.151851993627986,0.7182324800926361,2.9505744009885833
eng-championship,2016-2017,current,preseason,2016-08-05,eng-championship:2016-2017:nottingham-forest:norwich-city,8,eng-premier-league->eng-championship,recent_returner,0.8326358730265839,0.4796153134400542,2.482766320612867
eng-championship,2016-2017,current,preseason,2016-08-05,eng-championship:2016-2017:wigan-athletic:fulham,8,outside->eng-championship,recent_returner,1.3852484841141703,0.8544675165205532,2.6421476852483687
eng-championship,2016-2017,current,preseason,2016-08-05,eng-championship:2016-2017:preston-north-end:wigan-athletic,9,outside->eng-championship,recent_returner,0.7786661404545795,0.43899282492580083,2.0231568025472755
eng-championship,2016-2017,current,preseason,2016-08-05,eng-championship:2016-2017:aston-villa:newcastle-united,9,mixed,mixed,1.4315909610618718,0.874972457354267,2.340694441024599
eng-championship,2016-2017,current,preseason,2016-08-05,eng-championship:2016-2017:brighton-hove-albion:barnsley,9,outside->eng-championship,recent_returner,0.5188260878106206,0.24695866384271434,2.1749049906418985
eng-championship,2016-2017,current,preseason,2016-08-05,eng-championship:2016-2017:norwich-city:burton-albion,9,mixed,mixed,0.5951933603452265,0.30179304398108603,3.0272328140881033
eng-championship,2016-2017,current,preseason,2016-08-05,eng-championship:2016-2017:barnsley:aston-villa,10,mixed,mixed,1.3816651052922102,0.8411945706047299,2.223809869518776
eng-championship,2016-2017,current,preseason,2016-08-05,eng-championship:2016-2017:burton-albion:queens-park-rangers,10,outside->eng-championship,no_target_history,1.3631845671323992,0.8341926401117921,2.208585913932679
eng-championship,2016-2017,current,preseason,2016-08-05,eng-championship:2016-2017:wigan-athletic:wolverhampton-wanderers,10,outside->eng-championship,recent_returner,0.9731447520626074,0.583577229272312,2.5653419755584492
eng-championship,2016-2017,current,preseason,2016-08-05,eng-championship:2016-2017:newcastle-united:norwich-city,10,mixed,mixed,1.1217517133256432,0.6983062515350664,5.622126730284535
eng-championship,2016-2017,population,preseason,2016-08-05,eng-championship:2016-2017:fulham:newcastle-united,1,eng-premier-league->eng-championship,no_target_history,0.9529732824615404,0.5770051011192628,2.4740552582030566
eng-championship,2016-2017,population,preseason,2016-08-05,eng-championship:2016-2017:blackburn-rovers:norwich-city,1,eng-premier-league->eng-championship,recent_returner,1.182616790310418,0.7384803605668381,4.684549731009238
eng-championship,2016-2017,population,preseason,2016-08-05,eng-championship:2016-2017:bristol-city:wigan-athletic,1,outside->eng-championship,recent_returner,0.9448905232130173,0.568901105474277,2.670538145323434
eng-championship,2016-2017,population,preseason,2016-08-05,eng-championship:2016-2017:ipswich-town:barnsley,1,outside->eng-championship,recent_returner,0.7994076458070251,0.4554721496120435,4.6590052646606415
eng-championship,2016-2017,population,preseason,2016-08-05,eng-championship:2016-2017:nottingham-forest:burton-albion,1,outside->eng-championship,no_target_history,0.8758905410319581,0.5133250279464026,5.561327263916884
eng-championship,2016-2017,population,preseason,2016-08-05,eng-championship:2016-2017:sheffield-wednesday:aston-villa,1,eng-premier-league->eng-championship,no_target_history,0.7273990570879069,0.4009797257415382,2.156732801682578
eng-championship,2016-2017,population,preseason,2016-08-05,eng-championship:2016-2017:aston-villa:rotherham-united,2,eng-premier-league->eng-championship,no_target_history,0.6856292371969068,0.36958496088447645,3.0057082591428674
eng-championship,2016-2017,population,preseason,2016-08-05,eng-championship:2016-2017:barnsley:derby-county,2,outside->eng-championship,recent_returner,1.0451951043543484,0.6419120382376959,2.8579386696029587
eng-championship,2016-2017,population,preseason,2016-08-05,eng-championship:2016-2017:burton-albion:bristol-city,2,outside->eng-championship,no_target_history,1.296233786855125,0.8266023492611348,2.8855445405043367
eng-championship,2016-2017,population,preseason,2016-08-05,eng-championship:2016-2017:newcastle-united:huddersfield-town,2,eng-premier-league->eng-championship,no_target_history,1.2878039508356347,0.8198962139021937,2.8773294151600743
eng-championship,2016-2017,population,preseason,2016-08-05,eng-championship:2016-2017:norwich-city:sheffield-wednesday,2,eng-premier-league->eng-championship,recent_returner,1.363117298874473,0.8308012676134763,2.3553856447730546
eng-championship,2016-2017,population,preseason,2016-08-05,eng-championship:2016-2017:wigan-athletic:blackburn-rovers,2,outside->eng-championship,recent_returner,0.8635598929615522,0.5039092064753584,3.295272119143558
eng-championship,2016-2017,population,preseason,2016-08-05,eng-championship:2016-2017:aston-villa:huddersfield-town,3,eng-premier-league->eng-championship,no_target_history,1.4569536902255404,0.9057165082793683,2.3011718304915885
eng-championship,2016-2017,population,preseason,2016-08-05,eng-championship:2016-2017:burton-albion:sheffield-wednesday,3,outside->eng-championship,no_target_history,0.9626420788372748,0.5787737107649727,3.418688560884168
eng-championship,2016-2017,population,preseason,2016-08-05,eng-championship:2016-2017:norwich-city:bristol-city,3,eng-premier-league->eng-championship,recent_returner,0.7022559973064777,0.3827426412864772,2.281775889679597
eng-championship,2016-2017,population,preseason,2016-08-05,eng-championship:2016-2017:wigan-athletic:birmingham-city,3,outside->eng-championship,recent_returner,1.3782238725402702,0.8475387978144574,2.23238004831303
eng-championship,2016-2017,population,preseason,2016-08-05,eng-championship:2016-2017:barnsley:queens-park-rangers,3,outside->eng-championship,recent_returner,0.8358527028784805,0.4834160854069096,3.85287056044563
eng-championship,2016-2017,population,preseason,2016-08-05,eng-championship:2016-2017:newcastle-united:reading,3,eng-premier-league->eng-championship,no_target_history,0.7352075021037692,0.40713616661946156,3.9017674948354215
eng-championship,2016-2017,population,preseason,2016-08-05,eng-championship:2016-2017:blackburn-rovers:burton-albion,4,outside->eng-championship,no_target_history,1.369481231695187,0.8430203514001884,3.2173675788071234
eng-championship,2016-2017,population,preseason,2016-08-05,eng-championship:2016-2017:bristol-city:newcastle-united,4,eng-premier-league->eng-championship,no_target_history,0.9940177172345014,0.6061366747160011,2.4181826026611546
eng-championship,2016-2017,population,preseason,2016-08-05,eng-championship:2016-2017:derby-county:aston-villa,4,eng-premier-league->eng-championship,no_target_history,1.4580280851411536,0.922336653755193,2.5031993359856983
eng-championship,2016-2017,population,preseason,2016-08-05,eng-championship:2016-2017:huddersfield-town:barnsley,4,outside->eng-championship,recent_returner,0.937630643766221,0.5629607457256925,2.659603622364987
eng-championship,2016-2017,population,preseason,2016-08-05,eng-championship:2016-2017:nottingham-forest:wigan-athletic,4,outside->eng-championship,recent_returner,0.8752947186334527,0.5129111019769566,5.575758660041824
eng-championship,2016-2017,population,preseason,2016-08-05,eng-championship:2016-2017:ipswich-town:norwich-city,4,eng-premier-league->eng-championship,recent_returner,1.3783928917949606,0.8507408555159366,2.2328563309913765
eng-championship,2016-2017,population,preseason,2016-08-05,eng-championship:2016-2017:burton-albion:derby-county,5,outside->eng-championship,no_target_history,1.0438080100282292,0.6408949015371055,2.37319314307104
eng-championship,2016-2017,population,preseason,2016-08-05,eng-championship:2016-2017:barnsley:rotherham-united,5,outside->eng-championship,recent_returner,0.686341474256971,0.37012684818173497,3.706920205962013
eng-championship,2016-2017,population,preseason,2016-08-05,eng-championship:2016-2017:birmingham-city:norwich-city,5,eng-premier-league->eng-championship,recent_returner,0.8540239216772234,0.49704921055835116,3.278776755806608
eng-championship,2016-2017,population,preseason,2016-08-05,eng-championship:2016-2017:bristol-city:aston-villa,5,eng-premier-league->eng-championship,no_target_history,0.9440057359667233,0.5681602632343541,3.329834851823982
eng-championship,2016-2017,population,preseason,2016-08-05,eng-championship:2016-2017:newcastle-united:brighton-hove-albion,5,eng-premier-league->eng-championship,no_target_history,1.0601468666034093,0.6515469073524451,2.8502308680023054
eng-championship,2016-2017,population,preseason,2016-08-05,eng-championship:2016-2017:wigan-athletic:queens-park-rangers,5,outside->eng-championship,recent_returner,1.154429459313386,0.7199872166041481,2.397227635827006
eng-championship,2016-2017,population,preseason,2016-08-05,eng-championship:2016-2017:derby-county:newcastle-united,6,eng-premier-league->eng-championship,no_target_history,1.4093394818924367,0.8986989094362057,3.2704016470434913
eng-championship,2016-2017,population,preseason,2016-08-05,eng-championship:2016-2017:norwich-city:cardiff-city,6,eng-premier-league->eng-championship,recent_returner,0.8469457296293758,0.4918350356301222,3.8580902857414654
eng-championship,2016-2017,population,preseason,2016-08-05,eng-championship:2016-2017:preston-north-end:barnsley,6,outside->eng-championship,recent_returner,1.1676779299083528,0.7232204277620605,2.8377020499338546
eng-championship,2016-2017,population,preseason,2016-08-05,eng-championship:2016-2017:sheffield-wednesday:wigan-athletic,6,outside->eng-championship,recent_returner,0.7281441395601477,0.4015676591260845,2.5732849559316593
eng-championship,2016-2017,population,preseason,2016-08-05,eng-championship:2016-2017:wolverhampton-wanderers:burton-albion,6,outside->eng-championship,no_target_history,1.392994842345105,0.8558003705393267,2.2364666143910625
eng-championship,2016-2017,population,preseason,2016-08-05,eng-championship:2016-2017:aston-villa:nottingham-forest,6,eng-premier-league->eng-championship,no_target_history,1.3772912318914627,0.8489655495197705,3.2092083239511915
eng-championship,2016-2017,population,preseason,2016-08-05,eng-championship:2016-2017:fulham:burton-albion,7,outside->eng-championship,no_target_history,1.448837647032975,0.8782226771911353,2.28611464172202
eng-championship,2016-2017,population,preseason,2016-08-05,eng-championship:2016-2017:norwich-city:wigan-athletic,7,mixed,mixed,0.8272448547004334,0.47897444382012894,2.7344354182064756
eng-championship,2016-2017,population,preseason,2016-08-05,eng-championship:2016-2017:queens-park-rangers:newcastle-united,7,eng-premier-league->eng-championship,no_target_history,1.150022137882595,0.7169001496613896,6.93230555016964
eng-championship,2016-2017,population,preseason,2016-08-05,eng-championship:2016-2017:wolverhampton-wanderers:barnsley,7,outside->eng-championship,recent_returner,1.1664604552466018,0.7295310116935874,4.773277095506715
eng-championship,2016-2017,population,preseason,2016-08-05,eng-championship:2016-2017:aston-villa:brentford,7,eng-premier-league->eng-championship,no_target_history,1.4415104622330872,0.874949953957815,2.2779335765039073
eng-championship,2016-2017,population,preseason,2016-08-05,eng-championship:2016-2017:barnsley:reading,8,outside->eng-championship,recent_returner,1.278999944552386,0.809147216298694,2.8699558304316826
eng-championship,2016-2017,population,preseason,2016-08-05,eng-championship:2016-2017:burton-albion:brighton-hove-albion,8,outside->eng-championship,no_target_history,0.9175739346471677,0.5453469439658176,2.2597913435987316
eng-championship,2016-2017,population,preseason,2016-08-05,eng-championship:2016-2017:ipswich-town:aston-villa,8,eng-premier-league->eng-championship,no_target_history,1.3801221733567195,0.8516831528955486,2.373759546691943
eng-championship,2016-2017,population,preseason,2016-08-05,eng-championship:2016-2017:newcastle-united:wolverhampton-wanderers,8,eng-premier-league->eng-championship,no_target_history,1.1340816926919601,0.7062155678351975,2.9389648725039343
eng-championship,2016-2017,population,preseason,2016-08-05,eng-championship:2016-2017:nottingham-forest:norwich-city,8,eng-premier-league->eng-championship,recent_returner,1.1151930808847603,0.6908416559345293,2.7680943434194782
eng-championship,2016-2017,population,preseason,2016-08-05,eng-championship:2016-2017:wigan-athletic:fulham,8,outside->eng-championship,recent_returner,1.4972922146088388,0.9320964913250426,2.697536858101369
eng-championship,2016-2017,population,preseason,2016-08-05,eng-championship:2016-2017:preston-north-end:wigan-athletic,9,outside->eng-championship,recent_returner,0.8672595179326008,0.5053358279113421,2.0929081183762737
eng-championship,2016-2017,population,preseason,2016-08-05,eng-championship:2016-2017:aston-villa:newcastle-united,9,mixed,mixed,1.440283618152628,0.879794197779209,2.347278977161951
eng-championship,2016-2017,population,preseason,2016-08-05,eng-championship:2016-2017:brighton-hove-albion:barnsley,9,outside->eng-championship,recent_returner,0.6491289667319494,0.3420188097428929,2.397690821773804
eng-championship,2016-2017,population,preseason,2016-08-05,eng-championship:2016-2017:norwich-city:burton-albion,9,mixed,mixed,0.8270354724116561,0.47882757127645204,3.316552747732781
eng-championship,2016-2017,population,preseason,2016-08-05,eng-championship:2016-2017:barnsley:aston-villa,10,mixed,mixed,1.4403791259864227,0.8798488259404659,2.3459965862344454
eng-championship,2016-2017,population,preseason,2016-08-05,eng-championship:2016-2017:burton-albion:queens-park-rangers,10,outside->eng-championship,no_target_history,1.383078010017109,0.8489553982191325,2.225469549378749
eng-championship,2016-2017,population,preseason,2016-08-05,eng-championship:2016-2017:wigan-athletic:wolverhampton-wanderers,10,outside->eng-championship,recent_returner,0.8463595115006439,0.4917278391720413,2.611738453388861
eng-championship,2016-2017,population,preseason,2016-08-05,eng-championship:2016-2017:newcastle-united:norwich-city,10,mixed,mixed,0.8269624080961296,0.4787761285764088,5.328804870454363
eng-championship,2016-2017,transition,preseason,2016-08-05,eng-championship:2016-2017:fulham:newcastle-united,1,eng-premier-league->eng-championship,no_target_history,1.1041052482049452,0.6854692433263311,2.525438373142988
eng-championship,2016-2017,transition,preseason,2016-08-05,eng-championship:2016-2017:blackburn-rovers:norwich-city,1,eng-premier-league->eng-championship,recent_returner,1.0537477821166377,0.6427634726813354,4.654313197708552
eng-championship,2016-2017,transition,preseason,2016-08-05,eng-championship:2016-2017:bristol-city:wigan-athletic,1,outside->eng-championship,recent_returner,0.8495306899709121,0.49339606677546116,2.4773524479152043
eng-championship,2016-2017,transition,preseason,2016-08-05,eng-championship:2016-2017:ipswich-town:barnsley,1,outside->eng-championship,recent_returner,0.7319756907740761,0.40411456694967374,4.779364882432331
eng-championship,2016-2017,transition,preseason,2016-08-05,eng-championship:2016-2017:nottingham-forest:burton-albion,1,outside->eng-championship,no_target_history,0.8092498190537013,0.46210099856444176,5.864964747658489
eng-championship,2016-2017,transition,preseason,2016-08-05,eng-championship:2016-2017:sheffield-wednesday:aston-villa,1,eng-premier-league->eng-championship,no_target_history,0.8491796109179064,0.49214945216107636,2.176795640016056
eng-championship,2016-2017,transition,preseason,2016-08-05,eng-championship:2016-2017:aston-villa:rotherham-united,2,eng-premier-league->eng-championship,no_target_history,0.5722549350771821,0.2852037094786517,2.7888745323134083
eng-championship,2016-2017,transition,preseason,2016-08-05,eng-championship:2016-2017:barnsley:derby-county,2,outside->eng-championship,recent_returner,1.158494606078435,0.7202219686532606,2.963840502740828
eng-championship,2016-2017,transition,preseason,2016-08-05,eng-championship:2016-2017:burton-albion:bristol-city,2,outside->eng-championship,no_target_history,1.1994585200229941,0.7506263852350012,2.6898498529896813
eng-championship,2016-2017,transition,preseason,2016-08-05,eng-championship:2016-2017:newcastle-united:huddersfield-town,2,eng-premier-league->eng-championship,no_target_history,1.5308544728872666,0.9742415141156795,2.916919687821694
eng-championship,2016-2017,transition,preseason,2016-08-05,eng-championship:2016-2017:norwich-city:sheffield-wednesday,2,eng-premier-league->eng-championship,recent_returner,1.3339488391745558,0.8221072295462974,2.4552606880930368
eng-championship,2016-2017,transition,preseason,2016-08-05,eng-championship:2016-2017:wigan-athletic:blackburn-rovers,2,outside->eng-championship,recent_returner,0.948544707006284,0.5657729284922902,3.479239135723578
eng-championship,2016-2017,transition,preseason,2016-08-05,eng-championship:2016-2017:aston-villa:huddersfield-town,3,eng-premier-league->eng-championship,no_target_history,1.4739845133706702,0.9487614353174741,2.237416668767416
eng-championship,2016-2017,transition,preseason,2016-08-05,eng-championship:2016-2017:burton-albion:sheffield-wednesday,3,outside->eng-championship,no_target_history,1.061311326805693,0.6486524588725118,3.4890598534240462
eng-championship,2016-2017,transition,preseason,2016-08-05,eng-championship:2016-2017:norwich-city:bristol-city,3,eng-premier-league->eng-championship,recent_returner,0.6163659639010834,0.31758055720321426,2.1830373182791774
eng-championship,2016-2017,transition,preseason,2016-08-05,eng-championship:2016-2017:wigan-athletic:birmingham-city,3,outside->eng-championship,recent_returner,1.3225376212039224,0.8100760310184956,2.0968319403442996
eng-championship,2016-2017,transition,preseason,2016-08-05,eng-championship:2016-2017:barnsley:queens-park-rangers,3,outside->eng-championship,recent_returner,0.9490806247753545,0.5668450814008958,3.8685105018549146
eng-championship,2016-2017,transition,preseason,2016-08-05,eng-championship:2016-2017:newcastle-united:reading,3,eng-premier-league->eng-championship,no_target_history,0.6169719867882858,0.31816398881876856,3.7798281573588666
eng-championship,2016-2017,transition,preseason,2016-08-05,eng-championship:2016-2017:blackburn-rovers:burton-albion,4,outside->eng-championship,no_target_history,1.3453550531188532,0.840272241892138,3.1319671071788715
eng-championship,2016-2017,transition,preseason,2016-08-05,eng-championship:2016-2017:bristol-city:newcastle-united,4,eng-premier-league->eng-championship,no_target_history,0.9066876571373529,0.5365446665493423,2.298544160438097
eng-championship,2016-2017,transition,preseason,2016-08-05,eng-championship:2016-2017:derby-county:aston-villa,4,eng-premier-league->eng-championship,no_target_history,1.3755074655045303,0.856313871092889,2.5629618128122846
eng-championship,2016-2017,transition,preseason,2016-08-05,eng-championship:2016-2017:huddersfield-town:barnsley,4,outside->eng-championship,recent_returner,0.871446909899914,0.5103136390486843,2.483677798766881
eng-championship,2016-2017,transition,preseason,2016-08-05,eng-championship:2016-2017:nottingham-forest:wigan-athletic,4,outside->eng-championship,recent_returner,0.809193378121726,0.4620669940516712,5.8651249089751465
eng-championship,2016-2017,transition,preseason,2016-08-05,eng-championship:2016-2017:ipswich-town:norwich-city,4,eng-premier-league->eng-championship,recent_returner,1.317459639536614,0.8055836614487972,2.0861323825998555
eng-championship,2016-2017,transition,preseason,2016-08-05,eng-championship:2016-2017:burton-albion:derby-county,5,outside->eng-championship,no_target_history,1.1565042835200563,0.7187965396311027,2.422419895118198
eng-championship,2016-2017,transition,preseason,2016-08-05,eng-championship:2016-2017:barnsley:rotherham-united,5,outside->eng-championship,recent_returner,0.7554147260743614,0.42188967168037295,4.011548218175184
eng-championship,2016-2017,transition,preseason,2016-08-05,eng-championship:2016-2017:birmingham-city:norwich-city,5,eng-premier-league->eng-championship,recent_returner,1.0010804298508755,0.6049452103270022,3.5744216980430643
eng-championship,2016-2017,transition,preseason,2016-08-05,eng-championship:2016-2017:bristol-city:aston-villa,5,eng-premier-league->eng-championship,no_target_history,1.078852828361668,0.6642319513210138,3.4391817837658407
eng-championship,2016-2017,transition,preseason,2016-08-05,eng-championship:2016-2017:newcastle-united:brighton-hove-albion,5,eng-premier-league->eng-championship,no_target_history,0.9343214097197454,0.5559128851149183,2.655741053579691
eng-championship,2016-2017,transition,preseason,2016-08-05,eng-championship:2016-2017:wigan-athletic:queens-park-rangers,5,outside->eng-championship,recent_returner,1.057302359374972,0.6462783839312347,2.2859999372405775
eng-championship,2016-2017,transition,preseason,2016-08-05,eng-championship:2016-2017:derby-county:newcastle-united,6,eng-premier-league->eng-championship,no_target_history,1.2820731201182867,0.8065896313843869,3.094093938071972
eng-championship,2016-2017,transition,preseason,2016-08-05,eng-championship:2016-2017:norwich-city:cardiff-city,6,eng-premier-league->eng-championship,recent_returner,0.7370592917867176,0.40797671478035136,3.768590494549945
eng-championship,2016-2017,transition,preseason,2016-08-05,eng-championship:2016-2017:preston-north-end:barnsley,6,outside->eng-championship,recent_returner,1.2105543773784453,0.7528254222307867,2.7296400802558307
eng-championship,2016-2017,transition,preseason,2016-08-05,eng-championship:2016-2017:sheffield-wednesday:wigan-athletic,6,outside->eng-championship,recent_returner,0.6613018141454196,0.35121875887673093,2.417554450173328
eng-championship,2016-2017,transition,preseason,2016-08-05,eng-championship:2016-2017:wolverhampton-wanderers:burton-albion,6,outside->eng-championship,no_target_history,1.3643925177975191,0.8492774367522076,2.134884382409033
eng-championship,2016-2017,transition,preseason,2016-08-05,eng-championship:2016-2017:aston-villa:nottingham-forest,6,eng-premier-league->eng-championship,no_target_history,1.3753136223278686,0.8704242179724473,3.1333814850429524
eng-championship,2016-2017,transition,preseason,2016-08-05,eng-championship:2016-2017:fulham:burton-albion,7,outside->eng-championship,no_target_history,1.3928118499989686,0.8516397337981254,2.1624647425890227
eng-championship,2016-2017,transition,preseason,2016-08-05,eng-championship:2016-2017:norwich-city:wigan-athletic,7,mixed,mixed,0.6411863985057993,0.33607422678309445,2.4051710243976103
eng-championship,2016-2017,transition,preseason,2016-08-05,eng-championship:2016-2017:queens-park-rangers:newcastle-united,7,eng-premier-league->eng-championship,no_target_history,1.057517767802867,0.6465834263446172,7.561372434883159
eng-championship,2016-2017,transition,preseason,2016-08-05,eng-championship:2016-2017:wolverhampton-wanderers:barnsley,7,outside->eng-championship,recent_returner,1.2816730321811929,0.8051870548245649,5.2526109998270245
eng-championship,2016-2017,transition,preseason,2016-08-05,eng-championship:2016-2017:aston-villa:brentford,7,eng-premier-league->eng-championship,no_target_history,1.407829285123336,0.8680403803551112,2.1738441505817434
eng-championship,2016-2017,transition,preseason,2016-08-05,eng-championship:2016-2017:barnsley:reading,8,outside->eng-championship,recent_returner,1.2198901876547183,0.7625493942799184,2.715578319348098
eng-championship,2016-2017,transition,preseason,2016-08-05,eng-championship:2016-2017:burton-albion:brighton-hove-albion,8,outside->eng-championship,no_target_history,0.8516922986665112,0.49416198716118526,2.1672359563829593
eng-championship,2016-2017,transition,preseason,2016-08-05,eng-championship:2016-2017:ipswich-town:aston-villa,8,eng-premier-league->eng-championship,no_target_history,1.3184278330121657,0.8061931068873704,2.4260537538839806
eng-championship,2016-2017,transition,preseason,2016-08-05,eng-championship:2016-2017:newcastle-united:wolverhampton-wanderers,8,eng-premier-league->eng-championship,no_target_history,1.3448052955282732,0.84802061508557,3.168385058733975
eng-championship,2016-2017,transition,preseason,2016-08-05,eng-championship:2016-2017:nottingham-forest:norwich-city,8,eng-premier-league->eng-championship,recent_returner,0.9895629351357876,0.5962700809222851,2.5652373441383256
eng-championship,2016-2017,transition,preseason,2016-08-05,eng-championship:2016-2017:wigan-athletic:fulham,8,outside->eng-championship,recent_returner,1.4090801182703239,0.8706050638874983,2.703461648623915
eng-championship,2016-2017,transition,preseason,2016-08-05,eng-championship:2016-2017:preston-north-end:wigan-athletic,9,outside->eng-championship,recent_returner,0.835067319186622,0.48125041667598767,2.100551188552515
eng-championship,2016-2017,transition,preseason,2016-08-05,eng-championship:2016-2017:aston-villa:newcastle-united,9,mixed,mixed,1.3690911607887055,0.8420764084625347,2.1366134955485006
eng-championship,2016-2017,transition,preseason,2016-08-05,eng-championship:2016-2017:brighton-hove-albion:barnsley,9,outside->eng-championship,recent_returner,0.582075548444348,0.29255897086829896,2.2453859202834647
eng-championship,2016-2017,transition,preseason,2016-08-05,eng-championship:2016-2017:norwich-city:burton-albion,9,mixed,mixed,0.6422431494882828,0.33686391125248083,2.97849920915126
eng-championship,2016-2017,transition,preseason,2016-08-05,eng-championship:2016-2017:barnsley:aston-villa,10,mixed,mixed,1.3551147375694081,0.8269774535752159,2.1272365589100053
eng-championship,2016-2017,transition,preseason,2016-08-05,eng-championship:2016-2017:burton-albion:queens-park-rangers,10,outside->eng-championship,no_target_history,1.3274217728814026,0.8108137286052222,2.0995713231288664
eng-championship,2016-2017,transition,preseason,2016-08-05,eng-championship:2016-2017:wigan-athletic:wolverhampton-wanderers,10,outside->eng-championship,recent_returner,0.9208784976633678,0.5461471997059681,2.529269627367658
eng-championship,2016-2017,transition,preseason,2016-08-05,eng-championship:2016-2017:newcastle-united:norwich-city,10,mixed,mixed,0.8294961735320644,0.4782004147998067,5.592918177360908
eng-championship,2016-2017,source,preseason,2016-08-05,eng-championship:2016-2017:fulham:newcastle-united,1,eng-premier-league->eng-championship,no_target_history,1.1311659047040794,0.7035629044737262,2.495703979266932
eng-championship,2016-2017,source,preseason,2016-08-05,eng-championship:2016-2017:blackburn-rovers:norwich-city,1,eng-premier-league->eng-championship,recent_returner,1.0493718317736758,0.6390748953341014,4.6571967869068525
eng-championship,2016-2017,source,preseason,2016-08-05,eng-championship:2016-2017:bristol-city:wigan-athletic,1,outside->eng-championship,recent_returner,0.8434407255694537,0.4888592647089892,2.4735541094658817
eng-championship,2016-2017,source,preseason,2016-08-05,eng-championship:2016-2017:ipswich-town:barnsley,1,outside->eng-championship,recent_returner,0.7263101370266789,0.39986803529251835,4.763309337795803
eng-championship,2016-2017,source,preseason,2016-08-05,eng-championship:2016-2017:nottingham-forest:burton-albion,1,outside->eng-championship,no_target_history,0.8031748235603171,0.457569461771395,5.848784442707794
eng-championship,2016-2017,source,preseason,2016-08-05,eng-championship:2016-2017:sheffield-wednesday:aston-villa,1,eng-premier-league->eng-championship,no_target_history,0.8142522505673431,0.4666674465184635,2.2564587779931933
eng-championship,2016-2017,source,preseason,2016-08-05,eng-championship:2016-2017:aston-villa:rotherham-united,2,eng-premier-league->eng-championship,no_target_history,0.5676732992531509,0.2815624326721928,2.812965507552569
eng-championship,2016-2017,source,preseason,2016-08-05,eng-championship:2016-2017:barnsley:derby-county,2,outside->eng-championship,recent_returner,1.1643066885598274,0.7245394118641061,2.97339697099254
eng-championship,2016-2017,source,preseason,2016-08-05,eng-championship:2016-2017:burton-albion:bristol-city,2,outside->eng-championship,no_target_history,1.1929171454621825,0.7462433021463931,2.6843816556769147
eng-championship,2016-2017,source,preseason,2016-08-05,eng-championship:2016-2017:newcastle-united:huddersfield-town,2,eng-premier-league->eng-championship,no_target_history,1.5474804514717222,0.981088778156543,2.9332142612700878
eng-championship,2016-2017,source,preseason,2016-08-05,eng-championship:2016-2017:norwich-city:sheffield-wednesday,2,eng-premier-league->eng-championship,recent_returner,1.3264553635741385,0.8184835923125086,2.435705966277399
eng-championship,2016-2017,source,preseason,2016-08-05,eng-championship:2016-2017:wigan-athletic:blackburn-rovers,2,outside->eng-championship,recent_returner,0.9531136089604443,0.5692220595514894,3.487426428451214
eng-championship,2016-2017,source,preseason,2016-08-05,eng-championship:2016-2017:aston-villa:huddersfield-town,3,eng-premier-league->eng-championship,no_target_history,1.5050658409715165,0.9638455201840044,2.276946309443051
eng-championship,2016-2017,source,preseason,2016-08-05,eng-championship:2016-2017:burton-albion:sheffield-wednesday,3,outside->eng-championship,no_target_history,1.0664244706017305,0.6524820365422122,3.49136858939506
eng-championship,2016-2017,source,preseason,2016-08-05,eng-championship:2016-2017:norwich-city:bristol-city,3,eng-premier-league->eng-championship,recent_returner,0.6121873989702422,0.31452482569325324,2.169552094221342
eng-championship,2016-2017,source,preseason,2016-08-05,eng-championship:2016-2017:wigan-athletic:birmingham-city,3,outside->eng-championship,recent_returner,1.3240009234691361,0.8106321020236092,2.0977580235400985
eng-championship,2016-2017,source,preseason,2016-08-05,eng-championship:2016-2017:barnsley:queens-park-rangers,3,outside->eng-championship,recent_returner,0.9359855791869748,0.5573343006329904,3.842744194231649
eng-championship,2016-2017,source,preseason,2016-08-05,eng-championship:2016-2017:newcastle-united:reading,3,eng-premier-league->eng-championship,no_target_history,0.6181189532357765,0.3192027111357501,3.821384404683402
eng-championship,2016-2017,source,preseason,2016-08-05,eng-championship:2016-2017:blackburn-rovers:burton-albion,4,outside->eng-championship,no_target_history,1.3490013279395285,0.8432903512136033,3.128887177531464
eng-championship,2016-2017,source,preseason,2016-08-05,eng-championship:2016-2017:bristol-city:newcastle-united,4,eng-premier-league->eng-championship,no_target_history,0.9048024143352081,0.5343631326222631,2.2570129736336453
eng-championship,2016-2017,source,preseason,2016-08-05,eng-championship:2016-2017:derby-county:aston-villa,4,eng-premier-league->eng-championship,no_target_history,1.4187838900998777,0.8850891114684157,2.730670778075656
eng-championship,2016-2017,source,preseason,2016-08-05,eng-championship:2016-2017:huddersfield-town:barnsley,4,outside->eng-championship,recent_returner,0.8647316108967209,0.5053009895252221,2.479703093708191
eng-championship,2016-2017,source,preseason,2016-08-05,eng-championship:2016-2017:nottingham-forest:wigan-athletic,4,outside->eng-championship,recent_returner,0.8031490178309179,0.45755819563482875,5.84891436478863
eng-championship,2016-2017,source,preseason,2016-08-05,eng-championship:2016-2017:ipswich-town:norwich-city,4,eng-premier-league->eng-championship,recent_returner,1.3084223665471972,0.7999707010459549,2.077478342623546
eng-championship,2016-2017,source,preseason,2016-08-05,eng-championship:2016-2017:burton-albion:derby-county,5,outside->eng-championship,no_target_history,1.16226080410942,0.7230763242201664,2.431653421925965
eng-championship,2016-2017,source,preseason,2016-08-05,eng-championship:2016-2017:barnsley:rotherham-united,5,outside->eng-championship,recent_returner,0.759313919739823,0.42485275328889727,4.019621495852048
eng-championship,2016-2017,source,preseason,2016-08-05,eng-championship:2016-2017:birmingham-city:norwich-city,5,eng-premier-league->eng-championship,recent_returner,1.0115211131178017,0.6121358300401508,3.601067343925516
eng-championship,2016-2017,source,preseason,2016-08-05,eng-championship:2016-2017:bristol-city:aston-villa,5,eng-premier-league->eng-championship,no_target_history,1.0474563695353998,0.6438198920633188,3.344852311045941
eng-championship,2016-2017,source,preseason,2016-08-05,eng-championship:2016-2017:newcastle-united:brighton-hove-albion,5,eng-premier-league->eng-championship,no_target_history,0.9327383133759456,0.5540118753518294,2.6396838660711013
eng-championship,2016-2017,source,preseason,2016-08-05,eng-championship:2016-2017:wigan-athletic:queens-park-rangers,5,outside->eng-championship,recent_returner,1.067646084757391,0.6541198249738446,2.3055739151712626
eng-championship,2016-2017,source,preseason,2016-08-05,eng-championship:2016-2017:derby-county:newcastle-united,6,eng-premier-league->eng-championship,no_target_history,1.2775307777079539,0.8012840933693166,3.078489557678621
eng-championship,2016-2017,source,preseason,2016-08-05,eng-championship:2016-2017:norwich-city:cardiff-city,6,eng-premier-league->eng-championship,recent_returner,0.7298266472796857,0.4025099798213466,3.776280300944388
eng-championship,2016-2017,source,preseason,2016-08-05,eng-championship:2016-2017:preston-north-end:barnsley,6,outside->eng-championship,recent_returner,1.215758689937528,0.7566430322228582,2.7316242495621146
eng-championship,2016-2017,source,preseason,2016-08-05,eng-championship:2016-2017:sheffield-wednesday:wigan-athletic,6,outside->eng-championship,recent_returner,0.6558570003727607,0.34714873365488624,2.4148591605889287
eng-championship,2016-2017,source,preseason,2016-08-05,eng-championship:2016-2017:wolverhampton-wanderers:burton-albion,6,outside->eng-championship,no_target_history,1.3679393900282888,0.8521509006825472,2.1380899855239104
eng-championship,2016-2017,source,preseason,2016-08-05,eng-championship:2016-2017:aston-villa:nottingham-forest,6,eng-premier-league->eng-championship,no_target_history,1.4054707149616774,0.8858691602218126,3.0457044491963714
eng-championship,2016-2017,source,preseason,2016-08-05,eng-championship:2016-2017:fulham:burton-albion,7,outside->eng-championship,no_target_history,1.3972940179999778,0.8539204886032713,2.167845087134388
eng-championship,2016-2017,source,preseason,2016-08-05,eng-championship:2016-2017:norwich-city:wigan-athletic,7,mixed,mixed,0.6330449727918175,0.33002864323776426,2.400529178331821
eng-championship,2016-2017,source,preseason,2016-08-05,eng-championship:2016-2017:queens-park-rangers:newcastle-united,7,eng-premier-league->eng-championship,no_target_history,1.0366433535507882,0.6304359093268388,7.555677080238802
eng-championship,2016-2017,source,preseason,2016-08-05,eng-championship:2016-2017:wolverhampton-wanderers:barnsley,7,outside->eng-championship,recent_returner,1.2880585454376017,0.8097830109581934,5.263254669102542
eng-championship,2016-2017,source,preseason,2016-08-05,eng-championship:2016-2017:aston-villa:brentford,7,eng-premier-league->eng-championship,no_target_history,1.4375019829854994,0.8827613308511503,2.216169144076221
eng-championship,2016-2017,source,preseason,2016-08-05,eng-championship:2016-2017:barnsley:reading,8,outside->eng-championship,recent_returner,1.2129759662517194,0.7579362461763095,2.709629303137799
eng-championship,2016-2017,source,preseason,2016-08-05,eng-championship:2016-2017:burton-albion:brighton-hove-albion,8,outside->eng-championship,no_target_history,0.8458740814167223,0.4898438424913186,2.1695062035818777
eng-championship,2016-2017,source,preseason,2016-08-05,eng-championship:2016-2017:ipswich-town:aston-villa,8,eng-premier-league->eng-championship,no_target_history,1.3537991751032292,0.8278313445143101,2.57092589051927
eng-championship,2016-2017,source,preseason,2016-08-05,eng-championship:2016-2017:newcastle-united:wolverhampton-wanderers,8,eng-premier-league->eng-championship,no_target_history,1.3616959759976344,0.8567477842200113,3.1709226035409293
eng-championship,2016-2017,source,preseason,2016-08-05,eng-championship:2016-2017:nottingham-forest:norwich-city,8,eng-premier-league->eng-championship,recent_returner,0.9854036139499991,0.5928297767887152,2.560940190499882
eng-championship,2016-2017,source,preseason,2016-08-05,eng-championship:2016-2017:wigan-athletic:fulham,8,outside->eng-championship,recent_returner,1.4150553549373348,0.8745468327173397,2.7250602329480698
eng-championship,2016-2017,source,preseason,2016-08-05,eng-championship:2016-2017:preston-north-end:wigan-athletic,9,outside->eng-championship,recent_returner,0.8294916793504612,0.47711988387648396,2.1034470725857357
eng-championship,2016-2017,source,preseason,2016-08-05,eng-championship:2016-2017:aston-villa:newcastle-united,9,mixed,mixed,1.377566375082055,0.8446688994234499,2.1455811523709922
eng-championship,2016-2017,source,preseason,2016-08-05,eng-championship:2016-2017:brighton-hove-albion:barnsley,9,outside->eng-championship,recent_returner,0.5769697380632565,0.2887977376798453,2.2431846710367287
eng-championship,2016-2017,source,preseason,2016-08-05,eng-championship:2016-2017:norwich-city:burton-albion,9,mixed,mixed,0.6341163091579024,0.3308268114810267,2.972332205828124
eng-championship,2016-2017,source,preseason,2016-08-05,eng-championship:2016-2017:barnsley:aston-villa,10,mixed,mixed,1.3877310111683134,0.845130099227338,2.161755680788623
eng-championship,2016-2017,source,preseason,2016-08-05,eng-championship:2016-2017:burton-albion:queens-park-rangers,10,outside->eng-championship,no_target_history,1.3329423437062848,0.8144187608647092,2.1040058842577665
eng-championship,2016-2017,source,preseason,2016-08-05,eng-championship:2016-2017:wigan-athletic:wolverhampton-wanderers,10,outside->eng-championship,recent_returner,0.9251380439641168,0.5494029861050296,2.5306271860670364
eng-championship,2016-2017,source,preseason,2016-08-05,eng-championship:2016-2017:newcastle-united:norwich-city,10,mixed,mixed,0.8378337690262638,0.4838033613210861,5.722801372639541
eng-championship,2016-2017,memory,preseason,2016-08-05,eng-championship:2016-2017:fulham:newcastle-united,1,eng-premier-league->eng-championship,no_target_history,1.1112096633705748,0.6896516070816572,2.500372845546379
eng-championship,2016-2017,memory,preseason,2016-08-05,eng-championship:2016-2017:blackburn-rovers:norwich-city,1,eng-premier-league->eng-championship,recent_returner,1.0165795868624776,0.6158544548339117,4.53538728525598
eng-championship,2016-2017,memory,preseason,2016-08-05,eng-championship:2016-2017:bristol-city:wigan-athletic,1,outside->eng-championship,recent_returner,0.8022457672856964,0.4573858447920215,2.4782766642805374
eng-championship,2016-2017,memory,preseason,2016-08-05,eng-championship:2016-2017:ipswich-town:barnsley,1,outside->eng-championship,recent_returner,0.7006609382840165,0.38064928691225575,4.749409867482286
eng-championship,2016-2017,memory,preseason,2016-08-05,eng-championship:2016-2017:nottingham-forest:burton-albion,1,outside->eng-championship,no_target_history,0.8091510200566572,0.4620636291871174,5.844379859398639
eng-championship,2016-2017,memory,preseason,2016-08-05,eng-championship:2016-2017:sheffield-wednesday:aston-villa,1,eng-premier-league->eng-championship,no_target_history,0.7965468820702511,0.45330955282077967,2.2524263907385382
eng-championship,2016-2017,memory,preseason,2016-08-05,eng-championship:2016-2017:aston-villa:rotherham-united,2,eng-premier-league->eng-championship,no_target_history,0.582007890736074,0.292080604196581,2.8407643022498994
eng-championship,2016-2017,memory,preseason,2016-08-05,eng-championship:2016-2017:barnsley:derby-county,2,outside->eng-championship,recent_returner,1.2030751141449316,0.751736567898377,3.0168908538124026
eng-championship,2016-2017,memory,preseason,2016-08-05,eng-championship:2016-2017:burton-albion:bristol-city,2,outside->eng-championship,no_target_history,1.210884066842585,0.759408271837936,2.694494150014685
eng-championship,2016-2017,memory,preseason,2016-08-05,eng-championship:2016-2017:newcastle-united:huddersfield-town,2,eng-premier-league->eng-championship,no_target_history,1.524189117605734,0.967566129686773,2.9128540669068066
eng-championship,2016-2017,memory,preseason,2016-08-05,eng-championship:2016-2017:norwich-city:sheffield-wednesday,2,eng-premier-league->eng-championship,recent_returner,1.3414467944163997,0.8300923961824332,2.4505052385942756
eng-championship,2016-2017,memory,preseason,2016-08-05,eng-championship:2016-2017:wigan-athletic:blackburn-rovers,2,outside->eng-championship,recent_returner,1.0221713385825217,0.6189197536392245,3.605502313305996
eng-championship,2016-2017,memory,preseason,2016-08-05,eng-championship:2016-2017:aston-villa:huddersfield-town,3,eng-premier-league->eng-championship,no_target_history,1.4985436414550344,0.9559217813716422,2.2714513524959443
eng-championship,2016-2017,memory,preseason,2016-08-05,eng-championship:2016-2017:burton-albion:sheffield-wednesday,3,outside->eng-championship,no_target_history,1.0585825356683107,0.6468562475912173,3.4811529078689425
eng-championship,2016-2017,memory,preseason,2016-08-05,eng-championship:2016-2017:norwich-city:bristol-city,3,eng-premier-league->eng-championship,recent_returner,0.5829563330819083,0.29285884724728023,2.1974121300680913
eng-championship,2016-2017,memory,preseason,2016-08-05,eng-championship:2016-2017:wigan-athletic:birmingham-city,3,outside->eng-championship,recent_returner,1.3024253400330918,0.7955753028933096,2.0936450797585042
eng-championship,2016-2017,memory,preseason,2016-08-05,eng-championship:2016-2017:barnsley:queens-park-rangers,3,outside->eng-championship,recent_returner,0.9735871522050292,0.5850605284133279,3.8829437485928553
eng-championship,2016-2017,memory,preseason,2016-08-05,eng-championship:2016-2017:newcastle-united:reading,3,eng-premier-league->eng-championship,no_target_history,0.6270293459452052,0.3257310048376591,3.821405807109161
eng-championship,2016-2017,memory,preseason,2016-08-05,eng-championship:2016-2017:blackburn-rovers:burton-albion,4,outside->eng-championship,no_target_history,1.3478203120157628,0.8415954259821261,3.1246584310030086
eng-championship,2016-2017,memory,preseason,2016-08-05,eng-championship:2016-2017:bristol-city:newcastle-united,4,eng-premier-league->eng-championship,no_target_history,0.9082197760681148,0.5372968087657664,2.284651561291699
eng-championship,2016-2017,memory,preseason,2016-08-05,eng-championship:2016-2017:derby-county:aston-villa,4,eng-premier-league->eng-championship,no_target_history,1.4269554052486597,0.8927338865794352,2.7430453781226642
eng-championship,2016-2017,memory,preseason,2016-08-05,eng-championship:2016-2017:huddersfield-town:barnsley,4,outside->eng-championship,recent_returner,0.8340058836774575,0.48195518239221324,2.4698830463502217
eng-championship,2016-2017,memory,preseason,2016-08-05,eng-championship:2016-2017:nottingham-forest:wigan-athletic,4,outside->eng-championship,recent_returner,0.7605423676790053,0.42548899613969304,5.968190516472129
eng-championship,2016-2017,memory,preseason,2016-08-05,eng-championship:2016-2017:ipswich-town:norwich-city,4,eng-premier-league->eng-championship,recent_returner,1.3172256023174005,0.8043847007577792,2.0917301430736774
eng-championship,2016-2017,memory,preseason,2016-08-05,eng-championship:2016-2017:burton-albion:derby-county,5,outside->eng-championship,no_target_history,1.153910480364735,0.7172001063227327,2.427048279081249
eng-championship,2016-2017,memory,preseason,2016-08-05,eng-championship:2016-2017:barnsley:rotherham-united,5,outside->eng-championship,recent_returner,0.7914774659752908,0.44910650168098676,4.094065684492236
eng-championship,2016-2017,memory,preseason,2016-08-05,eng-championship:2016-2017:birmingham-city:norwich-city,5,eng-premier-league->eng-championship,recent_returner,1.0359987213533262,0.6305519940015788,3.634274855326857
eng-championship,2016-2017,memory,preseason,2016-08-05,eng-championship:2016-2017:bristol-city:aston-villa,5,eng-premier-league->eng-championship,no_target_history,1.0348712416408332,0.6349284669160191,3.3237113521922996
eng-championship,2016-2017,memory,preseason,2016-08-05,eng-championship:2016-2017:newcastle-united:brighton-hove-albion,5,eng-premier-league->eng-championship,no_target_history,0.9462201416734415,0.5641978470539996,2.662684747194189
eng-championship,2016-2017,memory,preseason,2016-08-05,eng-championship:2016-2017:wigan-athletic:queens-park-rangers,5,outside->eng-championship,recent_returner,1.0060982057939933,0.6082122421555487,2.2000514165295533
eng-championship,2016-2017,memory,preseason,2016-08-05,eng-championship:2016-2017:derby-county:newcastle-united,6,eng-premier-league->eng-championship,no_target_history,1.2956669243892605,0.8143090377227877,3.106530892140494
eng-championship,2016-2017,memory,preseason,2016-08-05,eng-championship:2016-2017:norwich-city:cardiff-city,6,eng-premier-league->eng-championship,recent_returner,0.7065951509815485,0.38508783682070646,3.756224945408166
eng-championship,2016-2017,memory,preseason,2016-08-05,eng-championship:2016-2017:preston-north-end:barnsley,6,outside->eng-championship,recent_returner,1.259570146915957,0.786376763176321,2.7690170631448474
eng-championship,2016-2017,memory,preseason,2016-08-05,eng-championship:2016-2017:sheffield-wednesday:wigan-athletic,6,outside->eng-championship,recent_returner,0.6212281247271958,0.32160487195642345,2.4327914969036897
eng-championship,2016-2017,memory,preseason,2016-08-05,eng-championship:2016-2017:wolverhampton-wanderers:burton-albion,6,outside->eng-championship,no_target_history,1.366410486914092,0.850222535964363,2.1362345339621545
eng-championship,2016-2017,memory,preseason,2016-08-05,eng-championship:2016-2017:aston-villa:nottingham-forest,6,eng-premier-league->eng-championship,no_target_history,1.4015524821939493,0.8803947728935723,3.037943716730401
eng-championship,2016-2017,memory,preseason,2016-08-05,eng-championship:2016-2017:fulham:burton-albion,7,outside->eng-championship,no_target_history,1.3971602218736263,0.853323563909774,2.167715604024975
eng-championship,2016-2017,memory,preseason,2016-08-05,eng-championship:2016-2017:norwich-city:wigan-athletic,7,mixed,mixed,0.579165476031212,0.29026157387830304,2.42808746902729
eng-championship,2016-2017,memory,preseason,2016-08-05,eng-championship:2016-2017:queens-park-rangers:newcastle-united,7,eng-premier-league->eng-championship,no_target_history,1.0546588085492647,0.6437721855121743,7.593340448201156
eng-championship,2016-2017,memory,preseason,2016-08-05,eng-championship:2016-2017:wolverhampton-wanderers:barnsley,7,outside->eng-championship,recent_returner,1.3274035800315247,0.8361992082043018,5.344029145385437
eng-championship,2016-2017,memory,preseason,2016-08-05,eng-championship:2016-2017:aston-villa:brentford,7,eng-premier-league->eng-championship,no_target_history,1.4361163018004033,0.8800157767912695,2.215839120673073
eng-championship,2016-2017,memory,preseason,2016-08-05,eng-championship:2016-2017:barnsley:reading,8,outside->eng-championship,recent_returner,1.1747475563283434,0.7309589584816416,2.6886827687755623
eng-championship,2016-2017,memory,preseason,2016-08-05,eng-championship:2016-2017:burton-albion:brighton-hove-albion,8,outside->eng-championship,no_target_history,0.852025540894358,0.4944781080030676,2.175918115952837
eng-championship,2016-2017,memory,preseason,2016-08-05,eng-championship:2016-2017:ipswich-town:aston-villa,8,eng-premier-league->eng-championship,no_target_history,1.3580367631814287,0.8313690260487997,2.5789301932098785
eng-championship,2016-2017,memory,preseason,2016-08-05,eng-championship:2016-2017:newcastle-united:wolverhampton-wanderers,8,eng-premier-league->eng-championship,no_target_history,1.3411253888809946,0.8438147271850295,3.150603865869482
eng-championship,2016-2017,memory,preseason,2016-08-05,eng-championship:2016-2017:nottingham-forest:norwich-city,8,eng-premier-league->eng-championship,recent_returner,0.9551740513816864,0.5710159340156797,2.5528839300524933
eng-championship,2016-2017,memory,preseason,2016-08-05,eng-championship:2016-2017:wigan-athletic:fulham,8,outside->eng-championship,recent_returner,1.3868154095628416,0.8512849135574704,2.608407340904165
eng-championship,2016-2017,memory,preseason,2016-08-05,eng-championship:2016-2017:preston-north-end:wigan-athletic,9,outside->eng-championship,recent_returner,0.7825291354351638,0.44188970896276464,2.024178880257736
eng-championship,2016-2017,memory,preseason,2016-08-05,eng-championship:2016-2017:aston-villa:newcastle-united,9,mixed,mixed,1.38482195999127,0.8486219725111608,2.15418036166224
eng-championship,2016-2017,memory,preseason,2016-08-05,eng-championship:2016-2017:brighton-hove-albion:barnsley,9,outside->eng-championship,recent_returner,0.5557435499413952,0.27335744646066257,2.217910240703283
eng-championship,2016-2017,memory,preseason,2016-08-05,eng-championship:2016-2017:norwich-city:burton-albion,9,mixed,mixed,0.6183611293436029,0.3190708033145951,2.9542846944812413
eng-championship,2016-2017,memory,preseason,2016-08-05,eng-championship:2016-2017:barnsley:aston-villa,10,mixed,mixed,1.3889988264720257,0.8463059082643711,2.1648040457055844
eng-championship,2016-2017,memory,preseason,2016-08-05,eng-championship:2016-2017:burton-albion:queens-park-rangers,10,outside->eng-championship,no_target_history,1.3326858082768196,0.8144393222073073,2.1037492494489234
eng-championship,2016-2017,memory,preseason,2016-08-05,eng-championship:2016-2017:wigan-athletic:wolverhampton-wanderers,10,outside->eng-championship,recent_returner,0.992172829176678,0.5983151036202229,2.5964173049454518
eng-championship,2016-2017,memory,preseason,2016-08-05,eng-championship:2016-2017:newcastle-united:norwich-city,10,mixed,mixed,0.872596244658346,0.5103412012645363,5.6685092557869385
eng-championship,2017-2018,current,preseason,2017-08-04,eng-championship:2017-2018:nottingham-forest:millwall,1,outside->eng-championship,recent_returner,0.672101605511186,0.35923958816302926,2.1963762709720074
eng-championship,2017-2018,current,preseason,2017-08-04,eng-championship:2017-2018:sunderland:derby-county,1,eng-premier-league->eng-championship,no_target_history,1.4000023893018536,0.8534038809858098,2.24941509938368
eng-championship,2017-2018,current,preseason,2017-08-04,eng-championship:2017-2018:aston-villa:hull-city,1,eng-premier-league->eng-championship,recent_returner,1.2666618295107257,0.7746811197216114,2.0577831879616393
eng-championship,2017-2018,current,preseason,2017-08-04,eng-championship:2017-2018:sheffield-united:brentford,1,outside->eng-championship,stale_history,1.0435373166799817,0.6431198038745359,2.5318275444123906
eng-championship,2017-2018,current,preseason,2017-08-04,eng-championship:2017-2018:wolverhampton-wanderers:middlesbrough,1,eng-premier-league->eng-championship,recent_returner,1.1002424624529277,0.6762379540696193,2.2981374959782483
eng-championship,2017-2018,current,preseason,2017-08-04,eng-championship:2017-2018:bolton-wanderers:leeds-united,1,outside->eng-championship,recent_returner,0.8534700332674989,0.49583480192016277,3.7773653192009515
eng-championship,2017-2018,current,preseason,2017-08-04,eng-championship:2017-2018:hull-city:burton-albion,2,eng-premier-league->eng-championship,recent_returner,0.5195818003048702,0.24731111370611558,3.6256017464402754
eng-championship,2017-2018,current,preseason,2017-08-04,eng-championship:2017-2018:middlesbrough:sheffield-united,2,mixed,mixed,0.5074358417916458,0.23833819528215722,2.1079211892072514
eng-championship,2017-2018,current,preseason,2017-08-04,eng-championship:2017-2018:millwall:bolton-wanderers,2,mixed,mixed,1.3924748772346536,0.863329699760347,2.1548962818694255
eng-championship,2017-2018,current,preseason,2017-08-04,eng-championship:2017-2018:norwich-city:sunderland,2,eng-premier-league->eng-championship,no_target_history,1.4090586714449915,0.911683951441287,3.7882290082770025
eng-championship,2017-2018,current,preseason,2017-08-04,eng-championship:2017-2018:birmingham-city:bolton-wanderers,3,outside->eng-championship,recent_returner,1.3791390134647563,0.8656193418333216,2.538267492716248
eng-championship,2017-2018,current,preseason,2017-08-04,eng-championship:2017-2018:cardiff-city:sheffield-united,3,outside->eng-championship,stale_history,0.6479329703783842,0.34111338456193685,2.3669213028739913
eng-championship,2017-2018,current,preseason,2017-08-04,eng-championship:2017-2018:hull-city:wolverhampton-wanderers,3,eng-premier-league->eng-championship,recent_returner,1.5635649302477832,0.986876897336355,4.314531885667709
eng-championship,2017-2018,current,preseason,2017-08-04,eng-championship:2017-2018:middlesbrough:burton-albion,3,eng-premier-league->eng-championship,recent_returner,0.521187458292649,0.24865693782548012,2.1795132558220587
eng-championship,2017-2018,current,preseason,2017-08-04,eng-championship:2017-2018:millwall:ipswich-town,3,outside->eng-championship,recent_returner,1.0285189293938206,0.6256450382115786,5.905176113937023
eng-championship,2017-2018,current,preseason,2017-08-04,eng-championship:2017-2018:sheffield-wednesday:sunderland,3,eng-premier-league->eng-championship,no_target_history,1.4369763003472327,0.9047362981789914,2.2868757510084157
eng-championship,2017-2018,current,preseason,2017-08-04,eng-championship:2017-2018:bolton-wanderers:derby-county,4,outside->eng-championship,recent_returner,0.8228787270300288,0.4729936019532786,2.457244153583883
eng-championship,2017-2018,current,preseason,2017-08-04,eng-championship:2017-2018:bristol-city:millwall,4,outside->eng-championship,recent_returner,1.4233177274305013,0.8947733199075897,2.676710926172858
eng-championship,2017-2018,current,preseason,2017-08-04,eng-championship:2017-2018:nottingham-forest:middlesbrough,4,eng-premier-league->eng-championship,recent_returner,1.1393961317045556,0.7061376092562056,2.6458917019826202
eng-championship,2017-2018,current,preseason,2017-08-04,eng-championship:2017-2018:queens-park-rangers:hull-city,4,eng-premier-league->eng-championship,recent_returner,1.1406469348189345,0.7070761300728066,2.6476564104271296
eng-championship,2017-2018,current,preseason,2017-08-04,eng-championship:2017-2018:sheffield-united:barnsley,4,outside->eng-championship,stale_history,0.8617122609310234,0.5033518214217725,2.3065841941127045
eng-championship,2017-2018,current,preseason,2017-08-04,eng-championship:2017-2018:sunderland:leeds-united,4,eng-premier-league->eng-championship,no_target_history,1.0983821631693635,0.6810846451728648,2.915173729736364
eng-championship,2017-2018,current,preseason,2017-08-04,eng-championship:2017-2018:hull-city:bolton-wanderers,5,mixed,mixed,0.42894410974665415,0.18384432193824635,3.1435200098826
eng-championship,2017-2018,current,preseason,2017-08-04,eng-championship:2017-2018:barnsley:sunderland,5,eng-premier-league->eng-championship,no_target_history,0.8588513242930947,0.5029829610556381,3.30673035718661
eng-championship,2017-2018,current,preseason,2017-08-04,eng-championship:2017-2018:middlesbrough:preston-north-end,5,eng-premier-league->eng-championship,recent_returner,1.440775024536017,0.9302472641720185,2.6063573227680417
eng-championship,2017-2018,current,preseason,2017-08-04,eng-championship:2017-2018:millwall:norwich-city,5,outside->eng-championship,recent_returner,1.2458638574450978,0.7898980735165403,5.0673703148557205
eng-championship,2017-2018,current,preseason,2017-08-04,eng-championship:2017-2018:sheffield-united:derby-county,5,outside->eng-championship,stale_history,1.0502419399298202,0.6431523931900556,3.4386374307953873
eng-championship,2017-2018,current,preseason,2017-08-04,eng-championship:2017-2018:derby-county:hull-city,6,eng-premier-league->eng-championship,recent_returner,0.9453823094597942,0.5644378118153345,5.737146568534376
eng-championship,2017-2018,current,preseason,2017-08-04,eng-championship:2017-2018:bolton-wanderers:middlesbrough,6,mixed,mixed,0.7033538781283806,0.38268854360344473,3.021744514712368
eng-championship,2017-2018,current,preseason,2017-08-04,eng-championship:2017-2018:sunderland:sheffield-united,6,mixed,mixed,1.323071534927782,0.8452742245234838,2.912046847151153
eng-championship,2017-2018,current,preseason,2017-08-04,eng-championship:2017-2018:wolverhampton-wanderers:millwall,6,outside->eng-championship,recent_returner,0.6505410656292163,0.34310345261543423,2.1291417076856494
eng-championship,2017-2018,current,preseason,2017-08-04,eng-championship:2017-2018:aston-villa:middlesbrough,7,eng-premier-league->eng-championship,recent_returner,1.2624473393881817,0.7721809572867616,2.214607739064853
eng-championship,2017-2018,current,preseason,2017-08-04,eng-championship:2017-2018:bolton-wanderers:sheffield-united,7,mixed,mixed,1.0649619284771619,0.6555082163741872,2.40399192291691
eng-championship,2017-2018,current,preseason,2017-08-04,eng-championship:2017-2018:queens-park-rangers:millwall,7,outside->eng-championship,recent_returner,1.4062050724751989,0.8866790385532834,3.0747317297086942
eng-championship,2017-2018,current,preseason,2017-08-04,eng-championship:2017-2018:sunderland:nottingham-forest,7,eng-premier-league->eng-championship,no_target_history,1.2482049777526807,0.7918131987474517,2.5608798932134182
eng-championship,2017-2018,current,preseason,2017-08-04,eng-championship:2017-2018:fulham:hull-city,7,eng-premier-league->eng-championship,recent_returner,0.8705853304323251,0.5108906039351117,2.4696925347730088
eng-championship,2017-2018,current,preseason,2017-08-04,eng-championship:2017-2018:hull-city:sunderland,8,mixed,mixed,1.487064118921162,0.9456488344052929,2.326643732894347
eng-championship,2017-2018,current,preseason,2017-08-04,eng-championship:2017-2018:ipswich-town:bolton-wanderers,8,outside->eng-championship,recent_returner,0.63966703727455,0.3350054696331406,2.334970305816869
eng-championship,2017-2018,current,preseason,2017-08-04,eng-championship:2017-2018:middlesbrough:queens-park-rangers,8,eng-premier-league->eng-championship,recent_returner,0.5545990949347823,0.27251904032755697,3.728672220014674
eng-championship,2017-2018,current,preseason,2017-08-04,eng-championship:2017-2018:millwall:leeds-united,8,outside->eng-championship,recent_returner,1.1023758055047241,0.6797053013241755,2.354028107487027
eng-championship,2017-2018,current,preseason,2017-08-04,eng-championship:2017-2018:sheffield-united:norwich-city,8,outside->eng-championship,stale_history,0.8132723628425977,0.4679685227134748,2.413644690939992
eng-championship,2017-2018,current,preseason,2017-08-04,eng-championship:2017-2018:bolton-wanderers:brentford,9,outside->eng-championship,recent_returner,0.7951124530159627,0.4534740697623618,3.2206815487811724
eng-championship,2017-2018,current,preseason,2017-08-04,eng-championship:2017-2018:fulham:middlesbrough,9,eng-premier-league->eng-championship,recent_returner,1.391140574608085,0.8494755068044352,2.1543225264714496
eng-championship,2017-2018,current,preseason,2017-08-04,eng-championship:2017-2018:preston-north-end:millwall,9,outside->eng-championship,recent_returner,1.445159045190024,0.922813258328478,2.6653971205773193
eng-championship,2017-2018,current,preseason,2017-08-04,eng-championship:2017-2018:reading:hull-city,9,eng-premier-league->eng-championship,recent_returner,1.366997627077327,0.8335805804316351,2.127817090230444
eng-championship,2017-2018,current,preseason,2017-08-04,eng-championship:2017-2018:sunderland:cardiff-city,9,eng-premier-league->eng-championship,no_target_history,1.1284787517717059,0.7046686883779527,2.7617109893402083
eng-championship,2017-2018,current,preseason,2017-08-04,eng-championship:2017-2018:sheffield-wednesday:sheffield-united,9,outside->eng-championship,stale_history,1.600357760410008,1.0122260971510888,5.740066018372689
eng-championship,2017-2018,current,preseason,2017-08-04,eng-championship:2017-2018:bristol-city:bolton-wanderers,10,outside->eng-championship,recent_returner,0.6525272855159487,0.34457054446662905,2.4064232673093513
eng-championship,2017-2018,current,preseason,2017-08-04,eng-championship:2017-2018:hull-city:preston-north-end,10,eng-premier-league->eng-championship,recent_returner,1.5275453182683558,0.9687629652644307,2.925650175594641
eng-championship,2017-2018,current,preseason,2017-08-04,eng-championship:2017-2018:ipswich-town:sunderland,10,eng-premier-league->eng-championship,no_target_history,0.85369343429387,0.49756545542434105,5.569547558570702
eng-championship,2017-2018,current,preseason,2017-08-04,eng-championship:2017-2018:middlesbrough:norwich-city,10,eng-premier-league->eng-championship,recent_returner,1.2540186165160407,0.7926340493268123,2.6023287934230908
eng-championship,2017-2018,current,preseason,2017-08-04,eng-championship:2017-2018:millwall:reading,10,outside->eng-championship,recent_returner,1.009219618998886,0.6143568633489632,2.555642694946801
eng-championship,2017-2018,current,preseason,2017-08-04,eng-championship:2017-2018:sheffield-united:wolverhampton-wanderers,10,outside->eng-championship,stale_history,0.9175420760805569,0.5443574155298728,2.648699402841346
eng-championship,2017-2018,population,preseason,2017-08-04,eng-championship:2017-2018:nottingham-forest:millwall,1,outside->eng-championship,recent_returner,0.8618191627872425,0.5047700149430641,2.3261179558433582
eng-championship,2017-2018,population,preseason,2017-08-04,eng-championship:2017-2018:sunderland:derby-county,1,eng-premier-league->eng-championship,no_target_history,1.3964262878914289,0.851421472284996,2.2465977228968166
eng-championship,2017-2018,population,preseason,2017-08-04,eng-championship:2017-2018:aston-villa:hull-city,1,eng-premier-league->eng-championship,recent_returner,1.334653075615925,0.8221788333885893,2.211422900953643
eng-championship,2017-2018,population,preseason,2017-08-04,eng-championship:2017-2018:sheffield-united:brentford,1,outside->eng-championship,stale_history,0.88132080525191,0.5224153941153363,2.4638919918118174
eng-championship,2017-2018,population,preseason,2017-08-04,eng-championship:2017-2018:wolverhampton-wanderers:middlesbrough,1,eng-premier-league->eng-championship,recent_returner,0.8279929737619446,0.47795714056320615,2.251376808145464
eng-championship,2017-2018,population,preseason,2017-08-04,eng-championship:2017-2018:bolton-wanderers:leeds-united,1,outside->eng-championship,recent_returner,1.1005425173843093,0.682280157159964,3.9438943087894174
eng-championship,2017-2018,population,preseason,2017-08-04,eng-championship:2017-2018:hull-city:burton-albion,2,eng-premier-league->eng-championship,recent_returner,0.7005515240272533,0.3809161208586922,3.834659034628844
eng-championship,2017-2018,population,preseason,2017-08-04,eng-championship:2017-2018:middlesbrough:sheffield-united,2,mixed,mixed,0.7986799169893041,0.4578170655943594,2.324327246204393
eng-championship,2017-2018,population,preseason,2017-08-04,eng-championship:2017-2018:millwall:bolton-wanderers,2,mixed,mixed,1.46681655679684,0.8963448678157859,2.38877009890163
eng-championship,2017-2018,population,preseason,2017-08-04,eng-championship:2017-2018:norwich-city:sunderland,2,eng-premier-league->eng-championship,no_target_history,1.3342677867029125,0.8661735717318254,3.6689410917026173
eng-championship,2017-2018,population,preseason,2017-08-04,eng-championship:2017-2018:birmingham-city:bolton-wanderers,3,outside->eng-championship,recent_returner,1.3790925382495096,0.8400191490919451,2.4070371982940255
eng-championship,2017-2018,population,preseason,2017-08-04,eng-championship:2017-2018:cardiff-city:sheffield-united,3,outside->eng-championship,stale_history,0.7741184993364737,0.437235472063896,2.5755778313678324
eng-championship,2017-2018,population,preseason,2017-08-04,eng-championship:2017-2018:hull-city:wolverhampton-wanderers,3,eng-premier-league->eng-championship,recent_returner,1.2017029765578748,0.7554802207390597,4.0050233664222
eng-championship,2017-2018,population,preseason,2017-08-04,eng-championship:2017-2018:middlesbrough:burton-albion,3,eng-premier-league->eng-championship,recent_returner,0.7006084478958224,0.3809615583214189,2.4798252671993666
eng-championship,2017-2018,population,preseason,2017-08-04,eng-championship:2017-2018:millwall:ipswich-town,3,outside->eng-championship,recent_returner,1.24021929452539,0.7820055731717804,5.669784185690764
eng-championship,2017-2018,population,preseason,2017-08-04,eng-championship:2017-2018:sheffield-wednesday:sunderland,3,eng-premier-league->eng-championship,no_target_history,1.4323175367426357,0.9015145173906512,2.283250078251077
eng-championship,2017-2018,population,preseason,2017-08-04,eng-championship:2017-2018:bolton-wanderers:derby-county,4,outside->eng-championship,recent_returner,1.0655641343295803,0.6573961565727143,2.734652479781908
eng-championship,2017-2018,population,preseason,2017-08-04,eng-championship:2017-2018:bristol-city:millwall,4,outside->eng-championship,recent_returner,1.4314364152791754,0.8715554040278453,2.572595546055693
eng-championship,2017-2018,population,preseason,2017-08-04,eng-championship:2017-2018:nottingham-forest:middlesbrough,4,eng-premier-league->eng-championship,recent_returner,0.8613187348540143,0.504395121554449,2.6224155323234317
eng-championship,2017-2018,population,preseason,2017-08-04,eng-championship:2017-2018:queens-park-rangers:hull-city,4,eng-premier-league->eng-championship,recent_returner,0.887901082617786,0.524199275643484,2.636854267602308
eng-championship,2017-2018,population,preseason,2017-08-04,eng-championship:2017-2018:sheffield-united:barnsley,4,outside->eng-championship,stale_history,0.7592720436470919,0.4271240068255684,2.362297637408078
eng-championship,2017-2018,population,preseason,2017-08-04,eng-championship:2017-2018:sunderland:leeds-united,4,eng-premier-league->eng-championship,no_target_history,1.100733758384329,0.6824928041433812,2.9139165372474434
eng-championship,2017-2018,population,preseason,2017-08-04,eng-championship:2017-2018:hull-city:bolton-wanderers,5,mixed,mixed,0.7983700524405305,0.4575992535874746,3.8604512496364585
eng-championship,2017-2018,population,preseason,2017-08-04,eng-championship:2017-2018:barnsley:sunderland,5,eng-premier-league->eng-championship,no_target_history,0.8133441836237515,0.4689186485806776,3.2451199685009913
eng-championship,2017-2018,population,preseason,2017-08-04,eng-championship:2017-2018:middlesbrough:preston-north-end,5,eng-premier-league->eng-championship,recent_returner,1.416494604930196,0.8700978983247221,2.4942048913702357
eng-championship,2017-2018,population,preseason,2017-08-04,eng-championship:2017-2018:millwall:norwich-city,5,outside->eng-championship,recent_returner,0.9052937015829228,0.5441048058824922,4.145417278789414
eng-championship,2017-2018,population,preseason,2017-08-04,eng-championship:2017-2018:sheffield-united:derby-county,5,outside->eng-championship,stale_history,0.895657332881172,0.529822057580064,3.3072315124857425
eng-championship,2017-2018,population,preseason,2017-08-04,eng-championship:2017-2018:derby-county:hull-city,6,eng-premier-league->eng-championship,recent_returner,0.7212878873261482,0.39677719027733904,4.603330146342461
eng-championship,2017-2018,population,preseason,2017-08-04,eng-championship:2017-2018:bolton-wanderers:middlesbrough,6,mixed,mixed,1.1412808290832592,0.7189683297943407,3.7350259208161405
eng-championship,2017-2018,population,preseason,2017-08-04,eng-championship:2017-2018:sunderland:sheffield-united,6,mixed,mixed,1.1412808290832592,0.7189683297943407,2.898577302283181
eng-championship,2017-2018,population,preseason,2017-08-04,eng-championship:2017-2018:wolverhampton-wanderers:millwall,6,outside->eng-championship,recent_returner,0.8269032275109102,0.47719308100757996,2.2526269505840397
eng-championship,2017-2018,population,preseason,2017-08-04,eng-championship:2017-2018:aston-villa:middlesbrough,7,eng-premier-league->eng-championship,recent_returner,1.3416692256832246,0.8263378822179706,2.259159283105598
eng-championship,2017-2018,population,preseason,2017-08-04,eng-championship:2017-2018:bolton-wanderers:sheffield-united,7,mixed,mixed,1.1412891964335812,0.7189858354643914,2.5089740253371664
eng-championship,2017-2018,population,preseason,2017-08-04,eng-championship:2017-2018:queens-park-rangers:millwall,7,outside->eng-championship,recent_returner,1.4049274925405182,0.8565751693342225,3.1244583215605113
eng-championship,2017-2018,population,preseason,2017-08-04,eng-championship:2017-2018:sunderland:nottingham-forest,7,eng-premier-league->eng-championship,no_target_history,1.2502287991676286,0.7928270378290173,2.554447839997148
eng-championship,2017-2018,population,preseason,2017-08-04,eng-championship:2017-2018:fulham:hull-city,7,eng-premier-league->eng-championship,recent_returner,0.6553019695661576,0.3476250387276392,2.542835489219006
eng-championship,2017-2018,population,preseason,2017-08-04,eng-championship:2017-2018:hull-city:sunderland,8,mixed,mixed,1.4682921262612962,0.8971786235952172,2.373151559990399
eng-championship,2017-2018,population,preseason,2017-08-04,eng-championship:2017-2018:ipswich-town:bolton-wanderers,8,outside->eng-championship,recent_returner,0.8574709160790075,0.5002895851215554,2.6330021096462195
eng-championship,2017-2018,population,preseason,2017-08-04,eng-championship:2017-2018:middlesbrough:queens-park-rangers,8,eng-premier-league->eng-championship,recent_returner,0.7241795963717249,0.3990871136760754,3.730848184305052
eng-championship,2017-2018,population,preseason,2017-08-04,eng-championship:2017-2018:millwall:leeds-united,8,outside->eng-championship,recent_returner,0.8694897552549716,0.5095910824706483,2.269864454842353
eng-championship,2017-2018,population,preseason,2017-08-04,eng-championship:2017-2018:sheffield-united:norwich-city,8,outside->eng-championship,stale_history,0.9823586441134997,0.6038496670954928,2.6317489061812362
eng-championship,2017-2018,population,preseason,2017-08-04,eng-championship:2017-2018:bolton-wanderers:brentford,9,outside->eng-championship,recent_returner,1.0391686823542392,0.6432023912746463,3.606604649411496
eng-championship,2017-2018,population,preseason,2017-08-04,eng-championship:2017-2018:fulham:middlesbrough,9,eng-premier-league->eng-championship,recent_returner,1.5218212977119052,0.9493186902783463,2.3580114078471386
eng-championship,2017-2018,population,preseason,2017-08-04,eng-championship:2017-2018:preston-north-end:millwall,9,outside->eng-championship,recent_returner,1.4176182523447785,0.8708646654367953,2.5049558258927718
eng-championship,2017-2018,population,preseason,2017-08-04,eng-championship:2017-2018:reading:hull-city,9,eng-premier-league->eng-championship,recent_returner,1.446784850041145,0.8866726750547055,2.280426481378733
eng-championship,2017-2018,population,preseason,2017-08-04,eng-championship:2017-2018:sunderland:cardiff-city,9,eng-premier-league->eng-championship,no_target_history,1.1364820030808163,0.7101469592029472,2.767705436915681
eng-championship,2017-2018,population,preseason,2017-08-04,eng-championship:2017-2018:sheffield-wednesday:sheffield-united,9,outside->eng-championship,stale_history,1.368017190082314,0.8695930579350295,5.241976966117546
eng-championship,2017-2018,population,preseason,2017-08-04,eng-championship:2017-2018:bristol-city:bolton-wanderers,10,outside->eng-championship,recent_returner,0.8713784670341612,0.5127789171732661,2.7046089985031765
eng-championship,2017-2018,population,preseason,2017-08-04,eng-championship:2017-2018:hull-city:preston-north-end,10,eng-premier-league->eng-championship,recent_returner,1.1719945134833005,0.7358062049911339,2.790568763078034
eng-championship,2017-2018,population,preseason,2017-08-04,eng-championship:2017-2018:ipswich-town:sunderland,10,eng-premier-league->eng-championship,no_target_history,0.8570155045829791,0.49996649921947667,5.589476577634395
eng-championship,2017-2018,population,preseason,2017-08-04,eng-championship:2017-2018:middlesbrough:norwich-city,10,eng-premier-league->eng-championship,recent_returner,0.9835410860514191,0.6046199187756018,2.6277858523657835
eng-championship,2017-2018,population,preseason,2017-08-04,eng-championship:2017-2018:millwall:reading,10,outside->eng-championship,recent_returner,0.7878707482120824,0.44867240813016207,2.578810380086864
eng-championship,2017-2018,population,preseason,2017-08-04,eng-championship:2017-2018:sheffield-united:wolverhampton-wanderers,10,outside->eng-championship,stale_history,0.788344302162359,0.4477984647378889,2.5643263699326884
eng-championship,2017-2018,transition,preseason,2017-08-04,eng-championship:2017-2018:nottingham-forest:millwall,1,outside->eng-championship,recent_returner,0.7889022820826277,0.4474736624442073,2.2269833852142358
eng-championship,2017-2018,transition,preseason,2017-08-04,eng-championship:2017-2018:sunderland:derby-county,1,eng-premier-league->eng-championship,no_target_history,1.3843010858109412,0.8610612688877333,2.1515918475767943
eng-championship,2017-2018,transition,preseason,2017-08-04,eng-championship:2017-2018:aston-villa:hull-city,1,eng-premier-league->eng-championship,recent_returner,1.3277229760291,0.8118974878250431,2.0988762286548512
eng-championship,2017-2018,transition,preseason,2017-08-04,eng-championship:2017-2018:sheffield-united:brentford,1,outside->eng-championship,stale_history,0.9845446953388413,0.5975389883013038,2.4985874273621347
eng-championship,2017-2018,transition,preseason,2017-08-04,eng-championship:2017-2018:wolverhampton-wanderers:middlesbrough,1,eng-premier-league->eng-championship,recent_returner,0.9907402075134852,0.598681908560029,2.319152685990529
eng-championship,2017-2018,transition,preseason,2017-08-04,eng-championship:2017-2018:bolton-wanderers:leeds-united,1,outside->eng-championship,recent_returner,1.0340776656934176,0.6296744670767692,3.911104396993922
eng-championship,2017-2018,transition,preseason,2017-08-04,eng-championship:2017-2018:hull-city:burton-albion,2,eng-premier-league->eng-championship,recent_returner,0.5643820940047488,0.2793574511747441,3.640524294376892
eng-championship,2017-2018,transition,preseason,2017-08-04,eng-championship:2017-2018:middlesbrough:sheffield-united,2,mixed,mixed,0.5908065465469312,0.2985941847650144,2.198043355864752
eng-championship,2017-2018,transition,preseason,2017-08-04,eng-championship:2017-2018:millwall:bolton-wanderers,2,mixed,mixed,1.3767446718443324,0.8492987966309707,2.152708175518064
eng-championship,2017-2018,transition,preseason,2017-08-04,eng-championship:2017-2018:norwich-city:sunderland,2,eng-premier-league->eng-championship,no_target_history,1.188532937413723,0.7507155382208744,3.462142576792435
eng-championship,2017-2018,transition,preseason,2017-08-04,eng-championship:2017-2018:birmingham-city:bolton-wanderers,3,outside->eng-championship,recent_returner,1.333001299676569,0.8176164316672829,2.4665779784198003
eng-championship,2017-2018,transition,preseason,2017-08-04,eng-championship:2017-2018:cardiff-city:sheffield-united,3,outside->eng-championship,stale_history,0.6965664021208267,0.3775994470546923,2.4018907031308583
eng-championship,2017-2018,transition,preseason,2017-08-04,eng-championship:2017-2018:hull-city:wolverhampton-wanderers,3,eng-premier-league->eng-championship,recent_returner,1.4451793237400425,0.9157044390421485,4.133434087416477
eng-championship,2017-2018,transition,preseason,2017-08-04,eng-championship:2017-2018:middlesbrough:burton-albion,3,eng-premier-league->eng-championship,recent_returner,0.564699702317805,0.27958856979635005,2.283623062686678
eng-championship,2017-2018,transition,preseason,2017-08-04,eng-championship:2017-2018:millwall:ipswich-town,3,outside->eng-championship,recent_returner,1.1789398112117524,0.7332959967425305,5.990438168317452
eng-championship,2017-2018,transition,preseason,2017-08-04,eng-championship:2017-2018:sheffield-wednesday:sunderland,3,eng-premier-league->eng-championship,no_target_history,1.3556953528565345,0.8380348572214297,2.1245278195666426
eng-championship,2017-2018,transition,preseason,2017-08-04,eng-championship:2017-2018:bolton-wanderers:derby-county,4,outside->eng-championship,recent_returner,0.9978180372551086,0.6035765907778698,2.559499932388097
eng-championship,2017-2018,transition,preseason,2017-08-04,eng-championship:2017-2018:bristol-city:millwall,4,outside->eng-championship,recent_returner,1.3859409570816859,0.8555567794734905,2.6403040059381997
eng-championship,2017-2018,transition,preseason,2017-08-04,eng-championship:2017-2018:nottingham-forest:middlesbrough,4,eng-premier-league->eng-championship,recent_returner,1.031262668079446,0.6300732550828351,2.5711908567455977
eng-championship,2017-2018,transition,preseason,2017-08-04,eng-championship:2017-2018:queens-park-rangers:hull-city,4,eng-premier-league->eng-championship,recent_returner,1.0455184724656044,0.6399620193385492,2.5828783022375545
eng-championship,2017-2018,transition,preseason,2017-08-04,eng-championship:2017-2018:sheffield-united:barnsley,4,outside->eng-championship,stale_history,0.8419545175112837,0.4881113527269216,2.3243278486519383
eng-championship,2017-2018,transition,preseason,2017-08-04,eng-championship:2017-2018:sunderland:leeds-united,4,eng-premier-league->eng-championship,no_target_history,1.3182721036351615,0.8314548734943293,3.1460856255011382
eng-championship,2017-2018,transition,preseason,2017-08-04,eng-championship:2017-2018:hull-city:bolton-wanderers,5,mixed,mixed,0.5921150033839411,0.29956125803713163,3.590337527781748
eng-championship,2017-2018,transition,preseason,2017-08-04,eng-championship:2017-2018:barnsley:sunderland,5,eng-premier-league->eng-championship,no_target_history,0.9892396440737214,0.5998925465682948,3.5553469157003548
eng-championship,2017-2018,transition,preseason,2017-08-04,eng-championship:2017-2018:middlesbrough:preston-north-end,5,eng-premier-league->eng-championship,recent_returner,1.4408637632994725,0.9144549958642383,2.6943338710907137
eng-championship,2017-2018,transition,preseason,2017-08-04,eng-championship:2017-2018:millwall:norwich-city,5,outside->eng-championship,recent_returner,1.0302535906684773,0.632741984769639,4.596596311191405
eng-championship,2017-2018,transition,preseason,2017-08-04,eng-championship:2017-2018:sheffield-united:derby-county,5,outside->eng-championship,stale_history,0.99577823343087,0.602086003944902,3.365697162432993
eng-championship,2017-2018,transition,preseason,2017-08-04,eng-championship:2017-2018:derby-county:hull-city,6,eng-premier-league->eng-championship,recent_returner,0.857324107143098,0.4991535587219889,5.405795734975899
eng-championship,2017-2018,transition,preseason,2017-08-04,eng-championship:2017-2018:bolton-wanderers:middlesbrough,6,mixed,mixed,0.9303055978712012,0.554907409463451,3.437778794426807
eng-championship,2017-2018,transition,preseason,2017-08-04,eng-championship:2017-2018:sunderland:sheffield-united,6,mixed,mixed,1.520261613235015,0.9680161025850841,2.9279454187295215
eng-championship,2017-2018,transition,preseason,2017-08-04,eng-championship:2017-2018:wolverhampton-wanderers:millwall,6,outside->eng-championship,recent_returner,0.7579482846594727,0.4237707802402933,2.155594981203867
eng-championship,2017-2018,transition,preseason,2017-08-04,eng-championship:2017-2018:aston-villa:middlesbrough,7,eng-premier-league->eng-championship,recent_returner,1.3302817636048678,0.8134774130940631,2.4609735761768827
eng-championship,2017-2018,transition,preseason,2017-08-04,eng-championship:2017-2018:bolton-wanderers:sheffield-united,7,mixed,mixed,1.2039790115025466,0.7540869732202238,2.4783615301224833
eng-championship,2017-2018,transition,preseason,2017-08-04,eng-championship:2017-2018:queens-park-rangers:millwall,7,outside->eng-championship,recent_returner,1.367315950622666,0.844474259833836,3.02259909828444
eng-championship,2017-2018,transition,preseason,2017-08-04,eng-championship:2017-2018:sunderland:nottingham-forest,7,eng-premier-league->eng-championship,no_target_history,1.5029676068767104,0.9563512230564463,2.7303369076140065
eng-championship,2017-2018,transition,preseason,2017-08-04,eng-championship:2017-2018:fulham:hull-city,7,eng-premier-league->eng-championship,recent_returner,0.7766556091034865,0.43953532481129337,2.433525256495477
eng-championship,2017-2018,transition,preseason,2017-08-04,eng-championship:2017-2018:hull-city:sunderland,8,mixed,mixed,1.4022845869204181,0.8639943521729815,2.1777524409883746
eng-championship,2017-2018,transition,preseason,2017-08-04,eng-championship:2017-2018:ipswich-town:bolton-wanderers,8,outside->eng-championship,recent_returner,0.7880031585120861,0.44635891069558276,2.478665917601602
eng-championship,2017-2018,transition,preseason,2017-08-04,eng-championship:2017-2018:middlesbrough:queens-park-rangers,8,eng-premier-league->eng-championship,recent_returner,0.6015512796178968,0.30659595979176235,3.6172299550928715
eng-championship,2017-2018,transition,preseason,2017-08-04,eng-championship:2017-2018:millwall:leeds-united,8,outside->eng-championship,recent_returner,0.9640787297008081,0.5782821479199497,2.2818498998447367
eng-championship,2017-2018,transition,preseason,2017-08-04,eng-championship:2017-2018:sheffield-united:norwich-city,8,outside->eng-championship,stale_history,0.9184349306326934,0.5480691271964917,2.4523290706302934
eng-championship,2017-2018,transition,preseason,2017-08-04,eng-championship:2017-2018:bolton-wanderers:brentford,9,outside->eng-championship,recent_returner,0.9721646094073676,0.5879809764708898,3.5198334369960427
eng-championship,2017-2018,transition,preseason,2017-08-04,eng-championship:2017-2018:fulham:middlesbrough,9,eng-premier-league->eng-championship,recent_returner,1.434099344527852,0.8826502969524909,2.2104550929962565
eng-championship,2017-2018,transition,preseason,2017-08-04,eng-championship:2017-2018:preston-north-end:millwall,9,outside->eng-championship,recent_returner,1.3917319122890608,0.8671517741047836,2.6126913494131827
eng-championship,2017-2018,transition,preseason,2017-08-04,eng-championship:2017-2018:reading:hull-city,9,eng-premier-league->eng-championship,recent_returner,1.3847665835892928,0.8431735089852762,2.153534471279931
eng-championship,2017-2018,transition,preseason,2017-08-04,eng-championship:2017-2018:sunderland:cardiff-city,9,eng-premier-league->eng-championship,no_target_history,1.3549018717508297,0.8581377165869778,2.7948999144715794
eng-championship,2017-2018,transition,preseason,2017-08-04,eng-championship:2017-2018:sheffield-wednesday:sheffield-united,9,outside->eng-championship,stale_history,1.5360066232909628,0.9701405095205828,5.596899629079341
eng-championship,2017-2018,transition,preseason,2017-08-04,eng-championship:2017-2018:bristol-city:bolton-wanderers,10,outside->eng-championship,recent_returner,0.7933909997898588,0.45106891582497066,2.5361192933009002
eng-championship,2017-2018,transition,preseason,2017-08-04,eng-championship:2017-2018:hull-city:preston-north-end,10,eng-premier-league->eng-championship,recent_returner,1.4261992878004108,0.9066664016469722,2.8452089080432885
eng-championship,2017-2018,transition,preseason,2017-08-04,eng-championship:2017-2018:ipswich-town:sunderland,10,eng-premier-league->eng-championship,no_target_history,1.020288567084803,0.6202443896946587,6.203992178364121
eng-championship,2017-2018,transition,preseason,2017-08-04,eng-championship:2017-2018:middlesbrough:norwich-city,10,eng-premier-league->eng-championship,recent_returner,1.1958312412833758,0.7553982199225076,2.6696208498798732
eng-championship,2017-2018,transition,preseason,2017-08-04,eng-championship:2017-2018:millwall:reading,10,outside->eng-championship,recent_returner,0.8746699175977274,0.512955250867156,2.485429059058885
eng-championship,2017-2018,transition,preseason,2017-08-04,eng-championship:2017-2018:sheffield-united:wolverhampton-wanderers,10,outside->eng-championship,stale_history,0.8690282182012552,0.5074240553423648,2.6104406010409846
eng-championship,2017-2018,source,preseason,2017-08-04,eng-championship:2017-2018:nottingham-forest:millwall,1,outside->eng-championship,recent_returner,0.788146652400956,0.4469038198645113,2.227017449236823
eng-championship,2017-2018,source,preseason,2017-08-04,eng-championship:2017-2018:sunderland:derby-county,1,eng-premier-league->eng-championship,no_target_history,1.3715812636569171,0.8545855493520584,2.140371880269284
eng-championship,2017-2018,source,preseason,2017-08-04,eng-championship:2017-2018:aston-villa:hull-city,1,eng-premier-league->eng-championship,recent_returner,1.3640387723209244,0.8362061605168594,2.131101134692804
eng-championship,2017-2018,source,preseason,2017-08-04,eng-championship:2017-2018:sheffield-united:brentford,1,outside->eng-championship,stale_history,0.9855100291692872,0.5982730940868952,2.4995489520836345
eng-championship,2017-2018,source,preseason,2017-08-04,eng-championship:2017-2018:wolverhampton-wanderers:middlesbrough,1,eng-premier-league->eng-championship,recent_returner,1.1795133205974926,0.7289587440304267,2.2599364815418945
eng-championship,2017-2018,source,preseason,2017-08-04,eng-championship:2017-2018:bolton-wanderers:leeds-united,1,outside->eng-championship,recent_returner,1.0328161386450507,0.6287608142581493,3.909813080243984
eng-championship,2017-2018,source,preseason,2017-08-04,eng-championship:2017-2018:hull-city:burton-albion,2,eng-premier-league->eng-championship,recent_returner,0.6047569629066394,0.30891540566722386,3.6351077218642844
eng-championship,2017-2018,source,preseason,2017-08-04,eng-championship:2017-2018:middlesbrough:sheffield-united,2,mixed,mixed,0.5194893751582474,0.24775352513764226,2.007101473588352
eng-championship,2017-2018,source,preseason,2017-08-04,eng-championship:2017-2018:millwall:bolton-wanderers,2,mixed,mixed,1.377035973294162,0.8494522450694675,2.152997442869009
eng-championship,2017-2018,source,preseason,2017-08-04,eng-championship:2017-2018:norwich-city:sunderland,2,eng-premier-league->eng-championship,no_target_history,1.2034780704202757,0.7595933384298936,3.4910521832450216
eng-championship,2017-2018,source,preseason,2017-08-04,eng-championship:2017-2018:birmingham-city:bolton-wanderers,3,outside->eng-championship,recent_returner,1.3332730143304017,0.8178344327251384,2.4673665125246473
eng-championship,2017-2018,source,preseason,2017-08-04,eng-championship:2017-2018:cardiff-city:sheffield-united,3,outside->eng-championship,stale_history,0.6971368456132847,0.37802882609099336,2.402543440232205
eng-championship,2017-2018,source,preseason,2017-08-04,eng-championship:2017-2018:hull-city:wolverhampton-wanderers,3,eng-premier-league->eng-championship,recent_returner,1.347853415654462,0.8547437425505928,3.962348489420367
eng-championship,2017-2018,source,preseason,2017-08-04,eng-championship:2017-2018:middlesbrough:burton-albion,3,eng-premier-league->eng-championship,recent_returner,0.4980947507887404,0.23306803452171748,2.1194737956383873
eng-championship,2017-2018,source,preseason,2017-08-04,eng-championship:2017-2018:millwall:ipswich-town,3,outside->eng-championship,recent_returner,1.1776860720734696,0.7324283002990521,5.988471303548128
eng-championship,2017-2018,source,preseason,2017-08-04,eng-championship:2017-2018:sheffield-wednesday:sunderland,3,eng-premier-league->eng-championship,no_target_history,1.3411552511633653,0.8288374617675547,2.1122703420375792
eng-championship,2017-2018,source,preseason,2017-08-04,eng-championship:2017-2018:bolton-wanderers:derby-county,4,outside->eng-championship,recent_returner,0.9966146587205239,0.6026968973843906,2.5586989445847106
eng-championship,2017-2018,source,preseason,2017-08-04,eng-championship:2017-2018:bristol-city:millwall,4,outside->eng-championship,recent_returner,1.3862698743999586,0.8558136025887144,2.641314613354394
eng-championship,2017-2018,source,preseason,2017-08-04,eng-championship:2017-2018:nottingham-forest:middlesbrough,4,eng-premier-league->eng-championship,recent_returner,1.222445661846667,0.7607321390965431,2.7349058332925984
eng-championship,2017-2018,source,preseason,2017-08-04,eng-championship:2017-2018:queens-park-rangers:hull-city,4,eng-premier-league->eng-championship,recent_returner,0.9626389277489861,0.579878421167245,2.519585948097843
eng-championship,2017-2018,source,preseason,2017-08-04,eng-championship:2017-2018:sheffield-united:barnsley,4,outside->eng-championship,stale_history,0.8413618035555593,0.4876637308800274,2.324280120922874
eng-championship,2017-2018,source,preseason,2017-08-04,eng-championship:2017-2018:sunderland:leeds-united,4,eng-premier-league->eng-championship,no_target_history,1.3305290723576788,0.8379544098848519,3.1442354691903427
eng-championship,2017-2018,source,preseason,2017-08-04,eng-championship:2017-2018:hull-city:bolton-wanderers,5,mixed,mixed,0.6358962320497319,0.3321666175952516,3.6996548858615483
eng-championship,2017-2018,source,preseason,2017-08-04,eng-championship:2017-2018:barnsley:sunderland,5,eng-premier-league->eng-championship,no_target_history,1.0022983178741243,0.6087731340524523,3.580764899256674
eng-championship,2017-2018,source,preseason,2017-08-04,eng-championship:2017-2018:middlesbrough:preston-north-end,5,eng-premier-league->eng-championship,recent_returner,1.4287342915889805,0.9367948888314106,2.47249276586924
eng-championship,2017-2018,source,preseason,2017-08-04,eng-championship:2017-2018:millwall:norwich-city,5,outside->eng-championship,recent_returner,1.047872208097366,0.64569911123342,4.63956187380146
eng-championship,2017-2018,source,preseason,2017-08-04,eng-championship:2017-2018:sheffield-united:derby-county,5,outside->eng-championship,stale_history,0.9968719727226446,0.6029016317452011,3.3666890391956468
eng-championship,2017-2018,source,preseason,2017-08-04,eng-championship:2017-2018:derby-county:hull-city,6,eng-premier-league->eng-championship,recent_returner,0.7770833767744033,0.4388984222737803,5.151890968897059
eng-championship,2017-2018,source,preseason,2017-08-04,eng-championship:2017-2018:bolton-wanderers:middlesbrough,6,mixed,mixed,0.8161600785422891,0.4671408943744755,3.234390248028532
eng-championship,2017-2018,source,preseason,2017-08-04,eng-championship:2017-2018:sunderland:sheffield-united,6,mixed,mixed,1.5338073212280539,0.9742137328120327,2.9394996045212354
eng-championship,2017-2018,source,preseason,2017-08-04,eng-championship:2017-2018:wolverhampton-wanderers:millwall,6,outside->eng-championship,recent_returner,0.7572529012363671,0.4232480114679017,2.15569171244538
eng-championship,2017-2018,source,preseason,2017-08-04,eng-championship:2017-2018:aston-villa:middlesbrough,7,eng-premier-league->eng-championship,recent_returner,1.268597377311081,0.7772610723290994,2.2331665812999066
eng-championship,2017-2018,source,preseason,2017-08-04,eng-championship:2017-2018:bolton-wanderers:sheffield-united,7,mixed,mixed,1.2037275341411495,0.7539425594185114,2.4790230320606073
eng-championship,2017-2018,source,preseason,2017-08-04,eng-championship:2017-2018:queens-park-rangers:millwall,7,outside->eng-championship,recent_returner,1.3673012719700106,0.8440296909934711,3.02004779707306
eng-championship,2017-2018,source,preseason,2017-08-04,eng-championship:2017-2018:sunderland:nottingham-forest,7,eng-premier-league->eng-championship,no_target_history,1.5152744032512915,0.9618642362521369,2.7022870815430875
eng-championship,2017-2018,source,preseason,2017-08-04,eng-championship:2017-2018:fulham:hull-city,7,eng-premier-league->eng-championship,recent_returner,0.7004737354162417,0.3816341394962768,2.400894488695706
eng-championship,2017-2018,source,preseason,2017-08-04,eng-championship:2017-2018:hull-city:sunderland,8,mixed,mixed,1.398663458369798,0.8547482028899102,2.1780461465627816
eng-championship,2017-2018,source,preseason,2017-08-04,eng-championship:2017-2018:ipswich-town:bolton-wanderers,8,outside->eng-championship,recent_returner,0.7872741563200563,0.44581203248579804,2.4780365606793215
eng-championship,2017-2018,source,preseason,2017-08-04,eng-championship:2017-2018:middlesbrough:queens-park-rangers,8,eng-premier-league->eng-championship,recent_returner,0.5263074746191353,0.2527713035264744,3.8376630611819413
eng-championship,2017-2018,source,preseason,2017-08-04,eng-championship:2017-2018:millwall:leeds-united,8,outside->eng-championship,recent_returner,0.9651686033977772,0.5790963755421652,2.282897256969231
eng-championship,2017-2018,source,preseason,2017-08-04,eng-championship:2017-2018:sheffield-united:norwich-city,8,outside->eng-championship,stale_history,0.9040727926181503,0.5369861249042388,2.438373421540621
eng-championship,2017-2018,source,preseason,2017-08-04,eng-championship:2017-2018:bolton-wanderers:brentford,9,outside->eng-championship,recent_returner,0.9711526330671678,0.5872265631350171,3.518118648912818
eng-championship,2017-2018,source,preseason,2017-08-04,eng-championship:2017-2018:fulham:middlesbrough,9,eng-premier-league->eng-championship,recent_returner,1.34805464621585,0.8224929449488281,2.1187481528341046
eng-championship,2017-2018,source,preseason,2017-08-04,eng-championship:2017-2018:preston-north-end:millwall,9,outside->eng-championship,recent_returner,1.3921110868755473,0.8674569305980526,2.613765052705542
eng-championship,2017-2018,source,preseason,2017-08-04,eng-championship:2017-2018:reading:hull-city,9,eng-premier-league->eng-championship,recent_returner,1.411886765415316,0.8616105329317539,2.1877863293894944
eng-championship,2017-2018,source,preseason,2017-08-04,eng-championship:2017-2018:sunderland:cardiff-city,9,eng-premier-league->eng-championship,no_target_history,1.3686224851179587,0.8654810947659439,2.8065623595347327
eng-championship,2017-2018,source,preseason,2017-08-04,eng-championship:2017-2018:sheffield-wednesday:sheffield-united,9,outside->eng-championship,stale_history,1.5368960010973152,0.9707163792061357,5.597107529048431
eng-championship,2017-2018,source,preseason,2017-08-04,eng-championship:2017-2018:bristol-city:bolton-wanderers,10,outside->eng-championship,recent_returner,0.7927982785367153,0.4506236128234811,2.535769936128669
eng-championship,2017-2018,source,preseason,2017-08-04,eng-championship:2017-2018:hull-city:preston-north-end,10,eng-premier-league->eng-championship,recent_returner,1.330339742678621,0.8455293444555694,2.7618153745618326
eng-championship,2017-2018,source,preseason,2017-08-04,eng-championship:2017-2018:ipswich-town:sunderland,10,eng-premier-league->eng-championship,no_target_history,1.0311901787339088,0.6274633605074349,6.3184307169579
eng-championship,2017-2018,source,preseason,2017-08-04,eng-championship:2017-2018:middlesbrough:norwich-city,10,eng-premier-league->eng-championship,recent_returner,1.37940092229178,0.8738548379434106,2.598757744115484
eng-championship,2017-2018,source,preseason,2017-08-04,eng-championship:2017-2018:millwall:reading,10,outside->eng-championship,recent_returner,0.8756010718194946,0.5136660648348728,2.485865655499155
eng-championship,2017-2018,source,preseason,2017-08-04,eng-championship:2017-2018:sheffield-united:wolverhampton-wanderers,10,outside->eng-championship,stale_history,0.8699255202671891,0.508102137419463,2.6117373739014784
eng-championship,2017-2018,memory,preseason,2017-08-04,eng-championship:2017-2018:nottingham-forest:millwall,1,outside->eng-championship,recent_returner,0.7550071448220166,0.42170267437879794,2.1894622168574425
eng-championship,2017-2018,memory,preseason,2017-08-04,eng-championship:2017-2018:sunderland:derby-county,1,eng-premier-league->eng-championship,no_target_history,1.3529579653429236,0.8395941654207191,2.1223999424273448
eng-championship,2017-2018,memory,preseason,2017-08-04,eng-championship:2017-2018:aston-villa:hull-city,1,eng-premier-league->eng-championship,recent_returner,1.377210012812264,0.840628217324708,2.1484978955261393
eng-championship,2017-2018,memory,preseason,2017-08-04,eng-championship:2017-2018:sheffield-united:brentford,1,outside->eng-championship,stale_history,0.9973562947593186,0.6070418553954944,2.4982962384514362
eng-championship,2017-2018,memory,preseason,2017-08-04,eng-championship:2017-2018:wolverhampton-wanderers:middlesbrough,1,eng-premier-league->eng-championship,recent_returner,1.1734587851131397,0.7251156130899836,2.26639170546986
eng-championship,2017-2018,memory,preseason,2017-08-04,eng-championship:2017-2018:bolton-wanderers:leeds-united,1,outside->eng-championship,recent_returner,0.932578393357624,0.554761410425143,3.874921854377861
eng-championship,2017-2018,memory,preseason,2017-08-04,eng-championship:2017-2018:hull-city:burton-albion,2,eng-premier-league->eng-championship,recent_returner,0.5703928903378972,0.2834785860322461,3.538304404626476
eng-championship,2017-2018,memory,preseason,2017-08-04,eng-championship:2017-2018:middlesbrough:sheffield-united,2,mixed,mixed,0.5158359644793982,0.24509386595589602,2.0069884263010787
eng-championship,2017-2018,memory,preseason,2017-08-04,eng-championship:2017-2018:millwall:bolton-wanderers,2,mixed,mixed,1.379698823509594,0.8574481002457978,2.1625931475564952
eng-championship,2017-2018,memory,preseason,2017-08-04,eng-championship:2017-2018:norwich-city:sunderland,2,eng-premier-league->eng-championship,no_target_history,1.2696352545925769,0.8061758496023114,3.574856329270645
eng-championship,2017-2018,memory,preseason,2017-08-04,eng-championship:2017-2018:birmingham-city:bolton-wanderers,3,outside->eng-championship,recent_returner,1.348825131816794,0.836164009766535,2.4545637821741426
eng-championship,2017-2018,memory,preseason,2017-08-04,eng-championship:2017-2018:cardiff-city:sheffield-united,3,outside->eng-championship,stale_history,0.6899831053275806,0.3726421176324633,2.392008643970337
eng-championship,2017-2018,memory,preseason,2017-08-04,eng-championship:2017-2018:hull-city:wolverhampton-wanderers,3,eng-premier-league->eng-championship,recent_returner,1.3944451435796152,0.8887533792138116,3.942321426497405
eng-championship,2017-2018,memory,preseason,2017-08-04,eng-championship:2017-2018:middlesbrough:burton-albion,3,eng-premier-league->eng-championship,recent_returner,0.5014787333834467,0.2353428569498099,2.124222512076252
eng-championship,2017-2018,memory,preseason,2017-08-04,eng-championship:2017-2018:millwall:ipswich-town,3,outside->eng-championship,recent_returner,1.1322150759058909,0.6996060571097162,6.014109173345643
eng-championship,2017-2018,memory,preseason,2017-08-04,eng-championship:2017-2018:sheffield-wednesday:sunderland,3,eng-premier-league->eng-championship,no_target_history,1.3360322139205913,0.8289793929957419,2.1089319478329793
eng-championship,2017-2018,memory,preseason,2017-08-04,eng-championship:2017-2018:bolton-wanderers:derby-county,4,outside->eng-championship,recent_returner,0.8990572249895525,0.530082014328343,2.518078013792428
eng-championship,2017-2018,memory,preseason,2017-08-04,eng-championship:2017-2018:bristol-city:millwall,4,outside->eng-championship,recent_returner,1.3885761015746758,0.8619393493162334,2.618294523526735
eng-championship,2017-2018,memory,preseason,2017-08-04,eng-championship:2017-2018:nottingham-forest:middlesbrough,4,eng-premier-league->eng-championship,recent_returner,1.2160305390925785,0.7567470012153185,2.7335199018249083
eng-championship,2017-2018,memory,preseason,2017-08-04,eng-championship:2017-2018:queens-park-rangers:hull-city,4,eng-premier-league->eng-championship,recent_returner,0.9976714701778373,0.6073722135588153,2.5454835572298107
eng-championship,2017-2018,memory,preseason,2017-08-04,eng-championship:2017-2018:sheffield-united:barnsley,4,outside->eng-championship,stale_history,0.8455170770337918,0.4907902986888098,2.321921579637689
eng-championship,2017-2018,memory,preseason,2017-08-04,eng-championship:2017-2018:sunderland:leeds-united,4,eng-premier-league->eng-championship,no_target_history,1.2963083083904312,0.8135924011282535,3.092164019373962
eng-championship,2017-2018,memory,preseason,2017-08-04,eng-championship:2017-2018:hull-city:bolton-wanderers,5,mixed,mixed,0.5307437057556113,0.2544700309607272,3.4056507371489717
eng-championship,2017-2018,memory,preseason,2017-08-04,eng-championship:2017-2018:barnsley:sunderland,5,eng-premier-league->eng-championship,no_target_history,0.9820524025392344,0.5931363889122307,3.5437878022978264
eng-championship,2017-2018,memory,preseason,2017-08-04,eng-championship:2017-2018:middlesbrough:preston-north-end,5,eng-premier-league->eng-championship,recent_returner,1.4299556344756879,0.936007810547237,2.47627252407454
eng-championship,2017-2018,memory,preseason,2017-08-04,eng-championship:2017-2018:millwall:norwich-city,5,outside->eng-championship,recent_returner,1.1223063642784128,0.7008059152660606,4.796712626929908
eng-championship,2017-2018,memory,preseason,2017-08-04,eng-championship:2017-2018:sheffield-united:derby-county,5,outside->eng-championship,stale_history,1.0084005842140373,0.611288795839838,3.384747123343666
eng-championship,2017-2018,memory,preseason,2017-08-04,eng-championship:2017-2018:derby-county:hull-city,6,eng-premier-league->eng-championship,recent_returner,0.8058845309246437,0.4613183500959384,5.173937184465154
eng-championship,2017-2018,memory,preseason,2017-08-04,eng-championship:2017-2018:bolton-wanderers:middlesbrough,6,mixed,mixed,0.7385184386071068,0.4090080463841752,3.079779738817156
eng-championship,2017-2018,memory,preseason,2017-08-04,eng-championship:2017-2018:sunderland:sheffield-united,6,mixed,mixed,1.5078353655534207,0.9558444309246115,2.9238612236816373
eng-championship,2017-2018,memory,preseason,2017-08-04,eng-championship:2017-2018:wolverhampton-wanderers:millwall,6,outside->eng-championship,recent_returner,0.7263785209823727,0.39995167413264626,2.12217219878153
eng-championship,2017-2018,memory,preseason,2017-08-04,eng-championship:2017-2018:aston-villa:middlesbrough,7,eng-premier-league->eng-championship,recent_returner,1.2726989565630014,0.7800528363519205,2.2369874743260434
eng-championship,2017-2018,memory,preseason,2017-08-04,eng-championship:2017-2018:bolton-wanderers:sheffield-united,7,mixed,mixed,1.1028819866813238,0.681592272528798,2.3958663605240367
eng-championship,2017-2018,memory,preseason,2017-08-04,eng-championship:2017-2018:queens-park-rangers:millwall,7,outside->eng-championship,recent_returner,1.3685632487314656,0.8496005308200061,3.0497842566500246
eng-championship,2017-2018,memory,preseason,2017-08-04,eng-championship:2017-2018:sunderland:nottingham-forest,7,eng-premier-league->eng-championship,no_target_history,1.4760070964560095,0.935286141767296,2.6474936277664414
eng-championship,2017-2018,memory,preseason,2017-08-04,eng-championship:2017-2018:fulham:hull-city,7,eng-premier-league->eng-championship,recent_returner,0.729111038829797,0.404075499613085,2.423690339382019
eng-championship,2017-2018,memory,preseason,2017-08-04,eng-championship:2017-2018:hull-city:sunderland,8,mixed,mixed,1.4177052542729434,0.871466612027615,2.1999451023782406
eng-championship,2017-2018,memory,preseason,2017-08-04,eng-championship:2017-2018:ipswich-town:bolton-wanderers,8,outside->eng-championship,recent_returner,0.7082009139656201,0.3862966355633225,2.387296619202802
eng-championship,2017-2018,memory,preseason,2017-08-04,eng-championship:2017-2018:middlesbrough:queens-park-rangers,8,eng-premier-league->eng-championship,recent_returner,0.5284700078420099,0.25423084437854193,3.8343131852780017
eng-championship,2017-2018,memory,preseason,2017-08-04,eng-championship:2017-2018:millwall:leeds-united,8,outside->eng-championship,recent_returner,1.0100277275162128,0.6117893933298698,2.2888801320704237
eng-championship,2017-2018,memory,preseason,2017-08-04,eng-championship:2017-2018:sheffield-united:norwich-city,8,outside->eng-championship,stale_history,0.8686156982490011,0.5101543678810241,2.4376587885698773
eng-championship,2017-2018,memory,preseason,2017-08-04,eng-championship:2017-2018:bolton-wanderers:brentford,9,outside->eng-championship,recent_returner,0.8728191251233286,0.5126346594976315,3.3407570368181174
eng-championship,2017-2018,memory,preseason,2017-08-04,eng-championship:2017-2018:fulham:middlesbrough,9,eng-premier-league->eng-championship,recent_returner,1.3526120718150583,0.8251987440263374,2.1253562316080865
eng-championship,2017-2018,memory,preseason,2017-08-04,eng-championship:2017-2018:preston-north-end:millwall,9,outside->eng-championship,recent_returner,1.3967607324803202,0.8765413465894235,2.5911792575739927
eng-championship,2017-2018,memory,preseason,2017-08-04,eng-championship:2017-2018:reading:hull-city,9,eng-premier-league->eng-championship,recent_returner,1.4261141950121574,0.867313608931604,2.2103935430848427
eng-championship,2017-2018,memory,preseason,2017-08-04,eng-championship:2017-2018:sunderland:cardiff-city,9,eng-premier-league->eng-championship,no_target_history,1.3336076263967087,0.8407338878275485,2.785238165736514
eng-championship,2017-2018,memory,preseason,2017-08-04,eng-championship:2017-2018:sheffield-wednesday:sheffield-united,9,outside->eng-championship,stale_history,1.5502691832165727,0.9786634707396893,5.629571564234392
eng-championship,2017-2018,memory,preseason,2017-08-04,eng-championship:2017-2018:bristol-city:bolton-wanderers,10,outside->eng-championship,recent_returner,0.7131316462262531,0.39022258866788906,2.447183415402809
eng-championship,2017-2018,memory,preseason,2017-08-04,eng-championship:2017-2018:hull-city:preston-north-end,10,eng-premier-league->eng-championship,recent_returner,1.3742869708819747,0.8778979514687988,2.7977453921401887
eng-championship,2017-2018,memory,preseason,2017-08-04,eng-championship:2017-2018:ipswich-town:sunderland,10,eng-premier-league->eng-championship,no_target_history,1.0053382420006411,0.6079867385821945,6.33272245590304
eng-championship,2017-2018,memory,preseason,2017-08-04,eng-championship:2017-2018:middlesbrough:norwich-city,10,eng-premier-league->eng-championship,recent_returner,1.3414675254208441,0.8500921187187119,2.601588239277058
eng-championship,2017-2018,memory,preseason,2017-08-04,eng-championship:2017-2018:millwall:reading,10,outside->eng-championship,recent_returner,0.9188078798054775,0.5460058972816237,2.5121282951866686
eng-championship,2017-2018,memory,preseason,2017-08-04,eng-championship:2017-2018:sheffield-united:wolverhampton-wanderers,10,outside->eng-championship,stale_history,0.8803246618951661,0.5158457027104129,2.6194823978462245
eng-championship,2018-2019,current,preseason,2018-08-03,eng-championship:2018-2019:brentford:rotherham-united,1,outside->eng-championship,recent_returner,0.4507669521916427,0.19870129513166132,4.281834896211408
eng-championship,2018-2019,current,preseason,2018-08-03,eng-championship:2018-2019:ipswich-town:blackburn-rovers,1,outside->eng-championship,recent_returner,1.3327191604347655,0.8205164488078425,3.0755242509524034
eng-championship,2018-2019,current,preseason,2018-08-03,eng-championship:2018-2019:sheffield-united:swansea-city,1,eng-premier-league->eng-championship,stale_history,1.107060713874109,0.6844812296767037,2.637428006765652
eng-championship,2018-2019,current,preseason,2018-08-03,eng-championship:2018-2019:west-bromwich-albion:bolton-wanderers,1,eng-premier-league->eng-championship,no_target_history,1.5863177876616696,1.011102038223027,3.1076372742451253
eng-championship,2018-2019,current,preseason,2018-08-03,eng-championship:2018-2019:wigan-athletic:sheffield-wednesday,1,outside->eng-championship,recent_returner,1.0452420730605965,0.6372132387453796,3.9508730326335915
eng-championship,2018-2019,current,preseason,2018-08-03,eng-championship:2018-2019:leeds-united:stoke-city,1,eng-premier-league->eng-championship,no_target_history,0.849273821247922,0.494732113945673,3.2542791968890064
eng-championship,2018-2019,current,preseason,2018-08-03,eng-championship:2018-2019:nottingham-forest:west-bromwich-albion,2,eng-premier-league->eng-championship,no_target_history,1.3889287277809106,0.8461108860835544,2.2387218479498423
eng-championship,2018-2019,current,preseason,2018-08-03,eng-championship:2018-2019:aston-villa:wigan-athletic,2,outside->eng-championship,recent_returner,0.5410746343320382,0.2633334015550553,3.852636348450058
eng-championship,2018-2019,current,preseason,2018-08-03,eng-championship:2018-2019:blackburn-rovers:millwall,2,outside->eng-championship,recent_returner,1.310527878514164,0.8023962683878916,2.392153829058019
eng-championship,2018-2019,current,preseason,2018-08-03,eng-championship:2018-2019:norwich-city:west-bromwich-albion,3,eng-premier-league->eng-championship,no_target_history,1.1421274039051053,0.7149802321597257,5.458412342719145
eng-championship,2018-2019,current,preseason,2018-08-03,eng-championship:2018-2019:rotherham-united:ipswich-town,2,outside->eng-championship,recent_returner,1.1405514387502607,0.7068345362550434,2.3829375975071705
eng-championship,2018-2019,current,preseason,2018-08-03,eng-championship:2018-2019:stoke-city:brentford,2,eng-premier-league->eng-championship,no_target_history,1.4028753595493026,0.8545079029141178,2.2493094848866324
eng-championship,2018-2019,current,preseason,2018-08-03,eng-championship:2018-2019:swansea-city:preston-north-end,2,eng-premier-league->eng-championship,stale_history,0.8063065584991188,0.46026558270028134,2.1686288162323786
eng-championship,2018-2019,current,preseason,2018-08-03,eng-championship:2018-2019:birmingham-city:swansea-city,3,eng-premier-league->eng-championship,stale_history,1.3452561045376832,0.8269650315077577,2.462630699830256
eng-championship,2018-2019,current,preseason,2018-08-03,eng-championship:2018-2019:hull-city:blackburn-rovers,3,outside->eng-championship,recent_returner,1.3248879296183487,0.8387453554325585,2.59252613052508
eng-championship,2018-2019,current,preseason,2018-08-03,eng-championship:2018-2019:leeds-united:rotherham-united,3,outside->eng-championship,recent_returner,0.5514862206284393,0.269952713012733,2.2699694592960156
eng-championship,2018-2019,current,preseason,2018-08-03,eng-championship:2018-2019:preston-north-end:stoke-city,3,eng-premier-league->eng-championship,no_target_history,1.4043987913558256,0.8696726213821517,3.191307250075619
eng-championship,2018-2019,current,preseason,2018-08-03,eng-championship:2018-2019:west-bromwich-albion:queens-park-rangers,4,eng-premier-league->eng-championship,no_target_history,0.7169721337895358,0.3938938684994879,6.35474351786834
eng-championship,2018-2019,current,preseason,2018-08-03,eng-championship:2018-2019:wigan-athletic:nottingham-forest,3,outside->eng-championship,recent_returner,1.3242015192726835,0.8145231056449721,3.093325886983509
eng-championship,2018-2019,current,preseason,2018-08-03,eng-championship:2018-2019:rotherham-united:hull-city,4,outside->eng-championship,recent_returner,0.7356586557042993,0.4074738539511791,3.5873315738473135
eng-championship,2018-2019,current,preseason,2018-08-03,eng-championship:2018-2019:swansea-city:leeds-united,4,eng-premier-league->eng-championship,stale_history,1.4086944470991158,0.8842320025106201,3.077667326372926
eng-championship,2018-2019,current,preseason,2018-08-03,eng-championship:2018-2019:blackburn-rovers:reading,4,outside->eng-championship,recent_returner,1.397443812842578,0.8803431298476758,3.0659737825295594
eng-championship,2018-2019,current,preseason,2018-08-03,eng-championship:2018-2019:stoke-city:wigan-athletic,4,mixed,mixed,1.3321656278580958,0.8455271688936411,4.063584050749161
eng-championship,2018-2019,current,preseason,2018-08-03,eng-championship:2018-2019:middlesbrough:west-bromwich-albion,5,eng-premier-league->eng-championship,no_target_history,0.6260616555431902,0.32476860312398675,2.1670592835756075
eng-championship,2018-2019,current,preseason,2018-08-03,eng-championship:2018-2019:blackburn-rovers:brentford,5,outside->eng-championship,recent_returner,0.959281905501195,0.5749610351679595,2.277918064044912
eng-championship,2018-2019,current,preseason,2018-08-03,eng-championship:2018-2019:queens-park-rangers:wigan-athletic,5,outside->eng-championship,recent_returner,0.7811392283652618,0.44134666274502793,2.193393190811975
eng-championship,2018-2019,current,preseason,2018-08-03,eng-championship:2018-2019:stoke-city:hull-city,5,eng-premier-league->eng-championship,no_target_history,0.8623658963881062,0.5060878630020587,2.7083938934643053
eng-championship,2018-2019,current,preseason,2018-08-03,eng-championship:2018-2019:swansea-city:bristol-city,5,eng-premier-league->eng-championship,stale_history,1.2889669410079951,0.8153525276651665,2.56142589626259
eng-championship,2018-2019,current,preseason,2018-08-03,eng-championship:2018-2019:rotherham-united:millwall,5,outside->eng-championship,recent_returner,1.2652636601039475,0.7927278915227807,2.4337019968269367
eng-championship,2018-2019,current,preseason,2018-08-03,eng-championship:2018-2019:millwall:swansea-city,6,eng-premier-league->eng-championship,stale_history,1.1480410327486226,0.7116550586780848,2.679356377135444
eng-championship,2018-2019,current,preseason,2018-08-03,eng-championship:2018-2019:west-bromwich-albion:stoke-city,6,mixed,mixed,0.8095646070092292,0.4659735070388849,2.73148112251046
eng-championship,2018-2019,current,preseason,2018-08-03,eng-championship:2018-2019:wigan-athletic:rotherham-united,6,mixed,mixed,0.6449419404790923,0.3389434749134914,2.1164415549588496
eng-championship,2018-2019,current,preseason,2018-08-03,eng-championship:2018-2019:bristol-city:blackburn-rovers,6,outside->eng-championship,recent_returner,0.7768944999371167,0.4383448813547208,4.017896434360186
eng-championship,2018-2019,current,preseason,2018-08-03,eng-championship:2018-2019:birmingham-city:west-bromwich-albion,7,eng-premier-league->eng-championship,no_target_history,1.3774419165726277,0.8396728727277893,2.219712850312674
eng-championship,2018-2019,current,preseason,2018-08-03,eng-championship:2018-2019:blackburn-rovers:aston-villa,7,outside->eng-championship,recent_returner,1.312250220743916,0.8031240797544734,2.0812130740272936
eng-championship,2018-2019,current,preseason,2018-08-03,eng-championship:2018-2019:brentford:wigan-athletic,7,outside->eng-championship,recent_returner,0.6168709003780979,0.31816245584841774,2.294786174960914
eng-championship,2018-2019,current,preseason,2018-08-03,eng-championship:2018-2019:rotherham-united:derby-county,7,outside->eng-championship,recent_returner,1.4106675383659522,0.8936183288250577,2.608967367724806
eng-championship,2018-2019,current,preseason,2018-08-03,eng-championship:2018-2019:sheffield-wednesday:stoke-city,7,eng-premier-league->eng-championship,no_target_history,1.4253900526096892,0.8813761117547068,3.1537994711194215
eng-championship,2018-2019,current,preseason,2018-08-03,eng-championship:2018-2019:swansea-city:nottingham-forest,7,eng-premier-league->eng-championship,stale_history,1.4237966916342881,0.9063908426317099,2.577505470185554
eng-championship,2018-2019,current,preseason,2018-08-03,eng-championship:2018-2019:aston-villa:rotherham-united,8,outside->eng-championship,recent_returner,0.39901557469722326,0.16449050177779498,2.0835726776767665
eng-championship,2018-2019,current,preseason,2018-08-03,eng-championship:2018-2019:derby-county:blackburn-rovers,8,outside->eng-championship,recent_returner,1.412775259259443,0.9011312821697752,2.5739164733983455
eng-championship,2018-2019,current,preseason,2018-08-03,eng-championship:2018-2019:stoke-city:swansea-city,8,mixed,mixed,0.8896387618754205,0.5261282981381243,2.315127318584142
eng-championship,2018-2019,current,preseason,2018-08-03,eng-championship:2018-2019:west-bromwich-albion:bristol-city,8,eng-premier-league->eng-championship,no_target_history,0.8083743536243274,0.4640225698270875,4.483377388442621
eng-championship,2018-2019,current,preseason,2018-08-03,eng-championship:2018-2019:wigan-athletic:hull-city,8,outside->eng-championship,recent_returner,1.0317144575640667,0.6294035430857652,2.572478339775972
eng-championship,2018-2019,current,preseason,2018-08-03,eng-championship:2018-2019:wigan-athletic:bristol-city,9,outside->eng-championship,recent_returner,0.9666423464195972,0.5806400140770833,2.2906409401070116
eng-championship,2018-2019,current,preseason,2018-08-03,eng-championship:2018-2019:middlesbrough:swansea-city,9,eng-premier-league->eng-championship,stale_history,1.3988127261484118,0.8814957961208088,2.5383765971490946
eng-championship,2018-2019,current,preseason,2018-08-03,eng-championship:2018-2019:nottingham-forest:rotherham-united,9,outside->eng-championship,recent_returner,0.6182777140763046,0.31908865579129897,2.1367617607283096
eng-championship,2018-2019,current,preseason,2018-08-03,eng-championship:2018-2019:stoke-city:blackburn-rovers,9,mixed,mixed,1.201717208683743,0.7564597718457312,4.007263666705091
eng-championship,2018-2019,current,preseason,2018-08-03,eng-championship:2018-2019:west-bromwich-albion:millwall,9,eng-premier-league->eng-championship,no_target_history,0.8664995008376178,0.5066867306927151,2.6250511816617115
eng-championship,2018-2019,current,preseason,2018-08-03,eng-championship:2018-2019:blackburn-rovers:nottingham-forest,10,outside->eng-championship,recent_returner,1.362819144567266,0.8499580368368492,3.0843172383162307
eng-championship,2018-2019,current,preseason,2018-08-03,eng-championship:2018-2019:norwich-city:wigan-athletic,10,outside->eng-championship,recent_returner,0.707775926001879,0.3859902015217167,2.1446738499539197
eng-championship,2018-2019,current,preseason,2018-08-03,eng-championship:2018-2019:preston-north-end:west-bromwich-albion,10,eng-premier-league->eng-championship,no_target_history,1.241529913916749,0.7828635549067642,4.060307516954547
eng-championship,2018-2019,current,preseason,2018-08-03,eng-championship:2018-2019:rotherham-united:stoke-city,10,mixed,mixed,1.4238765303595557,0.8730463115074841,3.1334851115318205
eng-championship,2018-2019,current,preseason,2018-08-03,eng-championship:2018-2019:swansea-city:queens-park-rangers,10,eng-premier-league->eng-championship,stale_history,0.645655654483843,0.3394217087802942,2.916787705968157
eng-championship,2018-2019,population,preseason,2018-08-03,eng-championship:2018-2019:brentford:rotherham-united,1,outside->eng-championship,recent_returner,0.7268135590306937,0.40102961774698564,4.666869010534203
eng-championship,2018-2019,population,preseason,2018-08-03,eng-championship:2018-2019:ipswich-town:blackburn-rovers,1,outside->eng-championship,recent_returner,1.385475873449384,0.8471744684713294,3.166972438386018
eng-championship,2018-2019,population,preseason,2018-08-03,eng-championship:2018-2019:sheffield-united:swansea-city,1,eng-premier-league->eng-championship,stale_history,1.2233371855964763,0.771681634856916,2.8428224244188
eng-championship,2018-2019,population,preseason,2018-08-03,eng-championship:2018-2019:west-bromwich-albion:bolton-wanderers,1,eng-premier-league->eng-championship,no_target_history,1.6250045223248983,1.032079796056957,3.1459931812506747
eng-championship,2018-2019,population,preseason,2018-08-03,eng-championship:2018-2019:wigan-athletic:sheffield-wednesday,1,outside->eng-championship,recent_returner,0.8742805909033667,0.5135529121915089,3.7959519613573844
eng-championship,2018-2019,population,preseason,2018-08-03,eng-championship:2018-2019:leeds-united:stoke-city,1,eng-premier-league->eng-championship,no_target_history,0.8515983287726031,0.49640209757954995,3.259751164603522
eng-championship,2018-2019,population,preseason,2018-08-03,eng-championship:2018-2019:nottingham-forest:west-bromwich-albion,2,eng-premier-league->eng-championship,no_target_history,1.3861020762196157,0.8444811501218001,2.236674705316239
eng-championship,2018-2019,population,preseason,2018-08-03,eng-championship:2018-2019:aston-villa:wigan-athletic,2,outside->eng-championship,recent_returner,0.6467429106678965,0.340222713494601,3.810619050783668
eng-championship,2018-2019,population,preseason,2018-08-03,eng-championship:2018-2019:blackburn-rovers:millwall,2,outside->eng-championship,recent_returner,1.3408828237177282,0.8185425425569721,2.278162775435604
eng-championship,2018-2019,population,preseason,2018-08-03,eng-championship:2018-2019:norwich-city:west-bromwich-albion,3,eng-premier-league->eng-championship,no_target_history,1.1164113158232858,0.6969260272616316,5.405161841064296
eng-championship,2018-2019,population,preseason,2018-08-03,eng-championship:2018-2019:rotherham-united:ipswich-town,2,outside->eng-championship,recent_returner,0.7737751977108758,0.4364671528037496,2.2120509505158594
eng-championship,2018-2019,population,preseason,2018-08-03,eng-championship:2018-2019:stoke-city:brentford,2,eng-premier-league->eng-championship,no_target_history,1.3998980929420428,0.8528189682045942,2.246966061411019
eng-championship,2018-2019,population,preseason,2018-08-03,eng-championship:2018-2019:swansea-city:preston-north-end,2,eng-premier-league->eng-championship,stale_history,0.8882531734617859,0.5231607284488078,2.2461087351186086
eng-championship,2018-2019,population,preseason,2018-08-03,eng-championship:2018-2019:birmingham-city:swansea-city,3,eng-premier-league->eng-championship,stale_history,1.3730473933593144,0.837312630083054,2.3853402201230622
eng-championship,2018-2019,population,preseason,2018-08-03,eng-championship:2018-2019:hull-city:blackburn-rovers,3,outside->eng-championship,recent_returner,1.151407334476813,0.7281040748568929,2.626728693687919
eng-championship,2018-2019,population,preseason,2018-08-03,eng-championship:2018-2019:leeds-united:rotherham-united,3,outside->eng-championship,recent_returner,0.8512881884011041,0.49617451042644284,2.653085642686747
eng-championship,2018-2019,population,preseason,2018-08-03,eng-championship:2018-2019:preston-north-end:stoke-city,3,eng-premier-league->eng-championship,no_target_history,1.3983254406902732,0.866509573810857,3.20316943586673
eng-championship,2018-2019,population,preseason,2018-08-03,eng-championship:2018-2019:west-bromwich-albion:queens-park-rangers,4,eng-premier-league->eng-championship,no_target_history,0.7135295460142766,0.39121666248721704,6.3524742325320105
eng-championship,2018-2019,population,preseason,2018-08-03,eng-championship:2018-2019:wigan-athletic:nottingham-forest,3,outside->eng-championship,recent_returner,1.4253413065518796,0.8885406068378305,3.192310632037605
eng-championship,2018-2019,population,preseason,2018-08-03,eng-championship:2018-2019:rotherham-united:hull-city,4,outside->eng-championship,recent_returner,1.1359549054535738,0.7166309728310353,3.7677013639538237
eng-championship,2018-2019,population,preseason,2018-08-03,eng-championship:2018-2019:swansea-city:leeds-united,4,eng-premier-league->eng-championship,stale_history,1.4203523629991137,0.8756767464672432,3.151302843829094
eng-championship,2018-2019,population,preseason,2018-08-03,eng-championship:2018-2019:blackburn-rovers:reading,4,outside->eng-championship,recent_returner,1.4633312902525222,0.919824194923396,3.1829992686437034
eng-championship,2018-2019,population,preseason,2018-08-03,eng-championship:2018-2019:stoke-city:wigan-athletic,4,mixed,mixed,1.132475550621673,0.7112263194934716,3.724255270049947
eng-championship,2018-2019,population,preseason,2018-08-03,eng-championship:2018-2019:middlesbrough:west-bromwich-albion,5,eng-premier-league->eng-championship,no_target_history,0.6368680545192762,0.3328390716661459,2.147001397096269
eng-championship,2018-2019,population,preseason,2018-08-03,eng-championship:2018-2019:blackburn-rovers:brentford,5,outside->eng-championship,recent_returner,0.9065702151467533,0.5382935089285669,2.3163052392196466
eng-championship,2018-2019,population,preseason,2018-08-03,eng-championship:2018-2019:queens-park-rangers:wigan-athletic,5,outside->eng-championship,recent_returner,0.9082546590694734,0.540484107859653,2.357837296187938
eng-championship,2018-2019,population,preseason,2018-08-03,eng-championship:2018-2019:stoke-city:hull-city,5,eng-premier-league->eng-championship,no_target_history,0.7943867748662502,0.45510785936080933,2.6936334226284173
eng-championship,2018-2019,population,preseason,2018-08-03,eng-championship:2018-2019:swansea-city:bristol-city,5,eng-premier-league->eng-championship,stale_history,1.1510083324980787,0.7222573672038515,2.502781759534825
eng-championship,2018-2019,population,preseason,2018-08-03,eng-championship:2018-2019:rotherham-united:millwall,5,outside->eng-championship,recent_returner,0.9447395599473601,0.5643460726086563,2.212125865792734
eng-championship,2018-2019,population,preseason,2018-08-03,eng-championship:2018-2019:millwall:swansea-city,6,eng-premier-league->eng-championship,stale_history,1.3104941105181713,0.8259169259135192,2.9139867922188945
eng-championship,2018-2019,population,preseason,2018-08-03,eng-championship:2018-2019:west-bromwich-albion:stoke-city,6,mixed,mixed,0.8112924524300178,0.4671698259551821,2.732540565098748
eng-championship,2018-2019,population,preseason,2018-08-03,eng-championship:2018-2019:wigan-athletic:rotherham-united,6,mixed,mixed,0.8112924524300178,0.4671698259551821,2.306828901752704
eng-championship,2018-2019,population,preseason,2018-08-03,eng-championship:2018-2019:bristol-city:blackburn-rovers,6,outside->eng-championship,recent_returner,0.8024376494195269,0.45942717832682756,3.938943166997541
eng-championship,2018-2019,population,preseason,2018-08-03,eng-championship:2018-2019:birmingham-city:west-bromwich-albion,7,eng-premier-league->eng-championship,no_target_history,1.3746910711212874,0.8381509985466058,2.2179153600300445
eng-championship,2018-2019,population,preseason,2018-08-03,eng-championship:2018-2019:blackburn-rovers:aston-villa,7,outside->eng-championship,recent_returner,1.3668786062323517,0.8333444506600027,2.2120280722565653
eng-championship,2018-2019,population,preseason,2018-08-03,eng-championship:2018-2019:brentford:wigan-athletic,7,outside->eng-championship,recent_returner,0.728037484359789,0.4019769178922559,2.516269668494496
eng-championship,2018-2019,population,preseason,2018-08-03,eng-championship:2018-2019:rotherham-united:derby-county,7,outside->eng-championship,recent_returner,0.970118608572413,0.5861988590229065,2.341419540745528
eng-championship,2018-2019,population,preseason,2018-08-03,eng-championship:2018-2019:sheffield-wednesday:stoke-city,7,eng-premier-league->eng-championship,no_target_history,1.422125977683646,0.8793655224439428,3.1582505444422706
eng-championship,2018-2019,population,preseason,2018-08-03,eng-championship:2018-2019:swansea-city:nottingham-forest,7,eng-premier-league->eng-championship,stale_history,1.4261640027111218,0.8888016538226393,2.4763101687305493
eng-championship,2018-2019,population,preseason,2018-08-03,eng-championship:2018-2019:aston-villa:rotherham-united,8,outside->eng-championship,recent_returner,0.6481468449518113,0.34127545606715204,2.3901041030738663
eng-championship,2018-2019,population,preseason,2018-08-03,eng-championship:2018-2019:derby-county:blackburn-rovers,8,outside->eng-championship,recent_returner,1.449401155874469,0.9098321550117686,2.51771567933065
eng-championship,2018-2019,population,preseason,2018-08-03,eng-championship:2018-2019:stoke-city:swansea-city,8,mixed,mixed,0.8109422510432974,0.4669228323726822,2.3062365704671164
eng-championship,2018-2019,population,preseason,2018-08-03,eng-championship:2018-2019:west-bromwich-albion:bristol-city,8,eng-premier-league->eng-championship,no_target_history,0.8106725498200887,0.4657420744713779,4.489872734629972
eng-championship,2018-2019,population,preseason,2018-08-03,eng-championship:2018-2019:wigan-athletic:hull-city,8,outside->eng-championship,recent_returner,0.7952519112512906,0.4556688235708728,2.587620902762974
eng-championship,2018-2019,population,preseason,2018-08-03,eng-championship:2018-2019:wigan-athletic:bristol-city,9,outside->eng-championship,recent_returner,0.8106890804998554,0.46575248820253656,2.3113140610768466
eng-championship,2018-2019,population,preseason,2018-08-03,eng-championship:2018-2019:middlesbrough:swansea-city,9,eng-premier-league->eng-championship,stale_history,1.4511642735913508,0.9217313466416122,2.4690174352534853
eng-championship,2018-2019,population,preseason,2018-08-03,eng-championship:2018-2019:nottingham-forest:rotherham-united,9,outside->eng-championship,recent_returner,0.9247661067639288,0.5515260899709498,2.2982433596990584
eng-championship,2018-2019,population,preseason,2018-08-03,eng-championship:2018-2019:stoke-city:blackburn-rovers,9,mixed,mixed,1.132510029430226,0.7113681694036745,3.992731088497875
eng-championship,2018-2019,population,preseason,2018-08-03,eng-championship:2018-2019:west-bromwich-albion:millwall,9,eng-premier-league->eng-championship,no_target_history,0.9421669653225606,0.5625783158584314,2.6809640887899593
eng-championship,2018-2019,population,preseason,2018-08-03,eng-championship:2018-2019:blackburn-rovers:nottingham-forest,10,outside->eng-championship,recent_returner,1.426516606917287,0.8889007816991014,3.184035774986822
eng-championship,2018-2019,population,preseason,2018-08-03,eng-championship:2018-2019:norwich-city:wigan-athletic,10,outside->eng-championship,recent_returner,0.8382357508011022,0.4868832614520966,2.321955644396677
eng-championship,2018-2019,population,preseason,2018-08-03,eng-championship:2018-2019:preston-north-end:west-bromwich-albion,10,eng-premier-league->eng-championship,no_target_history,1.2461241251355701,0.7853524455733014,4.081042499305375
eng-championship,2018-2019,population,preseason,2018-08-03,eng-championship:2018-2019:rotherham-united:stoke-city,10,mixed,mixed,1.455640220667873,0.8893367333007985,3.2553039797677172
eng-championship,2018-2019,population,preseason,2018-08-03,eng-championship:2018-2019:swansea-city:queens-park-rangers,10,eng-premier-league->eng-championship,stale_history,0.7154135818882092,0.39264413175820867,3.0601448010986814
eng-championship,2018-2019,transition,preseason,2018-08-03,eng-championship:2018-2019:brentford:rotherham-united,1,outside->eng-championship,recent_returner,0.6464839552315698,0.34007031662185994,4.886326553950627
eng-championship,2018-2019,transition,preseason,2018-08-03,eng-championship:2018-2019:ipswich-town:blackburn-rovers,1,outside->eng-championship,recent_returner,1.3466520960024948,0.8349992281487585,3.078925383849228
eng-championship,2018-2019,transition,preseason,2018-08-03,eng-championship:2018-2019:sheffield-united:swansea-city,1,eng-premier-league->eng-championship,stale_history,1.0535407035298754,0.6465488700412262,2.5864565106027393
eng-championship,2018-2019,transition,preseason,2018-08-03,eng-championship:2018-2019:west-bromwich-albion:bolton-wanderers,1,eng-premier-league->eng-championship,no_target_history,1.7855599073587134,1.11968358465607,3.1446456946181858
eng-championship,2018-2019,transition,preseason,2018-08-03,eng-championship:2018-2019:wigan-athletic:sheffield-wednesday,1,outside->eng-championship,recent_returner,0.9840161115507082,0.5931985595432467,3.8374925895494685
eng-championship,2018-2019,transition,preseason,2018-08-03,eng-championship:2018-2019:leeds-united:stoke-city,1,eng-premier-league->eng-championship,no_target_history,0.9739608151892762,0.5873210972609042,3.3069647182609483
eng-championship,2018-2019,transition,preseason,2018-08-03,eng-championship:2018-2019:nottingham-forest:west-bromwich-albion,2,eng-premier-league->eng-championship,no_target_history,1.354971278153118,0.8272490588797422,2.122698505076867
eng-championship,2018-2019,transition,preseason,2018-08-03,eng-championship:2018-2019:aston-villa:wigan-athletic,2,outside->eng-championship,recent_returner,0.5616976121631474,0.2777903392063921,3.746718110020902
eng-championship,2018-2019,transition,preseason,2018-08-03,eng-championship:2018-2019:blackburn-rovers:millwall,2,outside->eng-championship,recent_returner,1.3145534527545317,0.8028591579361734,2.413585883114469
eng-championship,2018-2019,transition,preseason,2018-08-03,eng-championship:2018-2019:norwich-city:west-bromwich-albion,3,eng-premier-league->eng-championship,no_target_history,1.0122960676778459,0.6164392571244903,5.557409940118896
eng-championship,2018-2019,transition,preseason,2018-08-03,eng-championship:2018-2019:rotherham-united:ipswich-town,2,outside->eng-championship,recent_returner,0.8655783928928003,0.504495876879952,2.1997914603988025
eng-championship,2018-2019,transition,preseason,2018-08-03,eng-championship:2018-2019:stoke-city:brentford,2,eng-premier-league->eng-championship,no_target_history,1.3852075833753708,0.855018325505293,2.152799316103267
eng-championship,2018-2019,transition,preseason,2018-08-03,eng-championship:2018-2019:swansea-city:preston-north-end,2,eng-premier-league->eng-championship,stale_history,0.768917132588086,0.4321531510746095,2.1884129132345342
eng-championship,2018-2019,transition,preseason,2018-08-03,eng-championship:2018-2019:birmingham-city:swansea-city,3,eng-premier-league->eng-championship,stale_history,1.3581017288309605,0.8378980220456913,2.5256914142527713
eng-championship,2018-2019,transition,preseason,2018-08-03,eng-championship:2018-2019:hull-city:blackburn-rovers,3,outside->eng-championship,recent_returner,1.3704690351159738,0.8720335411902048,2.6937232749267377
eng-championship,2018-2019,transition,preseason,2018-08-03,eng-championship:2018-2019:leeds-united:rotherham-united,3,outside->eng-championship,recent_returner,0.7711069197362229,0.43376195032963416,2.476462510679507
eng-championship,2018-2019,transition,preseason,2018-08-03,eng-championship:2018-2019:preston-north-end:stoke-city,3,eng-premier-league->eng-championship,no_target_history,1.3506393534314507,0.8279704808947684,3.029187621396907
eng-championship,2018-2019,transition,preseason,2018-08-03,eng-championship:2018-2019:west-bromwich-albion:queens-park-rangers,4,eng-premier-league->eng-championship,no_target_history,0.6071340913695628,0.3106641602468318,6.9011096783106085
eng-championship,2018-2019,transition,preseason,2018-08-03,eng-championship:2018-2019:wigan-athletic:nottingham-forest,3,outside->eng-championship,recent_returner,1.348226299751124,0.8340600572974547,3.0713884206472697
eng-championship,2018-2019,transition,preseason,2018-08-03,eng-championship:2018-2019:rotherham-united:hull-city,4,outside->eng-championship,recent_returner,1.0211387440579283,0.6235769634201638,3.7237775333045784
eng-championship,2018-2019,transition,preseason,2018-08-03,eng-championship:2018-2019:swansea-city:leeds-united,4,eng-premier-league->eng-championship,stale_history,1.4286389993457458,0.9026905855100703,3.037102429359579
eng-championship,2018-2019,transition,preseason,2018-08-03,eng-championship:2018-2019:blackburn-rovers:reading,4,outside->eng-championship,recent_returner,1.380541996741572,0.8610439007018824,3.0499458593209168
eng-championship,2018-2019,transition,preseason,2018-08-03,eng-championship:2018-2019:stoke-city:wigan-athletic,4,mixed,mixed,1.4673606106804244,0.9333943147420661,4.360823763025715
eng-championship,2018-2019,transition,preseason,2018-08-03,eng-championship:2018-2019:middlesbrough:west-bromwich-albion,5,eng-premier-league->eng-championship,no_target_history,0.7266854288048887,0.40036939608028144,2.2126625029009936
eng-championship,2018-2019,transition,preseason,2018-08-03,eng-championship:2018-2019:blackburn-rovers:brentford,5,outside->eng-championship,recent_returner,1.0203242854344192,0.62014260023779,2.332747103849923
eng-championship,2018-2019,transition,preseason,2018-08-03,eng-championship:2018-2019:queens-park-rangers:wigan-athletic,5,outside->eng-championship,recent_returner,0.8231571783639551,0.47342697897295877,2.245214658265183
eng-championship,2018-2019,transition,preseason,2018-08-03,eng-championship:2018-2019:stoke-city:hull-city,5,eng-premier-league->eng-championship,no_target_history,0.7236223647257732,0.39878587283035727,2.5405159959634083
eng-championship,2018-2019,transition,preseason,2018-08-03,eng-championship:2018-2019:swansea-city:bristol-city,5,eng-premier-league->eng-championship,stale_history,1.3296680784073482,0.8440295423859824,2.6426240065074826
eng-championship,2018-2019,transition,preseason,2018-08-03,eng-championship:2018-2019:rotherham-united:millwall,5,outside->eng-championship,recent_returner,0.9655747499828329,0.5785908622730777,2.2350067490923182
eng-championship,2018-2019,transition,preseason,2018-08-03,eng-championship:2018-2019:millwall:swansea-city,6,eng-premier-league->eng-championship,stale_history,1.1055276731424781,0.6821998405339428,2.6324894349053896
eng-championship,2018-2019,transition,preseason,2018-08-03,eng-championship:2018-2019:west-bromwich-albion:stoke-city,6,mixed,mixed,0.8022572852439508,0.4584633321728981,2.4665059703412933
eng-championship,2018-2019,transition,preseason,2018-08-03,eng-championship:2018-2019:wigan-athletic:rotherham-united,6,mixed,mixed,0.821705183985207,0.4719642496755483,2.2060734181865413
eng-championship,2018-2019,transition,preseason,2018-08-03,eng-championship:2018-2019:bristol-city:blackburn-rovers,6,outside->eng-championship,recent_returner,0.7203174033078288,0.3955667257606525,3.9271291824817194
eng-championship,2018-2019,transition,preseason,2018-08-03,eng-championship:2018-2019:birmingham-city:west-bromwich-albion,7,eng-premier-league->eng-championship,no_target_history,1.357828782270349,0.8372516195849771,2.126403813267318
eng-championship,2018-2019,transition,preseason,2018-08-03,eng-championship:2018-2019:blackburn-rovers:aston-villa,7,outside->eng-championship,recent_returner,1.3305500218503612,0.817966096780959,2.1007594306295707
eng-championship,2018-2019,transition,preseason,2018-08-03,eng-championship:2018-2019:brentford:wigan-athletic,7,outside->eng-championship,recent_returner,0.6495350646541382,0.3423436662101577,2.342611140419483
eng-championship,2018-2019,transition,preseason,2018-08-03,eng-championship:2018-2019:rotherham-united:derby-county,7,outside->eng-championship,recent_returner,1.0931239055328874,0.6729901570607295,2.369454909783198
eng-championship,2018-2019,transition,preseason,2018-08-03,eng-championship:2018-2019:sheffield-wednesday:stoke-city,7,eng-premier-league->eng-championship,no_target_history,1.3689080183622926,0.8386977450118498,2.994481100615728
eng-championship,2018-2019,transition,preseason,2018-08-03,eng-championship:2018-2019:swansea-city:nottingham-forest,7,eng-premier-league->eng-championship,stale_history,1.4466057694198655,0.9278753688927214,2.64957472911777
eng-championship,2018-2019,transition,preseason,2018-08-03,eng-championship:2018-2019:aston-villa:rotherham-united,8,outside->eng-championship,recent_returner,0.5651129724875843,0.28024173407875635,2.224306711200854
eng-championship,2018-2019,transition,preseason,2018-08-03,eng-championship:2018-2019:derby-county:blackburn-rovers,8,outside->eng-championship,recent_returner,1.4413912270609628,0.9303373658226314,2.6083353160301064
eng-championship,2018-2019,transition,preseason,2018-08-03,eng-championship:2018-2019:stoke-city:swansea-city,8,mixed,mixed,0.8028066585723772,0.45885432737474013,2.3205298680295536
eng-championship,2018-2019,transition,preseason,2018-08-03,eng-championship:2018-2019:west-bromwich-albion:bristol-city,8,eng-premier-league->eng-championship,no_target_history,0.7037414535375132,0.38325374695490044,4.426386283684322
eng-championship,2018-2019,transition,preseason,2018-08-03,eng-championship:2018-2019:wigan-athletic:hull-city,8,outside->eng-championship,recent_returner,0.94337976130866,0.5652655584347258,2.5184234562420063
eng-championship,2018-2019,transition,preseason,2018-08-03,eng-championship:2018-2019:wigan-athletic:bristol-city,9,outside->eng-championship,recent_returner,0.9139684051789843,0.541910928008072,2.3109740331039914
eng-championship,2018-2019,transition,preseason,2018-08-03,eng-championship:2018-2019:middlesbrough:swansea-city,9,eng-premier-league->eng-championship,stale_history,1.3951237826826146,0.8714370933042465,2.596927964511921
eng-championship,2018-2019,transition,preseason,2018-08-03,eng-championship:2018-2019:nottingham-forest:rotherham-united,9,outside->eng-championship,recent_returner,0.8470917932841254,0.4908198446688662,2.184620129509102
eng-championship,2018-2019,transition,preseason,2018-08-03,eng-championship:2018-2019:stoke-city:blackburn-rovers,9,mixed,mixed,1.4629206016888263,0.9304334760348995,4.082248019983313
eng-championship,2018-2019,transition,preseason,2018-08-03,eng-championship:2018-2019:west-bromwich-albion:millwall,9,eng-premier-league->eng-championship,no_target_history,0.7515231251119396,0.4189905187475315,2.4589444110408856
eng-championship,2018-2019,transition,preseason,2018-08-03,eng-championship:2018-2019:blackburn-rovers:nottingham-forest,10,outside->eng-championship,recent_returner,1.3497709159987408,0.8348304299601489,3.071813300889638
eng-championship,2018-2019,transition,preseason,2018-08-03,eng-championship:2018-2019:norwich-city:wigan-athletic,10,outside->eng-championship,recent_returner,0.7579178033830569,0.42392019378584794,2.1965052069408157
eng-championship,2018-2019,transition,preseason,2018-08-03,eng-championship:2018-2019:preston-north-end:west-bromwich-albion,10,eng-premier-league->eng-championship,no_target_history,1.130664851937768,0.7005727873178554,3.9362072134309076
eng-championship,2018-2019,transition,preseason,2018-08-03,eng-championship:2018-2019:rotherham-united:stoke-city,10,mixed,mixed,1.3654952521568582,0.8323765424885357,2.997000327118279
eng-championship,2018-2019,transition,preseason,2018-08-03,eng-championship:2018-2019:swansea-city:queens-park-rangers,10,eng-premier-league->eng-championship,stale_history,0.6121225514400234,0.3143757079366982,2.8788621449044607
eng-championship,2018-2019,source,preseason,2018-08-03,eng-championship:2018-2019:brentford:rotherham-united,1,outside->eng-championship,recent_returner,0.639618094131093,0.33494225417470697,4.858176980765672
eng-championship,2018-2019,source,preseason,2018-08-03,eng-championship:2018-2019:ipswich-town:blackburn-rovers,1,outside->eng-championship,recent_returner,1.3509635179929549,0.8384702284874734,3.074650885873387
eng-championship,2018-2019,source,preseason,2018-08-03,eng-championship:2018-2019:sheffield-united:swansea-city,1,eng-premier-league->eng-championship,stale_history,0.983052362398058,0.5916488878600713,2.5584607071534555
eng-championship,2018-2019,source,preseason,2018-08-03,eng-championship:2018-2019:west-bromwich-albion:bolton-wanderers,1,eng-premier-league->eng-championship,no_target_history,1.9192495523926194,1.181244459592467,3.2845049458248043
eng-championship,2018-2019,source,preseason,2018-08-03,eng-championship:2018-2019:wigan-athletic:sheffield-wednesday,1,outside->eng-championship,recent_returner,0.9899108163990199,0.5976883112224347,3.8317390998529386
eng-championship,2018-2019,source,preseason,2018-08-03,eng-championship:2018-2019:leeds-united:stoke-city,1,eng-premier-league->eng-championship,no_target_history,0.9600158889366264,0.5768427512150499,3.285305642227775
eng-championship,2018-2019,source,preseason,2018-08-03,eng-championship:2018-2019:nottingham-forest:west-bromwich-albion,2,eng-premier-league->eng-championship,no_target_history,1.3172370940910698,0.8104903250997427,2.0910387908499812
eng-championship,2018-2019,source,preseason,2018-08-03,eng-championship:2018-2019:aston-villa:wigan-athletic,2,outside->eng-championship,recent_returner,0.562057116552048,0.2779732462209799,3.72671019109452
eng-championship,2018-2019,source,preseason,2018-08-03,eng-championship:2018-2019:blackburn-rovers:millwall,2,outside->eng-championship,recent_returner,1.3173546875563833,0.8043979811424228,2.424941005730064
eng-championship,2018-2019,source,preseason,2018-08-03,eng-championship:2018-2019:norwich-city:west-bromwich-albion,3,eng-premier-league->eng-championship,no_target_history,0.9451697601854611,0.5640003165677943,5.78356760060894
eng-championship,2018-2019,source,preseason,2018-08-03,eng-championship:2018-2019:rotherham-united:ipswich-town,2,outside->eng-championship,recent_returner,0.8708865810972591,0.5085372749402984,2.2092245197806113
eng-championship,2018-2019,source,preseason,2018-08-03,eng-championship:2018-2019:stoke-city:brentford,2,eng-premier-league->eng-championship,no_target_history,1.3815831941764791,0.8517036966081033,2.1466103501554583
eng-championship,2018-2019,source,preseason,2018-08-03,eng-championship:2018-2019:swansea-city:preston-north-end,2,eng-premier-league->eng-championship,stale_history,0.7210209215221778,0.39593548550916535,2.0568853358922725
eng-championship,2018-2019,source,preseason,2018-08-03,eng-championship:2018-2019:birmingham-city:swansea-city,3,eng-premier-league->eng-championship,stale_history,1.325848244608028,0.8283545240348981,2.368015511712625
eng-championship,2018-2019,source,preseason,2018-08-03,eng-championship:2018-2019:hull-city:blackburn-rovers,3,outside->eng-championship,recent_returner,1.3755635768503862,0.8763617525171395,2.7166011367380025
eng-championship,2018-2019,source,preseason,2018-08-03,eng-championship:2018-2019:leeds-united:rotherham-united,3,outside->eng-championship,recent_returner,0.7636333478710248,0.4281515923619803,2.471673103406776
eng-championship,2018-2019,source,preseason,2018-08-03,eng-championship:2018-2019:preston-north-end:stoke-city,3,eng-premier-league->eng-championship,no_target_history,1.352054397357718,0.8299166321723276,3.0083202810217546
eng-championship,2018-2019,source,preseason,2018-08-03,eng-championship:2018-2019:west-bromwich-albion:queens-park-rangers,4,eng-premier-league->eng-championship,no_target_history,0.5619563805894382,0.27775544259423196,6.9294039606369875
eng-championship,2018-2019,source,preseason,2018-08-03,eng-championship:2018-2019:wigan-athletic:nottingham-forest,3,outside->eng-championship,recent_returner,1.3494445523897938,0.8340482360784967,3.0641395259166155
eng-championship,2018-2019,source,preseason,2018-08-03,eng-championship:2018-2019:rotherham-united:hull-city,4,outside->eng-championship,recent_returner,1.0155116465179137,0.619824919236459,3.6967813435383197
eng-championship,2018-2019,source,preseason,2018-08-03,eng-championship:2018-2019:swansea-city:leeds-united,4,eng-premier-league->eng-championship,stale_history,1.4078536193978408,0.9055686005956765,3.1607673660807762
eng-championship,2018-2019,source,preseason,2018-08-03,eng-championship:2018-2019:blackburn-rovers:reading,4,outside->eng-championship,recent_returner,1.3813310939092802,0.8605543923554996,3.0425304664676855
eng-championship,2018-2019,source,preseason,2018-08-03,eng-championship:2018-2019:stoke-city:wigan-athletic,4,mixed,mixed,1.464846979295735,0.9315912542116443,4.366533949144782
eng-championship,2018-2019,source,preseason,2018-08-03,eng-championship:2018-2019:middlesbrough:west-bromwich-albion,5,eng-premier-league->eng-championship,no_target_history,0.7888467976311374,0.4466364986258402,2.080492354673269
eng-championship,2018-2019,source,preseason,2018-08-03,eng-championship:2018-2019:blackburn-rovers:brentford,5,outside->eng-championship,recent_returner,1.0264646291511248,0.6248109929492176,2.3434614801385765
eng-championship,2018-2019,source,preseason,2018-08-03,eng-championship:2018-2019:queens-park-rangers:wigan-athletic,5,outside->eng-championship,recent_returner,0.8167349315815629,0.4686309947984788,2.2497365533532583
eng-championship,2018-2019,source,preseason,2018-08-03,eng-championship:2018-2019:stoke-city:hull-city,5,eng-premier-league->eng-championship,no_target_history,0.7286452334410141,0.40265390953899,2.5707817738633247
eng-championship,2018-2019,source,preseason,2018-08-03,eng-championship:2018-2019:swansea-city:bristol-city,5,eng-premier-league->eng-championship,stale_history,1.4447457345661285,0.9133830727193339,2.597681250033453
eng-championship,2018-2019,source,preseason,2018-08-03,eng-championship:2018-2019:rotherham-united:millwall,5,outside->eng-championship,recent_returner,0.9698977143829826,0.5819107218536687,2.245146018253932
eng-championship,2018-2019,source,preseason,2018-08-03,eng-championship:2018-2019:millwall:swansea-city,6,eng-premier-league->eng-championship,stale_history,1.0342045031850773,0.627624162588994,2.607975499866205
eng-championship,2018-2019,source,preseason,2018-08-03,eng-championship:2018-2019:west-bromwich-albion:stoke-city,6,mixed,mixed,0.7315286194076539,0.40391608810613566,2.4306347733611617
eng-championship,2018-2019,source,preseason,2018-08-03,eng-championship:2018-2019:wigan-athletic:rotherham-united,6,mixed,mixed,0.8201912141518028,0.47088844903686355,2.2132648106192816
eng-championship,2018-2019,source,preseason,2018-08-03,eng-championship:2018-2019:bristol-city:blackburn-rovers,6,outside->eng-championship,recent_returner,0.7130335714840781,0.39008559651231733,3.906670705664367
eng-championship,2018-2019,source,preseason,2018-08-03,eng-championship:2018-2019:birmingham-city:west-bromwich-albion,7,eng-premier-league->eng-championship,no_target_history,1.3316374022986437,0.8317477284901547,2.1089731241400433
eng-championship,2018-2019,source,preseason,2018-08-03,eng-championship:2018-2019:blackburn-rovers:aston-villa,7,outside->eng-championship,recent_returner,1.3351817966221562,0.8203178093882094,2.1041374973948854
eng-championship,2018-2019,source,preseason,2018-08-03,eng-championship:2018-2019:brentford:wigan-athletic,7,outside->eng-championship,recent_returner,0.6427535128374524,0.3372757944844811,2.3393629321065594
eng-championship,2018-2019,source,preseason,2018-08-03,eng-championship:2018-2019:rotherham-united:derby-county,7,outside->eng-championship,recent_returner,1.099589823776147,0.6778588658017939,2.3806106688451742
eng-championship,2018-2019,source,preseason,2018-08-03,eng-championship:2018-2019:sheffield-wednesday:stoke-city,7,eng-premier-league->eng-championship,no_target_history,1.370163436865457,0.8406054705086948,2.9748051819309
eng-championship,2018-2019,source,preseason,2018-08-03,eng-championship:2018-2019:swansea-city:nottingham-forest,7,eng-premier-league->eng-championship,stale_history,1.431726709315575,0.9353364703499171,2.5101137200894046
eng-championship,2018-2019,source,preseason,2018-08-03,eng-championship:2018-2019:aston-villa:rotherham-united,8,outside->eng-championship,recent_returner,0.5655268012348049,0.2804698476909037,2.232801947178703
eng-championship,2018-2019,source,preseason,2018-08-03,eng-championship:2018-2019:derby-county:blackburn-rovers,8,outside->eng-championship,recent_returner,1.4477561982611635,0.9356998672405589,2.6225653044570634
eng-championship,2018-2019,source,preseason,2018-08-03,eng-championship:2018-2019:stoke-city:swansea-city,8,mixed,mixed,0.9085183935614348,0.537215427570584,2.259996509110837
eng-championship,2018-2019,source,preseason,2018-08-03,eng-championship:2018-2019:west-bromwich-albion:bristol-city,8,eng-premier-league->eng-championship,no_target_history,0.6527208161916317,0.34473768069569827,4.537970496013313
eng-championship,2018-2019,source,preseason,2018-08-03,eng-championship:2018-2019:wigan-athletic:hull-city,8,outside->eng-championship,recent_returner,0.9446470050950807,0.566551347480521,2.517407459640377
eng-championship,2018-2019,source,preseason,2018-08-03,eng-championship:2018-2019:wigan-athletic:bristol-city,9,outside->eng-championship,recent_returner,0.9195669076573292,0.546227786358145,2.3213360945593466
eng-championship,2018-2019,source,preseason,2018-08-03,eng-championship:2018-2019:middlesbrough:swansea-city,9,eng-premier-league->eng-championship,stale_history,1.3215370308323797,0.8224293667810633,2.3642661133033327
eng-championship,2018-2019,source,preseason,2018-08-03,eng-championship:2018-2019:nottingham-forest:rotherham-united,9,outside->eng-championship,recent_returner,0.8394453419764576,0.48513265349932533,2.187487554596117
eng-championship,2018-2019,source,preseason,2018-08-03,eng-championship:2018-2019:stoke-city:blackburn-rovers,9,mixed,mixed,1.4600837674105405,0.928426073583791,4.068194122272595
eng-championship,2018-2019,source,preseason,2018-08-03,eng-championship:2018-2019:west-bromwich-albion:millwall,9,eng-premier-league->eng-championship,no_target_history,0.6986824521978242,0.37923270297123707,2.352659334827081
eng-championship,2018-2019,source,preseason,2018-08-03,eng-championship:2018-2019:blackburn-rovers:nottingham-forest,10,outside->eng-championship,recent_returner,1.3510648799253757,0.8348803646155591,3.0645392668464906
eng-championship,2018-2019,source,preseason,2018-08-03,eng-championship:2018-2019:norwich-city:wigan-athletic,10,outside->eng-championship,recent_returner,0.7465928047678065,0.41537805270807526,2.1968017293153945
eng-championship,2018-2019,source,preseason,2018-08-03,eng-championship:2018-2019:preston-north-end:west-bromwich-albion,10,eng-premier-league->eng-championship,no_target_history,1.053163155446394,0.6417751770404669,4.0123900939744335
eng-championship,2018-2019,source,preseason,2018-08-03,eng-championship:2018-2019:rotherham-united:stoke-city,10,mixed,mixed,1.3647654037994754,0.8318295663583241,2.976607495907334
eng-championship,2018-2019,source,preseason,2018-08-03,eng-championship:2018-2019:swansea-city:queens-park-rangers,10,eng-premier-league->eng-championship,stale_history,0.5713434891362981,0.28461400770055184,2.7899336097937733
eng-championship,2018-2019,memory,preseason,2018-08-03,eng-championship:2018-2019:brentford:rotherham-united,1,outside->eng-championship,recent_returner,0.5217870964252016,0.2486839659790745,4.52478000389577
eng-championship,2018-2019,memory,preseason,2018-08-03,eng-championship:2018-2019:ipswich-town:blackburn-rovers,1,outside->eng-championship,recent_returner,1.3502940121906115,0.8393875112024721,3.084054505725444
eng-championship,2018-2019,memory,preseason,2018-08-03,eng-championship:2018-2019:sheffield-united:swansea-city,1,eng-premier-league->eng-championship,stale_history,1.0019415890384025,0.6049210099973983,2.577036650236515
eng-championship,2018-2019,memory,preseason,2018-08-03,eng-championship:2018-2019:west-bromwich-albion:bolton-wanderers,1,eng-premier-league->eng-championship,no_target_history,1.9545092465767304,1.1974700053344285,3.3223284201255705
eng-championship,2018-2019,memory,preseason,2018-08-03,eng-championship:2018-2019:wigan-athletic:sheffield-wednesday,1,outside->eng-championship,recent_returner,1.0911013012953106,0.6682363562435422,4.078047216263825
eng-championship,2018-2019,memory,preseason,2018-08-03,eng-championship:2018-2019:leeds-united:stoke-city,1,eng-premier-league->eng-championship,no_target_history,0.9509167749042419,0.5695450220173695,3.289481800977099
eng-championship,2018-2019,memory,preseason,2018-08-03,eng-championship:2018-2019:nottingham-forest:west-bromwich-albion,2,eng-premier-league->eng-championship,no_target_history,1.3035993225254914,0.8009045884890189,2.0807189368227634
eng-championship,2018-2019,memory,preseason,2018-08-03,eng-championship:2018-2019:aston-villa:wigan-athletic,2,outside->eng-championship,recent_returner,0.5362927372690237,0.2602558876090547,3.9147727578438842
eng-championship,2018-2019,memory,preseason,2018-08-03,eng-championship:2018-2019:blackburn-rovers:millwall,2,outside->eng-championship,recent_returner,1.3119474719118738,0.8010913716396659,2.404669231874295
eng-championship,2018-2019,memory,preseason,2018-08-03,eng-championship:2018-2019:norwich-city:west-bromwich-albion,3,eng-premier-league->eng-championship,no_target_history,0.9726038995400137,0.58387789842483,5.8756084913411915
eng-championship,2018-2019,memory,preseason,2018-08-03,eng-championship:2018-2019:rotherham-united:ipswich-town,2,outside->eng-championship,recent_returner,1.0407308535357958,0.6340618421447803,2.2901805293945454
eng-championship,2018-2019,memory,preseason,2018-08-03,eng-championship:2018-2019:stoke-city:brentford,2,eng-premier-league->eng-championship,no_target_history,1.3693919652711997,0.8432536513862297,2.133128846498238
eng-championship,2018-2019,memory,preseason,2018-08-03,eng-championship:2018-2019:swansea-city:preston-north-end,2,eng-premier-league->eng-championship,stale_history,0.7391602740123122,0.40951956380701204,2.0355104243300794
eng-championship,2018-2019,memory,preseason,2018-08-03,eng-championship:2018-2019:birmingham-city:swansea-city,3,eng-premier-league->eng-championship,stale_history,1.3114057731072892,0.8175706378212513,2.325657851051179
eng-championship,2018-2019,memory,preseason,2018-08-03,eng-championship:2018-2019:hull-city:blackburn-rovers,3,outside->eng-championship,recent_returner,1.389113182230357,0.8859050604312184,2.733620203984364
eng-championship,2018-2019,memory,preseason,2018-08-03,eng-championship:2018-2019:leeds-united:rotherham-united,3,outside->eng-championship,recent_returner,0.6297531737103015,0.3276063756769262,2.3222968162753435
eng-championship,2018-2019,memory,preseason,2018-08-03,eng-championship:2018-2019:preston-north-end:stoke-city,3,eng-premier-league->eng-championship,no_target_history,1.3441331052468044,0.8263228254828299,3.0326798158126875
eng-championship,2018-2019,memory,preseason,2018-08-03,eng-championship:2018-2019:west-bromwich-albion:queens-park-rangers,4,eng-premier-league->eng-championship,no_target_history,0.5807091289346464,0.291575037443285,7.1080044536337335
eng-championship,2018-2019,memory,preseason,2018-08-03,eng-championship:2018-2019:wigan-athletic:nottingham-forest,3,outside->eng-championship,recent_returner,1.2886126430975506,0.7907025585127146,3.177655316301795
eng-championship,2018-2019,memory,preseason,2018-08-03,eng-championship:2018-2019:rotherham-united:hull-city,4,outside->eng-championship,recent_returner,0.8412809103547934,0.4883824933577787,3.6117089673254874
eng-championship,2018-2019,memory,preseason,2018-08-03,eng-championship:2018-2019:swansea-city:leeds-united,4,eng-premier-league->eng-championship,stale_history,1.3899780609260037,0.8915432695569563,3.178270041721002
eng-championship,2018-2019,memory,preseason,2018-08-03,eng-championship:2018-2019:blackburn-rovers:reading,4,outside->eng-championship,recent_returner,1.3755490014880745,0.8556479975003385,3.0448732165010273
eng-championship,2018-2019,memory,preseason,2018-08-03,eng-championship:2018-2019:stoke-city:wigan-athletic,4,mixed,mixed,1.554691447190976,0.9790335798948435,4.535849939839296
eng-championship,2018-2019,memory,preseason,2018-08-03,eng-championship:2018-2019:middlesbrough:west-bromwich-albion,5,eng-premier-league->eng-championship,no_target_history,0.7782780403337332,0.438707938692365,2.050554975193201
eng-championship,2018-2019,memory,preseason,2018-08-03,eng-championship:2018-2019:blackburn-rovers:brentford,5,outside->eng-championship,recent_returner,1.0390751896746762,0.6338613905734753,2.3421010791789776
eng-championship,2018-2019,memory,preseason,2018-08-03,eng-championship:2018-2019:queens-park-rangers:wigan-athletic,5,outside->eng-championship,recent_returner,0.7680500866728568,0.4311826602286175,2.097518773122687
eng-championship,2018-2019,memory,preseason,2018-08-03,eng-championship:2018-2019:stoke-city:hull-city,5,eng-premier-league->eng-championship,no_target_history,0.7414530022813987,0.41237825617879653,2.5738052575860406
eng-championship,2018-2019,memory,preseason,2018-08-03,eng-championship:2018-2019:swansea-city:bristol-city,5,eng-premier-league->eng-championship,stale_history,1.4270827717848455,0.9005113158814454,2.5608955760275913
eng-championship,2018-2019,memory,preseason,2018-08-03,eng-championship:2018-2019:rotherham-united:millwall,5,outside->eng-championship,recent_returner,1.1442072194226132,0.7077296099270406,2.3330285439379272
eng-championship,2018-2019,memory,preseason,2018-08-03,eng-championship:2018-2019:millwall:swansea-city,6,eng-premier-league->eng-championship,stale_history,1.0491749832139354,0.6377452576296708,2.6274932553733725
eng-championship,2018-2019,memory,preseason,2018-08-03,eng-championship:2018-2019:west-bromwich-albion:stoke-city,6,mixed,mixed,0.7456951743264817,0.41445605632578364,2.4440205471419896
eng-championship,2018-2019,memory,preseason,2018-08-03,eng-championship:2018-2019:wigan-athletic:rotherham-united,6,mixed,mixed,0.769065018931707,0.43185604491372537,2.063123645144591
eng-championship,2018-2019,memory,preseason,2018-08-03,eng-championship:2018-2019:bristol-city:blackburn-rovers,6,outside->eng-championship,recent_returner,0.7062971947724679,0.3849793116261019,3.8989865282545098
eng-championship,2018-2019,memory,preseason,2018-08-03,eng-championship:2018-2019:birmingham-city:west-bromwich-albion,7,eng-premier-league->eng-championship,no_target_history,1.316462664958292,0.8201231643627164,2.097581222310411
eng-championship,2018-2019,memory,preseason,2018-08-03,eng-championship:2018-2019:blackburn-rovers:aston-villa,7,outside->eng-championship,recent_returner,1.3333702607261375,0.8199176108617721,2.1031017821377764
eng-championship,2018-2019,memory,preseason,2018-08-03,eng-championship:2018-2019:brentford:wigan-athletic,7,outside->eng-championship,recent_returner,0.6076462129426792,0.31169684586593543,2.23309391173387
eng-championship,2018-2019,memory,preseason,2018-08-03,eng-championship:2018-2019:rotherham-united:derby-county,7,outside->eng-championship,recent_returner,1.2918523317080368,0.812762315688251,2.4947651297947777
eng-championship,2018-2019,memory,preseason,2018-08-03,eng-championship:2018-2019:sheffield-wednesday:stoke-city,7,eng-premier-league->eng-championship,no_target_history,1.3627674113298132,0.8373353218385462,2.9966048741086615
eng-championship,2018-2019,memory,preseason,2018-08-03,eng-championship:2018-2019:swansea-city:nottingham-forest,7,eng-premier-league->eng-championship,stale_history,1.4129890081893115,0.9204671339024192,2.4647752257836197
eng-championship,2018-2019,memory,preseason,2018-08-03,eng-championship:2018-2019:aston-villa:rotherham-united,8,outside->eng-championship,recent_returner,0.4630150969356284,0.20758756277580367,2.1323842176361696
eng-championship,2018-2019,memory,preseason,2018-08-03,eng-championship:2018-2019:derby-county:blackburn-rovers,8,outside->eng-championship,recent_returner,1.4491692029190655,0.9386638833769259,2.614521435501872
eng-championship,2018-2019,memory,preseason,2018-08-03,eng-championship:2018-2019:stoke-city:swansea-city,8,mixed,mixed,0.9141079769281628,0.5407304163530146,2.2145428160800806
eng-championship,2018-2019,memory,preseason,2018-08-03,eng-championship:2018-2019:west-bromwich-albion:bristol-city,8,eng-premier-league->eng-championship,no_target_history,0.6712879479301029,0.3586405506103811,4.613001278215467
eng-championship,2018-2019,memory,preseason,2018-08-03,eng-championship:2018-2019:wigan-athletic:hull-city,8,outside->eng-championship,recent_returner,1.0409024856196185,0.6358623196355342,2.592480000680661
eng-championship,2018-2019,memory,preseason,2018-08-03,eng-championship:2018-2019:wigan-athletic:bristol-city,9,outside->eng-championship,recent_returner,1.015100822128773,0.6148653802582368,2.2599342138070133
eng-championship,2018-2019,memory,preseason,2018-08-03,eng-championship:2018-2019:middlesbrough:swansea-city,9,eng-premier-league->eng-championship,stale_history,1.3148403887080098,0.8201085400535721,2.3293266646867425
eng-championship,2018-2019,memory,preseason,2018-08-03,eng-championship:2018-2019:nottingham-forest:rotherham-united,9,outside->eng-championship,recent_returner,0.6990642989052583,0.37943988825606895,2.1164552107150936
eng-championship,2018-2019,memory,preseason,2018-08-03,eng-championship:2018-2019:stoke-city:blackburn-rovers,9,mixed,mixed,1.458072977622778,0.9254001308822739,4.1039669927529445
eng-championship,2018-2019,memory,preseason,2018-08-03,eng-championship:2018-2019:west-bromwich-albion:millwall,9,eng-premier-league->eng-championship,no_target_history,0.7162780884822902,0.39243469682717236,2.353633959193532
eng-championship,2018-2019,memory,preseason,2018-08-03,eng-championship:2018-2019:blackburn-rovers:nottingham-forest,10,outside->eng-championship,recent_returner,1.3461757687698177,0.830864341446635,3.0679482013026984
eng-championship,2018-2019,memory,preseason,2018-08-03,eng-championship:2018-2019:norwich-city:wigan-athletic,10,outside->eng-championship,recent_returner,0.6979134836071748,0.37860556564187164,2.061749086070809
eng-championship,2018-2019,memory,preseason,2018-08-03,eng-championship:2018-2019:preston-north-end:west-bromwich-albion,10,eng-premier-league->eng-championship,no_target_history,1.0757703078042924,0.6573836201569978,4.07204536845161
eng-championship,2018-2019,memory,preseason,2018-08-03,eng-championship:2018-2019:rotherham-united:stoke-city,10,mixed,mixed,1.3727393249272386,0.8459394855757542,3.0360391538024096
eng-championship,2018-2019,memory,preseason,2018-08-03,eng-championship:2018-2019:swansea-city:queens-park-rangers,10,eng-premier-league->eng-championship,stale_history,0.5867554017448984,0.2960064788999983,2.81175028104444
eng-championship,2019-2020,current,preseason,2019-08-02,eng-championship:2019-2020:luton-town:middlesbrough,1,outside->eng-championship,no_target_history,1.362392878809415,0.8319105661853096,4.702433216050884
eng-championship,2019-2020,current,preseason,2019-08-02,eng-championship:2019-2020:barnsley:fulham,1,mixed,mixed,1.2472989239261942,0.7867321178026839,2.562158371858473
eng-championship,2019-2020,current,preseason,2019-08-02,eng-championship:2019-2020:blackburn-rovers:charlton-athletic,1,outside->eng-championship,stale_history,1.3855534948788817,0.8821714138445571,2.810569342534056
eng-championship,2019-2020,current,preseason,2019-08-02,eng-championship:2019-2020:wigan-athletic:cardiff-city,1,eng-premier-league->eng-championship,recent_returner,1.1401427718418902,0.7061488986414142,3.978351032790646
eng-championship,2019-2020,current,preseason,2019-08-02,eng-championship:2019-2020:huddersfield-town:derby-county,1,eng-premier-league->eng-championship,recent_returner,0.9561680440456486,0.5740551148031853,2.5254016498196403
eng-championship,2019-2020,current,preseason,2019-08-02,eng-championship:2019-2020:cardiff-city:luton-town,2,mixed,mixed,0.6547597504771961,0.3464532250989384,2.5590183546201675
eng-championship,2019-2020,current,preseason,2019-08-02,eng-championship:2019-2020:charlton-athletic:stoke-city,2,outside->eng-championship,stale_history,0.921302434454059,0.5451696214285898,3.39455661437594
eng-championship,2019-2020,current,preseason,2019-08-02,eng-championship:2019-2020:fulham:blackburn-rovers,2,eng-premier-league->eng-championship,recent_returner,0.5456766411065995,0.2654356170016975,2.328444945829885
eng-championship,2019-2020,current,preseason,2019-08-02,eng-championship:2019-2020:queens-park-rangers:huddersfield-town,2,eng-premier-league->eng-championship,recent_returner,1.3743744961765674,0.8391242228448307,2.134938008414153
eng-championship,2019-2020,current,preseason,2019-08-02,eng-championship:2019-2020:sheffield-wednesday:barnsley,2,outside->eng-championship,recent_returner,0.628307537183484,0.3264618610778876,2.359565177142839
eng-championship,2019-2020,current,preseason,2019-08-02,eng-championship:2019-2020:huddersfield-town:fulham,3,mixed,mixed,0.87114675076956,0.5105931141389348,2.485726554950114
eng-championship,2019-2020,current,preseason,2019-08-02,eng-championship:2019-2020:barnsley:charlton-athletic,3,mixed,mixed,1.397168352927855,0.8631375436815538,3.015652650577397
eng-championship,2019-2020,current,preseason,2019-08-02,eng-championship:2019-2020:luton-town:west-bromwich-albion,3,outside->eng-championship,no_target_history,0.9557503748621807,0.5822336113937663,2.6776289288460156
eng-championship,2019-2020,current,preseason,2019-08-02,eng-championship:2019-2020:reading:cardiff-city,3,eng-premier-league->eng-championship,recent_returner,1.1826770172838748,0.7367204197581202,3.890880175438358
eng-championship,2019-2020,current,preseason,2019-08-02,eng-championship:2019-2020:birmingham-city:barnsley,4,outside->eng-championship,recent_returner,0.6976875139545854,0.3784857976699241,2.4292010220140776
eng-championship,2019-2020,current,preseason,2019-08-02,eng-championship:2019-2020:sheffield-wednesday:luton-town,4,outside->eng-championship,no_target_history,0.7718913365248901,0.4358409697103658,2.286644687129927
eng-championship,2019-2020,current,preseason,2019-08-02,eng-championship:2019-2020:cardiff-city:huddersfield-town,4,mixed,mixed,0.6067284117131474,0.3104280150213043,2.394719660495044
eng-championship,2019-2020,current,preseason,2019-08-02,eng-championship:2019-2020:charlton-athletic:nottingham-forest,4,outside->eng-championship,stale_history,1.3515952922449548,0.8241243897438635,2.112945937963562
eng-championship,2019-2020,current,preseason,2019-08-02,eng-championship:2019-2020:fulham:millwall,4,eng-premier-league->eng-championship,recent_returner,0.5322857718890276,0.2562405801373984,3.448791622817402
eng-championship,2019-2020,current,preseason,2019-08-02,eng-championship:2019-2020:barnsley:luton-town,5,mixed,mixed,0.9892609045166376,0.6025613226692208,3.382687390538389
eng-championship,2019-2020,current,preseason,2019-08-02,eng-championship:2019-2020:blackburn-rovers:cardiff-city,5,eng-premier-league->eng-championship,recent_returner,1.3662504516543914,0.8327538596579706,2.6259885925269097
eng-championship,2019-2020,current,preseason,2019-08-02,eng-championship:2019-2020:charlton-athletic:brentford,5,outside->eng-championship,stale_history,1.1199660247018857,0.695809121223123,2.4681042326793143
eng-championship,2019-2020,current,preseason,2019-08-02,eng-championship:2019-2020:fulham:nottingham-forest,5,eng-premier-league->eng-championship,recent_returner,1.5565551756035423,0.9879998928002816,2.9417798565443705
eng-championship,2019-2020,current,preseason,2019-08-02,eng-championship:2019-2020:huddersfield-town:reading,5,eng-premier-league->eng-championship,recent_returner,1.3575695968861674,0.8587301544353851,3.1892248895129125
eng-championship,2019-2020,current,preseason,2019-08-02,eng-championship:2019-2020:cardiff-city:fulham,6,mixed,mixed,1.3735771600056046,0.8415356895699027,2.135602817636266
eng-championship,2019-2020,current,preseason,2019-08-02,eng-championship:2019-2020:luton-town:huddersfield-town,6,mixed,mixed,0.7483761894047936,0.41810567665704634,2.5828885393619982
eng-championship,2019-2020,current,preseason,2019-08-02,eng-championship:2019-2020:reading:charlton-athletic,6,outside->eng-championship,stale_history,1.2228258250949182,0.7667319581142856,3.022583189318616
eng-championship,2019-2020,current,preseason,2019-08-02,eng-championship:2019-2020:wigan-athletic:barnsley,6,outside->eng-championship,recent_returner,1.3715418312336578,0.8507927235483954,2.562002925072848
eng-championship,2019-2020,current,preseason,2019-08-02,eng-championship:2019-2020:derby-county:cardiff-city,7,eng-premier-league->eng-championship,recent_returner,1.3680203058960128,0.8428394185706761,2.1285911513844433
eng-championship,2019-2020,current,preseason,2019-08-02,eng-championship:2019-2020:charlton-athletic:birmingham-city,7,outside->eng-championship,stale_history,1.05081093565428,0.6439872841535994,2.3778763681755333
eng-championship,2019-2020,current,preseason,2019-08-02,eng-championship:2019-2020:fulham:west-bromwich-albion,7,eng-premier-league->eng-championship,recent_returner,1.4779755394029763,0.9162498194758728,2.261416117587726
eng-championship,2019-2020,current,preseason,2019-08-02,eng-championship:2019-2020:queens-park-rangers:luton-town,7,outside->eng-championship,no_target_history,0.9406616778609541,0.5656907003567077,3.757993833399637
eng-championship,2019-2020,current,preseason,2019-08-02,eng-championship:2019-2020:barnsley:leeds-united,7,outside->eng-championship,recent_returner,0.905356380799284,0.5357453968720381,2.6711954042991968
eng-championship,2019-2020,current,preseason,2019-08-02,eng-championship:2019-2020:huddersfield-town:sheffield-wednesday,7,eng-premier-league->eng-championship,recent_returner,1.1079620699552222,0.6857359292102658,2.901391076874276
eng-championship,2019-2020,current,preseason,2019-08-02,eng-championship:2019-2020:cardiff-city:middlesbrough,8,eng-premier-league->eng-championship,recent_returner,0.7620344260290681,0.42662465627058693,2.089519319289454
eng-championship,2019-2020,current,preseason,2019-08-02,eng-championship:2019-2020:luton-town:hull-city,8,outside->eng-championship,no_target_history,1.155127646914654,0.7286322867687102,3.786464643128155
eng-championship,2019-2020,current,preseason,2019-08-02,eng-championship:2019-2020:nottingham-forest:barnsley,8,outside->eng-championship,recent_returner,0.6734211089086651,0.36021047390127503,2.173911190225485
eng-championship,2019-2020,current,preseason,2019-08-02,eng-championship:2019-2020:sheffield-wednesday:fulham,8,eng-premier-league->eng-championship,recent_returner,1.3669399555152026,0.8329488109936132,2.127744237163842
eng-championship,2019-2020,current,preseason,2019-08-02,eng-championship:2019-2020:wigan-athletic:charlton-athletic,8,outside->eng-championship,stale_history,0.7596454272252534,0.4252335651865343,2.476293134461769
eng-championship,2019-2020,current,preseason,2019-08-02,eng-championship:2019-2020:west-bromwich-albion:huddersfield-town,8,eng-premier-league->eng-championship,recent_returner,0.5709959255260189,0.28391017022497367,4.089616926346571
eng-championship,2019-2020,current,preseason,2019-08-02,eng-championship:2019-2020:fulham:wigan-athletic,9,eng-premier-league->eng-championship,recent_returner,0.5045574197802994,0.23621888320234308,2.2269565903110546
eng-championship,2019-2020,current,preseason,2019-08-02,eng-championship:2019-2020:blackburn-rovers:luton-town,9,outside->eng-championship,no_target_history,1.1189264510785633,0.7004353389388125,2.7509341906425537
eng-championship,2019-2020,current,preseason,2019-08-02,eng-championship:2019-2020:charlton-athletic:leeds-united,9,outside->eng-championship,stale_history,1.0933606537632747,0.6756008305136988,2.4215459122918928
eng-championship,2019-2020,current,preseason,2019-08-02,eng-championship:2019-2020:huddersfield-town:millwall,9,eng-premier-league->eng-championship,recent_returner,1.363319302415927,0.846568839891092,2.127111469918602
eng-championship,2019-2020,current,preseason,2019-08-02,eng-championship:2019-2020:hull-city:cardiff-city,9,eng-premier-league->eng-championship,recent_returner,1.3793966767440236,0.8400145565110235,2.937110734931727
eng-championship,2019-2020,current,preseason,2019-08-02,eng-championship:2019-2020:barnsley:brentford,9,outside->eng-championship,recent_returner,0.882541566295393,0.5189306075317685,3.1909596680423613
eng-championship,2019-2020,current,preseason,2019-08-02,eng-championship:2019-2020:reading:fulham,10,eng-premier-league->eng-championship,recent_returner,0.773298642036536,0.43568170302949427,4.004075753258553
eng-championship,2019-2020,current,preseason,2019-08-02,eng-championship:2019-2020:stoke-city:huddersfield-town,10,eng-premier-league->eng-championship,recent_returner,1.1779527372365188,0.7302576511193873,2.3093310155506304
eng-championship,2019-2020,current,preseason,2019-08-02,eng-championship:2019-2020:barnsley:derby-county,10,outside->eng-championship,recent_returner,1.3743801640780537,0.842971574851996,2.979204541641307
eng-championship,2019-2020,current,preseason,2019-08-02,eng-championship:2019-2020:cardiff-city:queens-park-rangers,10,eng-premier-league->eng-championship,recent_returner,0.5271827662670688,0.252332464013507,2.71318332566013
eng-championship,2019-2020,current,preseason,2019-08-02,eng-championship:2019-2020:charlton-athletic:swansea-city,10,outside->eng-championship,stale_history,0.9627991908966929,0.5800233593629249,2.533025096797439
eng-championship,2019-2020,current,preseason,2019-08-02,eng-championship:2019-2020:luton-town:millwall,10,outside->eng-championship,no_target_history,1.4222312627600597,0.8852492053615774,2.2579289862232725
eng-championship,2019-2020,population,preseason,2019-08-02,eng-championship:2019-2020:luton-town:middlesbrough,1,outside->eng-championship,no_target_history,1.352536249810735,0.8262171612003588,4.743779642484372
eng-championship,2019-2020,population,preseason,2019-08-02,eng-championship:2019-2020:barnsley:fulham,1,mixed,mixed,0.7951247177349559,0.4553532553625744,2.338602498496182
eng-championship,2019-2020,population,preseason,2019-08-02,eng-championship:2019-2020:blackburn-rovers:charlton-athletic,1,outside->eng-championship,stale_history,1.1094921876442472,0.6951977053297991,2.763947803229187
eng-championship,2019-2020,population,preseason,2019-08-02,eng-championship:2019-2020:wigan-athletic:cardiff-city,1,eng-premier-league->eng-championship,recent_returner,0.9118780927492413,0.5422738985636126,3.812100245247776
eng-championship,2019-2020,population,preseason,2019-08-02,eng-championship:2019-2020:huddersfield-town:derby-county,1,eng-premier-league->eng-championship,recent_returner,0.9944333056508532,0.6058882061343054,2.693528104687214
eng-championship,2019-2020,population,preseason,2019-08-02,eng-championship:2019-2020:cardiff-city:luton-town,2,mixed,mixed,0.7949496152608304,0.4552305587532582,2.7382121966055912
eng-championship,2019-2020,population,preseason,2019-08-02,eng-championship:2019-2020:charlton-athletic:stoke-city,2,outside->eng-championship,stale_history,0.7502800803067156,0.417998992300593,3.2334294719038716
eng-championship,2019-2020,population,preseason,2019-08-02,eng-championship:2019-2020:fulham:blackburn-rovers,2,eng-premier-league->eng-championship,recent_returner,0.7432581177257658,0.4148929856244651,2.6174824115781883
eng-championship,2019-2020,population,preseason,2019-08-02,eng-championship:2019-2020:queens-park-rangers:huddersfield-town,2,eng-premier-league->eng-championship,recent_returner,1.4213653123116787,0.8634165370466603,2.2661133644273437
eng-championship,2019-2020,population,preseason,2019-08-02,eng-championship:2019-2020:sheffield-wednesday:barnsley,2,outside->eng-championship,recent_returner,0.7725168103297361,0.43623886188407657,2.5868880612356477
eng-championship,2019-2020,population,preseason,2019-08-02,eng-championship:2019-2020:huddersfield-town:fulham,3,mixed,mixed,1.1406762869218336,0.7192622693131316,2.909997575956882
eng-championship,2019-2020,population,preseason,2019-08-02,eng-championship:2019-2020:barnsley:charlton-athletic,3,mixed,mixed,1.4752717392107186,0.9010395299925151,3.2534790257270205
eng-championship,2019-2020,population,preseason,2019-08-02,eng-championship:2019-2020:luton-town:west-bromwich-albion,3,outside->eng-championship,no_target_history,0.9549079722505771,0.5813912084457166,2.676765987110057
eng-championship,2019-2020,population,preseason,2019-08-02,eng-championship:2019-2020:reading:cardiff-city,3,eng-premier-league->eng-championship,recent_returner,0.961196289041354,0.5796837678545733,3.468064954590586
eng-championship,2019-2020,population,preseason,2019-08-02,eng-championship:2019-2020:birmingham-city:barnsley,4,outside->eng-championship,recent_returner,0.8445039857008448,0.49132842620628153,2.6570592476331685
eng-championship,2019-2020,population,preseason,2019-08-02,eng-championship:2019-2020:sheffield-wednesday:luton-town,4,outside->eng-championship,no_target_history,0.7725110968041592,0.4362427866671131,2.2805291300228756
eng-championship,2019-2020,population,preseason,2019-08-02,eng-championship:2019-2020:cardiff-city:huddersfield-town,4,mixed,mixed,0.7946848718040846,0.4550443789501594,2.7317226311991156
eng-championship,2019-2020,population,preseason,2019-08-02,eng-championship:2019-2020:charlton-athletic:nottingham-forest,4,outside->eng-championship,stale_history,1.4173084036609442,0.8725008516656467,2.2614115664547603
eng-championship,2019-2020,population,preseason,2019-08-02,eng-championship:2019-2020:fulham:millwall,4,eng-premier-league->eng-championship,recent_returner,0.7458644843813949,0.4151088417281132,3.849768758826653
eng-championship,2019-2020,population,preseason,2019-08-02,eng-championship:2019-2020:barnsley:luton-town,5,mixed,mixed,1.1406847066741117,0.7193051001607184,3.613395399416965
eng-championship,2019-2020,population,preseason,2019-08-02,eng-championship:2019-2020:blackburn-rovers:cardiff-city,5,eng-premier-league->eng-championship,recent_returner,1.460329757845338,0.8902950497522095,2.656514223136311
eng-championship,2019-2020,population,preseason,2019-08-02,eng-championship:2019-2020:charlton-athletic:brentford,5,outside->eng-championship,stale_history,0.9066533958287202,0.5397920943057009,2.3808024937206236
eng-championship,2019-2020,population,preseason,2019-08-02,eng-championship:2019-2020:fulham:nottingham-forest,5,eng-premier-league->eng-championship,recent_returner,1.1938432547985387,0.7511335242673467,2.8128310839816217
eng-championship,2019-2020,population,preseason,2019-08-02,eng-championship:2019-2020:huddersfield-town:reading,5,eng-premier-league->eng-championship,recent_returner,1.377725081830016,0.8789328670362978,3.2457389930516225
eng-championship,2019-2020,population,preseason,2019-08-02,eng-championship:2019-2020:cardiff-city:fulham,6,mixed,mixed,1.4758396033516388,0.9013587523319879,2.386457969333149
eng-championship,2019-2020,population,preseason,2019-08-02,eng-championship:2019-2020:luton-town:huddersfield-town,6,mixed,mixed,0.7944562784347258,0.4548829078681599,2.725981238340718
eng-championship,2019-2020,population,preseason,2019-08-02,eng-championship:2019-2020:reading:charlton-athletic,6,outside->eng-championship,stale_history,0.9938420189266407,0.6043015269701506,2.80602938480247
eng-championship,2019-2020,population,preseason,2019-08-02,eng-championship:2019-2020:wigan-athletic:barnsley,6,outside->eng-championship,recent_returner,1.400406629429714,0.8529816848039894,2.472940694059398
eng-championship,2019-2020,population,preseason,2019-08-02,eng-championship:2019-2020:derby-county:cardiff-city,7,eng-premier-league->eng-championship,recent_returner,1.4747471357509152,0.9257705192882849,2.3108055131079155
eng-championship,2019-2020,population,preseason,2019-08-02,eng-championship:2019-2020:charlton-athletic:birmingham-city,7,outside->eng-championship,stale_history,1.2307285744404257,0.7785334244663565,2.5319317059185176
eng-championship,2019-2020,population,preseason,2019-08-02,eng-championship:2019-2020:fulham:west-bromwich-albion,7,eng-premier-league->eng-championship,recent_returner,1.489851563926268,0.9000214009167807,2.3343471883998266
eng-championship,2019-2020,population,preseason,2019-08-02,eng-championship:2019-2020:queens-park-rangers:luton-town,7,outside->eng-championship,no_target_history,0.9428715547605303,0.5672217923944837,3.7654294483886455
eng-championship,2019-2020,population,preseason,2019-08-02,eng-championship:2019-2020:barnsley:leeds-united,7,outside->eng-championship,recent_returner,1.0587640524511517,0.6540274375168218,2.894898164338612
eng-championship,2019-2020,population,preseason,2019-08-02,eng-championship:2019-2020:huddersfield-town:sheffield-wednesday,7,eng-premier-league->eng-championship,recent_returner,1.1394794225571367,0.7131813819902734,2.9814470958747794
eng-championship,2019-2020,population,preseason,2019-08-02,eng-championship:2019-2020:cardiff-city:middlesbrough,8,eng-premier-league->eng-championship,recent_returner,0.9125757761285548,0.5409308872188755,2.2254785242151254
eng-championship,2019-2020,population,preseason,2019-08-02,eng-championship:2019-2020:luton-town:hull-city,8,outside->eng-championship,no_target_history,1.1728146353239082,0.7424201275148918,3.816346341072654
eng-championship,2019-2020,population,preseason,2019-08-02,eng-championship:2019-2020:nottingham-forest:barnsley,8,outside->eng-championship,recent_returner,0.8162632659965403,0.4694392812991833,2.272999960118396
eng-championship,2019-2020,population,preseason,2019-08-02,eng-championship:2019-2020:sheffield-wednesday:fulham,8,eng-premier-league->eng-championship,recent_returner,1.4330867200333224,0.8828250749959327,2.2676004592750356
eng-championship,2019-2020,population,preseason,2019-08-02,eng-championship:2019-2020:wigan-athletic:charlton-athletic,8,outside->eng-championship,stale_history,0.9085383145938455,0.5398646392294001,2.7082179669535877
eng-championship,2019-2020,population,preseason,2019-08-02,eng-championship:2019-2020:west-bromwich-albion:huddersfield-town,8,eng-premier-league->eng-championship,recent_returner,0.6226574558611562,0.3231401802663143,4.102765509207792
eng-championship,2019-2020,population,preseason,2019-08-02,eng-championship:2019-2020:fulham:wigan-athletic,9,eng-premier-league->eng-championship,recent_returner,0.7051560267854834,0.3845733510615515,2.4906836244295603
eng-championship,2019-2020,population,preseason,2019-08-02,eng-championship:2019-2020:blackburn-rovers:luton-town,9,outside->eng-championship,no_target_history,1.1114845158229194,0.6964116659446196,2.7483227803333827
eng-championship,2019-2020,population,preseason,2019-08-02,eng-championship:2019-2020:charlton-athletic:leeds-united,9,outside->eng-championship,stale_history,0.8890597635893946,0.5257580156152969,2.343535122639988
eng-championship,2019-2020,population,preseason,2019-08-02,eng-championship:2019-2020:huddersfield-town:millwall,9,eng-premier-league->eng-championship,recent_returner,1.408245092120929,0.874750395144557,2.2473473758453713
eng-championship,2019-2020,population,preseason,2019-08-02,eng-championship:2019-2020:hull-city:cardiff-city,9,eng-premier-league->eng-championship,recent_returner,1.4717049670722375,0.8998881524471615,3.0543959151907325
eng-championship,2019-2020,population,preseason,2019-08-02,eng-championship:2019-2020:barnsley:brentford,9,outside->eng-championship,recent_returner,1.034617182696354,0.6368848865226171,3.416647899411098
eng-championship,2019-2020,population,preseason,2019-08-02,eng-championship:2019-2020:reading:fulham,10,eng-premier-league->eng-championship,recent_returner,0.9957511036283501,0.6058286724456492,4.288240919866285
eng-championship,2019-2020,population,preseason,2019-08-02,eng-championship:2019-2020:stoke-city:huddersfield-town,10,eng-premier-league->eng-championship,recent_returner,1.0916410751208607,0.6725194535523418,2.3001892133185278
eng-championship,2019-2020,population,preseason,2019-08-02,eng-championship:2019-2020:barnsley:derby-county,10,outside->eng-championship,recent_returner,1.4161465327941194,0.8605837498427509,3.092974562641291
eng-championship,2019-2020,population,preseason,2019-08-02,eng-championship:2019-2020:cardiff-city:queens-park-rangers,10,eng-premier-league->eng-championship,recent_returner,0.6622336460375363,0.3522452679420701,2.9759991388447427
eng-championship,2019-2020,population,preseason,2019-08-02,eng-championship:2019-2020:charlton-athletic:swansea-city,10,outside->eng-championship,stale_history,1.1540867286069667,0.7265001544229872,2.774883372578395
eng-championship,2019-2020,population,preseason,2019-08-02,eng-championship:2019-2020:luton-town:millwall,10,outside->eng-championship,no_target_history,1.4085878908304617,0.8749307977452643,2.246644249957977
eng-championship,2019-2020,transition,preseason,2019-08-02,eng-championship:2019-2020:luton-town:middlesbrough,1,outside->eng-championship,no_target_history,1.3079273522134856,0.79873303937731,4.8395940489270135
eng-championship,2019-2020,transition,preseason,2019-08-02,eng-championship:2019-2020:barnsley:fulham,1,mixed,mixed,1.0161018070803394,0.6199748111289188,2.4489970752782337
eng-championship,2019-2020,transition,preseason,2019-08-02,eng-championship:2019-2020:blackburn-rovers:charlton-athletic,1,outside->eng-championship,stale_history,1.2923918511987593,0.8183429254749449,2.7349150861314397
eng-championship,2019-2020,transition,preseason,2019-08-02,eng-championship:2019-2020:wigan-athletic:cardiff-city,1,eng-premier-league->eng-championship,recent_returner,1.033900723254375,0.631689860214439,3.781915515702786
eng-championship,2019-2020,transition,preseason,2019-08-02,eng-championship:2019-2020:huddersfield-town:derby-county,1,eng-premier-league->eng-championship,recent_returner,1.1299254069823825,0.703315021452869,2.6308973259830317
eng-championship,2019-2020,transition,preseason,2019-08-02,eng-championship:2019-2020:cardiff-city:luton-town,2,mixed,mixed,0.5998741035257061,0.30526899840297483,2.3862867187140364
eng-championship,2019-2020,transition,preseason,2019-08-02,eng-championship:2019-2020:charlton-athletic:stoke-city,2,outside->eng-championship,stale_history,0.9064998613523465,0.5347996061115029,3.307000720429442
eng-championship,2019-2020,transition,preseason,2019-08-02,eng-championship:2019-2020:fulham:blackburn-rovers,2,eng-premier-league->eng-championship,recent_returner,0.6460148911277043,0.33980267736261494,2.456245815988799
eng-championship,2019-2020,transition,preseason,2019-08-02,eng-championship:2019-2020:queens-park-rangers:huddersfield-town,2,eng-premier-league->eng-championship,recent_returner,1.3886590051497025,0.8470972420693086,2.159197390466762
eng-championship,2019-2020,transition,preseason,2019-08-02,eng-championship:2019-2020:sheffield-wednesday:barnsley,2,outside->eng-championship,recent_returner,0.6716605767463808,0.35889765750201114,2.3939522752334774
eng-championship,2019-2020,transition,preseason,2019-08-02,eng-championship:2019-2020:huddersfield-town:fulham,3,mixed,mixed,1.1961093427723788,0.7535352893823796,2.688458172131101
eng-championship,2019-2020,transition,preseason,2019-08-02,eng-championship:2019-2020:barnsley:charlton-athletic,3,mixed,mixed,1.383429302260591,0.8535781368571669,2.99250373985842
eng-championship,2019-2020,transition,preseason,2019-08-02,eng-championship:2019-2020:luton-town:west-bromwich-albion,3,outside->eng-championship,no_target_history,0.8772160634245008,0.5163197456995643,2.469694879077921
eng-championship,2019-2020,transition,preseason,2019-08-02,eng-championship:2019-2020:reading:cardiff-city,3,eng-premier-league->eng-championship,recent_returner,1.086227646447651,0.670130336080781,3.722255088043376
eng-championship,2019-2020,transition,preseason,2019-08-02,eng-championship:2019-2020:birmingham-city:barnsley,4,outside->eng-championship,recent_returner,0.7440201682792686,0.41344707954879173,2.4690522313346417
eng-championship,2019-2020,transition,preseason,2019-08-02,eng-championship:2019-2020:sheffield-wednesday:luton-town,4,outside->eng-championship,no_target_history,0.672209181011115,0.35931014638523723,2.189374524086709
eng-championship,2019-2020,transition,preseason,2019-08-02,eng-championship:2019-2020:cardiff-city:huddersfield-town,4,mixed,mixed,0.7827648602779154,0.44396002361953324,2.4546274658462917
eng-championship,2019-2020,transition,preseason,2019-08-02,eng-championship:2019-2020:charlton-athletic:nottingham-forest,4,outside->eng-championship,stale_history,1.3474360852085816,0.8241753210515144,2.1114050993055047
eng-championship,2019-2020,transition,preseason,2019-08-02,eng-championship:2019-2020:fulham:millwall,4,eng-premier-league->eng-championship,recent_returner,0.6313007227914121,0.3287265565373739,3.707797446364016
eng-championship,2019-2020,transition,preseason,2019-08-02,eng-championship:2019-2020:barnsley:luton-town,5,mixed,mixed,1.2071654921269488,0.7569221900829866,3.588504082020738
eng-championship,2019-2020,transition,preseason,2019-08-02,eng-championship:2019-2020:blackburn-rovers:cardiff-city,5,eng-premier-league->eng-championship,recent_returner,1.3998872689819495,0.8518449020493228,2.756878927968358
eng-championship,2019-2020,transition,preseason,2019-08-02,eng-championship:2019-2020:charlton-athletic:brentford,5,outside->eng-championship,stale_history,1.0427661673020505,0.6386134438467808,2.4295725802854795
eng-championship,2019-2020,transition,preseason,2019-08-02,eng-championship:2019-2020:fulham:nottingham-forest,5,eng-premier-league->eng-championship,recent_returner,1.3612213726906717,0.8630327163825849,2.7978408321735726
eng-championship,2019-2020,transition,preseason,2019-08-02,eng-championship:2019-2020:huddersfield-town:reading,5,eng-premier-league->eng-championship,recent_returner,1.5808072181770711,1.004485250498301,3.4883911577658386
eng-championship,2019-2020,transition,preseason,2019-08-02,eng-championship:2019-2020:cardiff-city:fulham,6,mixed,mixed,1.4245928254273106,0.8769723600842685,2.2062224930731853
eng-championship,2019-2020,transition,preseason,2019-08-02,eng-championship:2019-2020:luton-town:huddersfield-town,6,mixed,mixed,1.0134487930790856,0.6179602909953156,2.5689660614768837
eng-championship,2019-2020,transition,preseason,2019-08-02,eng-championship:2019-2020:reading:charlton-athletic,6,outside->eng-championship,stale_history,1.144003735793028,0.7101747941956587,2.9464335589927746
eng-championship,2019-2020,transition,preseason,2019-08-02,eng-championship:2019-2020:wigan-athletic:barnsley,6,outside->eng-championship,recent_returner,1.3613565818899183,0.8396840548775084,2.55596973436241
eng-championship,2019-2020,transition,preseason,2019-08-02,eng-championship:2019-2020:derby-county:cardiff-city,7,eng-premier-league->eng-championship,recent_returner,1.414785747343743,0.8797267349512166,2.1836130178894235
eng-championship,2019-2020,transition,preseason,2019-08-02,eng-championship:2019-2020:charlton-athletic:birmingham-city,7,outside->eng-championship,stale_history,1.1353767444721627,0.7047124275853607,2.4191450462078783
eng-championship,2019-2020,transition,preseason,2019-08-02,eng-championship:2019-2020:fulham:west-bromwich-albion,7,eng-premier-league->eng-championship,recent_returner,1.433888005886145,0.8760599064462302,2.2159864599975556
eng-championship,2019-2020,transition,preseason,2019-08-02,eng-championship:2019-2020:queens-park-rangers:luton-town,7,outside->eng-championship,no_target_history,0.8403130055410715,0.48668009003696544,3.671603685806806
eng-championship,2019-2020,transition,preseason,2019-08-02,eng-championship:2019-2020:barnsley:leeds-united,7,outside->eng-championship,recent_returner,0.9608456839539223,0.5771816661986899,2.724911490767317
eng-championship,2019-2020,transition,preseason,2019-08-02,eng-championship:2019-2020:huddersfield-town:sheffield-wednesday,7,eng-premier-league->eng-championship,recent_returner,1.2983690094336366,0.8217829381386066,3.158563306438322
eng-championship,2019-2020,transition,preseason,2019-08-02,eng-championship:2019-2020:cardiff-city:middlesbrough,8,eng-premier-league->eng-championship,recent_returner,0.8078539014644092,0.4613586941659613,2.1821626537609276
eng-championship,2019-2020,transition,preseason,2019-08-02,eng-championship:2019-2020:luton-town:hull-city,8,outside->eng-championship,no_target_history,1.0624822124022044,0.654898546394663,3.678717703985262
eng-championship,2019-2020,transition,preseason,2019-08-02,eng-championship:2019-2020:nottingham-forest:barnsley,8,outside->eng-championship,recent_returner,0.7172121417056242,0.3931423655065356,2.1757820378746366
eng-championship,2019-2020,transition,preseason,2019-08-02,eng-championship:2019-2020:sheffield-wednesday:fulham,8,eng-premier-league->eng-championship,recent_returner,1.3818364072147231,0.8456064282116252,2.1500238772870683
eng-championship,2019-2020,transition,preseason,2019-08-02,eng-championship:2019-2020:wigan-athletic:charlton-athletic,8,outside->eng-championship,stale_history,0.8141639631755129,0.4663639564565971,2.5370927512019112
eng-championship,2019-2020,transition,preseason,2019-08-02,eng-championship:2019-2020:west-bromwich-albion:huddersfield-town,8,eng-premier-league->eng-championship,recent_returner,0.7180874510142284,0.394859003653222,4.2330957546275405
eng-championship,2019-2020,transition,preseason,2019-08-02,eng-championship:2019-2020:fulham:wigan-athletic,9,eng-premier-league->eng-championship,recent_returner,0.605737231190784,0.3096724867008761,2.346924995296409
eng-championship,2019-2020,transition,preseason,2019-08-02,eng-championship:2019-2020:blackburn-rovers:luton-town,9,outside->eng-championship,no_target_history,1.289561540602186,0.8162497697047347,2.7355797048955104
eng-championship,2019-2020,transition,preseason,2019-08-02,eng-championship:2019-2020:charlton-athletic:leeds-united,9,outside->eng-championship,stale_history,1.0190548704058,0.620439994331695,2.383304512334697
eng-championship,2019-2020,transition,preseason,2019-08-02,eng-championship:2019-2020:huddersfield-town:millwall,9,eng-premier-league->eng-championship,recent_returner,1.431192498105686,0.9136491625429374,2.1990436251531396
eng-championship,2019-2020,transition,preseason,2019-08-02,eng-championship:2019-2020:hull-city:cardiff-city,9,eng-premier-league->eng-championship,recent_returner,1.4147037368633946,0.8623233659565315,2.890650998383274
eng-championship,2019-2020,transition,preseason,2019-08-02,eng-championship:2019-2020:barnsley:brentford,9,outside->eng-championship,recent_returner,0.936883681460583,0.5597468316524606,3.2620556789074673
eng-championship,2019-2020,transition,preseason,2019-08-02,eng-championship:2019-2020:reading:fulham,10,eng-premier-league->eng-championship,recent_returner,0.9021847206872752,0.533440159027516,4.207694297976122
eng-championship,2019-2020,transition,preseason,2019-08-02,eng-championship:2019-2020:stoke-city:huddersfield-town,10,eng-premier-league->eng-championship,recent_returner,1.0669300122490588,0.6541072505733252,2.3386501704966456
eng-championship,2019-2020,transition,preseason,2019-08-02,eng-championship:2019-2020:barnsley:derby-county,10,outside->eng-championship,recent_returner,1.3642779913040612,0.8336117076966062,2.973931717630993
eng-championship,2019-2020,transition,preseason,2019-08-02,eng-championship:2019-2020:cardiff-city:queens-park-rangers,10,eng-premier-league->eng-championship,recent_returner,0.5684511458629588,0.2820846846805232,2.810724594411406
eng-championship,2019-2020,transition,preseason,2019-08-02,eng-championship:2019-2020:charlton-athletic:swansea-city,10,outside->eng-championship,stale_history,1.0277729059130936,0.6283242543780763,2.560540151001126
eng-championship,2019-2020,transition,preseason,2019-08-02,eng-championship:2019-2020:luton-town:millwall,10,outside->eng-championship,no_target_history,1.3456598540911209,0.829534640410332,2.111768102069953
eng-championship,2019-2020,source,preseason,2019-08-02,eng-championship:2019-2020:luton-town:middlesbrough,1,outside->eng-championship,no_target_history,1.3069020075566913,0.7986804278341801,4.85114597882792
eng-championship,2019-2020,source,preseason,2019-08-02,eng-championship:2019-2020:barnsley:fulham,1,mixed,mixed,0.9232792412334481,0.5518078548604721,2.48680043384235
eng-championship,2019-2020,source,preseason,2019-08-02,eng-championship:2019-2020:blackburn-rovers:charlton-athletic,1,outside->eng-championship,stale_history,1.3020270845080437,0.8255410349951795,2.740845834253686
eng-championship,2019-2020,source,preseason,2019-08-02,eng-championship:2019-2020:wigan-athletic:cardiff-city,1,eng-premier-league->eng-championship,recent_returner,1.0213226657792736,0.6223090647357508,3.7633675113591947
eng-championship,2019-2020,source,preseason,2019-08-02,eng-championship:2019-2020:huddersfield-town:derby-county,1,eng-premier-league->eng-championship,recent_returner,1.0486956056583494,0.6445246417106759,2.5747714356535685
eng-championship,2019-2020,source,preseason,2019-08-02,eng-championship:2019-2020:cardiff-city:luton-town,2,mixed,mixed,0.6013331257299374,0.30635357468109475,2.3818275707157097
eng-championship,2019-2020,source,preseason,2019-08-02,eng-championship:2019-2020:charlton-athletic:stoke-city,2,outside->eng-championship,stale_history,0.9061778596601142,0.5346682453399051,3.2996333278889556
eng-championship,2019-2020,source,preseason,2019-08-02,eng-championship:2019-2020:fulham:blackburn-rovers,2,eng-premier-league->eng-championship,recent_returner,0.7036917362094105,0.38392724476736695,2.5864112706415012
eng-championship,2019-2020,source,preseason,2019-08-02,eng-championship:2019-2020:queens-park-rangers:huddersfield-town,2,eng-premier-league->eng-championship,recent_returner,1.3940121607138154,0.8481113459989652,2.1687320293307124
eng-championship,2019-2020,source,preseason,2019-08-02,eng-championship:2019-2020:sheffield-wednesday:barnsley,2,outside->eng-championship,recent_returner,0.6617677206503931,0.35147865620638585,2.3897415182008315
eng-championship,2019-2020,source,preseason,2019-08-02,eng-championship:2019-2020:huddersfield-town:fulham,3,mixed,mixed,1.2159162947442417,0.7715282397269158,2.696254515302492
eng-championship,2019-2020,source,preseason,2019-08-02,eng-championship:2019-2020:barnsley:charlton-athletic,3,mixed,mixed,1.3884142901302239,0.8565163650393716,2.9830131113648473
eng-championship,2019-2020,source,preseason,2019-08-02,eng-championship:2019-2020:luton-town:west-bromwich-albion,3,outside->eng-championship,no_target_history,0.8398924602273863,0.4875822857059521,2.451106483034336
eng-championship,2019-2020,source,preseason,2019-08-02,eng-championship:2019-2020:reading:cardiff-city,3,eng-premier-league->eng-championship,recent_returner,1.0706948712142799,0.6586505651998213,3.701160606261105
eng-championship,2019-2020,source,preseason,2019-08-02,eng-championship:2019-2020:birmingham-city:barnsley,4,outside->eng-championship,recent_returner,0.733487017666635,0.4055244916863884,2.4634944418811946
eng-championship,2019-2020,source,preseason,2019-08-02,eng-championship:2019-2020:sheffield-wednesday:luton-town,4,outside->eng-championship,no_target_history,0.6623445726875012,0.3519118118903863,2.197493895248623
eng-championship,2019-2020,source,preseason,2019-08-02,eng-championship:2019-2020:cardiff-city:huddersfield-town,4,mixed,mixed,0.7281418252485891,0.4022577733050845,2.4246161978687395
eng-championship,2019-2020,source,preseason,2019-08-02,eng-championship:2019-2020:charlton-athletic:nottingham-forest,4,outside->eng-championship,stale_history,1.350553239275228,0.8254992618310193,2.114241839137733
eng-championship,2019-2020,source,preseason,2019-08-02,eng-championship:2019-2020:fulham:millwall,4,eng-premier-league->eng-championship,recent_returner,0.6853565576141054,0.3693021508875074,3.8358406015072593
eng-championship,2019-2020,source,preseason,2019-08-02,eng-championship:2019-2020:barnsley:luton-town,5,mixed,mixed,1.2065506995281698,0.756999206537716,3.579331345292742
eng-championship,2019-2020,source,preseason,2019-08-02,eng-championship:2019-2020:blackburn-rovers:cardiff-city,5,eng-premier-league->eng-championship,recent_returner,1.399116860659345,0.8517995271849446,2.7722037376512203
eng-championship,2019-2020,source,preseason,2019-08-02,eng-championship:2019-2020:charlton-athletic:brentford,5,outside->eng-championship,stale_history,1.051777923977877,0.6455459713348206,2.446682564143941
eng-championship,2019-2020,source,preseason,2019-08-02,eng-championship:2019-2020:fulham:nottingham-forest,5,eng-premier-league->eng-championship,recent_returner,1.249557702959712,0.7898006008278012,2.7037045008152907
eng-championship,2019-2020,source,preseason,2019-08-02,eng-championship:2019-2020:huddersfield-town:reading,5,eng-premier-league->eng-championship,recent_returner,1.48505543484178,0.9456261551920794,3.3742225049859345
eng-championship,2019-2020,source,preseason,2019-08-02,eng-championship:2019-2020:cardiff-city:fulham,6,mixed,mixed,1.4673699775252953,0.9120694927351649,2.258848861402625
eng-championship,2019-2020,source,preseason,2019-08-02,eng-championship:2019-2020:luton-town:huddersfield-town,6,mixed,mixed,0.9465779351402267,0.5683764712653034,2.526416292210209
eng-championship,2019-2020,source,preseason,2019-08-02,eng-championship:2019-2020:reading:charlton-athletic,6,outside->eng-championship,stale_history,1.1547651123341214,0.7182107277845307,2.9645357307647444
eng-championship,2019-2020,source,preseason,2019-08-02,eng-championship:2019-2020:wigan-athletic:barnsley,6,outside->eng-championship,recent_returner,1.3672527925780982,0.843961047436333,2.575119525608053
eng-championship,2019-2020,source,preseason,2019-08-02,eng-championship:2019-2020:derby-county:cardiff-city,7,eng-premier-league->eng-championship,recent_returner,1.4184127988008055,0.8844083694340367,2.186894327714861
eng-championship,2019-2020,source,preseason,2019-08-02,eng-championship:2019-2020:charlton-athletic:birmingham-city,7,outside->eng-championship,stale_history,1.1237068263495458,0.6966674930962532,2.422321914397222
eng-championship,2019-2020,source,preseason,2019-08-02,eng-championship:2019-2020:fulham:west-bromwich-albion,7,eng-premier-league->eng-championship,recent_returner,1.4404596728161971,0.8737786319775762,2.23402729318137
eng-championship,2019-2020,source,preseason,2019-08-02,eng-championship:2019-2020:queens-park-rangers:luton-town,7,outside->eng-championship,no_target_history,0.8294855439297224,0.4785846623318176,3.6526974310011355
eng-championship,2019-2020,source,preseason,2019-08-02,eng-championship:2019-2020:barnsley:leeds-united,7,outside->eng-championship,recent_returner,0.9500947764693809,0.5693506560743535,2.718057517680693
eng-championship,2019-2020,source,preseason,2019-08-02,eng-championship:2019-2020:huddersfield-town:sheffield-wednesday,7,eng-premier-league->eng-championship,recent_returner,1.212845228843509,0.7630265225133168,3.060464604585652
eng-championship,2019-2020,source,preseason,2019-08-02,eng-championship:2019-2020:cardiff-city:middlesbrough,8,eng-premier-league->eng-championship,recent_returner,0.8359221664460149,0.48234378353677787,2.1916237611804084
eng-championship,2019-2020,source,preseason,2019-08-02,eng-championship:2019-2020:luton-town:hull-city,8,outside->eng-championship,no_target_history,1.0513343704623397,0.6470343125709899,3.660413456624987
eng-championship,2019-2020,source,preseason,2019-08-02,eng-championship:2019-2020:nottingham-forest:barnsley,8,outside->eng-championship,recent_returner,0.7070383408910744,0.38549729686338685,2.183139350548691
eng-championship,2019-2020,source,preseason,2019-08-02,eng-championship:2019-2020:sheffield-wednesday:fulham,8,eng-premier-league->eng-championship,recent_returner,1.4238944152325712,0.8783280271835516,2.197747536152819
eng-championship,2019-2020,source,preseason,2019-08-02,eng-championship:2019-2020:wigan-athletic:charlton-athletic,8,outside->eng-championship,stale_history,0.8054684201884765,0.45988350018886287,2.533466955687372
eng-championship,2019-2020,source,preseason,2019-08-02,eng-championship:2019-2020:west-bromwich-albion:huddersfield-town,8,eng-premier-league->eng-championship,recent_returner,0.6319523177385145,0.3293813357548815,4.142204801990621
eng-championship,2019-2020,source,preseason,2019-08-02,eng-championship:2019-2020:fulham:wigan-athletic,9,eng-premier-league->eng-championship,recent_returner,0.6567316349491523,0.3478075104275094,2.457730124705024
eng-championship,2019-2020,source,preseason,2019-08-02,eng-championship:2019-2020:blackburn-rovers:luton-town,9,outside->eng-championship,no_target_history,1.2988584171661062,0.8232234905158384,2.7411627644137404
eng-championship,2019-2020,source,preseason,2019-08-02,eng-championship:2019-2020:charlton-athletic:leeds-united,9,outside->eng-championship,stale_history,1.0274115707094695,0.6268790078228074,2.3997702421945704
eng-championship,2019-2020,source,preseason,2019-08-02,eng-championship:2019-2020:huddersfield-town:millwall,9,eng-premier-league->eng-championship,recent_returner,1.4147258545854962,0.8916579144325745,2.183265734353223
eng-championship,2019-2020,source,preseason,2019-08-02,eng-championship:2019-2020:hull-city:cardiff-city,9,eng-premier-league->eng-championship,recent_returner,1.4157085329381764,0.8638624921305356,2.8771006592967794
eng-championship,2019-2020,source,preseason,2019-08-02,eng-championship:2019-2020:barnsley:brentford,9,outside->eng-championship,recent_returner,0.9261238452207785,0.5518487679463533,3.2429553801883437
eng-championship,2019-2020,source,preseason,2019-08-02,eng-championship:2019-2020:reading:fulham,10,eng-premier-league->eng-championship,recent_returner,0.9814998523379626,0.5944495972552337,4.254596294419587
eng-championship,2019-2020,source,preseason,2019-08-02,eng-championship:2019-2020:stoke-city:huddersfield-town,10,eng-premier-league->eng-championship,recent_returner,1.1325856735611972,0.7021625356105963,2.418793944859046
eng-championship,2019-2020,source,preseason,2019-08-02,eng-championship:2019-2020:barnsley:derby-county,10,outside->eng-championship,recent_returner,1.3692340778938523,0.836962127954658,2.9662541908805204
eng-championship,2019-2020,source,preseason,2019-08-02,eng-championship:2019-2020:cardiff-city:queens-park-rangers,10,eng-premier-league->eng-championship,recent_returner,0.5769777934440469,0.28835807653946666,2.8357946447410347
eng-championship,2019-2020,source,preseason,2019-08-02,eng-championship:2019-2020:charlton-athletic:swansea-city,10,outside->eng-championship,stale_history,0.9941216396925433,0.6028400489707271,2.5418082291733337
eng-championship,2019-2020,source,preseason,2019-08-02,eng-championship:2019-2020:luton-town:millwall,10,outside->eng-championship,no_target_history,1.3483823448195345,0.8303178748989077,2.1137826440072063
eng-championship,2019-2020,memory,preseason,2019-08-02,eng-championship:2019-2020:luton-town:middlesbrough,1,outside->eng-championship,no_target_history,1.3070147855888954,0.7980095511129497,4.830746160876409
eng-championship,2019-2020,memory,preseason,2019-08-02,eng-championship:2019-2020:barnsley:fulham,1,mixed,mixed,1.0629241946899592,0.6599710577531367,2.667142355471678
eng-championship,2019-2020,memory,preseason,2019-08-02,eng-championship:2019-2020:blackburn-rovers:charlton-athletic,1,outside->eng-championship,stale_history,1.2799387203582517,0.8106135907397198,2.7210732826971267
eng-championship,2019-2020,memory,preseason,2019-08-02,eng-championship:2019-2020:wigan-athletic:cardiff-city,1,eng-premier-league->eng-championship,recent_returner,1.0922968024294746,0.6744589231197529,3.8130084725005453
eng-championship,2019-2020,memory,preseason,2019-08-02,eng-championship:2019-2020:huddersfield-town:derby-county,1,eng-premier-league->eng-championship,recent_returner,1.030970848323882,0.6305826805776138,2.5675986479403283
eng-championship,2019-2020,memory,preseason,2019-08-02,eng-championship:2019-2020:cardiff-city:luton-town,2,mixed,mixed,0.6072586396183619,0.3107565337231474,2.381121323643754
eng-championship,2019-2020,memory,preseason,2019-08-02,eng-championship:2019-2020:charlton-athletic:stoke-city,2,outside->eng-championship,stale_history,0.8927279449939112,0.524752151648881,3.274474284753695
eng-championship,2019-2020,memory,preseason,2019-08-02,eng-championship:2019-2020:fulham:blackburn-rovers,2,eng-premier-league->eng-championship,recent_returner,0.6161914423086001,0.31780407020013424,2.559815056230171
eng-championship,2019-2020,memory,preseason,2019-08-02,eng-championship:2019-2020:queens-park-rangers:huddersfield-town,2,eng-premier-league->eng-championship,recent_returner,1.3834134132865055,0.8421549905859629,2.155727163656766
eng-championship,2019-2020,memory,preseason,2019-08-02,eng-championship:2019-2020:sheffield-wednesday:barnsley,2,outside->eng-championship,recent_returner,0.620275666706963,0.32046747495962163,2.357253860062672
eng-championship,2019-2020,memory,preseason,2019-08-02,eng-championship:2019-2020:huddersfield-town:fulham,3,mixed,mixed,1.0814474879132154,0.6745995272104274,2.619552971897712
eng-championship,2019-2020,memory,preseason,2019-08-02,eng-championship:2019-2020:barnsley:charlton-athletic,3,mixed,mixed,1.3857067226872322,0.8489173426544879,2.946442836858095
eng-championship,2019-2020,memory,preseason,2019-08-02,eng-championship:2019-2020:luton-town:west-bromwich-albion,3,outside->eng-championship,no_target_history,0.9149397658582709,0.5446921136652333,2.4845929164561253
eng-championship,2019-2020,memory,preseason,2019-08-02,eng-championship:2019-2020:reading:cardiff-city,3,eng-premier-league->eng-championship,recent_returner,1.121780919819383,0.6968227780154708,3.786930877291705
eng-championship,2019-2020,memory,preseason,2019-08-02,eng-championship:2019-2020:birmingham-city:barnsley,4,outside->eng-championship,recent_returner,0.6897890707224172,0.37256388016562547,2.4263341191101033
eng-championship,2019-2020,memory,preseason,2019-08-02,eng-championship:2019-2020:sheffield-wednesday:luton-town,4,outside->eng-championship,no_target_history,0.7136623655199235,0.3905737912535538,2.2252474245869465
eng-championship,2019-2020,memory,preseason,2019-08-02,eng-championship:2019-2020:cardiff-city:huddersfield-town,4,mixed,mixed,0.6713299544907518,0.3590077486009968,2.4114676529647325
eng-championship,2019-2020,memory,preseason,2019-08-02,eng-championship:2019-2020:charlton-athletic:nottingham-forest,4,outside->eng-championship,stale_history,1.3553548258511887,0.8290807727469189,2.1178058790879826
eng-championship,2019-2020,memory,preseason,2019-08-02,eng-championship:2019-2020:fulham:millwall,4,eng-premier-league->eng-championship,recent_returner,0.6034394976112399,0.30792009171626195,3.610417861061379
eng-championship,2019-2020,memory,preseason,2019-08-02,eng-championship:2019-2020:barnsley:luton-town,5,mixed,mixed,1.0755563923588283,0.6631758491267782,3.4074869541737174
eng-championship,2019-2020,memory,preseason,2019-08-02,eng-championship:2019-2020:blackburn-rovers:cardiff-city,5,eng-premier-league->eng-championship,recent_returner,1.4086821097250366,0.856249166803732,2.8085076929556996
eng-championship,2019-2020,memory,preseason,2019-08-02,eng-championship:2019-2020:charlton-athletic:brentford,5,outside->eng-championship,stale_history,1.0349173462225294,0.6333238647458999,2.4486967548843666
eng-championship,2019-2020,memory,preseason,2019-08-02,eng-championship:2019-2020:fulham:nottingham-forest,5,eng-premier-league->eng-championship,recent_returner,1.3565069135784757,0.8675475524497709,2.782795224292962
eng-championship,2019-2020,memory,preseason,2019-08-02,eng-championship:2019-2020:huddersfield-town:reading,5,eng-premier-league->eng-championship,recent_returner,1.458352773750462,0.9267590278263261,3.3291749655177574
eng-championship,2019-2020,memory,preseason,2019-08-02,eng-championship:2019-2020:cardiff-city:fulham,6,mixed,mixed,1.496253410778412,0.9219626826055887,2.3115522705994245
eng-championship,2019-2020,memory,preseason,2019-08-02,eng-championship:2019-2020:luton-town:huddersfield-town,6,mixed,mixed,0.8662178933827805,0.5069883597513569,2.4813328897481006
eng-championship,2019-2020,memory,preseason,2019-08-02,eng-championship:2019-2020:reading:charlton-athletic,6,outside->eng-championship,stale_history,1.1380710158617842,0.7065770040733368,2.949898102312884
eng-championship,2019-2020,memory,preseason,2019-08-02,eng-championship:2019-2020:wigan-athletic:barnsley,6,outside->eng-championship,recent_returner,1.3692205890996678,0.8488650745997627,2.5623672051130812
eng-championship,2019-2020,memory,preseason,2019-08-02,eng-championship:2019-2020:derby-county:cardiff-city,7,eng-premier-league->eng-championship,recent_returner,1.416540664861681,0.876294901268615,2.1882419511095104
eng-championship,2019-2020,memory,preseason,2019-08-02,eng-championship:2019-2020:charlton-athletic:birmingham-city,7,outside->eng-championship,stale_history,1.1399682722234032,0.708655922582465,2.447420950639353
eng-championship,2019-2020,memory,preseason,2019-08-02,eng-championship:2019-2020:fulham:west-bromwich-albion,7,eng-premier-league->eng-championship,recent_returner,1.4715578601585122,0.8949274372529847,2.2809807491046965
eng-championship,2019-2020,memory,preseason,2019-08-02,eng-championship:2019-2020:queens-park-rangers:luton-town,7,outside->eng-championship,no_target_history,0.8899652360645911,0.5244572731698123,3.6659152577504805
eng-championship,2019-2020,memory,preseason,2019-08-02,eng-championship:2019-2020:barnsley:leeds-united,7,outside->eng-championship,recent_returner,0.8999851997733325,0.5319178554998001,2.669312819532067
eng-championship,2019-2020,memory,preseason,2019-08-02,eng-championship:2019-2020:huddersfield-town:sheffield-wednesday,7,eng-premier-league->eng-championship,recent_returner,1.191860596911394,0.7470595034048184,3.021071107524455
eng-championship,2019-2020,memory,preseason,2019-08-02,eng-championship:2019-2020:cardiff-city:middlesbrough,8,eng-premier-league->eng-championship,recent_returner,0.7902943249624734,0.4481871315509624,2.1935012615016998
eng-championship,2019-2020,memory,preseason,2019-08-02,eng-championship:2019-2020:luton-town:hull-city,8,outside->eng-championship,no_target_history,1.12494528476049,0.7014227190533237,3.791610247780982
eng-championship,2019-2020,memory,preseason,2019-08-02,eng-championship:2019-2020:nottingham-forest:barnsley,8,outside->eng-championship,recent_returner,0.6651675438744348,0.354023884800985,2.185394502803703
eng-championship,2019-2020,memory,preseason,2019-08-02,eng-championship:2019-2020:sheffield-wednesday:fulham,8,eng-premier-league->eng-championship,recent_returner,1.43492152524064,0.8755869277071617,2.22040939932425
eng-championship,2019-2020,memory,preseason,2019-08-02,eng-championship:2019-2020:wigan-athletic:charlton-athletic,8,outside->eng-championship,stale_history,0.8355966570211998,0.4824850033570299,2.5616221128965924
eng-championship,2019-2020,memory,preseason,2019-08-02,eng-championship:2019-2020:west-bromwich-albion:huddersfield-town,8,eng-premier-league->eng-championship,recent_returner,0.6310973889103403,0.3286450860542375,4.20089829239242
eng-championship,2019-2020,memory,preseason,2019-08-02,eng-championship:2019-2020:fulham:wigan-athletic,9,eng-premier-league->eng-championship,recent_returner,0.5719946123512855,0.2846276855574807,2.404062051158238
eng-championship,2019-2020,memory,preseason,2019-08-02,eng-championship:2019-2020:blackburn-rovers:luton-town,9,outside->eng-championship,no_target_history,1.2167130275216065,0.7658728082799031,2.6786186999571155
eng-championship,2019-2020,memory,preseason,2019-08-02,eng-championship:2019-2020:charlton-athletic:leeds-united,9,outside->eng-championship,stale_history,1.0112144273928223,0.6150886307635649,2.4013787726194815
eng-championship,2019-2020,memory,preseason,2019-08-02,eng-championship:2019-2020:huddersfield-town:millwall,9,eng-premier-league->eng-championship,recent_returner,1.3976563797896933,0.8784885569107006,2.167017112747189
eng-championship,2019-2020,memory,preseason,2019-08-02,eng-championship:2019-2020:hull-city:cardiff-city,9,eng-premier-league->eng-championship,recent_returner,1.4236098904518084,0.8656166173406381,2.8597278863841122
eng-championship,2019-2020,memory,preseason,2019-08-02,eng-championship:2019-2020:barnsley:brentford,9,outside->eng-championship,recent_returner,0.8769689886875062,0.5149117618323471,3.177135152754847
eng-championship,2019-2020,memory,preseason,2019-08-02,eng-championship:2019-2020:reading:fulham,10,eng-premier-league->eng-championship,recent_returner,0.8846872749047459,0.5224799792957474,4.018526573455744
eng-championship,2019-2020,memory,preseason,2019-08-02,eng-championship:2019-2020:stoke-city:huddersfield-town,10,eng-premier-league->eng-championship,recent_returner,1.1589249584615149,0.7200708205395399,2.4081252793841337
eng-championship,2019-2020,memory,preseason,2019-08-02,eng-championship:2019-2020:barnsley:derby-county,10,outside->eng-championship,recent_returner,1.3803996739795554,0.8468074797316791,2.9599781726249965
eng-championship,2019-2020,memory,preseason,2019-08-02,eng-championship:2019-2020:cardiff-city:queens-park-rangers,10,eng-premier-league->eng-championship,recent_returner,0.5381795817925006,0.25995708819275964,2.7729647075377484
eng-championship,2019-2020,memory,preseason,2019-08-02,eng-championship:2019-2020:charlton-athletic:swansea-city,10,outside->eng-championship,stale_history,1.014284887726671,0.6179444481200443,2.550241892760659
eng-championship,2019-2020,memory,preseason,2019-08-02,eng-championship:2019-2020:luton-town:millwall,10,outside->eng-championship,no_target_history,1.3626735422979916,0.8460952975855622,2.1260552665783683
eng-championship,2020-2021,current,preseason,2020-09-11,eng-championship:2020-2021:watford:middlesbrough,1,eng-premier-league->eng-championship,stale_history,0.6799715570533107,0.36511901826993254,2.131499266300663
eng-championship,2020-2021,current,preseason,2020-09-11,eng-championship:2020-2021:bournemouth:blackburn-rovers,1,eng-premier-league->eng-championship,stale_history,0.6746267183255881,0.3613504964909992,3.575437933195549
eng-championship,2020-2021,current,preseason,2020-09-11,eng-championship:2020-2021:bristol-city:coventry-city,1,outside->eng-championship,stale_history,0.8388926182655114,0.4856136463579742,2.4788988213685124
eng-championship,2020-2021,current,preseason,2020-09-11,eng-championship:2020-2021:huddersfield-town:norwich-city,1,eng-premier-league->eng-championship,recent_returner,0.7800404577041484,0.44107453829543947,2.2780715917623535
eng-championship,2020-2021,current,preseason,2020-09-11,eng-championship:2020-2021:wycombe-wanderers:rotherham-united,1,mixed,mixed,1.443085678390952,0.9273083132055315,2.720833723621209
eng-championship,2020-2021,current,preseason,2020-09-11,eng-championship:2020-2021:coventry-city:queens-park-rangers,2,outside->eng-championship,stale_history,0.7575459770410604,0.4244474124854364,3.611625807886518
eng-championship,2020-2021,current,preseason,2020-09-11,eng-championship:2020-2021:blackburn-rovers:wycombe-wanderers,2,outside->eng-championship,no_target_history,0.8219334141547291,0.475272452039937,4.825491376633786
eng-championship,2020-2021,current,preseason,2020-09-11,eng-championship:2020-2021:middlesbrough:bournemouth,2,eng-premier-league->eng-championship,stale_history,1.342369818681583,0.8198168861952922,2.105959206346884
eng-championship,2020-2021,current,preseason,2020-09-11,eng-championship:2020-2021:norwich-city:preston-north-end,2,eng-premier-league->eng-championship,recent_returner,1.4201410933025684,0.8974305635821879,3.0437212010311905
eng-championship,2020-2021,current,preseason,2020-09-11,eng-championship:2020-2021:rotherham-united:millwall,2,outside->eng-championship,recent_returner,0.8688968116068332,0.5075354250872122,2.236184407906913
eng-championship,2020-2021,current,preseason,2020-09-11,eng-championship:2020-2021:sheffield-wednesday:watford,2,eng-premier-league->eng-championship,stale_history,1.3837298202158608,0.844012264731581,2.650064652607158
eng-championship,2020-2021,current,preseason,2020-09-11,eng-championship:2020-2021:barnsley:coventry-city,3,outside->eng-championship,stale_history,1.3489809410586133,0.8229045448856163,2.5056743260927052
eng-championship,2020-2021,current,preseason,2020-09-11,eng-championship:2020-2021:birmingham-city:rotherham-united,3,outside->eng-championship,recent_returner,1.4052392215183773,0.8697795205360133,2.166659287648323
eng-championship,2020-2021,current,preseason,2020-09-11,eng-championship:2020-2021:watford:luton-town,3,eng-premier-league->eng-championship,stale_history,0.5214979739969904,0.24785673143350798,2.2693370445499914
eng-championship,2020-2021,current,preseason,2020-09-11,eng-championship:2020-2021:wycombe-wanderers:swansea-city,3,outside->eng-championship,no_target_history,1.039084130917917,0.6389837818293114,2.8732662338433825
eng-championship,2020-2021,current,preseason,2020-09-11,eng-championship:2020-2021:bournemouth:norwich-city,3,mixed,mixed,0.859852119695238,0.502513132351998,2.339991999147318
eng-championship,2020-2021,current,preseason,2020-09-11,eng-championship:2020-2021:coventry-city:bournemouth,4,mixed,mixed,0.9303559121470644,0.55568331624641,3.2829847249521196
eng-championship,2020-2021,current,preseason,2020-09-11,eng-championship:2020-2021:luton-town:wycombe-wanderers,4,outside->eng-championship,no_target_history,1.0374570791546551,0.6408542329914739,2.920826979503616
eng-championship,2020-2021,current,preseason,2020-09-11,eng-championship:2020-2021:norwich-city:derby-county,4,eng-premier-league->eng-championship,recent_returner,1.3465848441098534,0.8568359741004377,2.6774923077909705
eng-championship,2020-2021,current,preseason,2020-09-11,eng-championship:2020-2021:reading:watford,4,eng-premier-league->eng-championship,stale_history,1.0307888791188216,0.6295370163193745,2.3693244431419354
eng-championship,2020-2021,current,preseason,2020-09-11,eng-championship:2020-2021:rotherham-united:huddersfield-town,4,outside->eng-championship,recent_returner,1.3652728253743416,0.8326786243533282,2.1256965807444628
eng-championship,2020-2021,current,preseason,2020-09-11,eng-championship:2020-2021:derby-county:watford,5,eng-premier-league->eng-championship,stale_history,1.0610102524741913,0.6531452183415667,2.4354310617501187
eng-championship,2020-2021,current,preseason,2020-09-11,eng-championship:2020-2021:bournemouth:queens-park-rangers,5,eng-premier-league->eng-championship,stale_history,1.4945999387091413,0.9580434088991198,2.7934098895842787
eng-championship,2020-2021,current,preseason,2020-09-11,eng-championship:2020-2021:brentford:coventry-city,5,outside->eng-championship,stale_history,0.523042465416754,0.24925068172639,2.249794806067753
eng-championship,2020-2021,current,preseason,2020-09-11,eng-championship:2020-2021:rotherham-united:norwich-city,5,mixed,mixed,0.6876151012532864,0.3711698011678023,2.403583077989915
eng-championship,2020-2021,current,preseason,2020-09-11,eng-championship:2020-2021:wycombe-wanderers:millwall,5,outside->eng-championship,no_target_history,1.1250630453748003,0.700175508833985,2.768002840108457
eng-championship,2020-2021,current,preseason,2020-09-11,eng-championship:2020-2021:coventry-city:swansea-city,6,outside->eng-championship,stale_history,1.3679038733605555,0.8334783732677824,2.1289830790993873
eng-championship,2020-2021,current,preseason,2020-09-11,eng-championship:2020-2021:norwich-city:birmingham-city,6,eng-premier-league->eng-championship,recent_returner,0.49841383334827144,0.23149764006257434,2.248115661879002
eng-championship,2020-2021,current,preseason,2020-09-11,eng-championship:2020-2021:nottingham-forest:rotherham-united,6,outside->eng-championship,recent_returner,1.447631168613742,0.9317600942405748,2.2086809137680046
eng-championship,2020-2021,current,preseason,2020-09-11,eng-championship:2020-2021:reading:wycombe-wanderers,6,outside->eng-championship,no_target_history,0.8852384361413638,0.5225981149994676,2.3304690830913954
eng-championship,2020-2021,current,preseason,2020-09-11,eng-championship:2020-2021:cardiff-city:bournemouth,6,eng-premier-league->eng-championship,stale_history,1.380310565243465,0.8464779825400846,2.141343337529195
eng-championship,2020-2021,current,preseason,2020-09-11,eng-championship:2020-2021:watford:blackburn-rovers,6,eng-premier-league->eng-championship,stale_history,0.7014046581371751,0.3816313536192584,2.986609826311186
eng-championship,2020-2021,current,preseason,2020-09-11,eng-championship:2020-2021:coventry-city:blackburn-rovers,7,outside->eng-championship,stale_history,1.1045570599192718,0.6860897557732035,4.7562456515472515
eng-championship,2020-2021,current,preseason,2020-09-11,eng-championship:2020-2021:norwich-city:wycombe-wanderers,7,mixed,mixed,0.6593598524641778,0.3502614841541818,2.547942931040436
eng-championship,2020-2021,current,preseason,2020-09-11,eng-championship:2020-2021:reading:rotherham-united,7,outside->eng-championship,recent_returner,0.6548366261556674,0.3462901923865924,2.9491520356079546
eng-championship,2020-2021,current,preseason,2020-09-11,eng-championship:2020-2021:watford:bournemouth,7,mixed,mixed,1.3918519062644434,0.8516551788106125,2.155181249411747
eng-championship,2020-2021,current,preseason,2020-09-11,eng-championship:2020-2021:brentford:norwich-city,8,eng-premier-league->eng-championship,recent_returner,1.4219140366823346,0.8915137182034705,2.1830144192363283
eng-championship,2020-2021,current,preseason,2020-09-11,eng-championship:2020-2021:middlesbrough:coventry-city,8,outside->eng-championship,stale_history,0.8531523724701106,0.4957743452282395,2.5656436402120653
eng-championship,2020-2021,current,preseason,2020-09-11,eng-championship:2020-2021:wycombe-wanderers:watford,8,mixed,mixed,1.4256116738740028,0.8657366211943245,2.262873768594609
eng-championship,2020-2021,current,preseason,2020-09-11,eng-championship:2020-2021:bournemouth:bristol-city,8,eng-premier-league->eng-championship,stale_history,0.6543144331334851,0.3458978603800506,2.1895284206661696
eng-championship,2020-2021,current,preseason,2020-09-11,eng-championship:2020-2021:rotherham-united:sheffield-wednesday,8,outside->eng-championship,recent_returner,0.9962903811584563,0.6049149944528457,3.559570101651955
eng-championship,2020-2021,current,preseason,2020-09-11,eng-championship:2020-2021:coventry-city:reading,9,outside->eng-championship,stale_history,0.8178547966308143,0.46970788662423985,3.7335781298790716
eng-championship,2020-2021,current,preseason,2020-09-11,eng-championship:2020-2021:barnsley:watford,9,eng-premier-league->eng-championship,stale_history,1.1422628232457361,0.7093257261209234,2.395454270501427
eng-championship,2020-2021,current,preseason,2020-09-11,eng-championship:2020-2021:bournemouth:derby-county,9,eng-premier-league->eng-championship,stale_history,1.4206617858145973,0.8843208497323871,2.1820684118948956
eng-championship,2020-2021,current,preseason,2020-09-11,eng-championship:2020-2021:bristol-city:norwich-city,9,eng-premier-league->eng-championship,recent_returner,0.8932291135207251,0.526974417112598,3.2054292537793976
eng-championship,2020-2021,current,preseason,2020-09-11,eng-championship:2020-2021:stoke-city:rotherham-united,9,outside->eng-championship,recent_returner,0.6339441549780906,0.3306539934408967,2.2053194826724445
eng-championship,2020-2021,current,preseason,2020-09-11,eng-championship:2020-2021:wycombe-wanderers:sheffield-wednesday,9,outside->eng-championship,no_target_history,0.7418359202742307,0.41311835453139417,2.304209982660197
eng-championship,2020-2021,current,preseason,2020-09-11,eng-championship:2020-2021:norwich-city:millwall,10,eng-premier-league->eng-championship,recent_returner,1.4110347562969976,0.8911623534669163,2.616220723685976
eng-championship,2020-2021,current,preseason,2020-09-11,eng-championship:2020-2021:sheffield-wednesday:bournemouth,10,eng-premier-league->eng-championship,stale_history,1.088564601988957,0.6732297253141919,2.446372111403785
eng-championship,2020-2021,current,preseason,2020-09-11,eng-championship:2020-2021:birmingham-city:wycombe-wanderers,10,outside->eng-championship,no_target_history,0.9273666703668524,0.5555041267785124,2.642340346767342
eng-championship,2020-2021,current,preseason,2020-09-11,eng-championship:2020-2021:nottingham-forest:coventry-city,10,outside->eng-championship,stale_history,0.7884836940037541,0.44704872936180434,2.4647350952772893
eng-championship,2020-2021,current,preseason,2020-09-11,eng-championship:2020-2021:rotherham-united:luton-town,10,outside->eng-championship,recent_returner,1.1133011749809614,0.692928302802595,2.537214595853677
eng-championship,2020-2021,current,preseason,2020-09-11,eng-championship:2020-2021:watford:stoke-city,10,eng-premier-league->eng-championship,stale_history,0.6888583791391885,0.37188380750365274,3.680409478289657
eng-championship,2020-2021,population,preseason,2020-09-11,eng-championship:2020-2021:watford:middlesbrough,1,eng-premier-league->eng-championship,stale_history,0.7860623092902657,0.44579946300870466,2.215399329371464
eng-championship,2020-2021,population,preseason,2020-09-11,eng-championship:2020-2021:bournemouth:blackburn-rovers,1,eng-premier-league->eng-championship,stale_history,0.8073646024944718,0.4641732658396421,3.651222935774104
eng-championship,2020-2021,population,preseason,2020-09-11,eng-championship:2020-2021:bristol-city:coventry-city,1,outside->eng-championship,stale_history,0.8805401133341676,0.5188620665019757,2.636305511051369
eng-championship,2020-2021,population,preseason,2020-09-11,eng-championship:2020-2021:huddersfield-town:norwich-city,1,eng-premier-league->eng-championship,recent_returner,0.9359002901274884,0.5612052595070454,2.3557527553208715
eng-championship,2020-2021,population,preseason,2020-09-11,eng-championship:2020-2021:wycombe-wanderers:rotherham-united,1,mixed,mixed,1.1059124852397413,0.6930556663662775,2.496526568150761
eng-championship,2020-2021,population,preseason,2020-09-11,eng-championship:2020-2021:coventry-city:queens-park-rangers,2,outside->eng-championship,stale_history,0.714133594424925,0.39214204540721304,3.632428824550372
eng-championship,2020-2021,population,preseason,2020-09-11,eng-championship:2020-2021:blackburn-rovers:wycombe-wanderers,2,outside->eng-championship,no_target_history,0.8263472325609351,0.478835276956605,4.8320519772270085
eng-championship,2020-2021,population,preseason,2020-09-11,eng-championship:2020-2021:middlesbrough:bournemouth,2,eng-premier-league->eng-championship,stale_history,1.3826210651004542,0.8438729584593192,2.233487023407305
eng-championship,2020-2021,population,preseason,2020-09-11,eng-championship:2020-2021:norwich-city:preston-north-end,2,eng-premier-league->eng-championship,recent_returner,1.3996811823945257,0.8568558145700573,3.151263171237194
eng-championship,2020-2021,population,preseason,2020-09-11,eng-championship:2020-2021:rotherham-united:millwall,2,outside->eng-championship,recent_returner,1.1252193848515797,0.6997948706469135,2.4014949478841014
eng-championship,2020-2021,population,preseason,2020-09-11,eng-championship:2020-2021:sheffield-wednesday:watford,2,eng-premier-league->eng-championship,stale_history,1.4261208025816776,0.8666431087449936,2.560646950403643
eng-championship,2020-2021,population,preseason,2020-09-11,eng-championship:2020-2021:barnsley:coventry-city,3,outside->eng-championship,stale_history,1.3932151121137928,0.8478697481509542,2.4499106065648393
eng-championship,2020-2021,population,preseason,2020-09-11,eng-championship:2020-2021:birmingham-city:rotherham-united,3,outside->eng-championship,recent_returner,1.42331431323359,0.8650745259947301,2.2661118405487173
eng-championship,2020-2021,population,preseason,2020-09-11,eng-championship:2020-2021:watford:luton-town,3,eng-premier-league->eng-championship,stale_history,0.6213033172533953,0.32155657438718616,2.31564343262689
eng-championship,2020-2021,population,preseason,2020-09-11,eng-championship:2020-2021:wycombe-wanderers:swansea-city,3,outside->eng-championship,no_target_history,1.0480809766588741,0.6455946939084666,2.881650993133775
eng-championship,2020-2021,population,preseason,2020-09-11,eng-championship:2020-2021:bournemouth:norwich-city,3,mixed,mixed,0.8245059572707953,0.4780346825366457,2.344647101671921
eng-championship,2020-2021,population,preseason,2020-09-11,eng-championship:2020-2021:coventry-city:bournemouth,4,mixed,mixed,1.1058632191205287,0.6931077163090854,3.5802728131028183
eng-championship,2020-2021,population,preseason,2020-09-11,eng-championship:2020-2021:luton-town:wycombe-wanderers,4,outside->eng-championship,no_target_history,1.0472901852740308,0.6481727325908518,2.930082985660534
eng-championship,2020-2021,population,preseason,2020-09-11,eng-championship:2020-2021:norwich-city:derby-county,4,eng-premier-league->eng-championship,recent_returner,1.081758013043034,0.6722610101306346,2.482815568708469
eng-championship,2020-2021,population,preseason,2020-09-11,eng-championship:2020-2021:reading:watford,4,eng-premier-league->eng-championship,stale_history,0.8913378219016698,0.527183949008862,2.331082428778246
eng-championship,2020-2021,population,preseason,2020-09-11,eng-championship:2020-2021:rotherham-united:huddersfield-town,4,outside->eng-championship,recent_returner,1.4655466579638892,0.9190338167993514,2.3084232963896767
eng-championship,2020-2021,population,preseason,2020-09-11,eng-championship:2020-2021:derby-county:watford,5,eng-premier-league->eng-championship,stale_history,1.177353180578297,0.7424495968531917,2.5418316343330707
eng-championship,2020-2021,population,preseason,2020-09-11,eng-championship:2020-2021:bournemouth:queens-park-rangers,5,eng-premier-league->eng-championship,stale_history,1.4740801523493139,0.9130439416201384,2.6451466888546538
eng-championship,2020-2021,population,preseason,2020-09-11,eng-championship:2020-2021:brentford:coventry-city,5,outside->eng-championship,stale_history,0.5678831997753289,0.2816010295584116,2.374691341146664
eng-championship,2020-2021,population,preseason,2020-09-11,eng-championship:2020-2021:rotherham-united:norwich-city,5,mixed,mixed,1.105856546499891,0.6931595588598756,2.876994700949333
eng-championship,2020-2021,population,preseason,2020-09-11,eng-championship:2020-2021:wycombe-wanderers:millwall,5,outside->eng-championship,no_target_history,1.1248019138240306,0.6996950352021228,2.7690449904212637
eng-championship,2020-2021,population,preseason,2020-09-11,eng-championship:2020-2021:coventry-city:swansea-city,6,outside->eng-championship,stale_history,1.4113416457571653,0.8592601761260781,2.248804337086444
eng-championship,2020-2021,population,preseason,2020-09-11,eng-championship:2020-2021:norwich-city:birmingham-city,6,eng-premier-league->eng-championship,recent_returner,0.656320900581139,0.347770126674333,2.266432061962252
eng-championship,2020-2021,population,preseason,2020-09-11,eng-championship:2020-2021:nottingham-forest:rotherham-united,6,outside->eng-championship,recent_returner,1.4004744204986659,0.8586861770148541,2.240924103174841
eng-championship,2020-2021,population,preseason,2020-09-11,eng-championship:2020-2021:reading:wycombe-wanderers,6,outside->eng-championship,no_target_history,0.8907129290905516,0.5267265372520172,2.3306301571813535
eng-championship,2020-2021,population,preseason,2020-09-11,eng-championship:2020-2021:cardiff-city:bournemouth,6,eng-premier-league->eng-championship,stale_history,1.457981756030948,0.9016203853936502,2.2947942561501167
eng-championship,2020-2021,population,preseason,2020-09-11,eng-championship:2020-2021:watford:blackburn-rovers,6,eng-premier-league->eng-championship,stale_history,0.8080532976380822,0.4646454833219408,3.1662395710349265
eng-championship,2020-2021,population,preseason,2020-09-11,eng-championship:2020-2021:coventry-city:blackburn-rovers,7,outside->eng-championship,stale_history,1.136930915146674,0.7144800884650898,4.653083232364247
eng-championship,2020-2021,population,preseason,2020-09-11,eng-championship:2020-2021:norwich-city:wycombe-wanderers,7,mixed,mixed,0.8239581428720198,0.4776547619890392,2.729656498647282
eng-championship,2020-2021,population,preseason,2020-09-11,eng-championship:2020-2021:reading:rotherham-united,7,outside->eng-championship,recent_returner,0.8905685559864831,0.5266205823864948,3.3487812755053206
eng-championship,2020-2021,population,preseason,2020-09-11,eng-championship:2020-2021:watford:bournemouth,7,mixed,mixed,1.4680135912130383,0.8942730490474895,2.372042121798944
eng-championship,2020-2021,population,preseason,2020-09-11,eng-championship:2020-2021:brentford:norwich-city,8,eng-premier-league->eng-championship,recent_returner,1.5196617536828316,0.9771291330390958,2.355600169652231
eng-championship,2020-2021,population,preseason,2020-09-11,eng-championship:2020-2021:middlesbrough:coventry-city,8,outside->eng-championship,stale_history,0.8953065828531624,0.528998411537704,2.6728270970455803
eng-championship,2020-2021,population,preseason,2020-09-11,eng-championship:2020-2021:wycombe-wanderers:watford,8,mixed,mixed,1.4681147374295476,0.8943296389455719,2.3707638776336255
eng-championship,2020-2021,population,preseason,2020-09-11,eng-championship:2020-2021:bournemouth:bristol-city,8,eng-premier-league->eng-championship,stale_history,0.7821694727115478,0.44358325260310555,2.2771997249300355
eng-championship,2020-2021,population,preseason,2020-09-11,eng-championship:2020-2021:rotherham-united:sheffield-wednesday,8,outside->eng-championship,recent_returner,0.7378658427914648,0.41004426712091785,3.1049016041814865
eng-championship,2020-2021,population,preseason,2020-09-11,eng-championship:2020-2021:coventry-city:reading,9,outside->eng-championship,stale_history,0.7711200878180562,0.43514355378525793,3.7265296499622957
eng-championship,2020-2021,population,preseason,2020-09-11,eng-championship:2020-2021:barnsley:watford,9,eng-premier-league->eng-championship,stale_history,1.0044419110072902,0.6119936452125082,2.3596733124228053
eng-championship,2020-2021,population,preseason,2020-09-11,eng-championship:2020-2021:bournemouth:derby-county,9,eng-premier-league->eng-championship,stale_history,1.4325079680227983,0.8728528768584137,2.266165975178125
eng-championship,2020-2021,population,preseason,2020-09-11,eng-championship:2020-2021:bristol-city:norwich-city,9,eng-premier-league->eng-championship,recent_returner,1.0754508913842882,0.665857065864292,3.483515092901934
eng-championship,2020-2021,population,preseason,2020-09-11,eng-championship:2020-2021:stoke-city:rotherham-united,9,outside->eng-championship,recent_returner,0.8675292345818565,0.5089953687670039,2.3172677832823703
eng-championship,2020-2021,population,preseason,2020-09-11,eng-championship:2020-2021:wycombe-wanderers:sheffield-wednesday,9,outside->eng-championship,no_target_history,0.7379814410758475,0.4101324157959358,2.299911150762566
eng-championship,2020-2021,population,preseason,2020-09-11,eng-championship:2020-2021:norwich-city:millwall,10,eng-premier-league->eng-championship,recent_returner,1.3912195728476602,0.8516826045072647,2.4370621592310213
eng-championship,2020-2021,population,preseason,2020-09-11,eng-championship:2020-2021:sheffield-wednesday:bournemouth,10,eng-premier-league->eng-championship,stale_history,0.9151467108813612,0.5462488160758812,2.3810508285660186
eng-championship,2020-2021,population,preseason,2020-09-11,eng-championship:2020-2021:birmingham-city:wycombe-wanderers,10,outside->eng-championship,no_target_history,0.9222226207758575,0.5515128125692661,2.640109536034919
eng-championship,2020-2021,population,preseason,2020-09-11,eng-championship:2020-2021:nottingham-forest:coventry-city,10,outside->eng-championship,stale_history,0.8300165456240035,0.4796244369593343,2.6014050266316753
eng-championship,2020-2021,population,preseason,2020-09-11,eng-championship:2020-2021:rotherham-united:luton-town,10,outside->eng-championship,recent_returner,1.403804732907948,0.9035631242331028,2.7364758952544936
eng-championship,2020-2021,population,preseason,2020-09-11,eng-championship:2020-2021:watford:stoke-city,10,eng-premier-league->eng-championship,stale_history,0.7927428144957996,0.45170417086615733,3.736941071030094
eng-championship,2020-2021,transition,preseason,2020-09-11,eng-championship:2020-2021:watford:middlesbrough,1,eng-premier-league->eng-championship,stale_history,0.7052188206549449,0.3841191975061667,2.185972809786784
eng-championship,2020-2021,transition,preseason,2020-09-11,eng-championship:2020-2021:bournemouth:blackburn-rovers,1,eng-premier-league->eng-championship,stale_history,0.7272424582391838,0.4014444240987152,3.5011632022762997
eng-championship,2020-2021,transition,preseason,2020-09-11,eng-championship:2020-2021:bristol-city:coventry-city,1,outside->eng-championship,stale_history,0.7500430466944055,0.41801451030552544,2.4171719029135414
eng-championship,2020-2021,transition,preseason,2020-09-11,eng-championship:2020-2021:huddersfield-town:norwich-city,1,eng-premier-league->eng-championship,recent_returner,0.9295373043019405,0.5546446686307365,2.371392573486534
eng-championship,2020-2021,transition,preseason,2020-09-11,eng-championship:2020-2021:wycombe-wanderers:rotherham-united,1,mixed,mixed,1.1662392147783431,0.727724401790949,2.480311901367238
eng-championship,2020-2021,transition,preseason,2020-09-11,eng-championship:2020-2021:coventry-city:queens-park-rangers,2,outside->eng-championship,stale_history,0.8460911434652716,0.49160318770208733,3.5983429035899137
eng-championship,2020-2021,transition,preseason,2020-09-11,eng-championship:2020-2021:blackburn-rovers:wycombe-wanderers,2,outside->eng-championship,no_target_history,0.697811231944736,0.3788053743551889,4.8981749252615465
eng-championship,2020-2021,transition,preseason,2020-09-11,eng-championship:2020-2021:middlesbrough:bournemouth,2,eng-premier-league->eng-championship,stale_history,1.3480242026919487,0.8219754105954229,2.1144575175895586
eng-championship,2020-2021,transition,preseason,2020-09-11,eng-championship:2020-2021:norwich-city:preston-north-end,2,eng-premier-league->eng-championship,recent_returner,1.3850639608091164,0.8591938249100552,3.0093963341622283
eng-championship,2020-2021,transition,preseason,2020-09-11,eng-championship:2020-2021:rotherham-united:millwall,2,outside->eng-championship,recent_returner,1.0015109768375996,0.6058226931259153,2.282789592150684
eng-championship,2020-2021,transition,preseason,2020-09-11,eng-championship:2020-2021:sheffield-wednesday:watford,2,eng-premier-league->eng-championship,stale_history,1.3879018286956186,0.8449015076320157,2.715232335577493
eng-championship,2020-2021,transition,preseason,2020-09-11,eng-championship:2020-2021:barnsley:coventry-city,3,outside->eng-championship,stale_history,1.3458398831087783,0.8275723622303252,2.5181505263574055
eng-championship,2020-2021,transition,preseason,2020-09-11,eng-championship:2020-2021:birmingham-city:rotherham-united,3,outside->eng-championship,recent_returner,1.3721259053177037,0.8386638302210601,2.1348651064386797
eng-championship,2020-2021,transition,preseason,2020-09-11,eng-championship:2020-2021:watford:luton-town,3,eng-premier-league->eng-championship,stale_history,0.5821916413584144,0.29219281644786926,2.2537478405657243
eng-championship,2020-2021,transition,preseason,2020-09-11,eng-championship:2020-2021:wycombe-wanderers:swansea-city,3,outside->eng-championship,no_target_history,0.9103193573344195,0.5392227245144483,2.6663559933280254
eng-championship,2020-2021,transition,preseason,2020-09-11,eng-championship:2020-2021:bournemouth:norwich-city,3,mixed,mixed,0.8180253763139195,0.4707527992630301,2.367012543181346
eng-championship,2020-2021,transition,preseason,2020-09-11,eng-championship:2020-2021:coventry-city:bournemouth,4,mixed,mixed,0.9086548621028792,0.5390258084166676,3.2171673873692064
eng-championship,2020-2021,transition,preseason,2020-09-11,eng-championship:2020-2021:luton-town:wycombe-wanderers,4,outside->eng-championship,no_target_history,0.8792299445763291,0.516169069050566,2.6465629811668046
eng-championship,2020-2021,transition,preseason,2020-09-11,eng-championship:2020-2021:norwich-city:derby-county,4,eng-premier-league->eng-championship,recent_returner,1.2047547484622267,0.758017822709566,2.57906233030874
eng-championship,2020-2021,transition,preseason,2020-09-11,eng-championship:2020-2021:reading:watford,4,eng-premier-league->eng-championship,stale_history,0.9786465601786587,0.5912266789327607,2.385765346823387
eng-championship,2020-2021,transition,preseason,2020-09-11,eng-championship:2020-2021:rotherham-united:huddersfield-town,4,outside->eng-championship,recent_returner,1.368850131612028,0.8396286694231142,2.13134189634292
eng-championship,2020-2021,transition,preseason,2020-09-11,eng-championship:2020-2021:derby-county:watford,5,eng-premier-league->eng-championship,stale_history,1.1145366813132667,0.692933170914351,2.5150334395325764
eng-championship,2020-2021,transition,preseason,2020-09-11,eng-championship:2020-2021:bournemouth:queens-park-rangers,5,eng-premier-league->eng-championship,stale_history,1.4723572886466543,0.9319415407663062,2.8306547439970373
eng-championship,2020-2021,transition,preseason,2020-09-11,eng-championship:2020-2021:brentford:coventry-city,5,outside->eng-championship,stale_history,0.4525268076701441,0.19984286258804965,2.181411603057347
eng-championship,2020-2021,transition,preseason,2020-09-11,eng-championship:2020-2021:rotherham-united:norwich-city,5,mixed,mixed,0.9102510547435286,0.5402221118034545,2.5018456167744105
eng-championship,2020-2021,transition,preseason,2020-09-11,eng-championship:2020-2021:wycombe-wanderers:millwall,5,outside->eng-championship,no_target_history,1.0026865454388754,0.6067894037409436,2.5586321375985097
eng-championship,2020-2021,transition,preseason,2020-09-11,eng-championship:2020-2021:coventry-city:swansea-city,6,outside->eng-championship,stale_history,1.3596887352009446,0.830432598792929,2.1219954182562795
eng-championship,2020-2021,transition,preseason,2020-09-11,eng-championship:2020-2021:norwich-city:birmingham-city,6,eng-premier-league->eng-championship,recent_returner,0.5776299211972699,0.2888293865242889,2.254034870646458
eng-championship,2020-2021,transition,preseason,2020-09-11,eng-championship:2020-2021:nottingham-forest:rotherham-united,6,outside->eng-championship,recent_returner,1.3882933329110392,0.8732700188549379,2.1516124879892713
eng-championship,2020-2021,transition,preseason,2020-09-11,eng-championship:2020-2021:reading:wycombe-wanderers,6,outside->eng-championship,no_target_history,0.7623642894081061,0.42736645360944053,2.225140986902347
eng-championship,2020-2021,transition,preseason,2020-09-11,eng-championship:2020-2021:cardiff-city:bournemouth,6,eng-premier-league->eng-championship,stale_history,1.4060931390076945,0.8670359361571712,2.1745663216249276
eng-championship,2020-2021,transition,preseason,2020-09-11,eng-championship:2020-2021:watford:blackburn-rovers,6,eng-premier-league->eng-championship,stale_history,0.7302146708658795,0.40367211218185006,2.9862540290897632
eng-championship,2020-2021,transition,preseason,2020-09-11,eng-championship:2020-2021:coventry-city:blackburn-rovers,7,outside->eng-championship,stale_history,1.0079071593147135,0.6137194609816475,4.61432165484393
eng-championship,2020-2021,transition,preseason,2020-09-11,eng-championship:2020-2021:norwich-city:wycombe-wanderers,7,mixed,mixed,0.6273554588199087,0.3257337549684355,2.3874833308598413
eng-championship,2020-2021,transition,preseason,2020-09-11,eng-championship:2020-2021:reading:rotherham-united,7,outside->eng-championship,recent_returner,0.7624788831673568,0.42745462258258027,3.1445169154169164
eng-championship,2020-2021,transition,preseason,2020-09-11,eng-championship:2020-2021:watford:bournemouth,7,mixed,mixed,1.4104843869995398,0.865185758062168,2.1869799994446883
eng-championship,2020-2021,transition,preseason,2020-09-11,eng-championship:2020-2021:brentford:norwich-city,8,eng-premier-league->eng-championship,recent_returner,1.4654893832776652,0.9384420466776491,2.2317960314437415
eng-championship,2020-2021,transition,preseason,2020-09-11,eng-championship:2020-2021:middlesbrough:coventry-city,8,outside->eng-championship,stale_history,0.7694580763745068,0.4324344107483723,2.4707269471383055
eng-championship,2020-2021,transition,preseason,2020-09-11,eng-championship:2020-2021:wycombe-wanderers:watford,8,mixed,mixed,1.3822326944013794,0.8429754616854739,2.152899811587929
eng-championship,2020-2021,transition,preseason,2020-09-11,eng-championship:2020-2021:bournemouth:bristol-city,8,eng-premier-league->eng-championship,stale_history,0.7055413167871388,0.3845305438250345,2.2482295394553833
eng-championship,2020-2021,transition,preseason,2020-09-11,eng-championship:2020-2021:rotherham-united:sheffield-wednesday,8,outside->eng-championship,recent_returner,0.8708277587998271,0.5099427664534317,3.3508045991988116
eng-championship,2020-2021,transition,preseason,2020-09-11,eng-championship:2020-2021:coventry-city:reading,9,outside->eng-championship,stale_history,0.9089884743428379,0.5381632133244912,3.7286305778365154
eng-championship,2020-2021,transition,preseason,2020-09-11,eng-championship:2020-2021:barnsley:watford,9,eng-premier-league->eng-championship,stale_history,1.0718928869724702,0.6588021078029571,2.387092435726135
eng-championship,2020-2021,transition,preseason,2020-09-11,eng-championship:2020-2021:bournemouth:derby-county,9,eng-premier-league->eng-championship,stale_history,1.4094561109639825,0.8688012249985746,2.1782857009936487
eng-championship,2020-2021,transition,preseason,2020-09-11,eng-championship:2020-2021:bristol-city:norwich-city,9,eng-premier-league->eng-championship,recent_returner,1.0089478022734075,0.6137417624627044,3.340787766706028
eng-championship,2020-2021,transition,preseason,2020-09-11,eng-championship:2020-2021:stoke-city:rotherham-united,9,outside->eng-championship,recent_returner,0.7199939671834115,0.395359985035911,2.221984987142079
eng-championship,2020-2021,transition,preseason,2020-09-11,eng-championship:2020-2021:wycombe-wanderers:sheffield-wednesday,9,outside->eng-championship,no_target_history,0.8708126429215801,0.5099310339048138,2.3312423836522336
eng-championship,2020-2021,transition,preseason,2020-09-11,eng-championship:2020-2021:norwich-city:millwall,10,eng-premier-league->eng-championship,recent_returner,1.377981031122507,0.8548302450686875,2.57931316441697
eng-championship,2020-2021,transition,preseason,2020-09-11,eng-championship:2020-2021:sheffield-wednesday:bournemouth,10,eng-premier-league->eng-championship,stale_history,1.006774173689362,0.6131504120799117,2.441358111160598
eng-championship,2020-2021,transition,preseason,2020-09-11,eng-championship:2020-2021:birmingham-city:wycombe-wanderers,10,outside->eng-championship,no_target_history,1.0948286452185745,0.6766777261438093,2.60352364335815
eng-championship,2020-2021,transition,preseason,2020-09-11,eng-championship:2020-2021:nottingham-forest:coventry-city,10,outside->eng-championship,stale_history,0.7050344272069673,0.3839405840192831,2.409678336035959
eng-championship,2020-2021,transition,preseason,2020-09-11,eng-championship:2020-2021:rotherham-united:luton-town,10,outside->eng-championship,recent_returner,1.2267308314166023,0.7709191002179784,2.521379643574372
eng-championship,2020-2021,transition,preseason,2020-09-11,eng-championship:2020-2021:watford:stoke-city,10,eng-premier-league->eng-championship,stale_history,0.7323467890527803,0.404917161105079,3.5940890859232004
eng-championship,2020-2021,source,preseason,2020-09-11,eng-championship:2020-2021:watford:middlesbrough,1,eng-premier-league->eng-championship,stale_history,0.691149502133294,0.37350225631438577,2.154363166415709
eng-championship,2020-2021,source,preseason,2020-09-11,eng-championship:2020-2021:bournemouth:blackburn-rovers,1,eng-premier-league->eng-championship,stale_history,0.7001451669219199,0.3807288947935576,3.486373674573729
eng-championship,2020-2021,source,preseason,2020-09-11,eng-championship:2020-2021:bristol-city:coventry-city,1,outside->eng-championship,stale_history,0.7471861891291238,0.41587201346089686,2.415454123484023
eng-championship,2020-2021,source,preseason,2020-09-11,eng-championship:2020-2021:huddersfield-town:norwich-city,1,eng-premier-league->eng-championship,recent_returner,0.9896471690358438,0.5995465704448977,2.4110897627244174
eng-championship,2020-2021,source,preseason,2020-09-11,eng-championship:2020-2021:wycombe-wanderers:rotherham-united,1,mixed,mixed,1.1655968291799945,0.7274722150248129,2.4857866343263706
eng-championship,2020-2021,source,preseason,2020-09-11,eng-championship:2020-2021:coventry-city:queens-park-rangers,2,outside->eng-championship,stale_history,0.8477399317406089,0.4929097058587761,3.594050597379412
eng-championship,2020-2021,source,preseason,2020-09-11,eng-championship:2020-2021:blackburn-rovers:wycombe-wanderers,2,outside->eng-championship,no_target_history,0.6955667531007713,0.37712111041953883,4.8880951706875475
eng-championship,2020-2021,source,preseason,2020-09-11,eng-championship:2020-2021:middlesbrough:bournemouth,2,eng-premier-league->eng-championship,stale_history,1.342048923212529,0.8185763616733955,2.1077337167194945
eng-championship,2020-2021,source,preseason,2020-09-11,eng-championship:2020-2021:norwich-city:preston-north-end,2,eng-premier-league->eng-championship,recent_returner,1.3715980149363933,0.8437483888425165,2.981254085710903
eng-championship,2020-2021,source,preseason,2020-09-11,eng-championship:2020-2021:rotherham-united:millwall,2,outside->eng-championship,recent_returner,0.9983235259353676,0.6035635234984986,2.2850386319549827
eng-championship,2020-2021,source,preseason,2020-09-11,eng-championship:2020-2021:sheffield-wednesday:watford,2,eng-premier-league->eng-championship,stale_history,1.3766107916029724,0.8392751134602948,2.680042423550813
eng-championship,2020-2021,source,preseason,2020-09-11,eng-championship:2020-2021:barnsley:coventry-city,3,outside->eng-championship,stale_history,1.347539476572546,0.8285945549926406,2.524859273194074
eng-championship,2020-2021,source,preseason,2020-09-11,eng-championship:2020-2021:birmingham-city:rotherham-united,3,outside->eng-championship,recent_returner,1.373933043449153,0.8398423339153306,2.136833643872664
eng-championship,2020-2021,source,preseason,2020-09-11,eng-championship:2020-2021:watford:luton-town,3,eng-premier-league->eng-championship,stale_history,0.5637978111229728,0.27875138769244473,2.226541166603269
eng-championship,2020-2021,source,preseason,2020-09-11,eng-championship:2020-2021:wycombe-wanderers:swansea-city,3,outside->eng-championship,no_target_history,0.901310535428796,0.53239248005586,2.653906216238571
eng-championship,2020-2021,source,preseason,2020-09-11,eng-championship:2020-2021:bournemouth:norwich-city,3,mixed,mixed,0.7278728106289043,0.4017675591954095,2.331886064125765
eng-championship,2020-2021,source,preseason,2020-09-11,eng-championship:2020-2021:coventry-city:bournemouth,4,mixed,mixed,0.8765870139726013,0.514562084705935,3.176362896831975
eng-championship,2020-2021,source,preseason,2020-09-11,eng-championship:2020-2021:luton-town:wycombe-wanderers,4,outside->eng-championship,no_target_history,0.8781371360074627,0.5154049865377904,2.64783412214389
eng-championship,2020-2021,source,preseason,2020-09-11,eng-championship:2020-2021:norwich-city:derby-county,4,eng-premier-league->eng-championship,recent_returner,1.1255229878713067,0.7010037576122687,2.530120255637401
eng-championship,2020-2021,source,preseason,2020-09-11,eng-championship:2020-2021:reading:watford,4,eng-premier-league->eng-championship,stale_history,1.0120793205363872,0.615346855777032,2.376097374574673
eng-championship,2020-2021,source,preseason,2020-09-11,eng-championship:2020-2021:rotherham-united:huddersfield-town,4,outside->eng-championship,recent_returner,1.3678097145141384,0.8397307208434271,2.130295789681312
eng-championship,2020-2021,source,preseason,2020-09-11,eng-championship:2020-2021:derby-county:watford,5,eng-premier-league->eng-championship,stale_history,1.0871203256622997,0.6718585768429299,2.477880831901375
eng-championship,2020-2021,source,preseason,2020-09-11,eng-championship:2020-2021:bournemouth:queens-park-rangers,5,eng-premier-league->eng-championship,stale_history,1.4810105232408195,0.9436977620249167,2.8379542152004937
eng-championship,2020-2021,source,preseason,2020-09-11,eng-championship:2020-2021:brentford:coventry-city,5,outside->eng-championship,stale_history,0.4506313266021397,0.19852016080096593,2.1825182560126257
eng-championship,2020-2021,source,preseason,2020-09-11,eng-championship:2020-2021:rotherham-united:norwich-city,5,mixed,mixed,0.9759452191492504,0.5897463936464845,2.5343095086066576
eng-championship,2020-2021,source,preseason,2020-09-11,eng-championship:2020-2021:wycombe-wanderers:millwall,5,outside->eng-championship,no_target_history,0.9995216043232007,0.6045488165536961,2.5558613928290876
eng-championship,2020-2021,source,preseason,2020-09-11,eng-championship:2020-2021:coventry-city:swansea-city,6,outside->eng-championship,stale_history,1.3592629612026428,0.8306543186090833,2.1215643186493165
eng-championship,2020-2021,source,preseason,2020-09-11,eng-championship:2020-2021:norwich-city:birmingham-city,6,eng-premier-league->eng-championship,recent_returner,0.6268804037057399,0.32538383740378657,2.2783131396652734
eng-championship,2020-2021,source,preseason,2020-09-11,eng-championship:2020-2021:nottingham-forest:rotherham-united,6,outside->eng-championship,recent_returner,1.3907002942793005,0.875089099735854,2.1538436596023782
eng-championship,2020-2021,source,preseason,2020-09-11,eng-championship:2020-2021:reading:wycombe-wanderers,6,outside->eng-championship,no_target_history,0.7594867934245677,0.42521069939266454,2.2283921552013117
eng-championship,2020-2021,source,preseason,2020-09-11,eng-championship:2020-2021:cardiff-city:bournemouth,6,eng-premier-league->eng-championship,stale_history,1.3946512165269787,0.8570995680006355,2.1624596354190935
eng-championship,2020-2021,source,preseason,2020-09-11,eng-championship:2020-2021:watford:blackburn-rovers,6,eng-premier-league->eng-championship,stale_history,0.7094713988550062,0.38769486232786904,2.970552838038649
eng-championship,2020-2021,source,preseason,2020-09-11,eng-championship:2020-2021:coventry-city:blackburn-rovers,7,outside->eng-championship,stale_history,1.00525264127584,0.611846412883532,4.606280501947992
eng-championship,2020-2021,source,preseason,2020-09-11,eng-championship:2020-2021:norwich-city:wycombe-wanderers,7,mixed,mixed,0.6770989113915263,0.36311341672985564,2.3976138366209874
eng-championship,2020-2021,source,preseason,2020-09-11,eng-championship:2020-2021:reading:rotherham-united,7,outside->eng-championship,recent_returner,0.7596040087461715,0.4253009279928418,3.1397930510161376
eng-championship,2020-2021,source,preseason,2020-09-11,eng-championship:2020-2021:watford:bournemouth,7,mixed,mixed,1.392675886588827,0.8549910686773513,2.166240939289958
eng-championship,2020-2021,source,preseason,2020-09-11,eng-championship:2020-2021:brentford:norwich-city,8,eng-premier-league->eng-championship,recent_returner,1.500775818359758,0.9744226114858907,2.2675063726552382
eng-championship,2020-2021,source,preseason,2020-09-11,eng-championship:2020-2021:middlesbrough:coventry-city,8,outside->eng-championship,stale_history,0.7630941882904666,0.42763915279175513,2.463718707596567
eng-championship,2020-2021,source,preseason,2020-09-11,eng-championship:2020-2021:wycombe-wanderers:watford,8,mixed,mixed,1.3737994690045146,0.8397549729938363,2.1430414826745037
eng-championship,2020-2021,source,preseason,2020-09-11,eng-championship:2020-2021:bournemouth:bristol-city,8,eng-premier-league->eng-championship,stale_history,0.6807076924554462,0.3657440367182221,2.2392526616289645
eng-championship,2020-2021,source,preseason,2020-09-11,eng-championship:2020-2021:rotherham-united:sheffield-wednesday,8,outside->eng-championship,recent_returner,0.8726124051875145,0.5113527832548759,3.354516481992432
eng-championship,2020-2021,source,preseason,2020-09-11,eng-championship:2020-2021:coventry-city:reading,9,outside->eng-championship,stale_history,0.9110143918852192,0.5397515134666223,3.7240481036604693
eng-championship,2020-2021,source,preseason,2020-09-11,eng-championship:2020-2021:barnsley:watford,9,eng-premier-league->eng-championship,stale_history,1.108591737915602,0.6845125157333315,2.384175805102073
eng-championship,2020-2021,source,preseason,2020-09-11,eng-championship:2020-2021:bournemouth:derby-county,9,eng-premier-league->eng-championship,stale_history,1.411974386749837,0.8742490747891901,2.180009300149561
eng-championship,2020-2021,source,preseason,2020-09-11,eng-championship:2020-2021:bristol-city:norwich-city,9,eng-premier-league->eng-championship,recent_returner,1.0822116517451381,0.6678116810916095,3.415041854288094
eng-championship,2020-2021,source,preseason,2020-09-11,eng-championship:2020-2021:stoke-city:rotherham-united,9,outside->eng-championship,recent_returner,0.7182327145422387,0.3940406254068706,2.225280517337669
eng-championship,2020-2021,source,preseason,2020-09-11,eng-championship:2020-2021:wycombe-wanderers:sheffield-wednesday,9,outside->eng-championship,no_target_history,0.8725924200388584,0.5113374806116345,2.336831546118762
eng-championship,2020-2021,source,preseason,2020-09-11,eng-championship:2020-2021:norwich-city:millwall,10,eng-premier-league->eng-championship,recent_returner,1.3650293070384445,0.8399087325382661,2.5806120044750696
eng-championship,2020-2021,source,preseason,2020-09-11,eng-championship:2020-2021:sheffield-wednesday:bournemouth,10,eng-premier-league->eng-championship,stale_history,1.0416039705731153,0.6387246720346575,2.454407270555587
eng-championship,2020-2021,source,preseason,2020-09-11,eng-championship:2020-2021:birmingham-city:wycombe-wanderers,10,outside->eng-championship,no_target_history,1.0970313127204818,0.6784143972163137,2.6044385919420954
eng-championship,2020-2021,source,preseason,2020-09-11,eng-championship:2020-2021:nottingham-forest:coventry-city,10,outside->eng-championship,stale_history,0.7024593243836446,0.38200897210466905,2.408041784671207
eng-championship,2020-2021,source,preseason,2020-09-11,eng-championship:2020-2021:rotherham-united:luton-town,10,outside->eng-championship,recent_returner,1.2255940016109623,0.7703068604658715,2.525281966426646
eng-championship,2020-2021,source,preseason,2020-09-11,eng-championship:2020-2021:watford:stoke-city,10,eng-premier-league->eng-championship,stale_history,0.7118727979131773,0.3892605715859047,3.6052915826737983
eng-championship,2020-2021,memory,preseason,2020-09-11,eng-championship:2020-2021:watford:middlesbrough,1,eng-premier-league->eng-championship,stale_history,0.6811159320564691,0.36597724816545013,2.165902418720875
eng-championship,2020-2021,memory,preseason,2020-09-11,eng-championship:2020-2021:bournemouth:blackburn-rovers,1,eng-premier-league->eng-championship,stale_history,0.6817735554637686,0.36687598626607604,3.4611145256096245
eng-championship,2020-2021,memory,preseason,2020-09-11,eng-championship:2020-2021:bristol-city:coventry-city,1,outside->eng-championship,stale_history,0.785281696131214,0.4446987243886551,2.4278274549572227
eng-championship,2020-2021,memory,preseason,2020-09-11,eng-championship:2020-2021:huddersfield-town:norwich-city,1,eng-premier-league->eng-championship,recent_returner,0.871127299064351,0.5119182234400761,2.458334621007893
eng-championship,2020-2021,memory,preseason,2020-09-11,eng-championship:2020-2021:wycombe-wanderers:rotherham-united,1,mixed,mixed,1.300629100925134,0.8246689792627733,2.644012560047008
eng-championship,2020-2021,memory,preseason,2020-09-11,eng-championship:2020-2021:coventry-city:queens-park-rangers,2,outside->eng-championship,stale_history,0.8066402858886812,0.4615762563433772,3.570358284126085
eng-championship,2020-2021,memory,preseason,2020-09-11,eng-championship:2020-2021:blackburn-rovers:wycombe-wanderers,2,outside->eng-championship,no_target_history,0.7431217157992931,0.4132857420644815,5.043063401463348
eng-championship,2020-2021,memory,preseason,2020-09-11,eng-championship:2020-2021:middlesbrough:bournemouth,2,eng-premier-league->eng-championship,stale_history,1.3502558348705693,0.8235646180191509,2.116731295748508
eng-championship,2020-2021,memory,preseason,2020-09-11,eng-championship:2020-2021:norwich-city:preston-north-end,2,eng-premier-league->eng-championship,recent_returner,1.4338569031018908,0.8913875022197548,2.942818193664094
eng-championship,2020-2021,memory,preseason,2020-09-11,eng-championship:2020-2021:rotherham-united:millwall,2,outside->eng-championship,recent_returner,0.9353832435197301,0.557748885303955,2.2988298016116486
eng-championship,2020-2021,memory,preseason,2020-09-11,eng-championship:2020-2021:sheffield-wednesday:watford,2,eng-premier-league->eng-championship,stale_history,1.383201181360025,0.8433773513856777,2.702238381585959
eng-championship,2020-2021,memory,preseason,2020-09-11,eng-championship:2020-2021:barnsley:coventry-city,3,outside->eng-championship,stale_history,1.3415193078209298,0.8209894470653203,2.530802357959274
eng-championship,2020-2021,memory,preseason,2020-09-11,eng-championship:2020-2021:birmingham-city:rotherham-united,3,outside->eng-championship,recent_returner,1.3997682908630087,0.858974407033826,2.166246837143482
eng-championship,2020-2021,memory,preseason,2020-09-11,eng-championship:2020-2021:watford:luton-town,3,eng-premier-league->eng-championship,stale_history,0.5743732184424248,0.2864759682313985,2.239693440262257
eng-championship,2020-2021,memory,preseason,2020-09-11,eng-championship:2020-2021:wycombe-wanderers:swansea-city,3,outside->eng-championship,no_target_history,0.9576930498546558,0.5747379385604786,2.7267767185520793
eng-championship,2020-2021,memory,preseason,2020-09-11,eng-championship:2020-2021:bournemouth:norwich-city,3,mixed,mixed,0.7801405197636372,0.44302818823273726,2.4862463756122732
eng-championship,2020-2021,memory,preseason,2020-09-11,eng-championship:2020-2021:coventry-city:bournemouth,4,mixed,mixed,0.8996675402445945,0.5323347752598737,3.189856835502175
eng-championship,2020-2021,memory,preseason,2020-09-11,eng-championship:2020-2021:luton-town:wycombe-wanderers,4,outside->eng-championship,no_target_history,0.9064279293238932,0.5367936417440955,2.686063747246268
eng-championship,2020-2021,memory,preseason,2020-09-11,eng-championship:2020-2021:norwich-city:derby-county,4,eng-premier-league->eng-championship,recent_returner,1.2306463966214765,0.7809627184023733,2.7030296669634923
eng-championship,2020-2021,memory,preseason,2020-09-11,eng-championship:2020-2021:reading:watford,4,eng-premier-league->eng-championship,stale_history,1.020486824435231,0.6219496644409348,2.3959142671693443
eng-championship,2020-2021,memory,preseason,2020-09-11,eng-championship:2020-2021:rotherham-united:huddersfield-town,4,outside->eng-championship,recent_returner,1.3776701453087385,0.8418637879302465,2.1418126040543415
eng-championship,2020-2021,memory,preseason,2020-09-11,eng-championship:2020-2021:derby-county:watford,5,eng-premier-league->eng-championship,stale_history,1.0745400447082751,0.6630996362382219,2.4849303099294584
eng-championship,2020-2021,memory,preseason,2020-09-11,eng-championship:2020-2021:bournemouth:queens-park-rangers,5,eng-premier-league->eng-championship,stale_history,1.496707219755016,0.9562696411443904,2.8726648031468933
eng-championship,2020-2021,memory,preseason,2020-09-11,eng-championship:2020-2021:brentford:coventry-city,5,outside->eng-championship,stale_history,0.4767983867172838,0.21664200940800563,2.206439100799649
eng-championship,2020-2021,memory,preseason,2020-09-11,eng-championship:2020-2021:rotherham-united:norwich-city,5,mixed,mixed,0.8067686250278997,0.46343697576260373,2.457883089835957
eng-championship,2020-2021,memory,preseason,2020-09-11,eng-championship:2020-2021:wycombe-wanderers:millwall,5,outside->eng-championship,no_target_history,1.0580883150825335,0.6475667678744551,2.5864846953526426
eng-championship,2020-2021,memory,preseason,2020-09-11,eng-championship:2020-2021:coventry-city:swansea-city,6,outside->eng-championship,stale_history,1.3549430982615438,0.8264784793602274,2.116094790788061
eng-championship,2020-2021,memory,preseason,2020-09-11,eng-championship:2020-2021:norwich-city:birmingham-city,6,eng-premier-league->eng-championship,recent_returner,0.5411302376405005,0.26198867168660317,2.375027246061193
eng-championship,2020-2021,memory,preseason,2020-09-11,eng-championship:2020-2021:nottingham-forest:rotherham-united,6,outside->eng-championship,recent_returner,1.4293222772567367,0.9080433397022746,2.1921287849390643
eng-championship,2020-2021,memory,preseason,2020-09-11,eng-championship:2020-2021:reading:wycombe-wanderers,6,outside->eng-championship,no_target_history,0.8073730902528993,0.4615383299732883,2.2613312979205933
eng-championship,2020-2021,memory,preseason,2020-09-11,eng-championship:2020-2021:cardiff-city:bournemouth,6,eng-premier-league->eng-championship,stale_history,1.4026884080037394,0.8610389030781234,2.1731268620673907
eng-championship,2020-2021,memory,preseason,2020-09-11,eng-championship:2020-2021:watford:blackburn-rovers,6,eng-premier-league->eng-championship,stale_history,0.6983194550938512,0.37929817260373416,2.953590063789039
eng-championship,2020-2021,memory,preseason,2020-09-11,eng-championship:2020-2021:coventry-city:blackburn-rovers,7,outside->eng-championship,stale_history,1.0535311351352836,0.6476126020472828,4.723191286517123
eng-championship,2020-2021,memory,preseason,2020-09-11,eng-championship:2020-2021:norwich-city:wycombe-wanderers,7,mixed,mixed,0.6289879787022624,0.327121907107515,2.390449726299514
eng-championship,2020-2021,memory,preseason,2020-09-11,eng-championship:2020-2021:reading:rotherham-united,7,outside->eng-championship,recent_returner,0.7044694169712088,0.38374600122284896,3.047742408151902
eng-championship,2020-2021,memory,preseason,2020-09-11,eng-championship:2020-2021:watford:bournemouth,7,mixed,mixed,1.404653433414757,0.8610974851726978,2.18209618762986
eng-championship,2020-2021,memory,preseason,2020-09-11,eng-championship:2020-2021:brentford:norwich-city,8,eng-premier-league->eng-championship,recent_returner,1.4974526581249628,0.9523968678245184,2.2759201320270717
eng-championship,2020-2021,memory,preseason,2020-09-11,eng-championship:2020-2021:middlesbrough:coventry-city,8,outside->eng-championship,stale_history,0.7998923938785403,0.45536339811795107,2.5074533390491704
eng-championship,2020-2021,memory,preseason,2020-09-11,eng-championship:2020-2021:wycombe-wanderers:watford,8,mixed,mixed,1.377635038976113,0.8397960150454548,2.1473229152648012
eng-championship,2020-2021,memory,preseason,2020-09-11,eng-championship:2020-2021:bournemouth:bristol-city,8,eng-premier-league->eng-championship,stale_history,0.6641536439144919,0.3533137755239661,2.253826188846721
eng-championship,2020-2021,memory,preseason,2020-09-11,eng-championship:2020-2021:rotherham-united:sheffield-wednesday,8,outside->eng-championship,recent_returner,0.9210033110637973,0.5487384361728681,3.444377374225792
eng-championship,2020-2021,memory,preseason,2020-09-11,eng-championship:2020-2021:coventry-city:reading,9,outside->eng-championship,stale_history,0.869618733897839,0.5085383113006764,3.6983830863529086
eng-championship,2020-2021,memory,preseason,2020-09-11,eng-championship:2020-2021:barnsley:watford,9,eng-premier-league->eng-championship,stale_history,1.1323843692938815,0.7022533055308389,2.4186403300577126
eng-championship,2020-2021,memory,preseason,2020-09-11,eng-championship:2020-2021:bournemouth:derby-county,9,eng-premier-league->eng-championship,stale_history,1.423833117084069,0.8833398511536814,2.194136835365388
eng-championship,2020-2021,memory,preseason,2020-09-11,eng-championship:2020-2021:bristol-city:norwich-city,9,eng-premier-league->eng-championship,recent_returner,0.9691726278386001,0.5863513076755578,3.2344952045492175
eng-championship,2020-2021,memory,preseason,2020-09-11,eng-championship:2020-2021:stoke-city:rotherham-united,9,outside->eng-championship,recent_returner,0.6647718586707212,0.3538002834318986,2.257195238320883
eng-championship,2020-2021,memory,preseason,2020-09-11,eng-championship:2020-2021:wycombe-wanderers:sheffield-wednesday,9,outside->eng-championship,no_target_history,0.8189035932098583,0.4706565163054339,2.3196804467727015
eng-championship,2020-2021,memory,preseason,2020-09-11,eng-championship:2020-2021:norwich-city:millwall,10,eng-premier-league->eng-championship,recent_returner,1.4234505726379252,0.8851258350329906,2.7363971810535577
eng-championship,2020-2021,memory,preseason,2020-09-11,eng-championship:2020-2021:sheffield-wednesday:bournemouth,10,eng-premier-league->eng-championship,stale_history,1.0577546686360966,0.651234546946855,2.4826027624498397
eng-championship,2020-2021,memory,preseason,2020-09-11,eng-championship:2020-2021:birmingham-city:wycombe-wanderers,10,outside->eng-championship,no_target_history,1.035970188825252,0.6337594136063426,2.5615293507650883
eng-championship,2020-2021,memory,preseason,2020-09-11,eng-championship:2020-2021:nottingham-forest:coventry-city,10,outside->eng-championship,stale_history,0.7376274605169383,0.4084895221473701,2.417757313948629
eng-championship,2020-2021,memory,preseason,2020-09-11,eng-championship:2020-2021:rotherham-united:luton-town,10,outside->eng-championship,recent_returner,1.1265181835308349,0.7010530149406987,2.504311450375985
eng-championship,2020-2021,memory,preseason,2020-09-11,eng-championship:2020-2021:watford:stoke-city,10,eng-premier-league->eng-championship,stale_history,0.7017927751355653,0.3816868321974721,3.5869053047203954
eng-championship,2021-2022,current,preseason,2021-08-06,eng-championship:2021-2022:bournemouth:west-bromwich-albion,1,eng-premier-league->eng-championship,recent_returner,1.3490904959162062,0.8325256390652537,3.0549149517577088
eng-championship,2021-2022,current,preseason,2021-08-06,eng-championship:2021-2022:bristol-city:blackpool,1,outside->eng-championship,stale_history,1.3379985287703497,0.8184900934772815,2.102923242163988
eng-championship,2021-2022,current,preseason,2021-08-06,eng-championship:2021-2022:luton-town:peterborough-united,1,outside->eng-championship,stale_history,1.0319442632939921,0.6268469147840556,3.6055895016543396
eng-championship,2021-2022,current,preseason,2021-08-06,eng-championship:2021-2022:preston-north-end:hull-city,1,outside->eng-championship,recent_returner,1.396096899320703,0.8804268719464644,5.210350289107964
eng-championship,2021-2022,current,preseason,2021-08-06,eng-championship:2021-2022:sheffield-united:birmingham-city,1,eng-premier-league->eng-championship,recent_returner,1.7772216348318544,1.1073869581924787,2.7759426725259893
eng-championship,2021-2022,current,preseason,2021-08-06,eng-championship:2021-2022:fulham:middlesbrough,1,eng-premier-league->eng-championship,recent_returner,1.357949519841892,0.8589992273978543,2.1282442110486453
eng-championship,2021-2022,current,preseason,2021-08-06,eng-championship:2021-2022:blackpool:cardiff-city,2,outside->eng-championship,stale_history,0.8178418325389374,0.4688904611951358,2.51173120667241
eng-championship,2021-2022,current,preseason,2021-08-06,eng-championship:2021-2022:huddersfield-town:fulham,2,eng-premier-league->eng-championship,recent_returner,0.7707399647454544,0.4332912782760319,5.240591885119526
eng-championship,2021-2022,current,preseason,2021-08-06,eng-championship:2021-2022:hull-city:queens-park-rangers,2,outside->eng-championship,recent_returner,0.9026321181737547,0.5334671395929131,3.396183635506654
eng-championship,2021-2022,current,preseason,2021-08-06,eng-championship:2021-2022:peterborough-united:derby-county,2,outside->eng-championship,stale_history,0.7490681023085433,0.416935292531252,2.4664398393458207
eng-championship,2021-2022,current,preseason,2021-08-06,eng-championship:2021-2022:swansea-city:sheffield-united,2,eng-premier-league->eng-championship,recent_returner,1.29411588479154,0.7914242486994703,2.3268066845625093
eng-championship,2021-2022,current,preseason,2021-08-06,eng-championship:2021-2022:west-bromwich-albion:luton-town,2,eng-premier-league->eng-championship,recent_returner,0.5489027147959981,0.2687723788874093,3.8057273082977776
eng-championship,2021-2022,current,preseason,2021-08-06,eng-championship:2021-2022:blackpool:coventry-city,3,outside->eng-championship,stale_history,1.0998918972073313,0.6768966072335059,2.3028932285582986
eng-championship,2021-2022,current,preseason,2021-08-06,eng-championship:2021-2022:millwall:fulham,3,eng-premier-league->eng-championship,recent_returner,0.9474647102016109,0.5642803074605086,2.555987200049066
eng-championship,2021-2022,current,preseason,2021-08-06,eng-championship:2021-2022:peterborough-united:cardiff-city,3,outside->eng-championship,stale_history,1.3347167181328712,0.8145650843251138,3.0815090852860836
eng-championship,2021-2022,current,preseason,2021-08-06,eng-championship:2021-2022:hull-city:derby-county,3,outside->eng-championship,recent_returner,1.0524530991443701,0.64289564569269,2.308826696968607
eng-championship,2021-2022,current,preseason,2021-08-06,eng-championship:2021-2022:west-bromwich-albion:sheffield-united,3,mixed,mixed,0.8494199455587188,0.49245380938773353,4.261631881413132
eng-championship,2021-2022,current,preseason,2021-08-06,eng-championship:2021-2022:blackburn-rovers:west-bromwich-albion,4,eng-premier-league->eng-championship,recent_returner,0.9689300971246609,0.5822242539549695,2.53616745386086
eng-championship,2021-2022,current,preseason,2021-08-06,eng-championship:2021-2022:bournemouth:blackpool,4,outside->eng-championship,stale_history,1.4978255924836725,0.9883736840348032,3.2420889184858543
eng-championship,2021-2022,current,preseason,2021-08-06,eng-championship:2021-2022:fulham:hull-city,4,mixed,mixed,0.532662927408269,0.25649196431510596,2.2273094808056406
eng-championship,2021-2022,current,preseason,2021-08-06,eng-championship:2021-2022:preston-north-end:peterborough-united,4,outside->eng-championship,stale_history,0.9077272589856543,0.5355162850581808,2.1482319606388343
eng-championship,2021-2022,current,preseason,2021-08-06,eng-championship:2021-2022:sheffield-united:huddersfield-town,4,eng-premier-league->eng-championship,recent_returner,1.721754605848039,1.081802358589712,3.0958562812580386
eng-championship,2021-2022,current,preseason,2021-08-06,eng-championship:2021-2022:fulham:stoke-city,5,eng-premier-league->eng-championship,recent_returner,0.697607309257949,0.378460412982331,3.008338479740507
eng-championship,2021-2022,current,preseason,2021-08-06,eng-championship:2021-2022:hull-city:bournemouth,5,outside->eng-championship,recent_returner,1.4208830404642379,0.900827685440194,2.635815572314372
eng-championship,2021-2022,current,preseason,2021-08-06,eng-championship:2021-2022:luton-town:sheffield-united,5,eng-premier-league->eng-championship,recent_returner,1.324548744817645,0.8233876872706435,2.369596692705196
eng-championship,2021-2022,current,preseason,2021-08-06,eng-championship:2021-2022:millwall:blackpool,5,outside->eng-championship,stale_history,0.773854656991826,0.43549869365393834,2.4786972299173833
eng-championship,2021-2022,current,preseason,2021-08-06,eng-championship:2021-2022:peterborough-united:west-bromwich-albion,5,mixed,mixed,0.9131872364008049,0.5405980878877652,2.214352836306529
eng-championship,2021-2022,current,preseason,2021-08-06,eng-championship:2021-2022:blackpool:fulham,6,mixed,mixed,1.1903007223456699,0.7409496423139666,2.3539534325154206
eng-championship,2021-2022,current,preseason,2021-08-06,eng-championship:2021-2022:sheffield-united:peterborough-united,6,mixed,mixed,0.6842899731059295,0.3683600953361924,7.0041319995304026
eng-championship,2021-2022,current,preseason,2021-08-06,eng-championship:2021-2022:swansea-city:hull-city,6,outside->eng-championship,recent_returner,1.4524694736662354,0.9499203037719232,2.5732962512791886
eng-championship,2021-2022,current,preseason,2021-08-06,eng-championship:2021-2022:west-bromwich-albion:millwall,6,eng-premier-league->eng-championship,recent_returner,1.3879747194446037,0.8907338527589433,2.1584116614858235
eng-championship,2021-2022,current,preseason,2021-08-06,eng-championship:2021-2022:blackburn-rovers:hull-city,7,outside->eng-championship,recent_returner,0.5991204233320118,0.30479785413213467,2.3309692910714905
eng-championship,2021-2022,current,preseason,2021-08-06,eng-championship:2021-2022:blackpool:huddersfield-town,7,outside->eng-championship,stale_history,1.2219010057215038,0.7647302204588787,3.9330723970586625
eng-championship,2021-2022,current,preseason,2021-08-06,eng-championship:2021-2022:reading:peterborough-united,7,outside->eng-championship,stale_history,0.8476003918129696,0.4913056641786011,3.2436913889714205
eng-championship,2021-2022,current,preseason,2021-08-06,eng-championship:2021-2022:sheffield-united:preston-north-end,7,eng-premier-league->eng-championship,recent_returner,1.3718041237594545,0.876431131111551,3.2168524564299728
eng-championship,2021-2022,current,preseason,2021-08-06,eng-championship:2021-2022:west-bromwich-albion:derby-county,7,eng-premier-league->eng-championship,recent_returner,1.4355089630182623,0.9388061285019726,2.517981731497411
eng-championship,2021-2022,current,preseason,2021-08-06,eng-championship:2021-2022:birmingham-city:fulham,7,eng-premier-league->eng-championship,recent_returner,0.7570773912523139,0.4228927697609413,4.151644417644058
eng-championship,2021-2022,current,preseason,2021-08-06,eng-championship:2021-2022:fulham:reading,8,eng-premier-league->eng-championship,recent_returner,1.34087428044141,0.8429864935775564,2.801272277229198
eng-championship,2021-2022,current,preseason,2021-08-06,eng-championship:2021-2022:hull-city:sheffield-united,8,mixed,mixed,0.7171824985499866,0.3931214275356347,3.069214231967172
eng-championship,2021-2022,current,preseason,2021-08-06,eng-championship:2021-2022:middlesbrough:blackpool,8,outside->eng-championship,stale_history,1.3006977837548857,0.8165048347503426,2.7892512810467904
eng-championship,2021-2022,current,preseason,2021-08-06,eng-championship:2021-2022:peterborough-united:birmingham-city,8,outside->eng-championship,stale_history,0.6577440574367125,0.3485928244822206,2.9171741289267414
eng-championship,2021-2022,current,preseason,2021-08-06,eng-championship:2021-2022:preston-north-end:west-bromwich-albion,8,eng-premier-league->eng-championship,recent_returner,1.3099708969993702,0.8039377487680661,2.0804044777197177
eng-championship,2021-2022,current,preseason,2021-08-06,eng-championship:2021-2022:coventry-city:peterborough-united,9,outside->eng-championship,stale_history,0.962355429820676,0.5767014887307276,3.474267771658876
eng-championship,2021-2022,current,preseason,2021-08-06,eng-championship:2021-2022:west-bromwich-albion:queens-park-rangers,9,eng-premier-league->eng-championship,recent_returner,0.6567262546302371,0.34773110338779223,2.399308660844122
eng-championship,2021-2022,current,preseason,2021-08-06,eng-championship:2021-2022:blackpool:barnsley,9,outside->eng-championship,stale_history,1.0264649731703843,0.6232188409530149,2.236693336725656
eng-championship,2021-2022,current,preseason,2021-08-06,eng-championship:2021-2022:bristol-city:fulham,9,eng-premier-league->eng-championship,recent_returner,1.3426303889333064,0.8331195947326274,2.1088207943010335
eng-championship,2021-2022,current,preseason,2021-08-06,eng-championship:2021-2022:sheffield-united:derby-county,9,eng-premier-league->eng-championship,recent_returner,0.5881986573104196,0.29737265941500013,2.021559012548941
eng-championship,2021-2022,current,preseason,2021-08-06,eng-championship:2021-2022:stoke-city:hull-city,9,outside->eng-championship,recent_returner,0.6928594972933315,0.3747856807381122,2.3784273111501486
eng-championship,2021-2022,current,preseason,2021-08-06,eng-championship:2021-2022:cardiff-city:west-bromwich-albion,10,eng-premier-league->eng-championship,recent_returner,1.0985573503011274,0.6762307299719543,4.883397649888487
eng-championship,2021-2022,current,preseason,2021-08-06,eng-championship:2021-2022:hull-city:blackpool,10,mixed,mixed,1.357585440519261,0.8287457544788606,2.1219454297476297
eng-championship,2021-2022,current,preseason,2021-08-06,eng-championship:2021-2022:middlesbrough:sheffield-united,10,eng-premier-league->eng-championship,recent_returner,1.1100143206836635,0.6830484198499291,2.8421030999399584
eng-championship,2021-2022,current,preseason,2021-08-06,eng-championship:2021-2022:fulham:swansea-city,10,eng-premier-league->eng-championship,recent_returner,0.8491433381141158,0.4915733228312082,3.3004431576535933
eng-championship,2021-2022,current,preseason,2021-08-06,eng-championship:2021-2022:peterborough-united:bournemouth,10,outside->eng-championship,stale_history,1.3446900308922627,0.8243121560691784,2.465545748691441
eng-championship,2021-2022,population,preseason,2021-08-06,eng-championship:2021-2022:bournemouth:west-bromwich-albion,1,eng-premier-league->eng-championship,recent_returner,1.4677919618833035,0.9307234913473734,3.2275092367695795
eng-championship,2021-2022,population,preseason,2021-08-06,eng-championship:2021-2022:bristol-city:blackpool,1,outside->eng-championship,stale_history,1.3817861901738537,0.8427380401856254,2.234392624617949
eng-championship,2021-2022,population,preseason,2021-08-06,eng-championship:2021-2022:luton-town:peterborough-united,1,outside->eng-championship,stale_history,1.0272310057120515,0.6259145503838539,3.573231910174427
eng-championship,2021-2022,population,preseason,2021-08-06,eng-championship:2021-2022:preston-north-end:hull-city,1,outside->eng-championship,recent_returner,1.0847261232033842,0.667792062082651,4.537036827124535
eng-championship,2021-2022,population,preseason,2021-08-06,eng-championship:2021-2022:sheffield-united:birmingham-city,1,eng-premier-league->eng-championship,recent_returner,1.4383734181656431,0.9126251379447774,2.5675303493540884
eng-championship,2021-2022,population,preseason,2021-08-06,eng-championship:2021-2022:fulham:middlesbrough,1,eng-premier-league->eng-championship,recent_returner,1.376112744876508,0.8465649264787797,2.2334854006117046
eng-championship,2021-2022,population,preseason,2021-08-06,eng-championship:2021-2022:blackpool:cardiff-city,2,outside->eng-championship,stale_history,0.9726830139930824,0.5874668053028933,2.7690603224777277
eng-championship,2021-2022,population,preseason,2021-08-06,eng-championship:2021-2022:huddersfield-town:fulham,2,eng-premier-league->eng-championship,recent_returner,0.89132086876526,0.526275025533364,5.050836018730993
eng-championship,2021-2022,population,preseason,2021-08-06,eng-championship:2021-2022:hull-city:queens-park-rangers,2,outside->eng-championship,recent_returner,1.1430906887451797,0.7134046473446108,3.7661378944204262
eng-championship,2021-2022,population,preseason,2021-08-06,eng-championship:2021-2022:peterborough-united:derby-county,2,outside->eng-championship,stale_history,0.736867157545283,0.4080503605638108,2.586776886928746
eng-championship,2021-2022,population,preseason,2021-08-06,eng-championship:2021-2022:swansea-city:sheffield-united,2,eng-premier-league->eng-championship,recent_returner,1.376093125338205,0.8554409870296242,2.329398424372764
eng-championship,2021-2022,population,preseason,2021-08-06,eng-championship:2021-2022:west-bromwich-albion:luton-town,2,eng-premier-league->eng-championship,recent_returner,0.7170167824604283,0.39302538707102463,3.85776247841427
eng-championship,2021-2022,population,preseason,2021-08-06,eng-championship:2021-2022:blackpool:coventry-city,3,outside->eng-championship,stale_history,1.2696925307444245,0.8013869256646082,2.476640818301723
eng-championship,2021-2022,population,preseason,2021-08-06,eng-championship:2021-2022:millwall:fulham,3,eng-premier-league->eng-championship,recent_returner,1.081955479062763,0.6658274759772057,2.759308746687276
eng-championship,2021-2022,population,preseason,2021-08-06,eng-championship:2021-2022:peterborough-united:cardiff-city,3,outside->eng-championship,stale_history,1.3835147293115908,0.8422072996946688,3.150821238556767
eng-championship,2021-2022,population,preseason,2021-08-06,eng-championship:2021-2022:hull-city:derby-county,3,outside->eng-championship,recent_returner,1.2996142787839773,0.8199755449214261,2.4648347637757624
eng-championship,2021-2022,population,preseason,2021-08-06,eng-championship:2021-2022:west-bromwich-albion:sheffield-united,3,mixed,mixed,0.8501978956419775,0.4959196732744653,3.9746402497585205
eng-championship,2021-2022,population,preseason,2021-08-06,eng-championship:2021-2022:blackburn-rovers:west-bromwich-albion,4,eng-premier-league->eng-championship,recent_returner,1.17671601400914,0.7382744277662042,2.804426417423575
eng-championship,2021-2022,population,preseason,2021-08-06,eng-championship:2021-2022:bournemouth:blackpool,4,outside->eng-championship,stale_history,1.466923806117951,0.9299022645622331,3.224937067623361
eng-championship,2021-2022,population,preseason,2021-08-06,eng-championship:2021-2022:fulham:hull-city,4,mixed,mixed,0.8501339884985053,0.4958760436398436,2.6755614456838055
eng-championship,2021-2022,population,preseason,2021-08-06,eng-championship:2021-2022:preston-north-end:peterborough-united,4,outside->eng-championship,stale_history,0.9078075350260674,0.5370328190035606,2.2101689795538997
eng-championship,2021-2022,population,preseason,2021-08-06,eng-championship:2021-2022:sheffield-united:huddersfield-town,4,eng-premier-league->eng-championship,recent_returner,1.3961680384971946,0.8898582333840279,2.9583043827054505
eng-championship,2021-2022,population,preseason,2021-08-06,eng-championship:2021-2022:fulham:stoke-city,5,eng-premier-league->eng-championship,recent_returner,0.8180579875071123,0.46949606851399195,3.2147357563589343
eng-championship,2021-2022,population,preseason,2021-08-06,eng-championship:2021-2022:hull-city:bournemouth,5,outside->eng-championship,recent_returner,1.3987289942807892,0.8545417230492571,2.454156868599406
eng-championship,2021-2022,population,preseason,2021-08-06,eng-championship:2021-2022:luton-town:sheffield-united,5,eng-premier-league->eng-championship,recent_returner,1.3516428339631892,0.8243153217000774,2.322397299027835
eng-championship,2021-2022,population,preseason,2021-08-06,eng-championship:2021-2022:millwall:blackpool,5,outside->eng-championship,stale_history,0.9099883677161213,0.538685888463863,2.6593925070302467
eng-championship,2021-2022,population,preseason,2021-08-06,eng-championship:2021-2022:peterborough-united:west-bromwich-albion,5,mixed,mixed,1.105526785412713,0.6885432485183793,2.4088862873177415
eng-championship,2021-2022,population,preseason,2021-08-06,eng-championship:2021-2022:blackpool:fulham,6,mixed,mixed,0.8497152062423925,0.49558878402937995,2.2670690383222043
eng-championship,2021-2022,population,preseason,2021-08-06,eng-championship:2021-2022:sheffield-united:peterborough-united,6,mixed,mixed,0.8497152062423925,0.49558878402937995,6.1499859348218
eng-championship,2021-2022,population,preseason,2021-08-06,eng-championship:2021-2022:swansea-city:hull-city,6,outside->eng-championship,recent_returner,1.3776101546791673,0.8561437773373521,2.340933616347085
eng-championship,2021-2022,population,preseason,2021-08-06,eng-championship:2021-2022:west-bromwich-albion:millwall,6,eng-premier-league->eng-championship,recent_returner,1.3664186331200199,0.8420275090270856,2.218539140529726
eng-championship,2021-2022,population,preseason,2021-08-06,eng-championship:2021-2022:blackburn-rovers:hull-city,7,outside->eng-championship,recent_returner,0.8051974849287822,0.4607513441039135,2.5896832561908933
eng-championship,2021-2022,population,preseason,2021-08-06,eng-championship:2021-2022:blackpool:huddersfield-town,7,outside->eng-championship,stale_history,1.3931334852141826,0.8877906452934163,4.165816137581205
eng-championship,2021-2022,population,preseason,2021-08-06,eng-championship:2021-2022:reading:peterborough-united,7,outside->eng-championship,stale_history,0.8498915832776247,0.49433753514651013,3.277336772075613
eng-championship,2021-2022,population,preseason,2021-08-06,eng-championship:2021-2022:sheffield-united:preston-north-end,7,eng-premier-league->eng-championship,recent_returner,1.3661075105871745,0.8415887871141909,3.223669235096129
eng-championship,2021-2022,population,preseason,2021-08-06,eng-championship:2021-2022:west-bromwich-albion:derby-county,7,eng-premier-league->eng-championship,recent_returner,1.3919871447079406,0.8679288939079494,2.372345983316352
eng-championship,2021-2022,population,preseason,2021-08-06,eng-championship:2021-2022:birmingham-city:fulham,7,eng-premier-league->eng-championship,recent_returner,0.8805731758399324,0.516862487162689,4.192313905861229
eng-championship,2021-2022,population,preseason,2021-08-06,eng-championship:2021-2022:fulham:reading,8,eng-premier-league->eng-championship,recent_returner,1.1259354769671228,0.7001402503994919,2.7686603386432775
eng-championship,2021-2022,population,preseason,2021-08-06,eng-championship:2021-2022:hull-city:sheffield-united,8,mixed,mixed,1.1054729462730672,0.6885748479527145,3.613814657111436
eng-championship,2021-2022,population,preseason,2021-08-06,eng-championship:2021-2022:middlesbrough:blackpool,8,outside->eng-championship,stale_history,1.0909421444539016,0.6734837550490453,2.7516930450749206
eng-championship,2021-2022,population,preseason,2021-08-06,eng-championship:2021-2022:peterborough-united:birmingham-city,8,outside->eng-championship,stale_history,0.6510284714019616,0.34343056898199387,2.925867440006952
eng-championship,2021-2022,population,preseason,2021-08-06,eng-championship:2021-2022:preston-north-end:west-bromwich-albion,8,eng-premier-league->eng-championship,recent_returner,1.3540271754191646,0.827578755809652,2.2040143470122073
eng-championship,2021-2022,population,preseason,2021-08-06,eng-championship:2021-2022:coventry-city:peterborough-united,9,outside->eng-championship,stale_history,0.9693380865176209,0.5842218460178493,3.467470743876934
eng-championship,2021-2022,population,preseason,2021-08-06,eng-championship:2021-2022:west-bromwich-albion:queens-park-rangers,9,eng-premier-league->eng-championship,recent_returner,0.8353578686938361,0.4835656771316673,2.6054035213547913
eng-championship,2021-2022,population,preseason,2021-08-06,eng-championship:2021-2022:blackpool:barnsley,9,outside->eng-championship,stale_history,0.8568072900884854,0.49907342627022744,2.2085443607505875
eng-championship,2021-2022,population,preseason,2021-08-06,eng-championship:2021-2022:bristol-city:fulham,9,eng-premier-league->eng-championship,recent_returner,1.381438763167844,0.8423582141486401,2.221008542929474
eng-championship,2021-2022,population,preseason,2021-08-06,eng-championship:2021-2022:sheffield-united:derby-county,9,eng-premier-league->eng-championship,recent_returner,0.7382197245955462,0.4090957918301272,2.142533753491991
eng-championship,2021-2022,population,preseason,2021-08-06,eng-championship:2021-2022:stoke-city:hull-city,9,outside->eng-championship,recent_returner,0.9051491895156131,0.5352654538052957,2.650886788514362
eng-championship,2021-2022,population,preseason,2021-08-06,eng-championship:2021-2022:cardiff-city:west-bromwich-albion,10,eng-premier-league->eng-championship,recent_returner,1.2928957170025728,0.8190517879592267,5.0350479273656745
eng-championship,2021-2022,population,preseason,2021-08-06,eng-championship:2021-2022:hull-city:blackpool,10,mixed,mixed,1.4218132711578126,0.8681596013997608,2.3319361140490225
eng-championship,2021-2022,population,preseason,2021-08-06,eng-championship:2021-2022:middlesbrough:sheffield-united,10,eng-premier-league->eng-championship,recent_returner,0.8929975586499611,0.5264586918479249,2.6464608169259805
eng-championship,2021-2022,population,preseason,2021-08-06,eng-championship:2021-2022:fulham:swansea-city,10,eng-premier-league->eng-championship,recent_returner,0.9730597383061871,0.5857594602291982,3.447294219048024
eng-championship,2021-2022,population,preseason,2021-08-06,eng-championship:2021-2022:peterborough-united:bournemouth,10,outside->eng-championship,stale_history,1.3975929664161157,0.8536738618898719,2.4598331990873783
eng-championship,2021-2022,transition,preseason,2021-08-06,eng-championship:2021-2022:bournemouth:west-bromwich-albion,1,eng-premier-league->eng-championship,recent_returner,1.381344871670505,0.8583635580190994,3.0301852145229162
eng-championship,2021-2022,transition,preseason,2021-08-06,eng-championship:2021-2022:bristol-city:blackpool,1,outside->eng-championship,stale_history,1.3261852088206147,0.8108193031198094,2.0892248505950906
eng-championship,2021-2022,transition,preseason,2021-08-06,eng-championship:2021-2022:luton-town:peterborough-united,1,outside->eng-championship,stale_history,0.88921560972601,0.5213454053703469,3.3784941119736676
eng-championship,2021-2022,transition,preseason,2021-08-06,eng-championship:2021-2022:preston-north-end:hull-city,1,outside->eng-championship,recent_returner,1.282363316795508,0.8014412908829013,5.077903096784852
eng-championship,2021-2022,transition,preseason,2021-08-06,eng-championship:2021-2022:sheffield-united:birmingham-city,1,eng-premier-league->eng-championship,recent_returner,1.6697218988187112,1.0497163029969052,2.7438004584210507
eng-championship,2021-2022,transition,preseason,2021-08-06,eng-championship:2021-2022:fulham:middlesbrough,1,eng-premier-league->eng-championship,recent_returner,1.3752046037463197,0.8648840528506209,2.1448355530085963
eng-championship,2021-2022,transition,preseason,2021-08-06,eng-championship:2021-2022:blackpool:cardiff-city,2,outside->eng-championship,stale_history,0.8411186080133781,0.48625729323811406,2.545019499133481
eng-championship,2021-2022,transition,preseason,2021-08-06,eng-championship:2021-2022:huddersfield-town:fulham,2,eng-premier-league->eng-championship,recent_returner,0.800960075655262,0.4565029774981341,5.192371436869314
eng-championship,2021-2022,transition,preseason,2021-08-06,eng-championship:2021-2022:hull-city:queens-park-rangers,2,outside->eng-championship,recent_returner,1.0121478432974647,0.6135867717193315,3.5980698626743317
eng-championship,2021-2022,transition,preseason,2021-08-06,eng-championship:2021-2022:peterborough-united:derby-county,2,outside->eng-championship,stale_history,0.867801516556285,0.5056574223586049,2.497897098097374
eng-championship,2021-2022,transition,preseason,2021-08-06,eng-championship:2021-2022:swansea-city:sheffield-united,2,eng-premier-league->eng-championship,recent_returner,1.3212125239424755,0.8122112563211951,2.409559405739352
eng-championship,2021-2022,transition,preseason,2021-08-06,eng-championship:2021-2022:west-bromwich-albion:luton-town,2,eng-premier-league->eng-championship,recent_returner,0.6240990138013931,0.3236943435140395,3.7981565448118304
eng-championship,2021-2022,transition,preseason,2021-08-06,eng-championship:2021-2022:blackpool:coventry-city,3,outside->eng-championship,stale_history,1.1378474916960817,0.7031046525838929,2.3270614917885224
eng-championship,2021-2022,transition,preseason,2021-08-06,eng-championship:2021-2022:millwall:fulham,3,eng-premier-league->eng-championship,recent_returner,0.9671970412303849,0.5797357119633777,2.5570959220333638
eng-championship,2021-2022,transition,preseason,2021-08-06,eng-championship:2021-2022:peterborough-united:cardiff-city,3,outside->eng-championship,stale_history,1.3394193004851147,0.8246718884580317,3.0428727996990856
eng-championship,2021-2022,transition,preseason,2021-08-06,eng-championship:2021-2022:hull-city:derby-county,3,outside->eng-championship,recent_returner,1.1693663890641535,0.7242813764385739,2.317130038543244
eng-championship,2021-2022,transition,preseason,2021-08-06,eng-championship:2021-2022:west-bromwich-albion:sheffield-united,3,mixed,mixed,0.8496852527864249,0.4934347084614401,4.2329257569408885
eng-championship,2021-2022,transition,preseason,2021-08-06,eng-championship:2021-2022:blackburn-rovers:west-bromwich-albion,4,eng-premier-league->eng-championship,recent_returner,1.064062250017147,0.6530407871230463,2.5959338354449617
eng-championship,2021-2022,transition,preseason,2021-08-06,eng-championship:2021-2022:bournemouth:blackpool,4,outside->eng-championship,stale_history,1.4728668081916354,0.9647624489834075,3.1543977177343168
eng-championship,2021-2022,transition,preseason,2021-08-06,eng-championship:2021-2022:fulham:hull-city,4,mixed,mixed,0.6227511192059274,0.32243212621440287,2.312765418630737
eng-championship,2021-2022,transition,preseason,2021-08-06,eng-championship:2021-2022:preston-north-end:peterborough-united,4,outside->eng-championship,stale_history,0.7841896665930018,0.44317538233307363,2.0836196420595785
eng-championship,2021-2022,transition,preseason,2021-08-06,eng-championship:2021-2022:sheffield-united:huddersfield-town,4,eng-premier-league->eng-championship,recent_returner,1.5906925799592881,1.008080403544076,2.97739039693644
eng-championship,2021-2022,transition,preseason,2021-08-06,eng-championship:2021-2022:fulham:stoke-city,5,eng-premier-league->eng-championship,recent_returner,0.715390397418878,0.3916810325802815,3.04778525560309
eng-championship,2021-2022,transition,preseason,2021-08-06,eng-championship:2021-2022:hull-city:bournemouth,5,outside->eng-championship,recent_returner,1.3591728649209491,0.8433415154502013,2.533223611949702
eng-championship,2021-2022,transition,preseason,2021-08-06,eng-championship:2021-2022:luton-town:sheffield-united,5,eng-premier-league->eng-championship,recent_returner,1.3187687849309455,0.8107415949145411,2.400085138778709
eng-championship,2021-2022,transition,preseason,2021-08-06,eng-championship:2021-2022:millwall:blackpool,5,outside->eng-championship,stale_history,0.7888594032146307,0.4466739289740915,2.4610837345901357
eng-championship,2021-2022,transition,preseason,2021-08-06,eng-championship:2021-2022:peterborough-united:west-bromwich-albion,5,mixed,mixed,0.8701975649400443,0.5083618253446236,2.2145503098531902
eng-championship,2021-2022,transition,preseason,2021-08-06,eng-championship:2021-2022:blackpool:fulham,6,mixed,mixed,1.1360446622260916,0.7037723164028098,2.3927459733038847
eng-championship,2021-2022,transition,preseason,2021-08-06,eng-championship:2021-2022:sheffield-united:peterborough-united,6,mixed,mixed,0.6251629016391413,0.32422385270295845,6.737285468980811
eng-championship,2021-2022,transition,preseason,2021-08-06,eng-championship:2021-2022:swansea-city:hull-city,6,outside->eng-championship,recent_returner,1.38094258064776,0.8868800206019989,2.4466908697592147
eng-championship,2021-2022,transition,preseason,2021-08-06,eng-championship:2021-2022:west-bromwich-albion:millwall,6,eng-premier-league->eng-championship,recent_returner,1.3667681957658573,0.8616629213119845,2.139427540650469
eng-championship,2021-2022,transition,preseason,2021-08-06,eng-championship:2021-2022:blackburn-rovers:hull-city,7,outside->eng-championship,recent_returner,0.6839280089855738,0.3680861112191581,2.378532507816833
eng-championship,2021-2022,transition,preseason,2021-08-06,eng-championship:2021-2022:blackpool:huddersfield-town,7,outside->eng-championship,stale_history,1.234966894899705,0.7729580444667853,3.9903891299652186
eng-championship,2021-2022,transition,preseason,2021-08-06,eng-championship:2021-2022:reading:peterborough-united,7,outside->eng-championship,stale_history,0.727457424849419,0.4007440557857232,3.092444350101469
eng-championship,2021-2022,transition,preseason,2021-08-06,eng-championship:2021-2022:sheffield-united:preston-north-end,7,eng-premier-league->eng-championship,recent_returner,1.3644322091617311,0.859341262809276,3.1353852128649597
eng-championship,2021-2022,transition,preseason,2021-08-06,eng-championship:2021-2022:west-bromwich-albion:derby-county,7,eng-premier-league->eng-championship,recent_returner,1.4055658751809037,0.9016973856349285,2.5118852812855783
eng-championship,2021-2022,transition,preseason,2021-08-06,eng-championship:2021-2022:birmingham-city:fulham,7,eng-premier-league->eng-championship,recent_returner,0.7722906931493994,0.4344329458076991,4.108527246298959
eng-championship,2021-2022,transition,preseason,2021-08-06,eng-championship:2021-2022:fulham:reading,8,eng-premier-league->eng-championship,recent_returner,1.2998448488308636,0.81827109204799,2.7634488622842968
eng-championship,2021-2022,transition,preseason,2021-08-06,eng-championship:2021-2022:hull-city:sheffield-united,8,mixed,mixed,0.8727487109071091,0.5102665199059464,3.250424202055911
eng-championship,2021-2022,transition,preseason,2021-08-06,eng-championship:2021-2022:middlesbrough:blackpool,8,outside->eng-championship,stale_history,1.2888744052451806,0.8073884881375257,2.7600373947725814
eng-championship,2021-2022,transition,preseason,2021-08-06,eng-championship:2021-2022:peterborough-united:birmingham-city,8,outside->eng-championship,stale_history,0.7633788986744537,0.4276295683688021,3.142557107016499
eng-championship,2021-2022,transition,preseason,2021-08-06,eng-championship:2021-2022:preston-north-end:west-bromwich-albion,8,eng-premier-league->eng-championship,recent_returner,1.314269672003724,0.8025280413864843,2.086960017812406
eng-championship,2021-2022,transition,preseason,2021-08-06,eng-championship:2021-2022:coventry-city:peterborough-united,9,outside->eng-championship,stale_history,0.8430321691098873,0.48743296423665033,3.288251468623547
eng-championship,2021-2022,transition,preseason,2021-08-06,eng-championship:2021-2022:west-bromwich-albion:queens-park-rangers,9,eng-premier-league->eng-championship,recent_returner,0.7273249475112603,0.400776131545682,2.4250574962028706
eng-championship,2021-2022,transition,preseason,2021-08-06,eng-championship:2021-2022:blackpool:barnsley,9,outside->eng-championship,stale_history,1.019050305888003,0.6172604015398665,2.2432086575127395
eng-championship,2021-2022,transition,preseason,2021-08-06,eng-championship:2021-2022:bristol-city:fulham,9,eng-premier-league->eng-championship,recent_returner,1.359600008197323,0.8396915327422307,2.1267159305457484
eng-championship,2021-2022,transition,preseason,2021-08-06,eng-championship:2021-2022:sheffield-united:derby-county,9,eng-premier-league->eng-championship,recent_returner,0.6341598269444896,0.3310351522759085,2.0798515771971378
eng-championship,2021-2022,transition,preseason,2021-08-06,eng-championship:2021-2022:stoke-city:hull-city,9,outside->eng-championship,recent_returner,0.7754212565990576,0.4366508588680001,2.4385730685852174
eng-championship,2021-2022,transition,preseason,2021-08-06,eng-championship:2021-2022:cardiff-city:west-bromwich-albion,10,eng-premier-league->eng-championship,recent_returner,1.190198445267299,0.7427364104914596,5.067370440869449
eng-championship,2021-2022,transition,preseason,2021-08-06,eng-championship:2021-2022:hull-city:blackpool,10,mixed,mixed,1.3293689877043198,0.8170986949493564,2.097033762062705
eng-championship,2021-2022,transition,preseason,2021-08-06,eng-championship:2021-2022:middlesbrough:sheffield-united,10,eng-premier-league->eng-championship,recent_returner,1.0225770674009775,0.6210035856128213,2.766453406457962
eng-championship,2021-2022,transition,preseason,2021-08-06,eng-championship:2021-2022:fulham:swansea-city,10,eng-premier-league->eng-championship,recent_returner,0.866490641278717,0.5049466447472829,3.279973880526506
eng-championship,2021-2022,transition,preseason,2021-08-06,eng-championship:2021-2022:peterborough-united:bournemouth,10,outside->eng-championship,stale_history,1.3572868938070848,0.841533616224309,2.525161055298525
eng-championship,2021-2022,source,preseason,2021-08-06,eng-championship:2021-2022:bournemouth:west-bromwich-albion,1,eng-premier-league->eng-championship,recent_returner,1.4128301757600443,0.8832926757014976,2.9878477529539724
eng-championship,2021-2022,source,preseason,2021-08-06,eng-championship:2021-2022:bristol-city:blackpool,1,outside->eng-championship,stale_history,1.326147142118009,0.8106569128910421,2.0891427126954847
eng-championship,2021-2022,source,preseason,2021-08-06,eng-championship:2021-2022:luton-town:peterborough-united,1,outside->eng-championship,stale_history,0.8929919807062382,0.5241471509476099,3.385574489196553
eng-championship,2021-2022,source,preseason,2021-08-06,eng-championship:2021-2022:preston-north-end:hull-city,1,outside->eng-championship,recent_returner,1.278167836015756,0.7986294968622315,5.06973103257321
eng-championship,2021-2022,source,preseason,2021-08-06,eng-championship:2021-2022:sheffield-united:birmingham-city,1,eng-premier-league->eng-championship,recent_returner,1.6683809278697932,1.0425525429000726,2.659058359813074
eng-championship,2021-2022,source,preseason,2021-08-06,eng-championship:2021-2022:fulham:middlesbrough,1,eng-premier-league->eng-championship,recent_returner,1.3475500802894111,0.8620694192320573,2.136865707797085
eng-championship,2021-2022,source,preseason,2021-08-06,eng-championship:2021-2022:blackpool:cardiff-city,2,outside->eng-championship,stale_history,0.8440844407359489,0.4884828981611359,2.5485391912024893
eng-championship,2021-2022,source,preseason,2021-08-06,eng-championship:2021-2022:huddersfield-town:fulham,2,eng-premier-league->eng-championship,recent_returner,0.7457918794386271,0.4144485906680617,5.252107725655671
eng-championship,2021-2022,source,preseason,2021-08-06,eng-championship:2021-2022:hull-city:queens-park-rangers,2,outside->eng-championship,recent_returner,1.015426178686811,0.6160000368534982,3.6039781747572137
eng-championship,2021-2022,source,preseason,2021-08-06,eng-championship:2021-2022:peterborough-united:derby-county,2,outside->eng-championship,stale_history,0.8650233193792807,0.5035927624552451,2.496321439143107
eng-championship,2021-2022,source,preseason,2021-08-06,eng-championship:2021-2022:swansea-city:sheffield-united,2,eng-premier-league->eng-championship,recent_returner,1.2881695821186876,0.7925621825679567,2.2924447681061464
eng-championship,2021-2022,source,preseason,2021-08-06,eng-championship:2021-2022:west-bromwich-albion:luton-town,2,eng-premier-league->eng-championship,recent_returner,0.646387619834658,0.34007325173934866,3.7236467457488414
eng-championship,2021-2022,source,preseason,2021-08-06,eng-championship:2021-2022:blackpool:coventry-city,3,outside->eng-championship,stale_history,1.1416385483415943,0.7058015344503429,2.3299689793289486
eng-championship,2021-2022,source,preseason,2021-08-06,eng-championship:2021-2022:millwall:fulham,3,eng-premier-league->eng-championship,recent_returner,0.9039071205780059,0.5316142569285314,2.5565126674004066
eng-championship,2021-2022,source,preseason,2021-08-06,eng-championship:2021-2022:peterborough-united:cardiff-city,3,outside->eng-championship,stale_history,1.3388446185401626,0.8240437300036866,3.042178526030342
eng-championship,2021-2022,source,preseason,2021-08-06,eng-championship:2021-2022:hull-city:derby-county,3,outside->eng-championship,recent_returner,1.1725860503067185,0.7265490725140379,2.3197963398862846
eng-championship,2021-2022,source,preseason,2021-08-06,eng-championship:2021-2022:west-bromwich-albion:sheffield-united,3,mixed,mixed,0.8955687650385356,0.5274809558029923,4.380105386065918
eng-championship,2021-2022,source,preseason,2021-08-06,eng-championship:2021-2022:blackburn-rovers:west-bromwich-albion,4,eng-premier-league->eng-championship,recent_returner,1.10771215062945,0.6861350857670725,2.6122141209456013
eng-championship,2021-2022,source,preseason,2021-08-06,eng-championship:2021-2022:bournemouth:blackpool,4,outside->eng-championship,stale_history,1.4716639731785321,0.9628793074778415,3.1466941445347323
eng-championship,2021-2022,source,preseason,2021-08-06,eng-championship:2021-2022:fulham:hull-city,4,mixed,mixed,0.5857936524227998,0.29589267077588577,2.207807553003094
eng-championship,2021-2022,source,preseason,2021-08-06,eng-championship:2021-2022:preston-north-end:peterborough-united,4,outside->eng-championship,stale_history,0.7870969907647808,0.44535111056213494,2.0853939965962525
eng-championship,2021-2022,source,preseason,2021-08-06,eng-championship:2021-2022:sheffield-united:huddersfield-town,4,eng-premier-league->eng-championship,recent_returner,1.5937841587668078,1.0038398587188833,2.999524738621168
eng-championship,2021-2022,source,preseason,2021-08-06,eng-championship:2021-2022:fulham:stoke-city,5,eng-premier-league->eng-championship,recent_returner,0.670663969467897,0.35870529117982886,2.9596403640058524
eng-championship,2021-2022,source,preseason,2021-08-06,eng-championship:2021-2022:hull-city:bournemouth,5,outside->eng-championship,recent_returner,1.359473024182772,0.8428979569680636,2.5396898249173283
eng-championship,2021-2022,source,preseason,2021-08-06,eng-championship:2021-2022:luton-town:sheffield-united,5,eng-premier-league->eng-championship,recent_returner,1.2869669110283422,0.7916219446870093,2.2870222182730666
eng-championship,2021-2022,source,preseason,2021-08-06,eng-championship:2021-2022:millwall:blackpool,5,outside->eng-championship,stale_history,0.7917020050840802,0.4488017060504436,2.462189272931738
eng-championship,2021-2022,source,preseason,2021-08-06,eng-championship:2021-2022:peterborough-united:west-bromwich-albion,5,mixed,mixed,0.9073869374934305,0.5368714991630529,2.289797468978962
eng-championship,2021-2022,source,preseason,2021-08-06,eng-championship:2021-2022:blackpool:fulham,6,mixed,mixed,1.2457474654649479,0.7757511095454972,2.349090419603704
eng-championship,2021-2022,source,preseason,2021-08-06,eng-championship:2021-2022:sheffield-united:peterborough-united,6,mixed,mixed,0.6427731850418779,0.33755073475339625,6.922276820155332
eng-championship,2021-2022,source,preseason,2021-08-06,eng-championship:2021-2022:swansea-city:hull-city,6,outside->eng-championship,recent_returner,1.3798232512351982,0.8860974420667549,2.4433005301830026
eng-championship,2021-2022,source,preseason,2021-08-06,eng-championship:2021-2022:west-bromwich-albion:millwall,6,eng-premier-league->eng-championship,recent_returner,1.3709964878739767,0.8579292597433755,2.1381314840655814
eng-championship,2021-2022,source,preseason,2021-08-06,eng-championship:2021-2022:blackburn-rovers:hull-city,7,outside->eng-championship,recent_returner,0.6869163225000946,0.3703269329068058,2.382075757328203
eng-championship,2021-2022,source,preseason,2021-08-06,eng-championship:2021-2022:blackpool:huddersfield-town,7,outside->eng-championship,stale_history,1.2415926324097148,0.7774075093725303,4.002496957913088
eng-championship,2021-2022,source,preseason,2021-08-06,eng-championship:2021-2022:reading:peterborough-united,7,outside->eng-championship,stale_history,0.7304200691436487,0.4029701050114537,3.0954423245554334
eng-championship,2021-2022,source,preseason,2021-08-06,eng-championship:2021-2022:sheffield-united:preston-north-end,7,eng-premier-league->eng-championship,recent_returner,1.3313769733166954,0.8388541909993317,3.205217417060289
eng-championship,2021-2022,source,preseason,2021-08-06,eng-championship:2021-2022:west-bromwich-albion:derby-county,7,eng-premier-league->eng-championship,recent_returner,1.406619393071821,0.894891880736745,2.569962958293413
eng-championship,2021-2022,source,preseason,2021-08-06,eng-championship:2021-2022:birmingham-city:fulham,7,eng-premier-league->eng-championship,recent_returner,0.7228403757208961,0.39742934566064086,4.150528167311819
eng-championship,2021-2022,source,preseason,2021-08-06,eng-championship:2021-2022:fulham:reading,8,eng-premier-league->eng-championship,recent_returner,1.416974064123398,0.8893364584547053,2.8802188190968385
eng-championship,2021-2022,source,preseason,2021-08-06,eng-championship:2021-2022:hull-city:sheffield-united,8,mixed,mixed,0.8882759192754083,0.5210241565810054,3.314727574579425
eng-championship,2021-2022,source,preseason,2021-08-06,eng-championship:2021-2022:middlesbrough:blackpool,8,outside->eng-championship,stale_history,1.2869647658533385,0.8060651242004101,2.758820317681748
eng-championship,2021-2022,source,preseason,2021-08-06,eng-championship:2021-2022:peterborough-united:birmingham-city,8,outside->eng-championship,stale_history,0.7609261189505306,0.4257929180979917,3.1380360238311242
eng-championship,2021-2022,source,preseason,2021-08-06,eng-championship:2021-2022:preston-north-end:west-bromwich-albion,8,eng-premier-league->eng-championship,recent_returner,1.3296115796476533,0.8113042280797956,2.0967555202872274
eng-championship,2021-2022,source,preseason,2021-08-06,eng-championship:2021-2022:coventry-city:peterborough-united,9,outside->eng-championship,stale_history,0.8465699849861926,0.49008456697437597,3.2948244805268683
eng-championship,2021-2022,source,preseason,2021-08-06,eng-championship:2021-2022:west-bromwich-albion:queens-park-rangers,9,eng-premier-league->eng-championship,recent_returner,0.7558411446325889,0.4225162046027352,2.4257166456495964
eng-championship,2021-2022,source,preseason,2021-08-06,eng-championship:2021-2022:blackpool:barnsley,9,outside->eng-championship,stale_history,1.0151225148191108,0.6144128448929029,2.24135091407934
eng-championship,2021-2022,source,preseason,2021-08-06,eng-championship:2021-2022:bristol-city:fulham,9,eng-premier-league->eng-championship,recent_returner,1.3303005066314348,0.8328303932820352,2.1106690874457534
eng-championship,2021-2022,source,preseason,2021-08-06,eng-championship:2021-2022:sheffield-united:derby-county,9,eng-premier-league->eng-championship,recent_returner,0.6493424056913856,0.34262093894658396,2.018140691508603
eng-championship,2021-2022,source,preseason,2021-08-06,eng-championship:2021-2022:stoke-city:hull-city,9,outside->eng-championship,recent_returner,0.7784773461730002,0.4389409685991785,2.4422728777336165
eng-championship,2021-2022,source,preseason,2021-08-06,eng-championship:2021-2022:cardiff-city:west-bromwich-albion,10,eng-premier-league->eng-championship,recent_returner,1.2387539057395442,0.7783791374166708,5.156196165105913
eng-championship,2021-2022,source,preseason,2021-08-06,eng-championship:2021-2022:hull-city:blackpool,10,mixed,mixed,1.3298146749978599,0.8173401293816345,2.097367862051608
eng-championship,2021-2022,source,preseason,2021-08-06,eng-championship:2021-2022:middlesbrough:sheffield-united,10,eng-premier-league->eng-championship,recent_returner,1.0312661738741697,0.6256495787432547,2.7390324748297363
eng-championship,2021-2022,source,preseason,2021-08-06,eng-championship:2021-2022:fulham:swansea-city,10,eng-premier-league->eng-championship,recent_returner,0.8142488175650903,0.46543254973084475,3.3060785957749217
eng-championship,2021-2022,source,preseason,2021-08-06,eng-championship:2021-2022:peterborough-united:bournemouth,10,outside->eng-championship,stale_history,1.3575595016874389,0.8410951035234329,2.531294309782396
eng-championship,2021-2022,memory,preseason,2021-08-06,eng-championship:2021-2022:bournemouth:west-bromwich-albion,1,eng-premier-league->eng-championship,recent_returner,1.4193684381751905,0.8805192411259041,2.943817347927725
eng-championship,2021-2022,memory,preseason,2021-08-06,eng-championship:2021-2022:bristol-city:blackpool,1,outside->eng-championship,stale_history,1.321607650547207,0.8077679860627189,2.0848748168769666
eng-championship,2021-2022,memory,preseason,2021-08-06,eng-championship:2021-2022:luton-town:peterborough-united,1,outside->eng-championship,stale_history,0.9210544620183522,0.5449774799007403,3.4394954493609964
eng-championship,2021-2022,memory,preseason,2021-08-06,eng-championship:2021-2022:preston-north-end:hull-city,1,outside->eng-championship,recent_returner,1.3236381494383,0.8325167495954136,5.053735658228158
eng-championship,2021-2022,memory,preseason,2021-08-06,eng-championship:2021-2022:sheffield-united:birmingham-city,1,eng-premier-league->eng-championship,recent_returner,1.6664844518281536,1.0404395134121922,2.6482071540520837
eng-championship,2021-2022,memory,preseason,2021-08-06,eng-championship:2021-2022:fulham:middlesbrough,1,eng-premier-league->eng-championship,recent_returner,1.3275496125329098,0.8453615621251336,2.123309109863838
eng-championship,2021-2022,memory,preseason,2021-08-06,eng-championship:2021-2022:blackpool:cardiff-city,2,outside->eng-championship,stale_history,0.8468145174289731,0.4904523241747368,2.5484249991054413
eng-championship,2021-2022,memory,preseason,2021-08-06,eng-championship:2021-2022:huddersfield-town:fulham,2,eng-premier-league->eng-championship,recent_returner,0.7674967850568147,0.4306666821848646,5.357125184344126
eng-championship,2021-2022,memory,preseason,2021-08-06,eng-championship:2021-2022:hull-city:queens-park-rangers,2,outside->eng-championship,recent_returner,0.9611853871292521,0.5773762417045667,3.5055203559789367
eng-championship,2021-2022,memory,preseason,2021-08-06,eng-championship:2021-2022:peterborough-united:derby-county,2,outside->eng-championship,stale_history,0.825880471593247,0.47443707240078703,2.4715491728166876
eng-championship,2021-2022,memory,preseason,2021-08-06,eng-championship:2021-2022:swansea-city:sheffield-united,2,eng-premier-league->eng-championship,recent_returner,1.2826816889952248,0.7892668134810655,2.2730041931776697
eng-championship,2021-2022,memory,preseason,2021-08-06,eng-championship:2021-2022:west-bromwich-albion:luton-town,2,eng-premier-league->eng-championship,recent_returner,0.6085533912440174,0.3118908625031473,3.661434618744882
eng-championship,2021-2022,memory,preseason,2021-08-06,eng-championship:2021-2022:blackpool:coventry-city,3,outside->eng-championship,stale_history,1.1299347716474455,0.6971562941110409,2.313440366956993
eng-championship,2021-2022,memory,preseason,2021-08-06,eng-championship:2021-2022:millwall:fulham,3,eng-premier-league->eng-championship,recent_returner,0.9290858294520197,0.5498388897057631,2.580602467044593
eng-championship,2021-2022,memory,preseason,2021-08-06,eng-championship:2021-2022:peterborough-united:cardiff-city,3,outside->eng-championship,stale_history,1.337429705714913,0.8202579921857611,3.0230792497292622
eng-championship,2021-2022,memory,preseason,2021-08-06,eng-championship:2021-2022:hull-city:derby-county,3,outside->eng-championship,recent_returner,1.116960533056439,0.6894648670874777,2.351860559432791
eng-championship,2021-2022,memory,preseason,2021-08-06,eng-championship:2021-2022:west-bromwich-albion:sheffield-united,3,mixed,mixed,0.841690643059678,0.48733758045801306,4.232511627071264
eng-championship,2021-2022,memory,preseason,2021-08-06,eng-championship:2021-2022:blackburn-rovers:west-bromwich-albion,4,eng-premier-league->eng-championship,recent_returner,1.0459145231735199,0.6420927009945426,2.5714883133308293
eng-championship,2021-2022,memory,preseason,2021-08-06,eng-championship:2021-2022:bournemouth:blackpool,4,outside->eng-championship,stale_history,1.469960124725234,0.9621978358802834,3.150167028330975
eng-championship,2021-2022,memory,preseason,2021-08-06,eng-championship:2021-2022:fulham:hull-city,4,mixed,mixed,0.5631655018003152,0.2790685054296911,2.211781370294584
eng-championship,2021-2022,memory,preseason,2021-08-06,eng-championship:2021-2022:preston-north-end:peterborough-united,4,outside->eng-championship,stale_history,0.8213905127697392,0.47102366420823033,2.112707676595065
eng-championship,2021-2022,memory,preseason,2021-08-06,eng-championship:2021-2022:sheffield-united:huddersfield-town,4,eng-premier-league->eng-championship,recent_returner,1.5957870106364374,1.0040068442785388,3.004544253217766
eng-championship,2021-2022,memory,preseason,2021-08-06,eng-championship:2021-2022:fulham:stoke-city,5,eng-premier-league->eng-championship,recent_returner,0.6936270295540992,0.37588120928226876,3.0035682320555988
eng-championship,2021-2022,memory,preseason,2021-08-06,eng-championship:2021-2022:hull-city:bournemouth,5,outside->eng-championship,recent_returner,1.4021360803509944,0.8749206474181236,2.6675053384501646
eng-championship,2021-2022,memory,preseason,2021-08-06,eng-championship:2021-2022:luton-town:sheffield-united,5,eng-premier-league->eng-championship,recent_returner,1.2797443020503747,0.7864145751988066,2.2660312631367745
eng-championship,2021-2022,memory,preseason,2021-08-06,eng-championship:2021-2022:millwall:blackpool,5,outside->eng-championship,stale_history,0.7987637955338736,0.45405096159378766,2.4668424310506234
eng-championship,2021-2022,memory,preseason,2021-08-06,eng-championship:2021-2022:peterborough-united:west-bromwich-albion,5,mixed,mixed,0.8896376730507822,0.5243549015147205,2.3417007959581895
eng-championship,2021-2022,memory,preseason,2021-08-06,eng-championship:2021-2022:blackpool:fulham,6,mixed,mixed,1.2174226180634757,0.7553240175185758,2.303754621452611
eng-championship,2021-2022,memory,preseason,2021-08-06,eng-championship:2021-2022:sheffield-united:peterborough-united,6,mixed,mixed,0.6743579893357475,0.3610361104254514,7.0087800372038895
eng-championship,2021-2022,memory,preseason,2021-08-06,eng-championship:2021-2022:swansea-city:hull-city,6,outside->eng-championship,recent_returner,1.4270942515873553,0.9235493929533337,2.560517141687819
eng-championship,2021-2022,memory,preseason,2021-08-06,eng-championship:2021-2022:west-bromwich-albion:millwall,6,eng-premier-league->eng-championship,recent_returner,1.402974736208384,0.885083043541246,2.1693582291576963
eng-championship,2021-2022,memory,preseason,2021-08-06,eng-championship:2021-2022:blackburn-rovers:hull-city,7,outside->eng-championship,recent_returner,0.642006543272285,0.33668075364019906,2.376323596282557
eng-championship,2021-2022,memory,preseason,2021-08-06,eng-championship:2021-2022:blackpool:huddersfield-town,7,outside->eng-championship,stale_history,1.252610532637854,0.7845015486733369,4.02483380850441
eng-championship,2021-2022,memory,preseason,2021-08-06,eng-championship:2021-2022:reading:peterborough-united,7,outside->eng-championship,stale_history,0.7632786278928316,0.4276963696816077,3.1239208033973993
eng-championship,2021-2022,memory,preseason,2021-08-06,eng-championship:2021-2022:sheffield-united:preston-north-end,7,eng-premier-league->eng-championship,recent_returner,1.3252877517168,0.8347965249603763,3.2162838388683586
eng-championship,2021-2022,memory,preseason,2021-08-06,eng-championship:2021-2022:west-bromwich-albion:derby-county,7,eng-premier-league->eng-championship,recent_returner,1.4440309550931978,0.9271155581141813,2.64933208815682
eng-championship,2021-2022,memory,preseason,2021-08-06,eng-championship:2021-2022:birmingham-city:fulham,7,eng-premier-league->eng-championship,recent_returner,0.745564970321463,0.4144157936143012,4.226531628989791
eng-championship,2021-2022,memory,preseason,2021-08-06,eng-championship:2021-2022:fulham:reading,8,eng-premier-league->eng-championship,recent_returner,1.3896794520276967,0.8704231315356311,2.8681086868436187
eng-championship,2021-2022,memory,preseason,2021-08-06,eng-championship:2021-2022:hull-city:sheffield-united,8,mixed,mixed,0.8411156721821691,0.4863190521069841,3.219283501140275
eng-championship,2021-2022,memory,preseason,2021-08-06,eng-championship:2021-2022:middlesbrough:blackpool,8,outside->eng-championship,stale_history,1.2814878981006859,0.8018974471775452,2.7563275928210365
eng-championship,2021-2022,memory,preseason,2021-08-06,eng-championship:2021-2022:peterborough-united:birmingham-city,8,outside->eng-championship,stale_history,0.7250629325474068,0.39892969813838947,3.07234248303258
eng-championship,2021-2022,memory,preseason,2021-08-06,eng-championship:2021-2022:preston-north-end:west-bromwich-albion,8,eng-premier-league->eng-championship,recent_returner,1.345207602833588,0.8207495804462024,2.111567010570176
eng-championship,2021-2022,memory,preseason,2021-08-06,eng-championship:2021-2022:coventry-city:peterborough-united,9,outside->eng-championship,stale_history,0.8672794623664974,0.505629002784018,3.3355963304717307
eng-championship,2021-2022,memory,preseason,2021-08-06,eng-championship:2021-2022:west-bromwich-albion:queens-park-rangers,9,eng-premier-league->eng-championship,recent_returner,0.7071129237014965,0.385770366469802,2.405725738739487
eng-championship,2021-2022,memory,preseason,2021-08-06,eng-championship:2021-2022:blackpool:barnsley,9,outside->eng-championship,stale_history,1.0056384814522723,0.607344545108657,2.2281769413400854
eng-championship,2021-2022,memory,preseason,2021-08-06,eng-championship:2021-2022:bristol-city:fulham,9,eng-premier-league->eng-championship,recent_returner,1.314269330247541,0.8199861339194388,2.0996209399077523
eng-championship,2021-2022,memory,preseason,2021-08-06,eng-championship:2021-2022:sheffield-united:derby-county,9,eng-premier-league->eng-championship,recent_returner,0.653059800220076,0.3454439632397614,2.0059402372740953
eng-championship,2021-2022,memory,preseason,2021-08-06,eng-championship:2021-2022:stoke-city:hull-city,9,outside->eng-championship,recent_returner,0.731918160268314,0.40412281527261984,2.4243375161049774
eng-championship,2021-2022,memory,preseason,2021-08-06,eng-championship:2021-2022:cardiff-city:west-bromwich-albion,10,eng-premier-league->eng-championship,recent_returner,1.1797737104123456,0.738387368191874,5.0005611912541115
eng-championship,2021-2022,memory,preseason,2021-08-06,eng-championship:2021-2022:hull-city:blackpool,10,mixed,mixed,1.347656140211335,0.8245802944742234,2.1118879925046405
eng-championship,2021-2022,memory,preseason,2021-08-06,eng-championship:2021-2022:middlesbrough:sheffield-united,10,eng-premier-league->eng-championship,recent_returner,1.031941100715626,0.6258633417147651,2.7363787188903275
eng-championship,2021-2022,memory,preseason,2021-08-06,eng-championship:2021-2022:fulham:swansea-city,10,eng-premier-league->eng-championship,recent_returner,0.8382074468496692,0.48313695448637906,3.3559644508450273
eng-championship,2021-2022,memory,preseason,2021-08-06,eng-championship:2021-2022:peterborough-united:bournemouth,10,outside->eng-championship,stale_history,1.3554169169659684,0.8361901036412096,2.5476372679837422
eng-championship,2022-2023,current,preseason,2022-07-29,eng-championship:2022-2023:huddersfield-town:burnley,1,eng-premier-league->eng-championship,stale_history,1.0660261786036964,0.6534816858052961,2.319133623323998
eng-championship,2022-2023,current,preseason,2022-07-29,eng-championship:2022-2023:cardiff-city:norwich-city,1,eng-premier-league->eng-championship,recent_returner,1.2618157527712437,0.7913821381738966,2.4570729649605103
eng-championship,2022-2023,current,preseason,2022-07-29,eng-championship:2022-2023:rotherham-united:swansea-city,1,outside->eng-championship,recent_returner,1.3380118372430216,0.8162988137933055,2.0989291278809867
eng-championship,2022-2023,current,preseason,2022-07-29,eng-championship:2022-2023:wigan-athletic:preston-north-end,1,outside->eng-championship,recent_returner,1.3465331358996255,0.839014133713522,2.4411715189670917
eng-championship,2022-2023,current,preseason,2022-07-29,eng-championship:2022-2023:sunderland:coventry-city,1,outside->eng-championship,stale_history,1.3514752089291664,0.8261669894682677,2.1132871403372295
eng-championship,2022-2023,current,preseason,2022-07-29,eng-championship:2022-2023:watford:sheffield-united,1,eng-premier-league->eng-championship,recent_returner,0.7834865342276567,0.4426211926440866,2.066030900765886
eng-championship,2022-2023,current,preseason,2022-07-29,eng-championship:2022-2023:bristol-city:sunderland,2,outside->eng-championship,stale_history,1.123743131660457,0.6988892935951176,3.836367040338831
eng-championship,2022-2023,current,preseason,2022-07-29,eng-championship:2022-2023:burnley:luton-town,2,eng-premier-league->eng-championship,stale_history,1.3922408562940796,0.8778343489757674,2.1567009619701363
eng-championship,2022-2023,current,preseason,2022-07-29,eng-championship:2022-2023:norwich-city:wigan-athletic,2,mixed,mixed,1.4391180105220114,0.9285217730615418,2.2049720635230328
eng-championship,2022-2023,current,preseason,2022-07-29,eng-championship:2022-2023:west-bromwich-albion:watford,2,eng-premier-league->eng-championship,recent_returner,1.2827115105573559,0.7839839562773682,2.062123758300297
eng-championship,2022-2023,current,preseason,2022-07-29,eng-championship:2022-2023:watford:burnley,3,mixed,mixed,0.715546282449647,0.3918075381689636,2.0954958002882464
eng-championship,2022-2023,current,preseason,2022-07-29,eng-championship:2022-2023:hull-city:norwich-city,3,eng-premier-league->eng-championship,recent_returner,1.405714132970235,0.8846389741720497,2.8548149555759865
eng-championship,2022-2023,current,preseason,2022-07-29,eng-championship:2022-2023:rotherham-united:reading,2,outside->eng-championship,recent_returner,0.7731103075007617,0.4355567572143782,4.062542892409729
eng-championship,2022-2023,current,preseason,2022-07-29,eng-championship:2022-2023:sunderland:queens-park-rangers,3,outside->eng-championship,stale_history,1.3469771932275638,0.8228547033808117,3.046345651763173
eng-championship,2022-2023,current,preseason,2022-07-29,eng-championship:2022-2023:wigan-athletic:bristol-city,3,outside->eng-championship,recent_returner,1.442101088842841,0.9148535241486402,2.2025537493107743
eng-championship,2022-2023,current,preseason,2022-07-29,eng-championship:2022-2023:birmingham-city:watford,4,eng-premier-league->eng-championship,recent_returner,1.4185147715597353,0.9119189170056156,2.18229857990095
eng-championship,2022-2023,current,preseason,2022-07-29,eng-championship:2022-2023:burnley:hull-city,4,eng-premier-league->eng-championship,stale_history,1.4338010080460377,0.9322281899633748,2.204756843858858
eng-championship,2022-2023,current,preseason,2022-07-29,eng-championship:2022-2023:norwich-city:huddersfield-town,4,eng-premier-league->eng-championship,recent_returner,0.6032381115453495,0.3080661418698012,2.388343142138927
eng-championship,2022-2023,current,preseason,2022-07-29,eng-championship:2022-2023:preston-north-end:rotherham-united,3,outside->eng-championship,recent_returner,1.350834331404815,0.8482398496167172,2.432905880984319
eng-championship,2022-2023,current,preseason,2022-07-29,eng-championship:2022-2023:sheffield-united:sunderland,4,outside->eng-championship,stale_history,0.5716543436472789,0.28499552160244085,2.4058354515047515
eng-championship,2022-2023,current,preseason,2022-07-29,eng-championship:2022-2023:norwich-city:millwall,5,eng-premier-league->eng-championship,recent_returner,0.6165695877756784,0.3182428335884453,2.2572759952286785
eng-championship,2022-2023,current,preseason,2022-07-29,eng-championship:2022-2023:birmingham-city:wigan-athletic,4,outside->eng-championship,recent_returner,0.827971504014863,0.47678683964024415,2.2178123094511832
eng-championship,2022-2023,current,preseason,2022-07-29,eng-championship:2022-2023:burnley:blackpool,5,eng-premier-league->eng-championship,stale_history,1.4183232653535223,0.904479728010035,4.874333473693639
eng-championship,2022-2023,current,preseason,2022-07-29,eng-championship:2022-2023:preston-north-end:watford,5,eng-premier-league->eng-championship,recent_returner,1.3122396851578906,0.8097274879515085,2.366353099748425
eng-championship,2022-2023,current,preseason,2022-07-29,eng-championship:2022-2023:queens-park-rangers:rotherham-united,4,outside->eng-championship,recent_returner,1.3750952210829646,0.8654117885052576,2.1388295898064635
eng-championship,2022-2023,current,preseason,2022-07-29,eng-championship:2022-2023:stoke-city:sunderland,5,outside->eng-championship,stale_history,1.3290205324041453,0.836483494152949,2.473292219134911
eng-championship,2022-2023,current,preseason,2022-07-29,eng-championship:2022-2023:rotherham-united:birmingham-city,5,outside->eng-championship,recent_returner,0.7352441327604466,0.40666865399052987,2.438324527569483
eng-championship,2022-2023,current,preseason,2022-07-29,eng-championship:2022-2023:sunderland:norwich-city,6,mixed,mixed,0.7307408456360037,0.4033611299177271,2.159303947965748
eng-championship,2022-2023,current,preseason,2022-07-29,eng-championship:2022-2023:watford:queens-park-rangers,6,eng-premier-league->eng-championship,recent_returner,1.6029777790768645,1.0092470769288338,4.383365980017408
eng-championship,2022-2023,current,preseason,2022-07-29,eng-championship:2022-2023:wigan-athletic:burnley,5,mixed,mixed,1.0591217296640258,0.6489222841180322,5.842168978205045
eng-championship,2022-2023,current,preseason,2022-07-29,eng-championship:2022-2023:birmingham-city:norwich-city,7,eng-premier-league->eng-championship,recent_returner,0.590235057915149,0.2983366156830941,2.379465469578198
eng-championship,2022-2023,current,preseason,2022-07-29,eng-championship:2022-2023:burnley:millwall,7,eng-premier-league->eng-championship,stale_history,0.7627541025327993,0.42719081475356846,2.419479366435013
eng-championship,2022-2023,current,preseason,2022-07-29,eng-championship:2022-2023:watford:middlesbrough,7,eng-premier-league->eng-championship,recent_returner,0.6378073349822697,0.33389092002145127,2.412754574681128
eng-championship,2022-2023,current,preseason,2022-07-29,eng-championship:2022-2023:wigan-athletic:west-bromwich-albion,6,outside->eng-championship,recent_returner,1.3091814434875286,0.8030848913242125,2.0819409884852527
eng-championship,2022-2023,current,preseason,2022-07-29,eng-championship:2022-2023:sunderland:rotherham-united,6,mixed,mixed,0.7895768370787876,0.4476501710797,3.1626493167571996
eng-championship,2022-2023,current,preseason,2022-07-29,eng-championship:2022-2023:west-bromwich-albion:burnley,8,eng-premier-league->eng-championship,stale_history,1.318565523555822,0.8080341019037599,2.091010607645213
eng-championship,2022-2023,current,preseason,2022-07-29,eng-championship:2022-2023:luton-town:wigan-athletic,7,outside->eng-championship,recent_returner,1.1093344778030274,0.6839067028125836,2.6384077863539335
eng-championship,2022-2023,current,preseason,2022-07-29,eng-championship:2022-2023:norwich-city:coventry-city,8,eng-premier-league->eng-championship,recent_returner,0.5338915034896426,0.25739343908985957,2.714024923156357
eng-championship,2022-2023,current,preseason,2022-07-29,eng-championship:2022-2023:rotherham-united:watford,7,mixed,mixed,1.3538685370415904,0.8509832243442131,2.126874248136111
eng-championship,2022-2023,current,preseason,2022-07-29,eng-championship:2022-2023:middlesbrough:sunderland,8,outside->eng-championship,stale_history,0.6983081691146605,0.3788745530210325,2.120816322106892
eng-championship,2022-2023,current,preseason,2022-07-29,eng-championship:2022-2023:blackburn-rovers:watford,9,eng-premier-league->eng-championship,recent_returner,1.094861820575775,0.671782315482558,2.8215314712772397
eng-championship,2022-2023,current,preseason,2022-07-29,eng-championship:2022-2023:huddersfield-town:wigan-athletic,8,outside->eng-championship,recent_returner,1.1864664155491582,0.7388030580798799,2.6895756888369347
eng-championship,2022-2023,current,preseason,2022-07-29,eng-championship:2022-2023:preston-north-end:burnley,9,eng-premier-league->eng-championship,stale_history,1.3272631443554426,0.8100575649306607,2.094940572000562
eng-championship,2022-2023,current,preseason,2022-07-29,eng-championship:2022-2023:norwich-city:bristol-city,9,eng-premier-league->eng-championship,recent_returner,0.4462529552429579,0.1953487565237177,3.586744967029994
eng-championship,2022-2023,current,preseason,2022-07-29,eng-championship:2022-2023:reading:sunderland,9,outside->eng-championship,stale_history,1.0399852286233342,0.6371611301758859,3.617342847509024
eng-championship,2022-2023,current,preseason,2022-07-29,eng-championship:2022-2023:rotherham-united:blackpool,8,outside->eng-championship,recent_returner,0.9305488391109792,0.5529351064487593,3.439354149868567
eng-championship,2022-2023,current,preseason,2022-07-29,eng-championship:2022-2023:burnley:bristol-city,10,eng-premier-league->eng-championship,stale_history,0.5727506105090182,0.28526542770759966,2.386988833512723
eng-championship,2022-2023,current,preseason,2022-07-29,eng-championship:2022-2023:middlesbrough:rotherham-united,9,outside->eng-championship,recent_returner,1.3881790318202445,0.8852899570770103,2.4879588510304074
eng-championship,2022-2023,current,preseason,2022-07-29,eng-championship:2022-2023:norwich-city:west-bromwich-albion,10,eng-premier-league->eng-championship,recent_returner,1.3847702834909494,0.885964574947961,2.1553501401329767
eng-championship,2022-2023,current,preseason,2022-07-29,eng-championship:2022-2023:watford:sunderland,10,mixed,mixed,1.4911092599777915,0.9856340113766265,3.2775577819249713
eng-championship,2022-2023,current,preseason,2022-07-29,eng-championship:2022-2023:wigan-athletic:reading,9,outside->eng-championship,recent_returner,1.527967326848497,0.9719551550810294,2.73588375287948
eng-championship,2022-2023,current,preseason,2022-07-29,eng-championship:2022-2023:rotherham-united:wigan-athletic,10,mixed,mixed,0.9481722764338639,0.5662522738893376,2.661019953948467
eng-championship,2022-2023,population,preseason,2022-07-29,eng-championship:2022-2023:huddersfield-town:burnley,1,eng-premier-league->eng-championship,stale_history,1.1913335696946068,0.7477706092523461,2.4545488743137716
eng-championship,2022-2023,population,preseason,2022-07-29,eng-championship:2022-2023:cardiff-city:norwich-city,1,eng-premier-league->eng-championship,recent_returner,0.898510391373587,0.5316274467643441,2.2877585612543445
eng-championship,2022-2023,population,preseason,2022-07-29,eng-championship:2022-2023:rotherham-united:swansea-city,1,outside->eng-championship,recent_returner,1.4246895646106053,0.8769517432275052,2.2727919417310325
eng-championship,2022-2023,population,preseason,2022-07-29,eng-championship:2022-2023:wigan-athletic:preston-north-end,1,outside->eng-championship,recent_returner,1.38982966601883,0.8579005196797743,2.392009100841302
eng-championship,2022-2023,population,preseason,2022-07-29,eng-championship:2022-2023:sunderland:coventry-city,1,outside->eng-championship,stale_history,1.4154036125766827,0.8726057555033947,2.264934719644094
eng-championship,2022-2023,population,preseason,2022-07-29,eng-championship:2022-2023:watford:sheffield-united,1,eng-premier-league->eng-championship,recent_returner,1.0057053796091806,0.6109224540256114,2.296740057836222
eng-championship,2022-2023,population,preseason,2022-07-29,eng-championship:2022-2023:bristol-city:sunderland,2,outside->eng-championship,stale_history,0.9646912876283474,0.5842946318291684,3.7554580780254767
eng-championship,2022-2023,population,preseason,2022-07-29,eng-championship:2022-2023:burnley:luton-town,2,eng-premier-league->eng-championship,stale_history,1.3977735303170185,0.8599674267654616,2.248002480658685
eng-championship,2022-2023,population,preseason,2022-07-29,eng-championship:2022-2023:norwich-city:wigan-athletic,2,mixed,mixed,1.4406746140965785,0.8800375383592463,2.3676956167322176
eng-championship,2022-2023,population,preseason,2022-07-29,eng-championship:2022-2023:west-bromwich-albion:watford,2,eng-premier-league->eng-championship,recent_returner,1.3505516134355093,0.8354903351205598,2.2203572407505354
eng-championship,2022-2023,population,preseason,2022-07-29,eng-championship:2022-2023:watford:burnley,3,mixed,mixed,0.8264721422368061,0.47841791668089734,2.292111359356535
eng-championship,2022-2023,population,preseason,2022-07-29,eng-championship:2022-2023:hull-city:norwich-city,3,eng-premier-league->eng-championship,recent_returner,1.009923169795908,0.6112567472478417,2.734671615804614
eng-championship,2022-2023,population,preseason,2022-07-29,eng-championship:2022-2023:rotherham-united:reading,2,outside->eng-championship,recent_returner,0.620204485526189,0.32055729370397257,3.548787662426883
eng-championship,2022-2023,population,preseason,2022-07-29,eng-championship:2022-2023:sunderland:queens-park-rangers,3,outside->eng-championship,stale_history,1.4079561131855716,0.8666338213132859,3.160564103291167
eng-championship,2022-2023,population,preseason,2022-07-29,eng-championship:2022-2023:wigan-athletic:bristol-city,3,outside->eng-championship,recent_returner,1.4797721637279253,0.9244301556909511,2.3222485587591812
eng-championship,2022-2023,population,preseason,2022-07-29,eng-championship:2022-2023:birmingham-city:watford,4,eng-premier-league->eng-championship,recent_returner,1.4094481748499634,0.8615541409650557,2.253262566617864
eng-championship,2022-2023,population,preseason,2022-07-29,eng-championship:2022-2023:burnley:hull-city,4,eng-premier-league->eng-championship,stale_history,1.3631902257574096,0.8565289465236389,2.23753074425259
eng-championship,2022-2023,population,preseason,2022-07-29,eng-championship:2022-2023:norwich-city:huddersfield-town,4,eng-premier-league->eng-championship,recent_returner,0.863922225432332,0.5052491922740702,2.6272355595417722
eng-championship,2022-2023,population,preseason,2022-07-29,eng-championship:2022-2023:preston-north-end:rotherham-united,3,outside->eng-championship,recent_returner,1.3751751806559125,0.8406447192515194,2.3851694254646607
eng-championship,2022-2023,population,preseason,2022-07-29,eng-championship:2022-2023:sheffield-united:sunderland,4,outside->eng-championship,stale_history,0.6921675669855645,0.374374584665703,2.5695861324420215
eng-championship,2022-2023,population,preseason,2022-07-29,eng-championship:2022-2023:norwich-city:millwall,5,eng-premier-league->eng-championship,recent_returner,0.8768669739921713,0.5138384484154537,2.6214825123661623
eng-championship,2022-2023,population,preseason,2022-07-29,eng-championship:2022-2023:birmingham-city:wigan-athletic,4,outside->eng-championship,recent_returner,0.8508485485945926,0.4959601403954632,2.295003987893744
eng-championship,2022-2023,population,preseason,2022-07-29,eng-championship:2022-2023:burnley:blackpool,5,eng-premier-league->eng-championship,stale_history,1.4025561679499183,0.86682565959999,4.674874724054014
eng-championship,2022-2023,population,preseason,2022-07-29,eng-championship:2022-2023:preston-north-end:watford,5,eng-premier-league->eng-championship,recent_returner,1.3753863439673983,0.840770663871784,2.386805561757596
eng-championship,2022-2023,population,preseason,2022-07-29,eng-championship:2022-2023:queens-park-rangers:rotherham-united,4,outside->eng-championship,recent_returner,1.3967798845681203,0.8538626456893746,2.2412880514695486
eng-championship,2022-2023,population,preseason,2022-07-29,eng-championship:2022-2023:stoke-city:sunderland,5,outside->eng-championship,stale_history,1.1490268575603118,0.7161329586164417,2.396408095444326
eng-championship,2022-2023,population,preseason,2022-07-29,eng-championship:2022-2023:rotherham-united:birmingham-city,5,outside->eng-championship,recent_returner,0.5918360665027024,0.2992973502850801,2.388905817372811
eng-championship,2022-2023,population,preseason,2022-07-29,eng-championship:2022-2023:sunderland:norwich-city,6,mixed,mixed,1.1217295192136696,0.7022250875913232,2.4528155316861895
eng-championship,2022-2023,population,preseason,2022-07-29,eng-championship:2022-2023:watford:queens-park-rangers,6,eng-premier-league->eng-championship,recent_returner,1.1896369554610253,0.747243283740243,3.991194220082071
eng-championship,2022-2023,population,preseason,2022-07-29,eng-championship:2022-2023:wigan-athletic:burnley,5,mixed,mixed,1.1217295192136696,0.7022250875913232,5.28079441124475
eng-championship,2022-2023,population,preseason,2022-07-29,eng-championship:2022-2023:birmingham-city:norwich-city,7,eng-premier-league->eng-championship,recent_returner,0.8520656661525554,0.49688642876454037,2.6144028621171658
eng-championship,2022-2023,population,preseason,2022-07-29,eng-championship:2022-2023:burnley:millwall,7,eng-premier-league->eng-championship,stale_history,0.8763422656447227,0.5134752635977015,2.6193902076803157
eng-championship,2022-2023,population,preseason,2022-07-29,eng-championship:2022-2023:watford:middlesbrough,7,eng-premier-league->eng-championship,recent_returner,0.8633824805010643,0.5045678306645052,2.6250017431138284
eng-championship,2022-2023,population,preseason,2022-07-29,eng-championship:2022-2023:wigan-athletic:west-bromwich-albion,6,outside->eng-championship,recent_returner,1.3368964945132147,0.8181848495508905,2.1991844019019178
eng-championship,2022-2023,population,preseason,2022-07-29,eng-championship:2022-2023:sunderland:rotherham-united,6,mixed,mixed,0.8260664913405769,0.47813591416821716,3.2424461999002685
eng-championship,2022-2023,population,preseason,2022-07-29,eng-championship:2022-2023:west-bromwich-albion:burnley,8,eng-premier-league->eng-championship,stale_history,1.3537138906205244,0.837293816532915,2.215282378778287
eng-championship,2022-2023,population,preseason,2022-07-29,eng-championship:2022-2023:luton-town:wigan-athletic,7,outside->eng-championship,recent_returner,1.1192944133544545,0.6957507822415787,2.764811991373125
eng-championship,2022-2023,population,preseason,2022-07-29,eng-championship:2022-2023:norwich-city:coventry-city,8,eng-premier-league->eng-championship,recent_returner,0.7812926757157534,0.44254830305625775,3.163492850194138
eng-championship,2022-2023,population,preseason,2022-07-29,eng-championship:2022-2023:rotherham-united:watford,7,mixed,mixed,1.4418553739680093,0.8807051908131169,2.3548495673247354
eng-championship,2022-2023,population,preseason,2022-07-29,eng-championship:2022-2023:middlesbrough:sunderland,8,outside->eng-championship,stale_history,0.8044543849870027,0.4597684278208062,2.217704803011027
eng-championship,2022-2023,population,preseason,2022-07-29,eng-championship:2022-2023:blackburn-rovers:watford,9,eng-premier-league->eng-championship,recent_returner,0.7988543764642801,0.4554774762008105,2.5603060047205277
eng-championship,2022-2023,population,preseason,2022-07-29,eng-championship:2022-2023:huddersfield-town:wigan-athletic,8,outside->eng-championship,recent_returner,1.1902004747677186,0.7470816701632139,2.8075550897102666
eng-championship,2022-2023,population,preseason,2022-07-29,eng-championship:2022-2023:preston-north-end:burnley,9,eng-premier-league->eng-championship,stale_history,1.3765807264815426,0.8414847808062332,2.219226741697023
eng-championship,2022-2023,population,preseason,2022-07-29,eng-championship:2022-2023:norwich-city:bristol-city,9,eng-premier-league->eng-championship,recent_returner,0.679612870844329,0.3655196092508628,3.6553408074865805
eng-championship,2022-2023,population,preseason,2022-07-29,eng-championship:2022-2023:reading:sunderland,9,outside->eng-championship,stale_history,0.8962355179527881,0.53177567506288,3.363448009558323
eng-championship,2022-2023,population,preseason,2022-07-29,eng-championship:2022-2023:rotherham-united:blackpool,8,outside->eng-championship,recent_returner,0.7754433259242884,0.4377404281002525,3.1437928223090377
eng-championship,2022-2023,population,preseason,2022-07-29,eng-championship:2022-2023:burnley:bristol-city,10,eng-premier-league->eng-championship,stale_history,0.67984644296837,0.3656949313219382,2.543463391897189
eng-championship,2022-2023,population,preseason,2022-07-29,eng-championship:2022-2023:middlesbrough:rotherham-united,9,outside->eng-championship,recent_returner,1.3947112434410334,0.858635820533721,2.4281419296298488
eng-championship,2022-2023,population,preseason,2022-07-29,eng-championship:2022-2023:norwich-city:west-bromwich-albion,10,eng-premier-league->eng-championship,recent_returner,1.339112817024454,0.819503599559267,2.1958407174894727
eng-championship,2022-2023,population,preseason,2022-07-29,eng-championship:2022-2023:watford:sunderland,10,mixed,mixed,1.4423415193397315,0.880982049230318,3.269753393369546
eng-championship,2022-2023,population,preseason,2022-07-29,eng-championship:2022-2023:wigan-athletic:reading,9,outside->eng-championship,recent_returner,1.4222618103559432,0.9127697774752861,2.703220882976764
eng-championship,2022-2023,population,preseason,2022-07-29,eng-championship:2022-2023:rotherham-united:wigan-athletic,10,mixed,mixed,1.121765218076173,0.7023629476205995,2.9698459978042053
eng-championship,2022-2023,transition,preseason,2022-07-29,eng-championship:2022-2023:huddersfield-town:burnley,1,eng-premier-league->eng-championship,stale_history,1.0618465217100912,0.6510369009179858,2.362577158570544
eng-championship,2022-2023,transition,preseason,2022-07-29,eng-championship:2022-2023:cardiff-city:norwich-city,1,eng-premier-league->eng-championship,recent_returner,1.0562005198356796,0.6470673232349893,2.362010365350187
eng-championship,2022-2023,transition,preseason,2022-07-29,eng-championship:2022-2023:rotherham-united:swansea-city,1,outside->eng-championship,recent_returner,1.3480497960196272,0.8229703862857748,2.108852798273927
eng-championship,2022-2023,transition,preseason,2022-07-29,eng-championship:2022-2023:wigan-athletic:preston-north-end,1,outside->eng-championship,recent_returner,1.3159830990513135,0.8045181814186524,2.434232031312805
eng-championship,2022-2023,transition,preseason,2022-07-29,eng-championship:2022-2023:sunderland:coventry-city,1,outside->eng-championship,stale_history,1.3384396580443705,0.817863524714296,2.1000787841711555
eng-championship,2022-2023,transition,preseason,2022-07-29,eng-championship:2022-2023:watford:sheffield-united,1,eng-premier-league->eng-championship,recent_returner,0.8782613947938535,0.5142993251379734,2.219515016918992
eng-championship,2022-2023,transition,preseason,2022-07-29,eng-championship:2022-2023:bristol-city:sunderland,2,outside->eng-championship,stale_history,1.1580079558195664,0.7224255794399632,3.822964887891719
eng-championship,2022-2023,transition,preseason,2022-07-29,eng-championship:2022-2023:burnley:luton-town,2,eng-premier-league->eng-championship,stale_history,1.4012679519869398,0.8851036427178961,2.169838751014643
eng-championship,2022-2023,transition,preseason,2022-07-29,eng-championship:2022-2023:norwich-city:wigan-athletic,2,mixed,mixed,1.4665435032353047,0.9494097925223371,2.237279766067925
eng-championship,2022-2023,transition,preseason,2022-07-29,eng-championship:2022-2023:west-bromwich-albion:watford,2,eng-premier-league->eng-championship,recent_returner,1.319295567454895,0.8070106538291553,2.0937226518835805
eng-championship,2022-2023,transition,preseason,2022-07-29,eng-championship:2022-2023:watford:burnley,3,mixed,mixed,0.8233574829054262,0.4739725513784504,2.278394662058303
eng-championship,2022-2023,transition,preseason,2022-07-29,eng-championship:2022-2023:hull-city:norwich-city,3,eng-premier-league->eng-championship,recent_returner,1.180462560980486,0.7334148424241204,2.6952461351638624
eng-championship,2022-2023,transition,preseason,2022-07-29,eng-championship:2022-2023:rotherham-united:reading,2,outside->eng-championship,recent_returner,0.7367041551027299,0.4080762087988813,3.9714296731483305
eng-championship,2022-2023,transition,preseason,2022-07-29,eng-championship:2022-2023:sunderland:queens-park-rangers,3,outside->eng-championship,stale_history,1.3339618970777585,0.8145687157531956,3.019291562144648
eng-championship,2022-2023,transition,preseason,2022-07-29,eng-championship:2022-2023:wigan-athletic:bristol-city,3,outside->eng-championship,recent_returner,1.3852263543452232,0.8533384608859526,2.1468213147778767
eng-championship,2022-2023,transition,preseason,2022-07-29,eng-championship:2022-2023:birmingham-city:watford,4,eng-premier-league->eng-championship,recent_returner,1.4050144594629481,0.8782523506180855,2.1723264113001926
eng-championship,2022-2023,transition,preseason,2022-07-29,eng-championship:2022-2023:burnley:hull-city,4,eng-premier-league->eng-championship,stale_history,1.4370102612025584,0.936141974513418,2.2113729891681855
eng-championship,2022-2023,transition,preseason,2022-07-29,eng-championship:2022-2023:norwich-city:huddersfield-town,4,eng-premier-league->eng-championship,recent_returner,0.7403679502781159,0.410625318647447,2.4336246436093294
eng-championship,2022-2023,transition,preseason,2022-07-29,eng-championship:2022-2023:preston-north-end:rotherham-united,3,outside->eng-championship,recent_returner,1.350650246999543,0.8434266532553064,2.4707683560667215
eng-championship,2022-2023,transition,preseason,2022-07-29,eng-championship:2022-2023:sheffield-united:sunderland,4,outside->eng-championship,stale_history,0.5629786370910814,0.2787774933802492,2.381706639208648
eng-championship,2022-2023,transition,preseason,2022-07-29,eng-championship:2022-2023:norwich-city:millwall,5,eng-premier-league->eng-championship,recent_returner,0.7476128507695002,0.4158605440100766,2.43070342949222
eng-championship,2022-2023,transition,preseason,2022-07-29,eng-championship:2022-2023:birmingham-city:wigan-athletic,4,outside->eng-championship,recent_returner,1.0139800983231015,0.6157383350025236,2.339216241512359
eng-championship,2022-2023,transition,preseason,2022-07-29,eng-championship:2022-2023:burnley:blackpool,5,eng-premier-league->eng-championship,stale_history,1.4394815203041484,0.9223077230922527,4.7349009237787145
eng-championship,2022-2023,transition,preseason,2022-07-29,eng-championship:2022-2023:preston-north-end:watford,5,eng-premier-league->eng-championship,recent_returner,1.3339491012607123,0.8141458701931596,2.4792073697492523
eng-championship,2022-2023,transition,preseason,2022-07-29,eng-championship:2022-2023:queens-park-rangers:rotherham-united,4,outside->eng-championship,recent_returner,1.3742082628128705,0.8599136022782061,2.1365091673208436
eng-championship,2022-2023,transition,preseason,2022-07-29,eng-championship:2022-2023:stoke-city:sunderland,5,outside->eng-championship,stale_history,1.371676638602465,0.8634696093124613,2.512323590324752
eng-championship,2022-2023,transition,preseason,2022-07-29,eng-championship:2022-2023:rotherham-united:birmingham-city,5,outside->eng-championship,recent_returner,0.7000895373182958,0.3802375195578709,2.4239024890486633
eng-championship,2022-2023,transition,preseason,2022-07-29,eng-championship:2022-2023:sunderland:norwich-city,6,mixed,mixed,0.8600523868851168,0.501185139357172,2.2512748471902935
eng-championship,2022-2023,transition,preseason,2022-07-29,eng-championship:2022-2023:watford:queens-park-rangers,6,eng-premier-league->eng-championship,recent_returner,1.4058464695196171,0.8909454843578605,4.097178222556389
eng-championship,2022-2023,transition,preseason,2022-07-29,eng-championship:2022-2023:wigan-athletic:burnley,5,mixed,mixed,0.8600523868851168,0.501185139357172,5.324244019800613
eng-championship,2022-2023,transition,preseason,2022-07-29,eng-championship:2022-2023:birmingham-city:norwich-city,7,eng-premier-league->eng-championship,recent_returner,0.7224000188526015,0.3971979376905491,2.4219753568180327
eng-championship,2022-2023,transition,preseason,2022-07-29,eng-championship:2022-2023:burnley:millwall,7,eng-premier-league->eng-championship,stale_history,0.7479523545070559,0.41611818656419314,2.4312794972048595
eng-championship,2022-2023,transition,preseason,2022-07-29,eng-championship:2022-2023:watford:middlesbrough,7,eng-premier-league->eng-championship,recent_returner,0.7352655598877919,0.4067144863141052,2.435043834638769
eng-championship,2022-2023,transition,preseason,2022-07-29,eng-championship:2022-2023:wigan-athletic:west-bromwich-albion,6,outside->eng-championship,recent_returner,1.3002990329411581,0.7946252191978355,2.071914480870857
eng-championship,2022-2023,transition,preseason,2022-07-29,eng-championship:2022-2023:sunderland:rotherham-united,6,mixed,mixed,0.835704029478608,0.4823391081192203,3.277462157877248
eng-championship,2022-2023,transition,preseason,2022-07-29,eng-championship:2022-2023:west-bromwich-albion:burnley,8,eng-premier-league->eng-championship,stale_history,1.3206415608692923,0.8078454728301494,2.094619581085233
eng-championship,2022-2023,transition,preseason,2022-07-29,eng-championship:2022-2023:luton-town:wigan-athletic,7,outside->eng-championship,recent_returner,1.339859707967845,0.8434258210168848,2.788742788504793
eng-championship,2022-2023,transition,preseason,2022-07-29,eng-championship:2022-2023:norwich-city:coventry-city,8,eng-premier-league->eng-championship,recent_returner,0.652921129394645,0.3448476793316477,2.944906500659148
eng-championship,2022-2023,transition,preseason,2022-07-29,eng-championship:2022-2023:rotherham-united:watford,7,mixed,mixed,1.3602515733990133,0.8341833534638977,2.130458714922992
eng-championship,2022-2023,transition,preseason,2022-07-29,eng-championship:2022-2023:middlesbrough:sunderland,8,outside->eng-championship,stale_history,0.6788141309541934,0.3642804891657904,2.106831910482856
eng-championship,2022-2023,transition,preseason,2022-07-29,eng-championship:2022-2023:blackburn-rovers:watford,9,eng-premier-league->eng-championship,recent_returner,0.9349714304629944,0.5569002719011816,2.6720924527566985
eng-championship,2022-2023,transition,preseason,2022-07-29,eng-championship:2022-2023:huddersfield-town:wigan-athletic,8,outside->eng-championship,recent_returner,1.4286949385730467,0.9024932644095969,2.853158405551678
eng-championship,2022-2023,transition,preseason,2022-07-29,eng-championship:2022-2023:preston-north-end:burnley,9,eng-premier-league->eng-championship,stale_history,1.3343346061869976,0.8143270796270999,2.103908630950169
eng-championship,2022-2023,transition,preseason,2022-07-29,eng-championship:2022-2023:norwich-city:bristol-city,9,eng-premier-league->eng-championship,recent_returner,0.5571393931660618,0.2738025310391379,3.5375894915803343
eng-championship,2022-2023,transition,preseason,2022-07-29,eng-championship:2022-2023:reading:sunderland,9,outside->eng-championship,stale_history,1.0699880713761414,0.6583248712144371,3.698580473306648
eng-championship,2022-2023,transition,preseason,2022-07-29,eng-championship:2022-2023:rotherham-united:blackpool,8,outside->eng-championship,recent_returner,0.8837778625293937,0.5183852686252626,3.3658964834155514
eng-championship,2022-2023,transition,preseason,2022-07-29,eng-championship:2022-2023:burnley:bristol-city,10,eng-premier-league->eng-championship,stale_history,0.5576109925217054,0.27414818984237593,2.3775323850952805
eng-championship,2022-2023,transition,preseason,2022-07-29,eng-championship:2022-2023:middlesbrough:rotherham-united,9,outside->eng-championship,recent_returner,1.385345262223795,0.8780312613649263,2.5222490848494146
eng-championship,2022-2023,transition,preseason,2022-07-29,eng-championship:2022-2023:norwich-city:west-bromwich-albion,10,eng-premier-league->eng-championship,recent_returner,1.3491313152172786,0.8399864069068995,2.123013627119067
eng-championship,2022-2023,transition,preseason,2022-07-29,eng-championship:2022-2023:watford:sunderland,10,mixed,mixed,1.462756293197252,0.9457172921230168,3.1250238685361067
eng-championship,2022-2023,transition,preseason,2022-07-29,eng-championship:2022-2023:wigan-athletic:reading,9,outside->eng-championship,recent_returner,1.2873937959215063,0.8129261328657916,2.5643043771667093
eng-championship,2022-2023,transition,preseason,2022-07-29,eng-championship:2022-2023:rotherham-united:wigan-athletic,10,mixed,mixed,1.182443857745193,0.7364176892363274,2.9684969367878833
eng-championship,2022-2023,source,preseason,2022-07-29,eng-championship:2022-2023:huddersfield-town:burnley,1,eng-premier-league->eng-championship,stale_history,0.9633283933303154,0.5763392007967648,2.194898263329649
eng-championship,2022-2023,source,preseason,2022-07-29,eng-championship:2022-2023:cardiff-city:norwich-city,1,eng-premier-league->eng-championship,recent_returner,0.9632518342296112,0.5799446618511239,2.382211303358562
eng-championship,2022-2023,source,preseason,2022-07-29,eng-championship:2022-2023:rotherham-united:swansea-city,1,outside->eng-championship,recent_returner,1.349065714834136,0.8236541603548888,2.109841061754186
eng-championship,2022-2023,source,preseason,2022-07-29,eng-championship:2022-2023:wigan-athletic:preston-north-end,1,outside->eng-championship,recent_returner,1.3173864383588647,0.805483872731215,2.4390185820020833
eng-championship,2022-2023,source,preseason,2022-07-29,eng-championship:2022-2023:sunderland:coventry-city,1,outside->eng-championship,stale_history,1.3398561713349069,0.8188546307154176,2.101377236047387
eng-championship,2022-2023,source,preseason,2022-07-29,eng-championship:2022-2023:watford:sheffield-united,1,eng-premier-league->eng-championship,recent_returner,0.9142798551040735,0.541567555505164,2.273651679590266
eng-championship,2022-2023,source,preseason,2022-07-29,eng-championship:2022-2023:bristol-city:sunderland,2,outside->eng-championship,stale_history,1.153273078295998,0.7191415000713021,3.815676620892478
eng-championship,2022-2023,source,preseason,2022-07-29,eng-championship:2022-2023:burnley:luton-town,2,eng-premier-league->eng-championship,stale_history,1.3948942051078017,0.9013427468528121,2.1757994607354245
eng-championship,2022-2023,source,preseason,2022-07-29,eng-championship:2022-2023:norwich-city:wigan-athletic,2,mixed,mixed,1.46062013293701,0.9297262319043564,2.233558174287805
eng-championship,2022-2023,source,preseason,2022-07-29,eng-championship:2022-2023:west-bromwich-albion:watford,2,eng-premier-league->eng-championship,recent_returner,1.3426914017060705,0.8217773371592008,2.1115626819739366
eng-championship,2022-2023,source,preseason,2022-07-29,eng-championship:2022-2023:watford:burnley,3,mixed,mixed,0.9810264061414685,0.5912195702954325,2.2979427520089697
eng-championship,2022-2023,source,preseason,2022-07-29,eng-championship:2022-2023:hull-city:norwich-city,3,eng-premier-league->eng-championship,recent_returner,1.0845393301635478,0.6672697832184387,2.613877944939631
eng-championship,2022-2023,source,preseason,2022-07-29,eng-championship:2022-2023:rotherham-united:reading,2,outside->eng-championship,recent_returner,0.7328299056976596,0.4051544881439869,3.960892179533759
eng-championship,2022-2023,source,preseason,2022-07-29,eng-championship:2022-2023:sunderland:queens-park-rangers,3,outside->eng-championship,stale_history,1.3353272555939868,0.8154787310164386,3.0168084954840837
eng-championship,2022-2023,source,preseason,2022-07-29,eng-championship:2022-2023:wigan-athletic:bristol-city,3,outside->eng-championship,recent_returner,1.387157269280916,0.8548554371924655,2.148879972210861
eng-championship,2022-2023,source,preseason,2022-07-29,eng-championship:2022-2023:birmingham-city:watford,4,eng-premier-league->eng-championship,recent_returner,1.408938861021844,0.8746893751285618,2.177564061544536
eng-championship,2022-2023,source,preseason,2022-07-29,eng-championship:2022-2023:burnley:hull-city,4,eng-premier-league->eng-championship,stale_history,1.441499449794814,0.9613506867576508,2.2348254342265395
eng-championship,2022-2023,source,preseason,2022-07-29,eng-championship:2022-2023:norwich-city:huddersfield-town,4,eng-premier-league->eng-championship,recent_returner,0.7961987780102474,0.4533810594689078,2.447672062291478
eng-championship,2022-2023,source,preseason,2022-07-29,eng-championship:2022-2023:preston-north-end:rotherham-united,3,outside->eng-championship,recent_returner,1.350911485973994,0.8430861665919008,2.474485044562605
eng-championship,2022-2023,source,preseason,2022-07-29,eng-championship:2022-2023:sheffield-united:sunderland,4,outside->eng-championship,stale_history,0.5689797309952959,0.28323097347323656,2.3857409696917378
eng-championship,2022-2023,source,preseason,2022-07-29,eng-championship:2022-2023:norwich-city:millwall,5,eng-premier-league->eng-championship,recent_returner,0.8025046362210817,0.45751767807814925,2.54258218228414
eng-championship,2022-2023,source,preseason,2022-07-29,eng-championship:2022-2023:birmingham-city:wigan-athletic,4,outside->eng-championship,recent_returner,1.0096639402014909,0.6126296040253701,2.3399165809097426
eng-championship,2022-2023,source,preseason,2022-07-29,eng-championship:2022-2023:burnley:blackpool,5,eng-premier-league->eng-championship,stale_history,1.4405287424003779,0.9449415558997477,4.997973163866659
eng-championship,2022-2023,source,preseason,2022-07-29,eng-championship:2022-2023:preston-north-end:watford,5,eng-premier-league->eng-championship,recent_returner,1.3481859194418921,0.8220562078490548,2.551618069925645
eng-championship,2022-2023,source,preseason,2022-07-29,eng-championship:2022-2023:queens-park-rangers:rotherham-united,4,outside->eng-championship,recent_returner,1.3743560959414387,0.8594470175533729,2.136508332464395
eng-championship,2022-2023,source,preseason,2022-07-29,eng-championship:2022-2023:stoke-city:sunderland,5,outside->eng-championship,stale_history,1.3666027155657352,0.8602781846241871,2.511496720234966
eng-championship,2022-2023,source,preseason,2022-07-29,eng-championship:2022-2023:rotherham-united:birmingham-city,5,outside->eng-championship,recent_returner,0.6965753446320521,0.37759797881905827,2.4219957659481794
eng-championship,2022-2023,source,preseason,2022-07-29,eng-championship:2022-2023:sunderland:norwich-city,6,mixed,mixed,0.9291933482419323,0.5544153736951762,2.373277977445717
eng-championship,2022-2023,source,preseason,2022-07-29,eng-championship:2022-2023:watford:queens-park-rangers,6,eng-premier-league->eng-championship,recent_returner,1.3529399592142668,0.857748236402911,3.9937986053941286
eng-championship,2022-2023,source,preseason,2022-07-29,eng-championship:2022-2023:wigan-athletic:burnley,5,mixed,mixed,0.7832391252164664,0.44254798198222434,5.292757641363366
eng-championship,2022-2023,source,preseason,2022-07-29,eng-championship:2022-2023:birmingham-city:norwich-city,7,eng-premier-league->eng-championship,recent_returner,0.7784516955339202,0.4402248646976932,2.437879331278732
eng-championship,2022-2023,source,preseason,2022-07-29,eng-championship:2022-2023:burnley:millwall,7,eng-premier-league->eng-championship,stale_history,0.6807415042405999,0.3661066993293515,2.306691142352188
eng-championship,2022-2023,source,preseason,2022-07-29,eng-championship:2022-2023:watford:middlesbrough,7,eng-premier-league->eng-championship,recent_returner,0.7638275682494744,0.4284541988131219,2.4359933546560915
eng-championship,2022-2023,source,preseason,2022-07-29,eng-championship:2022-2023:wigan-athletic:west-bromwich-albion,6,outside->eng-championship,recent_returner,1.3063516862227031,0.7977183760869673,2.0754010276604564
eng-championship,2022-2023,source,preseason,2022-07-29,eng-championship:2022-2023:sunderland:rotherham-united,6,mixed,mixed,0.8351293401468753,0.48193993895615,3.276622689075211
eng-championship,2022-2023,source,preseason,2022-07-29,eng-championship:2022-2023:west-bromwich-albion:burnley,8,eng-premier-league->eng-championship,stale_history,1.281586050989817,0.7834533232116477,2.06947578815669
eng-championship,2022-2023,source,preseason,2022-07-29,eng-championship:2022-2023:luton-town:wigan-athletic,7,outside->eng-championship,recent_returner,1.3348729611484957,0.8402453302428148,2.784356249398342
eng-championship,2022-2023,source,preseason,2022-07-29,eng-championship:2022-2023:norwich-city:coventry-city,8,eng-premier-league->eng-championship,recent_returner,0.7031487942729125,0.3828097063020383,3.058540322094903
eng-championship,2022-2023,source,preseason,2022-07-29,eng-championship:2022-2023:rotherham-united:watford,7,mixed,mixed,1.3697423651574123,0.8367519980035912,2.139726949458609
eng-championship,2022-2023,source,preseason,2022-07-29,eng-championship:2022-2023:middlesbrough:sunderland,8,outside->eng-championship,stale_history,0.6808026304537482,0.36576432226757727,2.1102069578682956
eng-championship,2022-2023,source,preseason,2022-07-29,eng-championship:2022-2023:blackburn-rovers:watford,9,eng-premier-league->eng-championship,recent_returner,0.8881829247575328,0.5224112181274829,2.637971821649987
eng-championship,2022-2023,source,preseason,2022-07-29,eng-championship:2022-2023:huddersfield-town:wigan-athletic,8,outside->eng-championship,recent_returner,1.4225523507309068,0.898633046889095,2.8480019869540443
eng-championship,2022-2023,source,preseason,2022-07-29,eng-championship:2022-2023:preston-north-end:burnley,9,eng-premier-league->eng-championship,stale_history,1.3012695794192497,0.7998777628807325,2.0836825894816773
eng-championship,2022-2023,source,preseason,2022-07-29,eng-championship:2022-2023:norwich-city:bristol-city,9,eng-premier-league->eng-championship,recent_returner,0.602070555547741,0.30691543181400294,3.4512964266410435
eng-championship,2022-2023,source,preseason,2022-07-29,eng-championship:2022-2023:reading:sunderland,9,outside->eng-championship,stale_history,1.0652862943663624,0.6549699316466348,3.6905107020506227
eng-championship,2022-2023,source,preseason,2022-07-29,eng-championship:2022-2023:rotherham-united:blackpool,8,outside->eng-championship,recent_returner,0.880952740039144,0.5163062760388558,3.360901409742273
eng-championship,2022-2023,source,preseason,2022-07-29,eng-championship:2022-2023:burnley:bristol-city,10,eng-premier-league->eng-championship,stale_history,0.5020309027693991,0.2345884529362267,2.383258351719948
eng-championship,2022-2023,source,preseason,2022-07-29,eng-championship:2022-2023:middlesbrough:rotherham-united,9,outside->eng-championship,recent_returner,1.3853764920413154,0.8775218881241745,2.5253954618206755
eng-championship,2022-2023,source,preseason,2022-07-29,eng-championship:2022-2023:norwich-city:west-bromwich-albion,10,eng-premier-league->eng-championship,recent_returner,1.36889568846309,0.8453087131432089,2.1377192512888654
eng-championship,2022-2023,source,preseason,2022-07-29,eng-championship:2022-2023:watford:sunderland,10,mixed,mixed,1.4590621773241295,0.9349702681531249,3.065711491542384
eng-championship,2022-2023,source,preseason,2022-07-29,eng-championship:2022-2023:wigan-athletic:reading,9,outside->eng-championship,recent_returner,1.2919811188011698,0.8162283520301981,2.5708402859076145
eng-championship,2022-2023,source,preseason,2022-07-29,eng-championship:2022-2023:rotherham-united:wigan-athletic,10,mixed,mixed,1.1819991405435828,0.7362444562344781,2.969668303898116
eng-championship,2022-2023,memory,preseason,2022-07-29,eng-championship:2022-2023:huddersfield-town:burnley,1,eng-premier-league->eng-championship,stale_history,0.9793102613257753,0.5878654597081617,2.192266726677888
eng-championship,2022-2023,memory,preseason,2022-07-29,eng-championship:2022-2023:cardiff-city:norwich-city,1,eng-premier-league->eng-championship,recent_returner,1.014495628771779,0.6192182897678591,2.450676580421174
eng-championship,2022-2023,memory,preseason,2022-07-29,eng-championship:2022-2023:rotherham-united:swansea-city,1,outside->eng-championship,recent_returner,1.3401373620519976,0.8177001809295423,2.102181898189263
eng-championship,2022-2023,memory,preseason,2022-07-29,eng-championship:2022-2023:wigan-athletic:preston-north-end,1,outside->eng-championship,recent_returner,1.318228883721743,0.8071776550328073,2.4382582712645346
eng-championship,2022-2023,memory,preseason,2022-07-29,eng-championship:2022-2023:sunderland:coventry-city,1,outside->eng-championship,stale_history,1.3439832048230134,0.821816489854411,2.104635280484172
eng-championship,2022-2023,memory,preseason,2022-07-29,eng-championship:2022-2023:watford:sheffield-united,1,eng-premier-league->eng-championship,recent_returner,0.8874843988613959,0.5214909368913657,2.2523453260507473
eng-championship,2022-2023,memory,preseason,2022-07-29,eng-championship:2022-2023:bristol-city:sunderland,2,outside->eng-championship,stale_history,1.1325378523285814,0.704492538882874,3.7894008771309418
eng-championship,2022-2023,memory,preseason,2022-07-29,eng-championship:2022-2023:burnley:luton-town,2,eng-premier-league->eng-championship,stale_history,1.3818321628984258,0.8895785058180079,2.16461255004678
eng-championship,2022-2023,memory,preseason,2022-07-29,eng-championship:2022-2023:norwich-city:wigan-athletic,2,mixed,mixed,1.4888325696135427,0.9519361703921163,2.26594891426465
eng-championship,2022-2023,memory,preseason,2022-07-29,eng-championship:2022-2023:west-bromwich-albion:watford,2,eng-premier-league->eng-championship,recent_returner,1.3454703299796638,0.8227957550609019,2.1170589806292117
eng-championship,2022-2023,memory,preseason,2022-07-29,eng-championship:2022-2023:watford:burnley,3,mixed,mixed,0.9381658761134808,0.5592854038599766,2.2627607872291637
eng-championship,2022-2023,memory,preseason,2022-07-29,eng-championship:2022-2023:hull-city:norwich-city,3,eng-premier-league->eng-championship,recent_returner,1.1500644160670286,0.7163989264493776,2.6528177278291913
eng-championship,2022-2023,memory,preseason,2022-07-29,eng-championship:2022-2023:rotherham-united:reading,2,outside->eng-championship,recent_returner,0.7610360032989485,0.42643004796302064,4.035597102422487
eng-championship,2022-2023,memory,preseason,2022-07-29,eng-championship:2022-2023:sunderland:queens-park-rangers,3,outside->eng-championship,stale_history,1.3395862001773995,0.818592538795988,3.007651381319649
eng-championship,2022-2023,memory,preseason,2022-07-29,eng-championship:2022-2023:wigan-athletic:bristol-city,3,outside->eng-championship,recent_returner,1.3912944550219415,0.860250358057362,2.152677948698795
eng-championship,2022-2023,memory,preseason,2022-07-29,eng-championship:2022-2023:birmingham-city:watford,4,eng-premier-league->eng-championship,recent_returner,1.4177876218460363,0.8839450041577299,2.1889729402206957
eng-championship,2022-2023,memory,preseason,2022-07-29,eng-championship:2022-2023:burnley:hull-city,4,eng-premier-league->eng-championship,stale_history,1.443399476726779,0.9616528974404236,2.234920390096903
eng-championship,2022-2023,memory,preseason,2022-07-29,eng-championship:2022-2023:norwich-city:huddersfield-town,4,eng-premier-league->eng-championship,recent_returner,0.7426669248286771,0.4129217815977389,2.428378200572488
eng-championship,2022-2023,memory,preseason,2022-07-29,eng-championship:2022-2023:preston-north-end:rotherham-united,3,outside->eng-championship,recent_returner,1.350596066394501,0.8467639375874616,2.450231874733756
eng-championship,2022-2023,memory,preseason,2022-07-29,eng-championship:2022-2023:sheffield-united:sunderland,4,outside->eng-championship,stale_history,0.5790562085195592,0.29054234739717605,2.3846718965349973
eng-championship,2022-2023,memory,preseason,2022-07-29,eng-championship:2022-2023:norwich-city:millwall,5,eng-premier-league->eng-championship,recent_returner,0.7501832406254262,0.4181639244492983,2.504008693626145
eng-championship,2022-2023,memory,preseason,2022-07-29,eng-championship:2022-2023:birmingham-city:wigan-athletic,4,outside->eng-championship,recent_returner,0.9830662070379718,0.5928936649032353,2.319758784421759
eng-championship,2022-2023,memory,preseason,2022-07-29,eng-championship:2022-2023:burnley:blackpool,5,eng-premier-league->eng-championship,stale_history,1.4264458450266027,0.9325840121573593,5.009821423297396
eng-championship,2022-2023,memory,preseason,2022-07-29,eng-championship:2022-2023:preston-north-end:watford,5,eng-premier-league->eng-championship,recent_returner,1.3491078527413738,0.8227139703073455,2.544009464518483
eng-championship,2022-2023,memory,preseason,2022-07-29,eng-championship:2022-2023:queens-park-rangers:rotherham-united,4,outside->eng-championship,recent_returner,1.3747609741794145,0.8638475008693872,2.138827991550755
eng-championship,2022-2023,memory,preseason,2022-07-29,eng-championship:2022-2023:stoke-city:sunderland,5,outside->eng-championship,stale_history,1.3451286702646288,0.8464370411944999,2.502922130425027
eng-championship,2022-2023,memory,preseason,2022-07-29,eng-championship:2022-2023:rotherham-united:birmingham-city,5,outside->eng-championship,recent_returner,0.723343337028666,0.39771382201149363,2.440053769411678
eng-championship,2022-2023,memory,preseason,2022-07-29,eng-championship:2022-2023:sunderland:norwich-city,6,mixed,mixed,0.8862970936639819,0.5227826880083833,2.4032335083543988
eng-championship,2022-2023,memory,preseason,2022-07-29,eng-championship:2022-2023:watford:queens-park-rangers,6,eng-premier-league->eng-championship,recent_returner,1.3881499352449111,0.8814492287495674,4.0201645026836
eng-championship,2022-2023,memory,preseason,2022-07-29,eng-championship:2022-2023:wigan-athletic:burnley,5,mixed,mixed,0.8201075160802297,0.4701236334737161,5.4017697890147724
eng-championship,2022-2023,memory,preseason,2022-07-29,eng-championship:2022-2023:birmingham-city:norwich-city,7,eng-premier-league->eng-championship,recent_returner,0.7258572603908099,0.4003743790462723,2.4211331577003388
eng-championship,2022-2023,memory,preseason,2022-07-29,eng-championship:2022-2023:burnley:millwall,7,eng-premier-league->eng-championship,stale_history,0.6944645812075358,0.3763519152602988,2.316297843163528
eng-championship,2022-2023,memory,preseason,2022-07-29,eng-championship:2022-2023:watford:middlesbrough,7,eng-premier-league->eng-championship,recent_returner,0.7397868284159171,0.41027198702975404,2.4311520402601507
eng-championship,2022-2023,memory,preseason,2022-07-29,eng-championship:2022-2023:wigan-athletic:west-bromwich-albion,6,outside->eng-championship,recent_returner,1.307868167190409,0.7985432802364667,2.0760267036891493
eng-championship,2022-2023,memory,preseason,2022-07-29,eng-championship:2022-2023:sunderland:rotherham-united,6,mixed,mixed,0.7958071153769974,0.45227361351987316,3.2043707657701512
eng-championship,2022-2023,memory,preseason,2022-07-29,eng-championship:2022-2023:west-bromwich-albion:burnley,8,eng-premier-league->eng-championship,stale_history,1.2792717673727896,0.7814821878926717,2.0679718807874634
eng-championship,2022-2023,memory,preseason,2022-07-29,eng-championship:2022-2023:luton-town:wigan-athletic,7,outside->eng-championship,recent_returner,1.308021643501343,0.8219987573903909,2.764767916132164
eng-championship,2022-2023,memory,preseason,2022-07-29,eng-championship:2022-2023:norwich-city:coventry-city,8,eng-premier-league->eng-championship,recent_returner,0.6586596482369738,0.3492854365133106,2.9872348774868955
eng-championship,2022-2023,memory,preseason,2022-07-29,eng-championship:2022-2023:rotherham-united:watford,7,mixed,mixed,1.3717392039446168,0.841735730685216,2.1447082571713416
eng-championship,2022-2023,memory,preseason,2022-07-29,eng-championship:2022-2023:middlesbrough:sunderland,8,outside->eng-championship,stale_history,0.6927565876466263,0.3747091107548207,2.1242884027248463
eng-championship,2022-2023,memory,preseason,2022-07-29,eng-championship:2022-2023:blackburn-rovers:watford,9,eng-premier-league->eng-championship,recent_returner,0.9161135945152213,0.5434265502894157,2.673951277662974
eng-championship,2022-2023,memory,preseason,2022-07-29,eng-championship:2022-2023:huddersfield-town:wigan-athletic,8,outside->eng-championship,recent_returner,1.389131884518589,0.8765666231002912,2.822926460192058
eng-championship,2022-2023,memory,preseason,2022-07-29,eng-championship:2022-2023:preston-north-end:burnley,9,eng-premier-league->eng-championship,stale_history,1.2950691261792016,0.7951084719453929,2.0794483404849267
eng-championship,2022-2023,memory,preseason,2022-07-29,eng-championship:2022-2023:norwich-city:bristol-city,9,eng-premier-league->eng-championship,recent_returner,0.5573370313055844,0.27383721953516293,3.4154925684556696
eng-championship,2022-2023,memory,preseason,2022-07-29,eng-championship:2022-2023:reading:sunderland,9,outside->eng-championship,stale_history,1.0457901898604645,0.6408354332358946,3.6575535383783526
eng-championship,2022-2023,memory,preseason,2022-07-29,eng-championship:2022-2023:rotherham-united:blackpool,8,outside->eng-championship,recent_returner,0.912516525655111,0.5396460581188701,3.4174173564679826
eng-championship,2022-2023,memory,preseason,2022-07-29,eng-championship:2022-2023:burnley:bristol-city,10,eng-premier-league->eng-championship,stale_history,0.5139436751497488,0.24311430622903277,2.3843191970277013
eng-championship,2022-2023,memory,preseason,2022-07-29,eng-championship:2022-2023:middlesbrough:rotherham-united,9,outside->eng-championship,recent_returner,1.3874649769298502,0.8835107319005338,2.5042243601101966
eng-championship,2022-2023,memory,preseason,2022-07-29,eng-championship:2022-2023:norwich-city:west-bromwich-albion,10,eng-premier-league->eng-championship,recent_returner,1.392942992670806,0.8634571689358512,2.163458403211023
eng-championship,2022-2023,memory,preseason,2022-07-29,eng-championship:2022-2023:watford:sunderland,10,mixed,mixed,1.4698164212061877,0.9435685768987656,3.065435917428041
eng-championship,2022-2023,memory,preseason,2022-07-29,eng-championship:2022-2023:wigan-athletic:reading,9,outside->eng-championship,recent_returner,1.3244608444437425,0.8382497562249689,2.5931053049018256
eng-championship,2022-2023,memory,preseason,2022-07-29,eng-championship:2022-2023:rotherham-united:wigan-athletic,10,mixed,mixed,1.124180823465243,0.6946190932885434,2.8904176342321994
eng-championship,2023-2024,current,preseason,2023-08-04,eng-championship:2023-2024:sheffield-wednesday:southampton,1,mixed,mixed,0.9393677029105373,0.5601379735200328,2.5618759016055614
eng-championship,2023-2024,current,preseason,2023-08-04,eng-championship:2023-2024:plymouth-argyle:huddersfield-town,1,outside->eng-championship,no_target_history,0.7850077063635795,0.444647179509546,3.232470099014252
eng-championship,2023-2024,current,preseason,2023-08-04,eng-championship:2023-2024:leeds-united:cardiff-city,1,eng-premier-league->eng-championship,stale_history,1.4454425519823768,0.9490002340183141,3.2634839981043693
eng-championship,2023-2024,current,preseason,2023-08-04,eng-championship:2023-2024:leicester-city:coventry-city,1,eng-premier-league->eng-championship,stale_history,0.8589476527829744,0.4994846400065857,2.5119525469901847
eng-championship,2023-2024,current,preseason,2023-08-04,eng-championship:2023-2024:sunderland:ipswich-town,1,outside->eng-championship,stale_history,1.4599443935438927,0.9250311784256205,2.8882788906964825
eng-championship,2023-2024,current,preseason,2023-08-04,eng-championship:2023-2024:birmingham-city:leeds-united,2,eng-premier-league->eng-championship,stale_history,1.3222930482946182,0.8303381991231842,2.4432220205774344
eng-championship,2023-2024,current,preseason,2023-08-04,eng-championship:2023-2024:huddersfield-town:leicester-city,2,eng-premier-league->eng-championship,stale_history,1.0020673668435611,0.6058752707677995,2.240955287921385
eng-championship,2023-2024,current,preseason,2023-08-04,eng-championship:2023-2024:hull-city:sheffield-wednesday,2,outside->eng-championship,recent_returner,0.8384102264992948,0.48374093555266084,4.97039638197984
eng-championship,2023-2024,current,preseason,2023-08-04,eng-championship:2023-2024:ipswich-town:stoke-city,2,outside->eng-championship,stale_history,1.0163600964845483,0.6156491079955756,2.724763153199313
eng-championship,2023-2024,current,preseason,2023-08-04,eng-championship:2023-2024:southampton:norwich-city,2,eng-premier-league->eng-championship,stale_history,1.335139806491982,0.8200747645645086,7.189108578006203
eng-championship,2023-2024,current,preseason,2023-08-04,eng-championship:2023-2024:watford:plymouth-argyle,2,outside->eng-championship,no_target_history,1.3817988878292735,0.8551265361466129,2.3598511443447205
eng-championship,2023-2024,current,preseason,2023-08-04,eng-championship:2023-2024:leeds-united:west-bromwich-albion,3,eng-premier-league->eng-championship,stale_history,1.3624792497292333,0.8578556718391006,2.1324898340736533
eng-championship,2023-2024,current,preseason,2023-08-04,eng-championship:2023-2024:leicester-city:cardiff-city,3,eng-premier-league->eng-championship,stale_history,0.6677944674405513,0.3560786796688562,2.4370283032694573
eng-championship,2023-2024,current,preseason,2023-08-04,eng-championship:2023-2024:plymouth-argyle:southampton,3,mixed,mixed,1.0646822298596943,0.6558980549764746,2.7600631286264736
eng-championship,2023-2024,current,preseason,2023-08-04,eng-championship:2023-2024:queens-park-rangers:ipswich-town,3,outside->eng-championship,stale_history,1.0612822204836174,0.6493422445217087,2.2953502055989863
eng-championship,2023-2024,current,preseason,2023-08-04,eng-championship:2023-2024:sheffield-wednesday:preston-north-end,3,outside->eng-championship,recent_returner,1.1745808365507466,0.7289825988826655,2.3412938260630964
eng-championship,2023-2024,current,preseason,2023-08-04,eng-championship:2023-2024:birmingham-city:plymouth-argyle,4,outside->eng-championship,no_target_history,1.0429176458144984,0.6381376491930908,2.7284714209347998
eng-championship,2023-2024,current,preseason,2023-08-04,eng-championship:2023-2024:cardiff-city:sheffield-wednesday,4,outside->eng-championship,recent_returner,0.8684587474840023,0.5062553606132764,2.5103018972308413
eng-championship,2023-2024,current,preseason,2023-08-04,eng-championship:2023-2024:ipswich-town:leeds-united,4,mixed,mixed,0.7887602047803216,0.4469838211731903,5.895219775369569
eng-championship,2023-2024,current,preseason,2023-08-04,eng-championship:2023-2024:rotherham-united:leicester-city,4,eng-premier-league->eng-championship,stale_history,0.9306963466827879,0.5528912023327471,2.5533186886093393
eng-championship,2023-2024,current,preseason,2023-08-04,eng-championship:2023-2024:southampton:queens-park-rangers,4,eng-premier-league->eng-championship,stale_history,0.5937178628967601,0.30099608522740995,2.4094925449645994
eng-championship,2023-2024,current,preseason,2023-08-04,eng-championship:2023-2024:ipswich-town:cardiff-city,5,outside->eng-championship,stale_history,0.8629576912415603,0.5022604249719996,3.9363778337088178
eng-championship,2023-2024,current,preseason,2023-08-04,eng-championship:2023-2024:leeds-united:sheffield-wednesday,5,mixed,mixed,1.4604892657800679,0.9540973322058212,2.5495370500755588
eng-championship,2023-2024,current,preseason,2023-08-04,eng-championship:2023-2024:leicester-city:hull-city,5,eng-premier-league->eng-championship,stale_history,1.3942831564279192,0.8777173148726096,2.4789542280655246
eng-championship,2023-2024,current,preseason,2023-08-04,eng-championship:2023-2024:plymouth-argyle:blackburn-rovers,5,outside->eng-championship,no_target_history,0.8437790586626325,0.4890468164383461,3.2578108440868006
eng-championship,2023-2024,current,preseason,2023-08-04,eng-championship:2023-2024:sunderland:southampton,5,eng-premier-league->eng-championship,stale_history,0.8270864483565938,0.4762589211418121,5.26057700646541
eng-championship,2023-2024,current,preseason,2023-08-04,eng-championship:2023-2024:southampton:leicester-city,6,mixed,mixed,1.1430485991090036,0.7097400978276147,4.736801346506692
eng-championship,2023-2024,current,preseason,2023-08-04,eng-championship:2023-2024:preston-north-end:plymouth-argyle,6,outside->eng-championship,no_target_history,0.981614340553613,0.5929034587707176,2.687444506573339
eng-championship,2023-2024,current,preseason,2023-08-04,eng-championship:2023-2024:sheffield-wednesday:ipswich-town,6,mixed,mixed,1.1734527003187438,0.7298735316479906,2.359236470378871
eng-championship,2023-2024,current,preseason,2023-08-04,eng-championship:2023-2024:millwall:leeds-united,6,eng-premier-league->eng-championship,stale_history,0.9901495408431794,0.5962409408286458,3.540161941110781
eng-championship,2023-2024,current,preseason,2023-08-04,eng-championship:2023-2024:bristol-city:plymouth-argyle,7,outside->eng-championship,no_target_history,0.9068425918079326,0.5372627969629482,4.203246440580022
eng-championship,2023-2024,current,preseason,2023-08-04,eng-championship:2023-2024:sheffield-wednesday:middlesbrough,7,outside->eng-championship,recent_returner,1.3826971518821587,0.8547035229767338,2.143634994237921
eng-championship,2023-2024,current,preseason,2023-08-04,eng-championship:2023-2024:southampton:ipswich-town,7,mixed,mixed,1.4122895916834188,0.8937536175464169,2.5370777657488355
eng-championship,2023-2024,current,preseason,2023-08-04,eng-championship:2023-2024:hull-city:leeds-united,7,eng-premier-league->eng-championship,stale_history,1.3210664520496986,0.8154943437055684,2.37476545495221
eng-championship,2023-2024,current,preseason,2023-08-04,eng-championship:2023-2024:norwich-city:leicester-city,7,eng-premier-league->eng-championship,stale_history,1.1649272486832418,0.7233684702977814,2.9126745105815246
eng-championship,2023-2024,current,preseason,2023-08-04,eng-championship:2023-2024:ipswich-town:blackburn-rovers,8,outside->eng-championship,stale_history,0.9964025299689712,0.6011669751664245,6.053164845519019
eng-championship,2023-2024,current,preseason,2023-08-04,eng-championship:2023-2024:leeds-united:watford,8,eng-premier-league->eng-championship,stale_history,0.7370782665509896,0.40794306023185295,3.073156585687886
eng-championship,2023-2024,current,preseason,2023-08-04,eng-championship:2023-2024:leicester-city:bristol-city,8,eng-premier-league->eng-championship,stale_history,0.7279552927918289,0.40116173103603375,2.122974943101044
eng-championship,2023-2024,current,preseason,2023-08-04,eng-championship:2023-2024:middlesbrough:southampton,8,eng-premier-league->eng-championship,stale_history,0.7026296916534955,0.38233517352401314,2.4240991200411477
eng-championship,2023-2024,current,preseason,2023-08-04,eng-championship:2023-2024:plymouth-argyle:norwich-city,8,outside->eng-championship,no_target_history,0.9161532251267593,0.5439642951236956,6.804405434696884
eng-championship,2023-2024,current,preseason,2023-08-04,eng-championship:2023-2024:swansea-city:sheffield-wednesday,8,outside->eng-championship,recent_returner,0.6932349111806239,0.3751232381112391,3.008468282512914
eng-championship,2023-2024,current,preseason,2023-08-04,eng-championship:2023-2024:sheffield-wednesday:sunderland,9,outside->eng-championship,recent_returner,0.922901820012332,0.5479158575637271,3.4180951869587037
eng-championship,2023-2024,current,preseason,2023-08-04,eng-championship:2023-2024:huddersfield-town:ipswich-town,9,outside->eng-championship,stale_history,1.3449050750339242,0.8345691075797744,2.1143802699792555
eng-championship,2023-2024,current,preseason,2023-08-04,eng-championship:2023-2024:hull-city:plymouth-argyle,9,outside->eng-championship,no_target_history,1.3514582986724288,0.8242910462569022,2.1976585542297657
eng-championship,2023-2024,current,preseason,2023-08-04,eng-championship:2023-2024:southampton:leeds-united,9,mixed,mixed,0.9999480228515433,0.6051862688990576,3.435663542958222
eng-championship,2023-2024,current,preseason,2023-08-04,eng-championship:2023-2024:blackburn-rovers:leicester-city,9,eng-premier-league->eng-championship,stale_history,1.0749049060694613,0.6586063112002699,4.682549676625491
eng-championship,2023-2024,current,preseason,2023-08-04,eng-championship:2023-2024:ipswich-town:hull-city,10,outside->eng-championship,stale_history,0.896313831623558,0.5270402443388432,3.3642008493454605
eng-championship,2023-2024,current,preseason,2023-08-04,eng-championship:2023-2024:plymouth-argyle:millwall,10,outside->eng-championship,no_target_history,1.0928783392711026,0.6740736938212094,2.8602338166846093
eng-championship,2023-2024,current,preseason,2023-08-04,eng-championship:2023-2024:stoke-city:southampton,10,eng-premier-league->eng-championship,stale_history,1.101485028634095,0.6777486509474704,2.2904943338072528
eng-championship,2023-2024,current,preseason,2023-08-04,eng-championship:2023-2024:west-bromwich-albion:sheffield-wednesday,10,outside->eng-championship,recent_returner,0.6880967002879091,0.3712566406957422,2.0730677517155653
eng-championship,2023-2024,current,preseason,2023-08-04,eng-championship:2023-2024:leeds-united:queens-park-rangers,10,eng-premier-league->eng-championship,stale_history,0.4912848981797405,0.2272500105799116,2.0697510225491245
eng-championship,2023-2024,current,preseason,2023-08-04,eng-championship:2023-2024:leicester-city:preston-north-end,10,eng-premier-league->eng-championship,stale_history,0.6714633161098773,0.35877613986864,2.9438610656685134
eng-championship,2023-2024,population,preseason,2023-08-04,eng-championship:2023-2024:sheffield-wednesday:southampton,1,mixed,mixed,1.1141950709906359,0.6949837437431857,2.904542603047341
eng-championship,2023-2024,population,preseason,2023-08-04,eng-championship:2023-2024:plymouth-argyle:huddersfield-town,1,outside->eng-championship,no_target_history,0.7775232651525078,0.4389902871614816,3.223852015983703
eng-championship,2023-2024,population,preseason,2023-08-04,eng-championship:2023-2024:leeds-united:cardiff-city,1,eng-premier-league->eng-championship,stale_history,1.3963748911599432,0.8735712544364254,3.249675898443602
eng-championship,2023-2024,population,preseason,2023-08-04,eng-championship:2023-2024:leicester-city:coventry-city,1,eng-premier-league->eng-championship,stale_history,0.9137780506163135,0.5419324353924216,2.6631843998240297
eng-championship,2023-2024,population,preseason,2023-08-04,eng-championship:2023-2024:sunderland:ipswich-town,1,outside->eng-championship,stale_history,1.2577974741006843,0.7972544880563561,2.863586426901014
eng-championship,2023-2024,population,preseason,2023-08-04,eng-championship:2023-2024:birmingham-city:leeds-united,2,eng-premier-league->eng-championship,stale_history,1.050428367458466,0.6436914971561574,2.3169741228977676
eng-championship,2023-2024,population,preseason,2023-08-04,eng-championship:2023-2024:huddersfield-town:leicester-city,2,eng-premier-league->eng-championship,stale_history,1.0546084940055669,0.6469729819626344,2.324800878225795
eng-championship,2023-2024,population,preseason,2023-08-04,eng-championship:2023-2024:hull-city:sheffield-wednesday,2,outside->eng-championship,recent_returner,0.9679591589843991,0.5814666360404664,4.907179979873454
eng-championship,2023-2024,population,preseason,2023-08-04,eng-championship:2023-2024:ipswich-town:stoke-city,2,outside->eng-championship,stale_history,0.8514872463376977,0.49485876135861445,2.602722365240097
eng-championship,2023-2024,population,preseason,2023-08-04,eng-championship:2023-2024:southampton:norwich-city,2,eng-premier-league->eng-championship,stale_history,1.3758079403168966,0.8442921479202116,6.513425717430635
eng-championship,2023-2024,population,preseason,2023-08-04,eng-championship:2023-2024:watford:plymouth-argyle,2,outside->eng-championship,no_target_history,1.3709963432298888,0.841144935699017,2.351675979603672
eng-championship,2023-2024,population,preseason,2023-08-04,eng-championship:2023-2024:leeds-united:west-bromwich-albion,3,eng-premier-league->eng-championship,stale_history,1.358709144023131,0.8310700879243751,2.215499209686716
eng-championship,2023-2024,population,preseason,2023-08-04,eng-championship:2023-2024:leicester-city:cardiff-city,3,eng-premier-league->eng-championship,stale_history,0.7215908628257628,0.3965131287695278,2.5798107673654695
eng-championship,2023-2024,population,preseason,2023-08-04,eng-championship:2023-2024:plymouth-argyle:southampton,3,mixed,mixed,1.1141219263893778,0.694994991160439,2.8964135429197295
eng-championship,2023-2024,population,preseason,2023-08-04,eng-championship:2023-2024:queens-park-rangers:ipswich-town,3,outside->eng-championship,stale_history,0.8884168760217357,0.5234572032077593,2.254115207723639
eng-championship,2023-2024,population,preseason,2023-08-04,eng-championship:2023-2024:sheffield-wednesday:preston-north-end,3,outside->eng-championship,recent_returner,1.3119201754402896,0.8294475798616514,2.4903956827572022
eng-championship,2023-2024,population,preseason,2023-08-04,eng-championship:2023-2024:birmingham-city:plymouth-argyle,4,outside->eng-championship,no_target_history,1.0489183215589053,0.6426213122615584,2.7320765947093024
eng-championship,2023-2024,population,preseason,2023-08-04,eng-championship:2023-2024:cardiff-city:sheffield-wednesday,4,outside->eng-championship,recent_returner,0.9984179059823733,0.6049556197425405,2.7049174306155472
eng-championship,2023-2024,population,preseason,2023-08-04,eng-championship:2023-2024:ipswich-town:leeds-united,4,mixed,mixed,1.114097126893642,0.6950044342626235,5.471766793425578
eng-championship,2023-2024,population,preseason,2023-08-04,eng-championship:2023-2024:rotherham-united:leicester-city,4,eng-premier-league->eng-championship,stale_history,1.0007304014126157,0.606803595237836,2.7088840101928726
eng-championship,2023-2024,population,preseason,2023-08-04,eng-championship:2023-2024:southampton:queens-park-rangers,4,eng-premier-league->eng-championship,stale_history,0.6423180936213526,0.3369193003766119,2.5506196324163417
eng-championship,2023-2024,population,preseason,2023-08-04,eng-championship:2023-2024:ipswich-town:cardiff-city,5,outside->eng-championship,stale_history,0.7220588871810345,0.3968731582816419,3.8500271480692456
eng-championship,2023-2024,population,preseason,2023-08-04,eng-championship:2023-2024:leeds-united:sheffield-wednesday,5,mixed,mixed,1.4237303146471652,0.8698238459062715,2.3449823608082707
eng-championship,2023-2024,population,preseason,2023-08-04,eng-championship:2023-2024:leicester-city:hull-city,5,eng-premier-league->eng-championship,stale_history,1.2791988681065505,0.8043501752193054,2.4207341547753725
eng-championship,2023-2024,population,preseason,2023-08-04,eng-championship:2023-2024:plymouth-argyle:blackburn-rovers,5,outside->eng-championship,no_target_history,0.8374901311522202,0.48431749583849193,3.2474475741775133
eng-championship,2023-2024,population,preseason,2023-08-04,eng-championship:2023-2024:sunderland:southampton,5,eng-premier-league->eng-championship,stale_history,0.7396091510393631,0.41090882287123365,4.637818395703797
eng-championship,2023-2024,population,preseason,2023-08-04,eng-championship:2023-2024:southampton:leicester-city,6,mixed,mixed,1.1140575110635291,0.6950453338464727,4.4502986494259495
eng-championship,2023-2024,population,preseason,2023-08-04,eng-championship:2023-2024:preston-north-end:plymouth-argyle,6,outside->eng-championship,no_target_history,0.9873643538754624,0.5972421276904485,2.6907054322764035
eng-championship,2023-2024,population,preseason,2023-08-04,eng-championship:2023-2024:sheffield-wednesday:ipswich-town,6,mixed,mixed,1.1140567056264494,0.6950479021145474,2.416059466276802
eng-championship,2023-2024,population,preseason,2023-08-04,eng-championship:2023-2024:millwall:leeds-united,6,eng-premier-league->eng-championship,stale_history,1.1928425788582737,0.7456428365696083,3.8429765362581856
eng-championship,2023-2024,population,preseason,2023-08-04,eng-championship:2023-2024:bristol-city:plymouth-argyle,7,outside->eng-championship,no_target_history,0.9127004612345472,0.5417192951235599,4.210927163701083
eng-championship,2023-2024,population,preseason,2023-08-04,eng-championship:2023-2024:sheffield-wednesday:middlesbrough,7,outside->eng-championship,recent_returner,1.4153584708819453,0.8608768507055826,2.2506445620098887
eng-championship,2023-2024,population,preseason,2023-08-04,eng-championship:2023-2024:southampton:ipswich-town,7,mixed,mixed,1.1140549413560614,0.695055896823953,2.4158782420716562
eng-championship,2023-2024,population,preseason,2023-08-04,eng-championship:2023-2024:hull-city:leeds-united,7,eng-premier-league->eng-championship,stale_history,1.342073460331081,0.8187814077506625,2.2965123425072207
eng-championship,2023-2024,population,preseason,2023-08-04,eng-championship:2023-2024:norwich-city:leicester-city,7,eng-premier-league->eng-championship,stale_history,1.133253388709933,0.7044219386421351,2.922970416498477
eng-championship,2023-2024,population,preseason,2023-08-04,eng-championship:2023-2024:ipswich-town:blackburn-rovers,8,outside->eng-championship,stale_history,0.8372712074416814,0.484176999347653,5.605248919301166
eng-championship,2023-2024,population,preseason,2023-08-04,eng-championship:2023-2024:leeds-united:watford,8,eng-premier-league->eng-championship,stale_history,0.8525821211679259,0.4958842697314244,3.2683413859347117
eng-championship,2023-2024,population,preseason,2023-08-04,eng-championship:2023-2024:leicester-city:bristol-city,8,eng-premier-league->eng-championship,stale_history,0.7826183919990412,0.4430464542284688,2.196874869482067
eng-championship,2023-2024,population,preseason,2023-08-04,eng-championship:2023-2024:middlesbrough:southampton,8,eng-premier-league->eng-championship,stale_history,0.6588742479473079,0.3496140618030883,2.5394051539158764
eng-championship,2023-2024,population,preseason,2023-08-04,eng-championship:2023-2024:plymouth-argyle:norwich-city,8,outside->eng-championship,no_target_history,0.8423563257810956,0.48825720195829214,6.634591146834674
eng-championship,2023-2024,population,preseason,2023-08-04,eng-championship:2023-2024:swansea-city:sheffield-wednesday,8,outside->eng-championship,recent_returner,0.8172457044837041,0.47047495577286746,3.2263696848262122
eng-championship,2023-2024,population,preseason,2023-08-04,eng-championship:2023-2024:sheffield-wednesday:sunderland,9,outside->eng-championship,recent_returner,1.0155628227480586,0.6208463151814116,3.5473357275828765
eng-championship,2023-2024,population,preseason,2023-08-04,eng-championship:2023-2024:huddersfield-town:ipswich-town,9,outside->eng-championship,stale_history,1.367035269827146,0.8340693429343264,2.2088050022729364
eng-championship,2023-2024,population,preseason,2023-08-04,eng-championship:2023-2024:hull-city:plymouth-argyle,9,outside->eng-championship,no_target_history,1.3427959785772419,0.8192087417494063,2.192774153622633
eng-championship,2023-2024,population,preseason,2023-08-04,eng-championship:2023-2024:southampton:leeds-united,9,mixed,mixed,0.8412015980427201,0.48915417825928176,3.3402287202194447
eng-championship,2023-2024,population,preseason,2023-08-04,eng-championship:2023-2024:blackburn-rovers:leicester-city,9,eng-premier-league->eng-championship,stale_history,1.126578123777266,0.6989561965146831,4.598237014114458
eng-championship,2023-2024,population,preseason,2023-08-04,eng-championship:2023-2024:ipswich-town:hull-city,10,outside->eng-championship,stale_history,0.7594411443681358,0.4249835610628273,3.1030280709607077
eng-championship,2023-2024,population,preseason,2023-08-04,eng-championship:2023-2024:plymouth-argyle:millwall,10,outside->eng-championship,no_target_history,1.0992421225174192,0.6787463470979961,2.8684364684893
eng-championship,2023-2024,population,preseason,2023-08-04,eng-championship:2023-2024:stoke-city:southampton,10,eng-premier-league->eng-championship,stale_history,1.1428407191167758,0.7106088345591742,2.3643556101674625
eng-championship,2023-2024,population,preseason,2023-08-04,eng-championship:2023-2024:west-bromwich-albion:sheffield-wednesday,10,outside->eng-championship,recent_returner,0.8160648142200606,0.468053574888301,2.1745479315229974
eng-championship,2023-2024,population,preseason,2023-08-04,eng-championship:2023-2024:leeds-united:queens-park-rangers,10,eng-premier-league->eng-championship,stale_history,0.6452355995811541,0.3391065389395989,2.1517692463851334
eng-championship,2023-2024,population,preseason,2023-08-04,eng-championship:2023-2024:leicester-city:preston-north-end,10,eng-premier-league->eng-championship,stale_history,0.7256319397911067,0.3996612541743619,3.0523385851421034
eng-championship,2023-2024,transition,preseason,2023-08-04,eng-championship:2023-2024:sheffield-wednesday:southampton,1,mixed,mixed,0.8472252659947298,0.4910884101762646,2.486200493738089
eng-championship,2023-2024,transition,preseason,2023-08-04,eng-championship:2023-2024:plymouth-argyle:huddersfield-town,1,outside->eng-championship,no_target_history,0.9164786033439697,0.5420157512015307,3.3267572319318663
eng-championship,2023-2024,transition,preseason,2023-08-04,eng-championship:2023-2024:leeds-united:cardiff-city,1,eng-premier-league->eng-championship,stale_history,1.4316272365223586,0.929565277840284,3.1964195671040665
eng-championship,2023-2024,transition,preseason,2023-08-04,eng-championship:2023-2024:leicester-city:coventry-city,1,eng-premier-league->eng-championship,stale_history,0.7705563889218531,0.43314854810957676,2.4558859433762286
eng-championship,2023-2024,transition,preseason,2023-08-04,eng-championship:2023-2024:sunderland:ipswich-town,1,outside->eng-championship,stale_history,1.3977223050298735,0.883647745394835,2.8214648987583733
eng-championship,2023-2024,transition,preseason,2023-08-04,eng-championship:2023-2024:birmingham-city:leeds-united,2,eng-premier-league->eng-championship,stale_history,1.2535738055468115,0.7849481513938188,2.42751065813061
eng-championship,2023-2024,transition,preseason,2023-08-04,eng-championship:2023-2024:huddersfield-town:leicester-city,2,eng-premier-league->eng-championship,stale_history,0.910238638649165,0.538020069949154,2.220146669781581
eng-championship,2023-2024,transition,preseason,2023-08-04,eng-championship:2023-2024:hull-city:sheffield-wednesday,2,outside->eng-championship,recent_returner,0.8441180689091583,0.4878788261267961,4.985099963470148
eng-championship,2023-2024,transition,preseason,2023-08-04,eng-championship:2023-2024:ipswich-town:stoke-city,2,outside->eng-championship,stale_history,1.0013950669732479,0.6042281256027753,2.7213564983848606
eng-championship,2023-2024,transition,preseason,2023-08-04,eng-championship:2023-2024:southampton:norwich-city,2,eng-premier-league->eng-championship,stale_history,1.3739102979816549,0.8614137005257153,7.001495909650451
eng-championship,2023-2024,transition,preseason,2023-08-04,eng-championship:2023-2024:watford:plymouth-argyle,2,outside->eng-championship,no_target_history,1.3663592325158749,0.8629355197687033,2.4753037105000764
eng-championship,2023-2024,transition,preseason,2023-08-04,eng-championship:2023-2024:leeds-united:west-bromwich-albion,3,eng-premier-league->eng-championship,stale_history,1.3586662609990585,0.8484819653314989,2.1300405595046383
eng-championship,2023-2024,transition,preseason,2023-08-04,eng-championship:2023-2024:leicester-city:cardiff-city,3,eng-premier-league->eng-championship,stale_history,0.5907184292751244,0.2989853146380735,2.4029610600973883
eng-championship,2023-2024,transition,preseason,2023-08-04,eng-championship:2023-2024:plymouth-argyle:southampton,3,mixed,mixed,0.8492786660844773,0.49262800848899,2.4878223157819748
eng-championship,2023-2024,transition,preseason,2023-08-04,eng-championship:2023-2024:queens-park-rangers:ipswich-town,3,outside->eng-championship,stale_history,1.0450701863252627,0.6369103050034148,2.2929224006044233
eng-championship,2023-2024,transition,preseason,2023-08-04,eng-championship:2023-2024:sheffield-wednesday:preston-north-end,3,outside->eng-championship,recent_returner,1.1886143830387421,0.7382684381388875,2.3448705692733163
eng-championship,2023-2024,transition,preseason,2023-08-04,eng-championship:2023-2024:birmingham-city:plymouth-argyle,4,outside->eng-championship,no_target_history,0.9285447841544217,0.5508877773734955,2.5277232056864896
eng-championship,2023-2024,transition,preseason,2023-08-04,eng-championship:2023-2024:cardiff-city:sheffield-wednesday,4,outside->eng-championship,recent_returner,0.8776848537644784,0.5130109499687497,2.5036633736530414
eng-championship,2023-2024,transition,preseason,2023-08-04,eng-championship:2023-2024:ipswich-town:leeds-united,4,mixed,mixed,0.8502310029330873,0.49334199249173905,5.723463280697523
eng-championship,2023-2024,transition,preseason,2023-08-04,eng-championship:2023-2024:rotherham-united:leicester-city,4,eng-premier-league->eng-championship,stale_history,0.847317128476747,0.4908254451924213,2.4919671464984496
eng-championship,2023-2024,transition,preseason,2023-08-04,eng-championship:2023-2024:southampton:queens-park-rangers,4,eng-premier-league->eng-championship,stale_history,0.5149690021430647,0.2438733623063721,2.3871043928398517
eng-championship,2023-2024,transition,preseason,2023-08-04,eng-championship:2023-2024:ipswich-town:cardiff-city,5,outside->eng-championship,stale_history,0.8456677279398062,0.4891596054420171,3.8908589139000043
eng-championship,2023-2024,transition,preseason,2023-08-04,eng-championship:2023-2024:leeds-united:sheffield-wednesday,5,mixed,mixed,1.4420423333527193,0.9316896708093408,2.5878285278115385
eng-championship,2023-2024,transition,preseason,2023-08-04,eng-championship:2023-2024:leicester-city:hull-city,5,eng-premier-league->eng-championship,stale_history,1.517903084439839,0.9564364189343574,2.5915682113281027
eng-championship,2023-2024,transition,preseason,2023-08-04,eng-championship:2023-2024:plymouth-argyle:blackburn-rovers,5,outside->eng-championship,no_target_history,0.9825913970053324,0.5905354940059668,3.5479904839604313
eng-championship,2023-2024,transition,preseason,2023-08-04,eng-championship:2023-2024:sunderland:southampton,5,eng-premier-league->eng-championship,stale_history,0.9566823133716805,0.5739204434527493,5.695995963632012
eng-championship,2023-2024,transition,preseason,2023-08-04,eng-championship:2023-2024:southampton:leicester-city,6,mixed,mixed,1.1580408351888989,0.721057370767291,4.689156200663932
eng-championship,2023-2024,transition,preseason,2023-08-04,eng-championship:2023-2024:preston-north-end:plymouth-argyle,6,outside->eng-championship,no_target_history,0.8687185197508237,0.5065062820194206,2.495596250210548
eng-championship,2023-2024,transition,preseason,2023-08-04,eng-championship:2023-2024:sheffield-wednesday:ipswich-town,6,mixed,mixed,1.1721431559223483,0.7277026566818124,2.3652979144529986
eng-championship,2023-2024,transition,preseason,2023-08-04,eng-championship:2023-2024:millwall:leeds-united,6,eng-premier-league->eng-championship,stale_history,1.045207159348467,0.6368854745872136,3.6475742787107235
eng-championship,2023-2024,transition,preseason,2023-08-04,eng-championship:2023-2024:bristol-city:plymouth-argyle,7,outside->eng-championship,no_target_history,0.7948384831575964,0.4513302885938177,4.168108511981496
eng-championship,2023-2024,transition,preseason,2023-08-04,eng-championship:2023-2024:sheffield-wednesday:middlesbrough,7,outside->eng-championship,recent_returner,1.374914631469937,0.8495310139553046,2.13602933408127
eng-championship,2023-2024,transition,preseason,2023-08-04,eng-championship:2023-2024:southampton:ipswich-town,7,mixed,mixed,1.54412990076866,0.9768366629220605,2.676834519515219
eng-championship,2023-2024,transition,preseason,2023-08-04,eng-championship:2023-2024:hull-city:leeds-united,7,eng-premier-league->eng-championship,stale_history,1.3195081517323715,0.8096822957335366,2.40108702765823
eng-championship,2023-2024,transition,preseason,2023-08-04,eng-championship:2023-2024:norwich-city:leicester-city,7,eng-premier-league->eng-championship,stale_history,1.0135536230845894,0.6146239778821412,2.7564478943126325
eng-championship,2023-2024,transition,preseason,2023-08-04,eng-championship:2023-2024:ipswich-town:blackburn-rovers,8,outside->eng-championship,stale_history,0.9812460376594281,0.5895857867516638,5.988516142824456
eng-championship,2023-2024,transition,preseason,2023-08-04,eng-championship:2023-2024:leeds-united:watford,8,eng-premier-league->eng-championship,stale_history,0.7401177302344245,0.410299150056313,3.092688102601177
eng-championship,2023-2024,transition,preseason,2023-08-04,eng-championship:2023-2024:leicester-city:bristol-city,8,eng-premier-league->eng-championship,stale_history,0.6493967674776571,0.34226690151222056,2.1229128761759988
eng-championship,2023-2024,transition,preseason,2023-08-04,eng-championship:2023-2024:middlesbrough:southampton,8,eng-premier-league->eng-championship,stale_history,0.784618542931688,0.44455440141229186,2.4433968551938703
eng-championship,2023-2024,transition,preseason,2023-08-04,eng-championship:2023-2024:plymouth-argyle:norwich-city,8,outside->eng-championship,no_target_history,1.0139417972426723,0.6139215183889195,7.796847936981026
eng-championship,2023-2024,transition,preseason,2023-08-04,eng-championship:2023-2024:swansea-city:sheffield-wednesday,8,outside->eng-championship,recent_returner,0.6990145044387359,0.3794484266413774,3.02730172289649
eng-championship,2023-2024,transition,preseason,2023-08-04,eng-championship:2023-2024:sheffield-wednesday:sunderland,9,outside->eng-championship,recent_returner,0.9689283080146514,0.5820617343094254,3.516214430965471
eng-championship,2023-2024,transition,preseason,2023-08-04,eng-championship:2023-2024:huddersfield-town:ipswich-town,9,outside->eng-championship,stale_history,1.3320810467255209,0.8254901573450111,2.1000161907166097
eng-championship,2023-2024,transition,preseason,2023-08-04,eng-championship:2023-2024:hull-city:plymouth-argyle,9,outside->eng-championship,no_target_history,1.3099478636563142,0.8081859130802023,2.0828941340220313
eng-championship,2023-2024,transition,preseason,2023-08-04,eng-championship:2023-2024:southampton:leeds-united,9,mixed,mixed,0.8428536889720682,0.48824975595634534,3.200910029918938
eng-championship,2023-2024,transition,preseason,2023-08-04,eng-championship:2023-2024:blackburn-rovers:leicester-city,9,eng-premier-league->eng-championship,stale_history,0.9815817867372063,0.5906594999300622,4.4788412572647935
eng-championship,2023-2024,transition,preseason,2023-08-04,eng-championship:2023-2024:ipswich-town:hull-city,10,outside->eng-championship,stale_history,0.8850873812559533,0.5183852745631222,3.3675424961389964
eng-championship,2023-2024,transition,preseason,2023-08-04,eng-championship:2023-2024:plymouth-argyle:millwall,10,outside->eng-championship,no_target_history,0.9796951787777927,0.588260425518897,2.6760426691022197
eng-championship,2023-2024,transition,preseason,2023-08-04,eng-championship:2023-2024:stoke-city:southampton,10,eng-premier-league->eng-championship,stale_history,0.9987355585595478,0.6032590503944623,2.2527633702437857
eng-championship,2023-2024,transition,preseason,2023-08-04,eng-championship:2023-2024:west-bromwich-albion:sheffield-wednesday,10,outside->eng-championship,recent_returner,0.6996188542523315,0.3798937697488673,2.0703093141813342
eng-championship,2023-2024,transition,preseason,2023-08-04,eng-championship:2023-2024:leeds-united:queens-park-rangers,10,eng-premier-league->eng-championship,stale_history,0.520889476588376,0.24810800191643723,2.103984985804783
eng-championship,2023-2024,transition,preseason,2023-08-04,eng-championship:2023-2024:leicester-city:preston-north-end,10,eng-premier-league->eng-championship,stale_history,0.5969693835501788,0.3034886597898286,2.826327974190196
eng-championship,2023-2024,source,preseason,2023-08-04,eng-championship:2023-2024:sheffield-wednesday:southampton,1,mixed,mixed,0.8559562914918731,0.4976529044892467,2.483737808061198
eng-championship,2023-2024,source,preseason,2023-08-04,eng-championship:2023-2024:plymouth-argyle:huddersfield-town,1,outside->eng-championship,no_target_history,0.9116241440919373,0.5384136235223496,3.3210905622818814
eng-championship,2023-2024,source,preseason,2023-08-04,eng-championship:2023-2024:leeds-united:cardiff-city,1,eng-premier-league->eng-championship,stale_history,1.4370226013229004,0.9269853634967199,3.1322454835714817
eng-championship,2023-2024,source,preseason,2023-08-04,eng-championship:2023-2024:leicester-city:coventry-city,1,eng-premier-league->eng-championship,stale_history,0.7479773169507637,0.416133190765692,2.445430627187906
eng-championship,2023-2024,source,preseason,2023-08-04,eng-championship:2023-2024:sunderland:ipswich-town,1,outside->eng-championship,stale_history,1.392581183081008,0.8802628175687024,2.8176161299961837
eng-championship,2023-2024,source,preseason,2023-08-04,eng-championship:2023-2024:birmingham-city:leeds-united,2,eng-premier-league->eng-championship,stale_history,1.212686082616217,0.7583970019290898,2.444164928265531
eng-championship,2023-2024,source,preseason,2023-08-04,eng-championship:2023-2024:huddersfield-town:leicester-city,2,eng-premier-league->eng-championship,stale_history,0.884705410956404,0.5187612487426903,2.204937037168554
eng-championship,2023-2024,source,preseason,2023-08-04,eng-championship:2023-2024:hull-city:sheffield-wednesday,2,outside->eng-championship,recent_returner,0.8482214303088814,0.4909354139093222,4.989603959565896
eng-championship,2023-2024,source,preseason,2023-08-04,eng-championship:2023-2024:ipswich-town:stoke-city,2,outside->eng-championship,stale_history,0.9965120789282457,0.6006678003114921,2.715520068080576
eng-championship,2023-2024,source,preseason,2023-08-04,eng-championship:2023-2024:southampton:norwich-city,2,eng-premier-league->eng-championship,stale_history,1.3860173492255874,0.8718751486013466,6.910814697033538
eng-championship,2023-2024,source,preseason,2023-08-04,eng-championship:2023-2024:watford:plymouth-argyle,2,outside->eng-championship,no_target_history,1.3644653905230566,0.8590857317371028,2.4844057858639568
eng-championship,2023-2024,source,preseason,2023-08-04,eng-championship:2023-2024:leeds-united:west-bromwich-albion,3,eng-premier-league->eng-championship,stale_history,1.3718083770406528,0.853176916886786,2.13955101570021
eng-championship,2023-2024,source,preseason,2023-08-04,eng-championship:2023-2024:leicester-city:cardiff-city,3,eng-premier-league->eng-championship,stale_history,0.5720609462526514,0.2854360286386966,2.3994225730001384
eng-championship,2023-2024,source,preseason,2023-08-04,eng-championship:2023-2024:plymouth-argyle:southampton,3,mixed,mixed,0.8580704983130901,0.4992352417278366,2.4854812909143513
eng-championship,2023-2024,source,preseason,2023-08-04,eng-championship:2023-2024:queens-park-rangers:ipswich-town,3,outside->eng-championship,stale_history,1.0397700593617931,0.6330646095513092,2.2898525216893204
eng-championship,2023-2024,source,preseason,2023-08-04,eng-championship:2023-2024:sheffield-wednesday:preston-north-end,3,outside->eng-championship,recent_returner,1.193846569658273,0.7419187239643992,2.3486356741015406
eng-championship,2023-2024,source,preseason,2023-08-04,eng-championship:2023-2024:birmingham-city:plymouth-argyle,4,outside->eng-championship,no_target_history,0.9334052092348776,0.554484356018938,2.5303832276550486
eng-championship,2023-2024,source,preseason,2023-08-04,eng-championship:2023-2024:cardiff-city:sheffield-wednesday,4,outside->eng-championship,recent_returner,0.8821614183150489,0.5163402335661856,2.505974944565235
eng-championship,2023-2024,source,preseason,2023-08-04,eng-championship:2023-2024:ipswich-town:leeds-united,4,mixed,mixed,0.8780055859891769,0.514752231043618,5.578333215330223
eng-championship,2023-2024,source,preseason,2023-08-04,eng-championship:2023-2024:rotherham-united:leicester-city,4,eng-premier-league->eng-championship,stale_history,0.824616721992118,0.47368041335486377,2.479488755955277
eng-championship,2023-2024,source,preseason,2023-08-04,eng-championship:2023-2024:southampton:queens-park-rangers,4,eng-premier-league->eng-championship,stale_history,0.5162565789657351,0.24480374580064077,2.3813335616342997
eng-championship,2023-2024,source,preseason,2023-08-04,eng-championship:2023-2024:ipswich-town:cardiff-city,5,outside->eng-championship,stale_history,0.8416446009964347,0.4861583445414696,3.888667443685757
eng-championship,2023-2024,source,preseason,2023-08-04,eng-championship:2023-2024:leeds-united:sheffield-wednesday,5,mixed,mixed,1.4445224687152927,0.9263874431636299,2.649708946251314
eng-championship,2023-2024,source,preseason,2023-08-04,eng-championship:2023-2024:leicester-city:hull-city,5,eng-premier-league->eng-championship,stale_history,1.558667999650088,0.9805065945960936,2.6088697757744486
eng-championship,2023-2024,source,preseason,2023-08-04,eng-championship:2023-2024:plymouth-argyle:blackburn-rovers,5,outside->eng-championship,no_target_history,0.9779551146675304,0.587142642009063,3.539541672256293
eng-championship,2023-2024,source,preseason,2023-08-04,eng-championship:2023-2024:sunderland:southampton,5,eng-premier-league->eng-championship,stale_history,0.9493483009020023,0.5684203421659274,5.720559551494208
eng-championship,2023-2024,source,preseason,2023-08-04,eng-championship:2023-2024:southampton:leicester-city,6,mixed,mixed,1.1241987655700005,0.6962778921132973,4.631491201186028
eng-championship,2023-2024,source,preseason,2023-08-04,eng-championship:2023-2024:preston-north-end:plymouth-argyle,6,outside->eng-championship,no_target_history,0.8732638304526938,0.5098972621658293,2.497887993511382
eng-championship,2023-2024,source,preseason,2023-08-04,eng-championship:2023-2024:sheffield-wednesday:ipswich-town,6,mixed,mixed,1.1718647777875686,0.7275245857022075,2.3656032263580267
eng-championship,2023-2024,source,preseason,2023-08-04,eng-championship:2023-2024:millwall:leeds-united,6,eng-premier-league->eng-championship,stale_history,1.0751454559350513,0.6596449889866336,3.7077199145721416
eng-championship,2023-2024,source,preseason,2023-08-04,eng-championship:2023-2024:bristol-city:plymouth-argyle,7,outside->eng-championship,no_target_history,0.7991568049267894,0.4545738533860212,4.175899113817202
eng-championship,2023-2024,source,preseason,2023-08-04,eng-championship:2023-2024:sheffield-wednesday:middlesbrough,7,outside->eng-championship,recent_returner,1.3739837026006576,0.8484805477761861,2.1351013698438965
eng-championship,2023-2024,source,preseason,2023-08-04,eng-championship:2023-2024:southampton:ipswich-town,7,mixed,mixed,1.5342324491134525,0.97058099416971,2.6716379449240435
eng-championship,2023-2024,source,preseason,2023-08-04,eng-championship:2023-2024:hull-city:leeds-united,7,eng-premier-league->eng-championship,stale_history,1.331971920973255,0.8151011561965346,2.471066560004181
eng-championship,2023-2024,source,preseason,2023-08-04,eng-championship:2023-2024:norwich-city:leicester-city,7,eng-premier-league->eng-championship,stale_history,0.9621039691177613,0.5766798946545293,2.7079748121619485
eng-championship,2023-2024,source,preseason,2023-08-04,eng-championship:2023-2024:ipswich-town:blackburn-rovers,8,outside->eng-championship,stale_history,0.9766597485057452,0.5862281436991534,5.985231426389541
eng-championship,2023-2024,source,preseason,2023-08-04,eng-championship:2023-2024:leeds-united:watford,8,eng-premier-league->eng-championship,stale_history,0.7476868218811606,0.4161702525906547,3.122924708237414
eng-championship,2023-2024,source,preseason,2023-08-04,eng-championship:2023-2024:leicester-city:bristol-city,8,eng-premier-league->eng-championship,stale_history,0.6295963325480239,0.32757929494997945,2.113922639553109
eng-championship,2023-2024,source,preseason,2023-08-04,eng-championship:2023-2024:middlesbrough:southampton,8,eng-premier-league->eng-championship,stale_history,0.7774540809167352,0.43909744762475783,2.4324099390323606
eng-championship,2023-2024,source,preseason,2023-08-04,eng-championship:2023-2024:plymouth-argyle:norwich-city,8,outside->eng-championship,no_target_history,0.9837658473952142,0.5920944785711155,7.68584251143409
eng-championship,2023-2024,source,preseason,2023-08-04,eng-championship:2023-2024:swansea-city:sheffield-wednesday,8,outside->eng-championship,recent_returner,0.7030196555011078,0.38246451836724804,3.0346680235923307
eng-championship,2023-2024,source,preseason,2023-08-04,eng-championship:2023-2024:sheffield-wednesday:sunderland,9,outside->eng-championship,recent_returner,0.9724615850813904,0.5846790178358161,3.5225759527391594
eng-championship,2023-2024,source,preseason,2023-08-04,eng-championship:2023-2024:huddersfield-town:ipswich-town,9,outside->eng-championship,stale_history,1.3309222894890673,0.8241945451111886,2.098868073636977
eng-championship,2023-2024,source,preseason,2023-08-04,eng-championship:2023-2024:hull-city:plymouth-argyle,9,outside->eng-championship,no_target_history,1.309278709155455,0.8073712752211205,2.08219080015708
eng-championship,2023-2024,source,preseason,2023-08-04,eng-championship:2023-2024:southampton:leeds-united,9,mixed,mixed,0.8096157884967841,0.46347366985503685,3.1228522662177203
eng-championship,2023-2024,source,preseason,2023-08-04,eng-championship:2023-2024:blackburn-rovers:leicester-city,9,eng-premier-league->eng-championship,stale_history,0.9562007764395964,0.5716903952146057,4.42783545808567
eng-championship,2023-2024,source,preseason,2023-08-04,eng-championship:2023-2024:ipswich-town:hull-city,10,outside->eng-championship,stale_history,0.8812606577127253,0.5155470408150982,3.3604510982854805
eng-championship,2023-2024,source,preseason,2023-08-04,eng-championship:2023-2024:plymouth-argyle:millwall,10,outside->eng-championship,no_target_history,0.9841833484828535,0.5915466816898906,2.6815820668468504
eng-championship,2023-2024,source,preseason,2023-08-04,eng-championship:2023-2024:stoke-city:southampton,10,eng-premier-league->eng-championship,stale_history,1.0047130542855887,0.6076317027756859,2.2696564992396118
eng-championship,2023-2024,source,preseason,2023-08-04,eng-championship:2023-2024:west-bromwich-albion:sheffield-wednesday,10,outside->eng-championship,recent_returner,0.7088118866024262,0.38676303551925933,2.0781060015308057
eng-championship,2023-2024,source,preseason,2023-08-04,eng-championship:2023-2024:leeds-united:queens-park-rangers,10,eng-premier-league->eng-championship,stale_history,0.5331693729235253,0.2567225189569552,2.1577628640779327
eng-championship,2023-2024,source,preseason,2023-08-04,eng-championship:2023-2024:leicester-city:preston-north-end,10,eng-premier-league->eng-championship,stale_history,0.5784657417268214,0.28999759157030036,2.7989024361630173
eng-championship,2023-2024,memory,preseason,2023-08-04,eng-championship:2023-2024:sheffield-wednesday:southampton,1,mixed,mixed,0.8608815537329039,0.501223135395103,2.4889557235925324
eng-championship,2023-2024,memory,preseason,2023-08-04,eng-championship:2023-2024:plymouth-argyle:huddersfield-town,1,outside->eng-championship,no_target_history,0.8848438804110282,0.5185975121685737,3.2827691758145097
eng-championship,2023-2024,memory,preseason,2023-08-04,eng-championship:2023-2024:leeds-united:cardiff-city,1,eng-premier-league->eng-championship,stale_history,1.4414304330841066,0.9315321444228659,3.137741049888339
eng-championship,2023-2024,memory,preseason,2023-08-04,eng-championship:2023-2024:leicester-city:coventry-city,1,eng-premier-league->eng-championship,stale_history,0.7497789241963805,0.41749813213408155,2.445799601930828
eng-championship,2023-2024,memory,preseason,2023-08-04,eng-championship:2023-2024:sunderland:ipswich-town,1,outside->eng-championship,stale_history,1.4014946242051385,0.885400385821052,2.826787894427206
eng-championship,2023-2024,memory,preseason,2023-08-04,eng-championship:2023-2024:birmingham-city:leeds-united,2,eng-premier-league->eng-championship,stale_history,1.2240156424512014,0.7663142122272799,2.4521624513964433
eng-championship,2023-2024,memory,preseason,2023-08-04,eng-championship:2023-2024:huddersfield-town:leicester-city,2,eng-premier-league->eng-championship,stale_history,0.8848940687980115,0.5189680536531214,2.2100790163843946
eng-championship,2023-2024,memory,preseason,2023-08-04,eng-championship:2023-2024:hull-city:sheffield-wednesday,2,outside->eng-championship,recent_returner,0.8459853769699897,0.48923228755297266,4.996909809327802
eng-championship,2023-2024,memory,preseason,2023-08-04,eng-championship:2023-2024:ipswich-town:stoke-city,2,outside->eng-championship,stale_history,1.00391293712587,0.605818839976378,2.718586668408451
eng-championship,2023-2024,memory,preseason,2023-08-04,eng-championship:2023-2024:southampton:norwich-city,2,eng-premier-league->eng-championship,stale_history,1.3801500783477147,0.8647146700056323,6.890972824543253
eng-championship,2023-2024,memory,preseason,2023-08-04,eng-championship:2023-2024:watford:plymouth-argyle,2,outside->eng-championship,no_target_history,1.3623839264319755,0.8552287562261406,2.4926052503862643
eng-championship,2023-2024,memory,preseason,2023-08-04,eng-championship:2023-2024:leeds-united:west-bromwich-albion,3,eng-premier-league->eng-championship,stale_history,1.3737036887208969,0.8547604508532292,2.1419890038911884
eng-championship,2023-2024,memory,preseason,2023-08-04,eng-championship:2023-2024:leicester-city:cardiff-city,3,eng-premier-league->eng-championship,stale_history,0.5721956511861903,0.28549903716660263,2.399080603602138
eng-championship,2023-2024,memory,preseason,2023-08-04,eng-championship:2023-2024:plymouth-argyle:southampton,3,mixed,mixed,0.8912614431684719,0.5242633209709759,2.5005505017784677
eng-championship,2023-2024,memory,preseason,2023-08-04,eng-championship:2023-2024:queens-park-rangers:ipswich-town,3,outside->eng-championship,stale_history,1.0470944688380581,0.6380685383097139,2.2811862701581194
eng-championship,2023-2024,memory,preseason,2023-08-04,eng-championship:2023-2024:sheffield-wednesday:preston-north-end,3,outside->eng-championship,recent_returner,1.1869975340896426,0.7366990729842584,2.3331562017799703
eng-championship,2023-2024,memory,preseason,2023-08-04,eng-championship:2023-2024:birmingham-city:plymouth-argyle,4,outside->eng-championship,no_target_history,0.9576487781063551,0.5724906301760934,2.540670805683246
eng-championship,2023-2024,memory,preseason,2023-08-04,eng-championship:2023-2024:cardiff-city:sheffield-wednesday,4,outside->eng-championship,recent_returner,0.8770397962214402,0.5124242419158722,2.5060932909287197
eng-championship,2023-2024,memory,preseason,2023-08-04,eng-championship:2023-2024:ipswich-town:leeds-united,4,mixed,mixed,0.8655844904227468,0.5052571706185747,5.59810436347875
eng-championship,2023-2024,memory,preseason,2023-08-04,eng-championship:2023-2024:rotherham-united:leicester-city,4,eng-premier-league->eng-championship,stale_history,0.8177969243047181,0.46857662935993877,2.4769297065677476
eng-championship,2023-2024,memory,preseason,2023-08-04,eng-championship:2023-2024:southampton:queens-park-rangers,4,eng-premier-league->eng-championship,stale_history,0.5237798014570285,0.25019071819654914,2.3828862211511637
eng-championship,2023-2024,memory,preseason,2023-08-04,eng-championship:2023-2024:ipswich-town:cardiff-city,5,outside->eng-championship,stale_history,0.8488227344674334,0.49142960926729934,3.9106576631290437
eng-championship,2023-2024,memory,preseason,2023-08-04,eng-championship:2023-2024:leeds-united:sheffield-wednesday,5,mixed,mixed,1.4476081902171196,0.931621739971572,2.6397240389621963
eng-championship,2023-2024,memory,preseason,2023-08-04,eng-championship:2023-2024:leicester-city:hull-city,5,eng-premier-league->eng-championship,stale_history,1.5616170297476268,0.983086787509633,2.621754725998386
eng-championship,2023-2024,memory,preseason,2023-08-04,eng-championship:2023-2024:plymouth-argyle:blackburn-rovers,5,outside->eng-championship,no_target_history,0.9509942180321246,0.5674531971526213,3.490780813335617
eng-championship,2023-2024,memory,preseason,2023-08-04,eng-championship:2023-2024:sunderland:southampton,5,eng-premier-league->eng-championship,stale_history,0.9380182638424072,0.5599225278015233,5.684959543026905
eng-championship,2023-2024,memory,preseason,2023-08-04,eng-championship:2023-2024:southampton:leicester-city,6,mixed,mixed,1.1133829335843686,0.6886905672975006,4.605228805011684
eng-championship,2023-2024,memory,preseason,2023-08-04,eng-championship:2023-2024:preston-north-end:plymouth-argyle,6,outside->eng-championship,no_target_history,0.8961555484028633,0.5270207565186099,2.5067201766086065
eng-championship,2023-2024,memory,preseason,2023-08-04,eng-championship:2023-2024:sheffield-wednesday:ipswich-town,6,mixed,mixed,1.1720528931670975,0.7268756835434953,2.3451069997834555
eng-championship,2023-2024,memory,preseason,2023-08-04,eng-championship:2023-2024:millwall:leeds-united,6,eng-premier-league->eng-championship,stale_history,1.0649309257041117,0.6522353830496247,3.6890233747425647
eng-championship,2023-2024,memory,preseason,2023-08-04,eng-championship:2023-2024:bristol-city:plymouth-argyle,7,outside->eng-championship,no_target_history,0.8205693311730131,0.47069061662873973,4.203115705606992
eng-championship,2023-2024,memory,preseason,2023-08-04,eng-championship:2023-2024:sheffield-wednesday:middlesbrough,7,outside->eng-championship,recent_returner,1.370677633290478,0.847417624415654,2.1317737409629496
eng-championship,2023-2024,memory,preseason,2023-08-04,eng-championship:2023-2024:southampton:ipswich-town,7,mixed,mixed,1.5270723469464695,0.9653225895371415,2.6537984566028765
eng-championship,2023-2024,memory,preseason,2023-08-04,eng-championship:2023-2024:hull-city:leeds-united,7,eng-premier-league->eng-championship,stale_history,1.3355092737858223,0.8179166761743197,2.4791037918822383
eng-championship,2023-2024,memory,preseason,2023-08-04,eng-championship:2023-2024:norwich-city:leicester-city,7,eng-premier-league->eng-championship,stale_history,0.9744640146011697,0.5860125868172495,2.727210921336252
eng-championship,2023-2024,memory,preseason,2023-08-04,eng-championship:2023-2024:ipswich-town:blackburn-rovers,8,outside->eng-championship,stale_history,0.9837225501276862,0.5911856075128438,6.022400846214137
eng-championship,2023-2024,memory,preseason,2023-08-04,eng-championship:2023-2024:leeds-united:watford,8,eng-premier-league->eng-championship,stale_history,0.747478154501538,0.4160094411103048,3.1215936996322533
eng-championship,2023-2024,memory,preseason,2023-08-04,eng-championship:2023-2024:leicester-city:bristol-city,8,eng-premier-league->eng-championship,stale_history,0.6297473182493937,0.3276758780710022,2.1186296850247865
eng-championship,2023-2024,memory,preseason,2023-08-04,eng-championship:2023-2024:middlesbrough:southampton,8,eng-premier-league->eng-championship,stale_history,0.768347984442928,0.4321643677378261,2.4298245560306624
eng-championship,2023-2024,memory,preseason,2023-08-04,eng-championship:2023-2024:plymouth-argyle:norwich-city,8,outside->eng-championship,no_target_history,0.9684103889110636,0.5809981453179353,7.62651279878135
eng-championship,2023-2024,memory,preseason,2023-08-04,eng-championship:2023-2024:swansea-city:sheffield-wednesday,8,outside->eng-championship,recent_returner,0.6989445113363207,0.3793771774945286,3.0263594724967007
eng-championship,2023-2024,memory,preseason,2023-08-04,eng-championship:2023-2024:sheffield-wednesday:sunderland,9,outside->eng-championship,recent_returner,0.9658171667339559,0.579533619302323,3.511722391845881
eng-championship,2023-2024,memory,preseason,2023-08-04,eng-championship:2023-2024:huddersfield-town:ipswich-town,9,outside->eng-championship,stale_history,1.3268305229231372,0.8222686543308162,2.096403765192584
eng-championship,2023-2024,memory,preseason,2023-08-04,eng-championship:2023-2024:hull-city:plymouth-argyle,9,outside->eng-championship,no_target_history,1.3098966369099976,0.805312333227809,2.080270164341873
eng-championship,2023-2024,memory,preseason,2023-08-04,eng-championship:2023-2024:southampton:leeds-united,9,mixed,mixed,0.8279237469820981,0.47738152523318733,3.144518498936181
eng-championship,2023-2024,memory,preseason,2023-08-04,eng-championship:2023-2024:blackburn-rovers:leicester-city,9,eng-premier-league->eng-championship,stale_history,0.9568499281304563,0.5722523367459229,4.423476456631232
eng-championship,2023-2024,memory,preseason,2023-08-04,eng-championship:2023-2024:ipswich-town:hull-city,10,outside->eng-championship,stale_history,0.8836777456389496,0.5172820627116987,3.3653304405752644
eng-championship,2023-2024,memory,preseason,2023-08-04,eng-championship:2023-2024:plymouth-argyle:millwall,10,outside->eng-championship,no_target_history,1.0089053663718224,0.6097127722602066,2.716578632588495
eng-championship,2023-2024,memory,preseason,2023-08-04,eng-championship:2023-2024:stoke-city:southampton,10,eng-premier-league->eng-championship,stale_history,1.0156816123818728,0.6156190033140473,2.273610906361979
eng-championship,2023-2024,memory,preseason,2023-08-04,eng-championship:2023-2024:west-bromwich-albion:sheffield-wednesday,10,outside->eng-championship,recent_returner,0.6998897621284842,0.3801057567924233,2.0660135150366354
eng-championship,2023-2024,memory,preseason,2023-08-04,eng-championship:2023-2024:leeds-united:queens-park-rangers,10,eng-premier-league->eng-championship,stale_history,0.5269157274109331,0.2522270615626311,2.1557867482882562
eng-championship,2023-2024,memory,preseason,2023-08-04,eng-championship:2023-2024:leicester-city:preston-north-end,10,eng-premier-league->eng-championship,stale_history,0.5785117124613165,0.2900050948329275,2.7996151320156635
eng-championship,2024-2025,current,preseason,2024-08-09,eng-championship:2024-2025:blackburn-rovers:derby-county,1,outside->eng-championship,recent_returner,0.8304778426812209,0.4787600544539842,4.7260688316395605
eng-championship,2024-2025,current,preseason,2024-08-09,eng-championship:2024-2025:preston-north-end:sheffield-united,1,eng-premier-league->eng-championship,recent_returner,0.7880809635812528,0.4464268407793384,2.4900881647197624
eng-championship,2024-2025,current,preseason,2024-08-09,eng-championship:2024-2025:leeds-united:portsmouth,1,outside->eng-championship,stale_history,1.4949207396588138,0.9740181755271655,4.837190616216007
eng-championship,2024-2025,current,preseason,2024-08-09,eng-championship:2024-2025:oxford-united:norwich-city,1,outside->eng-championship,no_target_history,0.9350508060585035,0.5614868594449912,2.783802480515461
eng-championship,2024-2025,current,preseason,2024-08-09,eng-championship:2024-2025:luton-town:burnley,1,mixed,mixed,0.8596007275642595,0.5001922600529025,4.251355044221144
eng-championship,2024-2025,current,preseason,2024-08-09,eng-championship:2024-2025:coventry-city:oxford-united,2,outside->eng-championship,no_target_history,0.7642215860330259,0.42996381561660313,3.707681610545395
eng-championship,2024-2025,current,preseason,2024-08-09,eng-championship:2024-2025:burnley:cardiff-city,2,eng-premier-league->eng-championship,recent_returner,0.3864168933936216,0.15592263960292313,3.8133913277743803
eng-championship,2024-2025,current,preseason,2024-08-09,eng-championship:2024-2025:derby-county:middlesbrough,2,outside->eng-championship,recent_returner,1.0902565784573144,0.6736268005263775,2.438731303506201
eng-championship,2024-2025,current,preseason,2024-08-09,eng-championship:2024-2025:portsmouth:luton-town,2,mixed,mixed,1.34739164479628,0.822377500432658,2.4767242259938724
eng-championship,2024-2025,current,preseason,2024-08-09,eng-championship:2024-2025:sheffield-united:queens-park-rangers,2,eng-premier-league->eng-championship,recent_returner,1.4565742227648397,0.9584880263647221,3.2342294747849962
eng-championship,2024-2025,current,preseason,2024-08-09,eng-championship:2024-2025:blackburn-rovers:oxford-united,3,outside->eng-championship,no_target_history,0.9187882924862482,0.5480446328744192,2.6505046892397455
eng-championship,2024-2025,current,preseason,2024-08-09,eng-championship:2024-2025:middlesbrough:portsmouth,3,outside->eng-championship,stale_history,1.4423032691019355,0.9046773645414532,3.023267376034931
eng-championship,2024-2025,current,preseason,2024-08-09,eng-championship:2024-2025:norwich-city:sheffield-united,3,eng-premier-league->eng-championship,recent_returner,1.359116554046885,0.8289479795269444,2.1192144088351954
eng-championship,2024-2025,current,preseason,2024-08-09,eng-championship:2024-2025:preston-north-end:luton-town,3,eng-premier-league->eng-championship,recent_returner,1.079670651192797,0.6622655513190937,2.3120864070950438
eng-championship,2024-2025,current,preseason,2024-08-09,eng-championship:2024-2025:sunderland:burnley,3,eng-premier-league->eng-championship,recent_returner,1.3028800653122012,0.8179557097855666,2.453662411435319
eng-championship,2024-2025,current,preseason,2024-08-09,eng-championship:2024-2025:watford:derby-county,3,outside->eng-championship,recent_returner,0.7422101362646077,0.4119231479476851,2.4350990640349552
eng-championship,2024-2025,current,preseason,2024-08-09,eng-championship:2024-2025:luton-town:queens-park-rangers,4,eng-premier-league->eng-championship,recent_returner,1.4660233069715778,0.9227545263034678,2.9033911740795078
eng-championship,2024-2025,current,preseason,2024-08-09,eng-championship:2024-2025:burnley:blackburn-rovers,4,eng-premier-league->eng-championship,recent_returner,1.5758799490416684,1.0581542023864785,2.336569902383397
eng-championship,2024-2025,current,preseason,2024-08-09,eng-championship:2024-2025:derby-county:bristol-city,4,outside->eng-championship,recent_returner,0.9339940557283802,0.5553759605705516,3.441774731615763
eng-championship,2024-2025,current,preseason,2024-08-09,eng-championship:2024-2025:oxford-united:preston-north-end,4,outside->eng-championship,no_target_history,0.7179210993700386,0.3942103143851361,3.1271573179442713
eng-championship,2024-2025,current,preseason,2024-08-09,eng-championship:2024-2025:portsmouth:sunderland,4,outside->eng-championship,stale_history,1.1867580252838288,0.7397695265508673,3.6427700616088177
eng-championship,2024-2025,current,preseason,2024-08-09,eng-championship:2024-2025:sheffield-united:watford,4,eng-premier-league->eng-championship,recent_returner,0.6444904272485309,0.33862884766983786,2.1154110031452897
eng-championship,2024-2025,current,preseason,2024-08-09,eng-championship:2024-2025:hull-city:sheffield-united,5,eng-premier-league->eng-championship,recent_returner,0.9211319239117365,0.5467377490221652,2.6602216127040235
eng-championship,2024-2025,current,preseason,2024-08-09,eng-championship:2024-2025:derby-county:cardiff-city,5,outside->eng-championship,recent_returner,0.744660975264577,0.41383772878953046,2.176702942693437
eng-championship,2024-2025,current,preseason,2024-08-09,eng-championship:2024-2025:leeds-united:burnley,5,eng-premier-league->eng-championship,recent_returner,1.107834816108858,0.6841631345597059,2.379742584883254
eng-championship,2024-2025,current,preseason,2024-08-09,eng-championship:2024-2025:millwall:luton-town,5,eng-premier-league->eng-championship,recent_returner,1.0302507386301276,0.6246188502881295,2.1993815177842215
eng-championship,2024-2025,current,preseason,2024-08-09,eng-championship:2024-2025:oxford-united:stoke-city,5,outside->eng-championship,no_target_history,0.7844186060382448,0.44458310545221646,2.2151521980954723
eng-championship,2024-2025,current,preseason,2024-08-09,eng-championship:2024-2025:portsmouth:west-bromwich-albion,5,outside->eng-championship,stale_history,0.9806830246808279,0.5915535022252109,3.504817116747281
eng-championship,2024-2025,current,preseason,2024-08-09,eng-championship:2024-2025:bristol-city:oxford-united,6,outside->eng-championship,no_target_history,0.8555647398343605,0.49858369056847013,2.6188318560599524
eng-championship,2024-2025,current,preseason,2024-08-09,eng-championship:2024-2025:burnley:portsmouth,6,mixed,mixed,0.5205955463324956,0.24755119184219018,2.403235147592471
eng-championship,2024-2025,current,preseason,2024-08-09,eng-championship:2024-2025:luton-town:sheffield-wednesday,6,eng-premier-league->eng-championship,recent_returner,0.610521106464863,0.31356436956320943,2.3997163192485997
eng-championship,2024-2025,current,preseason,2024-08-09,eng-championship:2024-2025:sheffield-united:derby-county,6,mixed,mixed,0.5658250019013191,0.28052650631216447,2.102322630328632
eng-championship,2024-2025,current,preseason,2024-08-09,eng-championship:2024-2025:plymouth-argyle:luton-town,7,eng-premier-league->eng-championship,recent_returner,1.0441017873218112,0.638416974350267,3.4166604640505165
eng-championship,2024-2025,current,preseason,2024-08-09,eng-championship:2024-2025:derby-county:norwich-city,7,outside->eng-championship,recent_returner,0.917296604767871,0.5448282037076086,3.7455723783488506
eng-championship,2024-2025,current,preseason,2024-08-09,eng-championship:2024-2025:oxford-united:burnley,7,mixed,mixed,1.4244279411647867,0.8785573406813976,2.4964650168685614
eng-championship,2024-2025,current,preseason,2024-08-09,eng-championship:2024-2025:portsmouth:sheffield-united,7,mixed,mixed,1.3593334145842682,0.8306334406423173,2.513422086804269
eng-championship,2024-2025,current,preseason,2024-08-09,eng-championship:2024-2025:burnley:plymouth-argyle,8,eng-premier-league->eng-championship,recent_returner,0.44046687898911563,0.1914520979427547,2.1893497449832466
eng-championship,2024-2025,current,preseason,2024-08-09,eng-championship:2024-2025:luton-town:oxford-united,8,mixed,mixed,1.4140368811097008,0.8751484244070273,3.18652940700565
eng-championship,2024-2025,current,preseason,2024-08-09,eng-championship:2024-2025:sunderland:derby-county,8,outside->eng-championship,recent_returner,0.7788141533722289,0.4393514167298459,2.462270418316643
eng-championship,2024-2025,current,preseason,2024-08-09,eng-championship:2024-2025:sheffield-united:swansea-city,8,eng-premier-league->eng-championship,recent_returner,0.611610292054172,0.3141122476214453,2.1497456030009534
eng-championship,2024-2025,current,preseason,2024-08-09,eng-championship:2024-2025:stoke-city:portsmouth,8,outside->eng-championship,stale_history,0.8889801282329146,0.5226363558207304,6.7626630181249645
eng-championship,2024-2025,current,preseason,2024-08-09,eng-championship:2024-2025:burnley:preston-north-end,9,eng-premier-league->eng-championship,recent_returner,1.5822973865719865,1.0681131930923085,2.746102732045261
eng-championship,2024-2025,current,preseason,2024-08-09,eng-championship:2024-2025:derby-county:queens-park-rangers,9,outside->eng-championship,recent_returner,0.8211043478713433,0.47113001664933074,2.510088640192639
eng-championship,2024-2025,current,preseason,2024-08-09,eng-championship:2024-2025:portsmouth:oxford-united,9,mixed,mixed,1.424606252773032,0.8705378415947901,2.2608384307321603
eng-championship,2024-2025,current,preseason,2024-08-09,eng-championship:2024-2025:sheffield-united:luton-town,9,mixed,mixed,0.7225149812162591,0.39704302442816497,2.4039287446003907
eng-championship,2024-2025,current,preseason,2024-08-09,eng-championship:2024-2025:leeds-united:sheffield-united,10,eng-premier-league->eng-championship,recent_returner,0.7524202131202459,0.4196470835042946,2.4595282565436145
eng-championship,2024-2025,current,preseason,2024-08-09,eng-championship:2024-2025:luton-town:watford,10,eng-premier-league->eng-championship,recent_returner,0.7683334786070004,0.4315042375391052,3.1433897643738913
eng-championship,2024-2025,current,preseason,2024-08-09,eng-championship:2024-2025:millwall:derby-county,10,outside->eng-championship,recent_returner,1.329348257461409,0.8234968958990999,2.1013648658879927
eng-championship,2024-2025,current,preseason,2024-08-09,eng-championship:2024-2025:oxford-united:west-bromwich-albion,10,outside->eng-championship,no_target_history,1.3916771952625022,0.8467746232892917,2.223552567441504
eng-championship,2024-2025,current,preseason,2024-08-09,eng-championship:2024-2025:queens-park-rangers:portsmouth,10,outside->eng-championship,stale_history,1.0344146378182522,0.6304246841673173,2.603239025415384
eng-championship,2024-2025,current,preseason,2024-08-09,eng-championship:2024-2025:sheffield-wednesday:burnley,10,eng-premier-league->eng-championship,recent_returner,0.6245910089490128,0.3238273215052068,2.3086392237905526
eng-championship,2024-2025,population,preseason,2024-08-09,eng-championship:2024-2025:blackburn-rovers:derby-county,1,outside->eng-championship,recent_returner,0.9169475945664695,0.5459876153445336,4.645199593143243
eng-championship,2024-2025,population,preseason,2024-08-09,eng-championship:2024-2025:preston-north-end:sheffield-united,1,eng-premier-league->eng-championship,recent_returner,1.0090073098936496,0.6144883786664584,2.8093548862341198
eng-championship,2024-2025,population,preseason,2024-08-09,eng-championship:2024-2025:leeds-united:portsmouth,1,outside->eng-championship,stale_history,1.5140330506977946,0.9798664206787348,4.730335847867151
eng-championship,2024-2025,population,preseason,2024-08-09,eng-championship:2024-2025:oxford-united:norwich-city,1,outside->eng-championship,no_target_history,0.9286709615691773,0.5561016758075834,2.7646317297727387
eng-championship,2024-2025,population,preseason,2024-08-09,eng-championship:2024-2025:luton-town:burnley,1,mixed,mixed,1.1143804558394776,0.6967131242852957,4.4168034774155185
eng-championship,2024-2025,population,preseason,2024-08-09,eng-championship:2024-2025:coventry-city:oxford-united,2,outside->eng-championship,no_target_history,0.7628625116941479,0.42861563269464903,3.7383974617512656
eng-championship,2024-2025,population,preseason,2024-08-09,eng-championship:2024-2025:burnley:cardiff-city,2,eng-premier-league->eng-championship,recent_returner,0.6686360306416508,0.3567698580680837,4.45220984992485
eng-championship,2024-2025,population,preseason,2024-08-09,eng-championship:2024-2025:derby-county:middlesbrough,2,outside->eng-championship,recent_returner,0.9682973525179592,0.5863967107611479,2.399746636369069
eng-championship,2024-2025,population,preseason,2024-08-09,eng-championship:2024-2025:portsmouth:luton-town,2,mixed,mixed,1.4399070692302638,0.8790715691717402,2.3789332816546
eng-championship,2024-2025,population,preseason,2024-08-09,eng-championship:2024-2025:sheffield-united:queens-park-rangers,2,eng-premier-league->eng-championship,recent_returner,1.3964619582750157,0.8700658334300628,3.230404393760531
eng-championship,2024-2025,population,preseason,2024-08-09,eng-championship:2024-2025:blackburn-rovers:oxford-united,3,outside->eng-championship,no_target_history,0.9163446703607598,0.5455344957603501,2.651619610065398
eng-championship,2024-2025,population,preseason,2024-08-09,eng-championship:2024-2025:middlesbrough:portsmouth,3,outside->eng-championship,stale_history,1.4639514998758099,0.9124339271860498,3.145833542184988
eng-championship,2024-2025,population,preseason,2024-08-09,eng-championship:2024-2025:norwich-city:sheffield-united,3,eng-premier-league->eng-championship,recent_returner,1.4493396216107741,0.8980340787489831,2.2925890286317454
eng-championship,2024-2025,population,preseason,2024-08-09,eng-championship:2024-2025:preston-north-end:luton-town,3,eng-premier-league->eng-championship,recent_returner,0.9555202432410101,0.5744671286411375,2.3070707075583976
eng-championship,2024-2025,population,preseason,2024-08-09,eng-championship:2024-2025:sunderland:burnley,3,eng-premier-league->eng-championship,recent_returner,0.8522381149640345,0.49567167749532237,2.213123022543239
eng-championship,2024-2025,population,preseason,2024-08-09,eng-championship:2024-2025:watford:derby-county,3,outside->eng-championship,recent_returner,0.8471071988502115,0.4923756698072864,2.62147956569878
eng-championship,2024-2025,population,preseason,2024-08-09,eng-championship:2024-2025:luton-town:queens-park-rangers,4,eng-premier-league->eng-championship,recent_returner,1.2908693076153854,0.8149129529848843,2.8901701349203024
eng-championship,2024-2025,population,preseason,2024-08-09,eng-championship:2024-2025:burnley:blackburn-rovers,4,eng-premier-league->eng-championship,recent_returner,1.4221411245598805,0.8799342528640302,2.2660853136790884
eng-championship,2024-2025,population,preseason,2024-08-09,eng-championship:2024-2025:derby-county:bristol-city,4,outside->eng-championship,recent_returner,0.8368085556039482,0.48390959181759075,3.2487494990794192
eng-championship,2024-2025,population,preseason,2024-08-09,eng-championship:2024-2025:oxford-united:preston-north-end,4,outside->eng-championship,no_target_history,0.7310750161859,0.4040237005328015,3.153762547881532
eng-championship,2024-2025,population,preseason,2024-08-09,eng-championship:2024-2025:portsmouth:sunderland,4,outside->eng-championship,stale_history,1.155907399757308,0.7205263201252089,3.6341183065745666
eng-championship,2024-2025,population,preseason,2024-08-09,eng-championship:2024-2025:sheffield-united:watford,4,eng-premier-league->eng-championship,recent_returner,0.8293927222480627,0.4788982403115942,2.240982323576489
eng-championship,2024-2025,population,preseason,2024-08-09,eng-championship:2024-2025:hull-city:sheffield-united,5,eng-premier-league->eng-championship,recent_returner,1.1544662972598996,0.7221316448705514,2.9777033459914213
eng-championship,2024-2025,population,preseason,2024-08-09,eng-championship:2024-2025:derby-county:cardiff-city,5,outside->eng-championship,recent_returner,0.6703261070687067,0.35804999946584337,2.19217005302131
eng-championship,2024-2025,population,preseason,2024-08-09,eng-championship:2024-2025:leeds-united:burnley,5,eng-premier-league->eng-championship,recent_returner,1.569809275226957,1.0023370055638152,2.7369618783904475
eng-championship,2024-2025,population,preseason,2024-08-09,eng-championship:2024-2025:millwall:luton-town,5,eng-premier-league->eng-championship,recent_returner,1.1074282904452653,0.6840191257118434,2.316830424260056
eng-championship,2024-2025,population,preseason,2024-08-09,eng-championship:2024-2025:oxford-united:stoke-city,5,outside->eng-championship,no_target_history,0.7976444728415493,0.4543483371544624,2.193014646759498
eng-championship,2024-2025,population,preseason,2024-08-09,eng-championship:2024-2025:portsmouth:west-bromwich-albion,5,outside->eng-championship,stale_history,0.9759508380795296,0.5894891970585665,3.4826698658200113
eng-championship,2024-2025,population,preseason,2024-08-09,eng-championship:2024-2025:bristol-city:oxford-united,6,outside->eng-championship,no_target_history,0.8545935214582892,0.49741946176105056,2.622671416440863
eng-championship,2024-2025,population,preseason,2024-08-09,eng-championship:2024-2025:burnley:portsmouth,6,mixed,mixed,0.8318553269333061,0.4826181520232536,2.734012210866646
eng-championship,2024-2025,population,preseason,2024-08-09,eng-championship:2024-2025:luton-town:sheffield-wednesday,6,eng-premier-league->eng-championship,recent_returner,0.6789162145717851,0.3643717931196095,2.561427160963615
eng-championship,2024-2025,population,preseason,2024-08-09,eng-championship:2024-2025:sheffield-united:derby-county,6,mixed,mixed,0.8318553269333061,0.4826181520232536,2.293811325959445
eng-championship,2024-2025,population,preseason,2024-08-09,eng-championship:2024-2025:plymouth-argyle:luton-town,7,eng-premier-league->eng-championship,recent_returner,0.9210702997655925,0.5500679126056206,3.3128910949264547
eng-championship,2024-2025,population,preseason,2024-08-09,eng-championship:2024-2025:derby-county:norwich-city,7,outside->eng-championship,recent_returner,1.0177934287629038,0.6234215565381469,3.825586055692521
eng-championship,2024-2025,population,preseason,2024-08-09,eng-championship:2024-2025:oxford-united:burnley,7,mixed,mixed,1.4415609957462507,0.8800059339482293,2.4037339865007903
eng-championship,2024-2025,population,preseason,2024-08-09,eng-championship:2024-2025:portsmouth:sheffield-united,7,mixed,mixed,1.4415609957462507,0.8800059339482293,2.4037339865007903
eng-championship,2024-2025,population,preseason,2024-08-09,eng-championship:2024-2025:burnley:plymouth-argyle,8,eng-premier-league->eng-championship,recent_returner,0.7400316620819778,0.4114117673935549,2.268075958350578
eng-championship,2024-2025,population,preseason,2024-08-09,eng-championship:2024-2025:luton-town:oxford-united,8,mixed,mixed,1.4416557115151358,0.8800598784443371,3.2673848801788505
eng-championship,2024-2025,population,preseason,2024-08-09,eng-championship:2024-2025:sunderland:derby-county,8,outside->eng-championship,recent_returner,0.8512454487425312,0.4949925426358261,2.603478103856374
eng-championship,2024-2025,population,preseason,2024-08-09,eng-championship:2024-2025:sheffield-united:swansea-city,8,eng-premier-league->eng-championship,recent_returner,0.8117512695409808,0.4659532733650547,2.2682072558763036
eng-championship,2024-2025,population,preseason,2024-08-09,eng-championship:2024-2025:stoke-city:portsmouth,8,outside->eng-championship,stale_history,0.8908734211788043,0.5250549816875141,6.157160712867779
eng-championship,2024-2025,population,preseason,2024-08-09,eng-championship:2024-2025:burnley:preston-north-end,9,eng-premier-league->eng-championship,recent_returner,1.4188291769253554,0.8825867693720204,2.464703102611657
eng-championship,2024-2025,population,preseason,2024-08-09,eng-championship:2024-2025:derby-county:queens-park-rangers,9,outside->eng-championship,recent_returner,0.7394547442589058,0.4101275925908282,2.4790618760636285
eng-championship,2024-2025,population,preseason,2024-08-09,eng-championship:2024-2025:portsmouth:oxford-united,9,mixed,mixed,1.4417774154110288,0.8801293028557802,2.3450042138158467
eng-championship,2024-2025,population,preseason,2024-08-09,eng-championship:2024-2025:sheffield-united:luton-town,9,mixed,mixed,0.8316015382634124,0.4824403389347618,2.6634339419359003
eng-championship,2024-2025,population,preseason,2024-08-09,eng-championship:2024-2025:leeds-united:sheffield-united,10,eng-premier-league->eng-championship,recent_returner,0.5627511687082445,0.2778781493500592,2.337388350763317
eng-championship,2024-2025,population,preseason,2024-08-09,eng-championship:2024-2025:luton-town:watford,10,eng-premier-league->eng-championship,recent_returner,0.8291078669474273,0.4787185801175129,3.2321919674684825
eng-championship,2024-2025,population,preseason,2024-08-09,eng-championship:2024-2025:millwall:derby-county,10,outside->eng-championship,recent_returner,1.3541435949796032,0.8287384630193866,2.198315218589391
eng-championship,2024-2025,population,preseason,2024-08-09,eng-championship:2024-2025:oxford-united:west-bromwich-albion,10,outside->eng-championship,no_target_history,1.3774935572568625,0.8387945218021123,2.212643955962161
eng-championship,2024-2025,population,preseason,2024-08-09,eng-championship:2024-2025:queens-park-rangers:portsmouth,10,outside->eng-championship,stale_history,1.0177236967543084,0.6198408769263588,2.7011215601346237
eng-championship,2024-2025,population,preseason,2024-08-09,eng-championship:2024-2025:sheffield-wednesday:burnley,10,eng-premier-league->eng-championship,recent_returner,0.9423698673258235,0.5636313418457486,2.6952310887068065
eng-championship,2024-2025,transition,preseason,2024-08-09,eng-championship:2024-2025:blackburn-rovers:derby-county,1,outside->eng-championship,recent_returner,0.8140822650872666,0.46644606552001505,4.667955102444103
eng-championship,2024-2025,transition,preseason,2024-08-09,eng-championship:2024-2025:preston-north-end:sheffield-united,1,eng-premier-league->eng-championship,recent_returner,0.8208517521062377,0.471717689084357,2.570899306742321
eng-championship,2024-2025,transition,preseason,2024-08-09,eng-championship:2024-2025:leeds-united:portsmouth,1,outside->eng-championship,stale_history,1.5475899257671153,1.0297214386574103,4.78771176299883
eng-championship,2024-2025,transition,preseason,2024-08-09,eng-championship:2024-2025:oxford-united:norwich-city,1,outside->eng-championship,no_target_history,1.068382704379551,0.6575109530220941,2.8956260866083356
eng-championship,2024-2025,transition,preseason,2024-08-09,eng-championship:2024-2025:luton-town:burnley,1,mixed,mixed,1.1573264839001067,0.7238640618464409,4.580822953798521
eng-championship,2024-2025,transition,preseason,2024-08-09,eng-championship:2024-2025:coventry-city:oxford-united,2,outside->eng-championship,no_target_history,0.6603061824540448,0.3503806808043106,3.620138104601905
eng-championship,2024-2025,transition,preseason,2024-08-09,eng-championship:2024-2025:burnley:cardiff-city,2,eng-premier-league->eng-championship,recent_returner,0.5042566436889497,0.23588410413650843,4.213134745345053
eng-championship,2024-2025,transition,preseason,2024-08-09,eng-championship:2024-2025:derby-county:middlesbrough,2,outside->eng-championship,recent_returner,1.107554417146389,0.6864475741759235,2.4883700095260317
eng-championship,2024-2025,transition,preseason,2024-08-09,eng-championship:2024-2025:portsmouth:luton-town,2,mixed,mixed,1.3823733754602479,0.8488145734440843,2.628109677603719
eng-championship,2024-2025,transition,preseason,2024-08-09,eng-championship:2024-2025:sheffield-united:queens-park-rangers,2,eng-premier-league->eng-championship,recent_returner,1.461772665373348,0.9510976906790417,3.160916317492938
eng-championship,2024-2025,transition,preseason,2024-08-09,eng-championship:2024-2025:blackburn-rovers:oxford-united,3,outside->eng-championship,no_target_history,0.814245829353179,0.4665702751784673,2.446927912434166
eng-championship,2024-2025,transition,preseason,2024-08-09,eng-championship:2024-2025:middlesbrough:portsmouth,3,outside->eng-championship,stale_history,1.4754730010684989,0.9478704312653982,3.0338243196219157
eng-championship,2024-2025,transition,preseason,2024-08-09,eng-championship:2024-2025:norwich-city:sheffield-united,3,eng-premier-league->eng-championship,recent_returner,1.3898412865942795,0.8477442031236165,2.158000730872108
eng-championship,2024-2025,transition,preseason,2024-08-09,eng-championship:2024-2025:preston-north-end:luton-town,3,eng-premier-league->eng-championship,recent_returner,1.179580753604689,0.7367448342765637,2.462995994006067
eng-championship,2024-2025,transition,preseason,2024-08-09,eng-championship:2024-2025:sunderland:burnley,3,eng-premier-league->eng-championship,recent_returner,1.0734139943515235,0.6590093561176991,2.3485133059885688
eng-championship,2024-2025,transition,preseason,2024-08-09,eng-championship:2024-2025:watford:derby-county,3,outside->eng-championship,recent_returner,0.7359141542305202,0.4072172269680586,2.417329678603622
eng-championship,2024-2025,transition,preseason,2024-08-09,eng-championship:2024-2025:luton-town:queens-park-rangers,4,eng-premier-league->eng-championship,recent_returner,1.5938706739155961,1.0079006976311324,2.9900572869324185
eng-championship,2024-2025,transition,preseason,2024-08-09,eng-championship:2024-2025:burnley:blackburn-rovers,4,eng-premier-league->eng-championship,recent_returner,1.477461873969125,0.9525461452133817,2.2433790064817125
eng-championship,2024-2025,transition,preseason,2024-08-09,eng-championship:2024-2025:derby-county:bristol-city,4,outside->eng-championship,recent_returner,0.9463449041831005,0.564642751141535,3.4799973559761543
eng-championship,2024-2025,transition,preseason,2024-08-09,eng-championship:2024-2025:oxford-united:preston-north-end,4,outside->eng-championship,no_target_history,0.823431205195129,0.4732470455741639,3.164085228727197
eng-championship,2024-2025,transition,preseason,2024-08-09,eng-championship:2024-2025:portsmouth:sunderland,4,outside->eng-championship,stale_history,1.0866472671686807,0.6673382842448812,3.5213830118650424
eng-championship,2024-2025,transition,preseason,2024-08-09,eng-championship:2024-2025:sheffield-united:watford,4,eng-premier-league->eng-championship,recent_returner,0.6601863396009283,0.35029203761058136,2.193839818900573
eng-championship,2024-2025,transition,preseason,2024-08-09,eng-championship:2024-2025:hull-city:sheffield-united,5,eng-premier-league->eng-championship,recent_returner,0.9619338534075345,0.5784535693516576,2.745363678558864
eng-championship,2024-2025,transition,preseason,2024-08-09,eng-championship:2024-2025:derby-county:cardiff-city,5,outside->eng-championship,recent_returner,0.7531274795666493,0.42025297662760475,2.210243358988479
eng-championship,2024-2025,transition,preseason,2024-08-09,eng-championship:2024-2025:leeds-united:burnley,5,eng-premier-league->eng-championship,recent_returner,1.3157978671627113,0.832971066166693,2.5893471455836115
eng-championship,2024-2025,transition,preseason,2024-08-09,eng-championship:2024-2025:millwall:luton-town,5,eng-premier-league->eng-championship,recent_returner,0.9214071863070733,0.5462211260729818,2.215438513275182
eng-championship,2024-2025,transition,preseason,2024-08-09,eng-championship:2024-2025:oxford-united:stoke-city,5,outside->eng-championship,no_target_history,0.900696328525747,0.530885279218562,2.230067810257086
eng-championship,2024-2025,transition,preseason,2024-08-09,eng-championship:2024-2025:portsmouth:west-bromwich-albion,5,outside->eng-championship,stale_history,0.8783792617419733,0.5145045712230606,3.3503114687454865
eng-championship,2024-2025,transition,preseason,2024-08-09,eng-championship:2024-2025:bristol-city:oxford-united,6,outside->eng-championship,no_target_history,0.7542049915422998,0.4208535414685137,2.435552176339187
eng-championship,2024-2025,transition,preseason,2024-08-09,eng-championship:2024-2025:burnley:portsmouth,6,mixed,mixed,0.5714256679049109,0.28434581285131444,2.384018730841545
eng-championship,2024-2025,transition,preseason,2024-08-09,eng-championship:2024-2025:luton-town:sheffield-wednesday,6,eng-premier-league->eng-championship,recent_returner,0.5383468141215746,0.2604937462230903,2.384324816996959
eng-championship,2024-2025,transition,preseason,2024-08-09,eng-championship:2024-2025:sheffield-united:derby-county,6,mixed,mixed,0.5714256679049107,0.28434581285131433,2.1918669236373103
eng-championship,2024-2025,transition,preseason,2024-08-09,eng-championship:2024-2025:plymouth-argyle:luton-town,7,eng-premier-league->eng-championship,recent_returner,1.1569095145969193,0.7212844837564639,3.5314934491528347
eng-championship,2024-2025,transition,preseason,2024-08-09,eng-championship:2024-2025:derby-county:norwich-city,7,outside->eng-championship,recent_returner,0.9146173910435601,0.5429603844180342,3.7014932708303534
eng-championship,2024-2025,transition,preseason,2024-08-09,eng-championship:2024-2025:oxford-united:burnley,7,mixed,mixed,1.3805241233229846,0.8472208769882847,2.61982609550196
eng-championship,2024-2025,transition,preseason,2024-08-09,eng-championship:2024-2025:portsmouth:sheffield-united,7,mixed,mixed,1.3805241233229846,0.8472208769882847,2.6198260955019594
eng-championship,2024-2025,transition,preseason,2024-08-09,eng-championship:2024-2025:burnley:plymouth-argyle,8,eng-premier-league->eng-championship,recent_returner,0.5715434073977624,0.2844666696667349,2.1886725365137423
eng-championship,2024-2025,transition,preseason,2024-08-09,eng-championship:2024-2025:luton-town:oxford-united,8,mixed,mixed,1.485833215881817,0.9606657315812763,3.095357007855138
eng-championship,2024-2025,transition,preseason,2024-08-09,eng-championship:2024-2025:sunderland:derby-county,8,outside->eng-championship,recent_returner,0.7725511880108946,0.4346790473504228,2.4603753311172096
eng-championship,2024-2025,transition,preseason,2024-08-09,eng-championship:2024-2025:sheffield-united:swansea-city,8,eng-premier-league->eng-championship,recent_returner,0.6384279134952665,0.33400485890110754,2.2225568088072
eng-championship,2024-2025,transition,preseason,2024-08-09,eng-championship:2024-2025:stoke-city:portsmouth,8,outside->eng-championship,stale_history,0.790566728189142,0.44826881630585896,6.627193775720849
eng-championship,2024-2025,transition,preseason,2024-08-09,eng-championship:2024-2025:burnley:preston-north-end,9,eng-premier-league->eng-championship,recent_returner,1.4798820757359468,0.9604910403368896,2.688513367691404
eng-championship,2024-2025,transition,preseason,2024-08-09,eng-championship:2024-2025:derby-county:queens-park-rangers,9,outside->eng-championship,recent_returner,0.8312187660924776,0.4787633280728833,2.5456966482494128
eng-championship,2024-2025,transition,preseason,2024-08-09,eng-championship:2024-2025:portsmouth:oxford-united,9,mixed,mixed,1.3651821028314906,0.8394381671499899,2.130953248841184
eng-championship,2024-2025,transition,preseason,2024-08-09,eng-championship:2024-2025:sheffield-united:luton-town,9,mixed,mixed,0.8237578696241915,0.4747208400822895,2.6070444092869405
eng-championship,2024-2025,transition,preseason,2024-08-09,eng-championship:2024-2025:leeds-united:sheffield-united,10,eng-premier-league->eng-championship,recent_returner,0.7198602690092372,0.3953397775930386,2.468037483783064
eng-championship,2024-2025,transition,preseason,2024-08-09,eng-championship:2024-2025:luton-town:watford,10,eng-premier-league->eng-championship,recent_returner,0.6644110931527296,0.3534612669557524,2.9635931177207455
eng-championship,2024-2025,transition,preseason,2024-08-09,eng-championship:2024-2025:millwall:derby-county,10,outside->eng-championship,recent_returner,1.33570571483866,0.8293343376473192,2.105299264508424
eng-championship,2024-2025,transition,preseason,2024-08-09,eng-championship:2024-2025:oxford-united:west-bromwich-albion,10,outside->eng-championship,no_target_history,1.3440594558275072,0.8235931501336596,2.1077271356242737
eng-championship,2024-2025,transition,preseason,2024-08-09,eng-championship:2024-2025:queens-park-rangers:portsmouth,10,outside->eng-championship,stale_history,1.1588210059203778,0.7189377380194485,2.665729721707555
eng-championship,2024-2025,transition,preseason,2024-08-09,eng-championship:2024-2025:sheffield-wednesday:burnley,10,eng-premier-league->eng-championship,recent_returner,0.7950440841000621,0.45197202183483354,2.522428183338453
eng-championship,2024-2025,source,preseason,2024-08-09,eng-championship:2024-2025:blackburn-rovers:derby-county,1,outside->eng-championship,recent_returner,0.8216428378263677,0.4721119334067762,4.687195986427973
eng-championship,2024-2025,source,preseason,2024-08-09,eng-championship:2024-2025:preston-north-end:sheffield-united,1,eng-premier-league->eng-championship,recent_returner,0.9130779724117462,0.5427719055583311,2.7390421456219842
eng-championship,2024-2025,source,preseason,2024-08-09,eng-championship:2024-2025:leeds-united:portsmouth,1,outside->eng-championship,stale_history,1.5330902526705912,1.0124614862303114,4.724066422875908
eng-championship,2024-2025,source,preseason,2024-08-09,eng-championship:2024-2025:oxford-united:norwich-city,1,outside->eng-championship,no_target_history,1.0544370036006052,0.6472377135987394,2.8786439829331285
eng-championship,2024-2025,source,preseason,2024-08-09,eng-championship:2024-2025:luton-town:burnley,1,mixed,mixed,1.133041623692718,0.7058527478137299,4.540013320317543
eng-championship,2024-2025,source,preseason,2024-08-09,eng-championship:2024-2025:coventry-city:oxford-united,2,outside->eng-championship,no_target_history,0.6670632286158446,0.35544661204670636,3.629859048053829
eng-championship,2024-2025,source,preseason,2024-08-09,eng-championship:2024-2025:burnley:cardiff-city,2,eng-premier-league->eng-championship,recent_returner,0.4943838579505619,0.22909932202679623,4.204866860642608
eng-championship,2024-2025,source,preseason,2024-08-09,eng-championship:2024-2025:derby-county:middlesbrough,2,outside->eng-championship,recent_returner,1.1011522240556284,0.6815955558879276,2.4777477294261017
eng-championship,2024-2025,source,preseason,2024-08-09,eng-championship:2024-2025:portsmouth:luton-town,2,mixed,mixed,1.3890907933018442,0.8520359174103638,2.6758903627872304
eng-championship,2024-2025,source,preseason,2024-08-09,eng-championship:2024-2025:sheffield-united:queens-park-rangers,2,eng-premier-league->eng-championship,recent_returner,1.4481185910152814,0.9215523401954556,3.0358505879973947
eng-championship,2024-2025,source,preseason,2024-08-09,eng-championship:2024-2025:blackburn-rovers:oxford-united,3,outside->eng-championship,no_target_history,0.8217626842824051,0.47220276812015544,2.4512881714932035
eng-championship,2024-2025,source,preseason,2024-08-09,eng-championship:2024-2025:middlesbrough:portsmouth,3,outside->eng-championship,stale_history,1.4695832480839588,0.9428609039312058,3.0346762711253588
eng-championship,2024-2025,source,preseason,2024-08-09,eng-championship:2024-2025:norwich-city:sheffield-united,3,eng-premier-league->eng-championship,recent_returner,1.4373191419417435,0.8830247166900105,2.2175875656507165
eng-championship,2024-2025,source,preseason,2024-08-09,eng-championship:2024-2025:preston-north-end:luton-town,3,eng-premier-league->eng-championship,recent_returner,1.1774515237671646,0.7360181285370454,2.4877355098961056
eng-championship,2024-2025,source,preseason,2024-08-09,eng-championship:2024-2025:sunderland:burnley,3,eng-premier-league->eng-championship,recent_returner,1.1024960089948337,0.6789330547130268,2.3342514010984017
eng-championship,2024-2025,source,preseason,2024-08-09,eng-championship:2024-2025:watford:derby-county,3,outside->eng-championship,recent_returner,0.7454191906099938,0.41437544997143794,2.4215682837036545
eng-championship,2024-2025,source,preseason,2024-08-09,eng-championship:2024-2025:luton-town:queens-park-rangers,4,eng-premier-league->eng-championship,recent_returner,1.5960484089375255,1.0105995975276432,2.9820368901486405
eng-championship,2024-2025,source,preseason,2024-08-09,eng-championship:2024-2025:burnley:blackburn-rovers,4,eng-premier-league->eng-championship,recent_returner,1.472577152927214,0.9548099758184897,2.238273886034895
eng-championship,2024-2025,source,preseason,2024-08-09,eng-championship:2024-2025:derby-county:bristol-city,4,outside->eng-championship,recent_returner,0.9412519369375584,0.560779942027042,3.470825673974299
eng-championship,2024-2025,source,preseason,2024-08-09,eng-championship:2024-2025:oxford-united:preston-north-end,4,outside->eng-championship,no_target_history,0.8187165220443174,0.4696450301020927,3.16241254272327
eng-championship,2024-2025,source,preseason,2024-08-09,eng-championship:2024-2025:portsmouth:sunderland,4,outside->eng-championship,stale_history,1.0935002759967654,0.6721044279272487,3.5343180489646393
eng-championship,2024-2025,source,preseason,2024-08-09,eng-championship:2024-2025:sheffield-united:watford,4,eng-premier-league->eng-championship,recent_returner,0.7324267943410989,0.4051657988436416,2.3211602430535287
eng-championship,2024-2025,source,preseason,2024-08-09,eng-championship:2024-2025:hull-city:sheffield-united,5,eng-premier-league->eng-championship,recent_returner,1.0692625142412602,0.6602967628196548,2.9280819369146243
eng-championship,2024-2025,source,preseason,2024-08-09,eng-championship:2024-2025:derby-county:cardiff-city,5,outside->eng-championship,recent_returner,0.748954577210133,0.4170768089457268,2.2024247986302035
eng-championship,2024-2025,source,preseason,2024-08-09,eng-championship:2024-2025:leeds-united:burnley,5,eng-premier-league->eng-championship,recent_returner,1.2544775570854776,0.7900745251552505,2.548847171470544
eng-championship,2024-2025,source,preseason,2024-08-09,eng-championship:2024-2025:millwall:luton-town,5,eng-premier-league->eng-championship,recent_returner,0.9195340644207316,0.5451175136843195,2.247929967475997
eng-championship,2024-2025,source,preseason,2024-08-09,eng-championship:2024-2025:oxford-united:stoke-city,5,outside->eng-championship,no_target_history,0.895804367912173,0.527159966324163,2.221595739026575
eng-championship,2024-2025,source,preseason,2024-08-09,eng-championship:2024-2025:portsmouth:west-bromwich-albion,5,outside->eng-championship,stale_history,0.8875171958709964,0.5213032642250918,3.366951865808967
eng-championship,2024-2025,source,preseason,2024-08-09,eng-championship:2024-2025:bristol-city:oxford-united,6,outside->eng-championship,no_target_history,0.761132783097983,0.4260463951649088,2.4396481977606954
eng-championship,2024-2025,source,preseason,2024-08-09,eng-championship:2024-2025:burnley:portsmouth,6,mixed,mixed,0.5652815677219596,0.27996568169783165,2.381817493693929
eng-championship,2024-2025,source,preseason,2024-08-09,eng-championship:2024-2025:luton-town:sheffield-wednesday,6,eng-premier-league->eng-championship,recent_returner,0.535086759276577,0.25806214597166643,2.3767937182981127
eng-championship,2024-2025,source,preseason,2024-08-09,eng-championship:2024-2025:sheffield-united:derby-county,6,mixed,mixed,0.6435175927710379,0.3379066419699307,2.3021015457735734
eng-championship,2024-2025,source,preseason,2024-08-09,eng-championship:2024-2025:plymouth-argyle:luton-town,7,eng-premier-league->eng-championship,recent_returner,1.1526286485663182,0.7188732045790561,3.5097493455473168
eng-championship,2024-2025,source,preseason,2024-08-09,eng-championship:2024-2025:derby-county:norwich-city,7,outside->eng-championship,recent_returner,0.9272983159354381,0.5524797474393389,3.710195463816027
eng-championship,2024-2025,source,preseason,2024-08-09,eng-championship:2024-2025:oxford-united:burnley,7,mixed,mixed,1.3686379360381258,0.8418527895438173,2.5797121690907154
eng-championship,2024-2025,source,preseason,2024-08-09,eng-championship:2024-2025:portsmouth:sheffield-united,7,mixed,mixed,1.3971362534942657,0.8502543724339473,2.739812302339524
eng-championship,2024-2025,source,preseason,2024-08-09,eng-championship:2024-2025:burnley:plymouth-argyle,8,eng-premier-league->eng-championship,recent_returner,0.5618982814063015,0.2775434080368067,2.1596198382353533
eng-championship,2024-2025,source,preseason,2024-08-09,eng-championship:2024-2025:luton-town:oxford-united,8,mixed,mixed,1.490581654148057,0.9624101411296547,3.0671057553707723
eng-championship,2024-2025,source,preseason,2024-08-09,eng-championship:2024-2025:sunderland:derby-county,8,outside->eng-championship,recent_returner,0.7792075941121794,0.4396632886722358,2.4648985108419526
eng-championship,2024-2025,source,preseason,2024-08-09,eng-championship:2024-2025:sheffield-united:swansea-city,8,eng-premier-league->eng-championship,recent_returner,0.7124489841956243,0.3901176377978015,2.341568511958405
eng-championship,2024-2025,source,preseason,2024-08-09,eng-championship:2024-2025:stoke-city:portsmouth,8,outside->eng-championship,stale_history,0.7976904999433082,0.45359865281930967,6.662987775257478
eng-championship,2024-2025,source,preseason,2024-08-09,eng-championship:2024-2025:burnley:preston-north-end,9,eng-premier-league->eng-championship,recent_returner,1.4758717357529587,0.963230793819583,2.6552367653756823
eng-championship,2024-2025,source,preseason,2024-08-09,eng-championship:2024-2025:derby-county:queens-park-rangers,9,outside->eng-championship,recent_returner,0.8267097000730629,0.4753352359369071,2.5374500535213196
eng-championship,2024-2025,source,preseason,2024-08-09,eng-championship:2024-2025:portsmouth:oxford-united,9,mixed,mixed,1.3625607030162672,0.8378672640351987,2.1284668375734963
eng-championship,2024-2025,source,preseason,2024-08-09,eng-championship:2024-2025:sheffield-united:luton-town,9,mixed,mixed,0.9106908734281385,0.5426966406940976,2.7813331398587517
eng-championship,2024-2025,source,preseason,2024-08-09,eng-championship:2024-2025:leeds-united:sheffield-united,10,eng-premier-league->eng-championship,recent_returner,0.6384049261246356,0.33409593285927974,2.449033981204984
eng-championship,2024-2025,source,preseason,2024-08-09,eng-championship:2024-2025:luton-town:watford,10,eng-premier-league->eng-championship,recent_returner,0.658333269661642,0.3489133140962833,2.966827216329439
eng-championship,2024-2025,source,preseason,2024-08-09,eng-championship:2024-2025:millwall:derby-county,10,outside->eng-championship,recent_returner,1.331840122947698,0.8261961194535451,2.1021351001821564
eng-championship,2024-2025,source,preseason,2024-08-09,eng-championship:2024-2025:oxford-united:west-bromwich-albion,10,outside->eng-championship,no_target_history,1.3413224847161798,0.8214344742631857,2.105216602840695
eng-championship,2024-2025,source,preseason,2024-08-09,eng-championship:2024-2025:queens-park-rangers:portsmouth,10,outside->eng-championship,stale_history,1.1516417979944804,0.7136629342071463,2.662193830186178
eng-championship,2024-2025,source,preseason,2024-08-09,eng-championship:2024-2025:sheffield-wednesday:burnley,10,eng-premier-league->eng-championship,recent_returner,0.7819951370121025,0.44189420111761885,2.498763872331735
eng-championship,2024-2025,memory,preseason,2024-08-09,eng-championship:2024-2025:blackburn-rovers:derby-county,1,outside->eng-championship,recent_returner,0.8295339236470122,0.4779612893797078,4.715918105317586
eng-championship,2024-2025,memory,preseason,2024-08-09,eng-championship:2024-2025:preston-north-end:sheffield-united,1,eng-premier-league->eng-championship,recent_returner,0.8864980283867979,0.5228238329586384,2.715689704615282
eng-championship,2024-2025,memory,preseason,2024-08-09,eng-championship:2024-2025:leeds-united:portsmouth,1,outside->eng-championship,stale_history,1.5266436129569403,1.0058214277721307,4.71180641353725
eng-championship,2024-2025,memory,preseason,2024-08-09,eng-championship:2024-2025:oxford-united:norwich-city,1,outside->eng-championship,no_target_history,1.0375486456334246,0.6349434047916108,2.8615605415831684
eng-championship,2024-2025,memory,preseason,2024-08-09,eng-championship:2024-2025:luton-town:burnley,1,mixed,mixed,1.0551742937340058,0.6498618749195471,4.366214880319629
eng-championship,2024-2025,memory,preseason,2024-08-09,eng-championship:2024-2025:coventry-city:oxford-united,2,outside->eng-championship,no_target_history,0.6801456993168121,0.36527875549540645,3.626297209531997
eng-championship,2024-2025,memory,preseason,2024-08-09,eng-championship:2024-2025:burnley:cardiff-city,2,eng-premier-league->eng-championship,recent_returner,0.45172433851560834,0.19913491147689566,4.007679959782473
eng-championship,2024-2025,memory,preseason,2024-08-09,eng-championship:2024-2025:derby-county:middlesbrough,2,outside->eng-championship,recent_returner,1.0951177579831117,0.6768211898695629,2.460089299951849
eng-championship,2024-2025,memory,preseason,2024-08-09,eng-championship:2024-2025:portsmouth:luton-town,2,mixed,mixed,1.3804301131090093,0.8449339172662838,2.649823311743904
eng-championship,2024-2025,memory,preseason,2024-08-09,eng-championship:2024-2025:sheffield-united:queens-park-rangers,2,eng-premier-league->eng-championship,recent_returner,1.4639569486430943,0.9358049370095302,3.041484673735955
eng-championship,2024-2025,memory,preseason,2024-08-09,eng-championship:2024-2025:blackburn-rovers:oxford-united,3,outside->eng-championship,no_target_history,0.8375913923941758,0.484202164602642,2.457598487899455
eng-championship,2024-2025,memory,preseason,2024-08-09,eng-championship:2024-2025:middlesbrough:portsmouth,3,outside->eng-championship,stale_history,1.4634205161200655,0.9356643870655195,3.022744042122044
eng-championship,2024-2025,memory,preseason,2024-08-09,eng-championship:2024-2025:norwich-city:sheffield-united,3,eng-premier-league->eng-championship,recent_returner,1.4385835624557328,0.8813564967343539,2.2218208839651785
eng-championship,2024-2025,memory,preseason,2024-08-09,eng-championship:2024-2025:preston-north-end:luton-town,3,eng-premier-league->eng-championship,recent_returner,1.1687961857341755,0.7291733276827195,2.462436623165982
eng-championship,2024-2025,memory,preseason,2024-08-09,eng-championship:2024-2025:sunderland:burnley,3,eng-premier-league->eng-championship,recent_returner,1.1584617482986428,0.7204888029556327,2.4115497725872563
eng-championship,2024-2025,memory,preseason,2024-08-09,eng-championship:2024-2025:watford:derby-county,3,outside->eng-championship,recent_returner,0.7507983843846734,0.4183897615428056,2.425830023083478
eng-championship,2024-2025,memory,preseason,2024-08-09,eng-championship:2024-2025:luton-town:queens-park-rangers,4,eng-premier-league->eng-championship,recent_returner,1.583188270363667,1.0015214495846507,2.977136784958303
eng-championship,2024-2025,memory,preseason,2024-08-09,eng-championship:2024-2025:burnley:blackburn-rovers,4,eng-premier-league->eng-championship,recent_returner,1.522720777918291,0.9969562553034241,2.2916386118763015
eng-championship,2024-2025,memory,preseason,2024-08-09,eng-championship:2024-2025:derby-county:bristol-city,4,outside->eng-championship,recent_returner,0.936553730353616,0.5571269721026938,3.4624334373479346
eng-championship,2024-2025,memory,preseason,2024-08-09,eng-championship:2024-2025:oxford-united:preston-north-end,4,outside->eng-championship,no_target_history,0.8015262692894988,0.4567086825053039,3.1399788827774184
eng-championship,2024-2025,memory,preseason,2024-08-09,eng-championship:2024-2025:portsmouth:sunderland,4,outside->eng-championship,stale_history,1.111850473700434,0.685386314587696,3.5516877274325385
eng-championship,2024-2025,memory,preseason,2024-08-09,eng-championship:2024-2025:sheffield-united:watford,4,eng-premier-league->eng-championship,recent_returner,0.7116249446344364,0.3894115784281699,2.324715675624348
eng-championship,2024-2025,memory,preseason,2024-08-09,eng-championship:2024-2025:hull-city:sheffield-united,5,eng-premier-league->eng-championship,recent_returner,1.0388869274499033,0.6381853024528789,2.899701966243728
eng-championship,2024-2025,memory,preseason,2024-08-09,eng-championship:2024-2025:derby-county:cardiff-city,5,outside->eng-championship,recent_returner,0.7452733503444648,0.4142561820631714,2.188525626788837
eng-championship,2024-2025,memory,preseason,2024-08-09,eng-championship:2024-2025:leeds-united:burnley,5,eng-premier-league->eng-championship,recent_returner,1.1888107508351367,0.7457184439892335,2.5474503988486825
eng-championship,2024-2025,memory,preseason,2024-08-09,eng-championship:2024-2025:millwall:luton-town,5,eng-premier-league->eng-championship,recent_returner,0.9305606307494922,0.553067419844631,2.234530890080676
eng-championship,2024-2025,memory,preseason,2024-08-09,eng-championship:2024-2025:oxford-united:stoke-city,5,outside->eng-championship,no_target_history,0.8780475753034959,0.5139309433827849,2.2159548995243448
eng-championship,2024-2025,memory,preseason,2024-08-09,eng-championship:2024-2025:portsmouth:west-bromwich-albion,5,outside->eng-championship,stale_history,0.9019715015213629,0.5321832349517032,3.394123514120322
eng-championship,2024-2025,memory,preseason,2024-08-09,eng-championship:2024-2025:bristol-city:oxford-united,6,outside->eng-championship,no_target_history,0.7755696465333887,0.4369147052422549,2.4443401574808066
eng-championship,2024-2025,memory,preseason,2024-08-09,eng-championship:2024-2025:burnley:portsmouth,6,mixed,mixed,0.5308040079312796,0.2547662229271314,2.3818310255448862
eng-championship,2024-2025,memory,preseason,2024-08-09,eng-championship:2024-2025:luton-town:sheffield-wednesday,6,eng-premier-league->eng-championship,recent_returner,0.5443940025774687,0.2648662803376395,2.381332523646911
eng-championship,2024-2025,memory,preseason,2024-08-09,eng-championship:2024-2025:sheffield-united:derby-county,6,mixed,mixed,0.6292365387187965,0.3271863076154484,2.299279122663867
eng-championship,2024-2025,memory,preseason,2024-08-09,eng-championship:2024-2025:plymouth-argyle:luton-town,7,eng-premier-league->eng-championship,recent_returner,1.1373488035490538,0.7073360046659773,3.5024697738887647
eng-championship,2024-2025,memory,preseason,2024-08-09,eng-championship:2024-2025:derby-county:norwich-city,7,outside->eng-championship,recent_returner,0.931950030705141,0.5557938805528376,3.7247750853992065
eng-championship,2024-2025,memory,preseason,2024-08-09,eng-championship:2024-2025:oxford-united:burnley,7,mixed,mixed,1.3956252219185674,0.8613849387108794,2.6544010454674387
eng-championship,2024-2025,memory,preseason,2024-08-09,eng-championship:2024-2025:portsmouth:sheffield-united,7,mixed,mixed,1.40398487541799,0.854244127087053,2.765191384464841
eng-championship,2024-2025,memory,preseason,2024-08-09,eng-championship:2024-2025:burnley:plymouth-argyle,8,eng-premier-league->eng-championship,recent_returner,0.5207517867790323,0.24760436707735267,2.2016125434167684
eng-championship,2024-2025,memory,preseason,2024-08-09,eng-championship:2024-2025:luton-town:oxford-united,8,mixed,mixed,1.4727270279098938,0.9461710424344806,3.0636905913418366
eng-championship,2024-2025,memory,preseason,2024-08-09,eng-championship:2024-2025:sunderland:derby-county,8,outside->eng-championship,recent_returner,0.7859914046624192,0.44471726953498847,2.4680765070652155
eng-championship,2024-2025,memory,preseason,2024-08-09,eng-championship:2024-2025:sheffield-united:swansea-city,8,eng-premier-league->eng-championship,recent_returner,0.690152242323028,0.3732234468912936,2.344681750485028
eng-championship,2024-2025,memory,preseason,2024-08-09,eng-championship:2024-2025:stoke-city:portsmouth,8,outside->eng-championship,stale_history,0.8124957602859886,0.46475813475600414,6.698107255625873
eng-championship,2024-2025,memory,preseason,2024-08-09,eng-championship:2024-2025:burnley:preston-north-end,9,eng-premier-league->eng-championship,recent_returner,1.5256926502332735,1.005247058661011,2.740584985237879
eng-championship,2024-2025,memory,preseason,2024-08-09,eng-championship:2024-2025:derby-county:queens-park-rangers,9,outside->eng-championship,recent_returner,0.8226539764442021,0.4722164424983717,2.5262980980153547
eng-championship,2024-2025,memory,preseason,2024-08-09,eng-championship:2024-2025:portsmouth:oxford-united,9,mixed,mixed,1.3660129895457909,0.8399000406315794,2.1313324467245782
eng-championship,2024-2025,memory,preseason,2024-08-09,eng-championship:2024-2025:sheffield-united:luton-town,9,mixed,mixed,0.8783330521259683,0.5178615424786308,2.7415334741471113
eng-championship,2024-2025,memory,preseason,2024-08-09,eng-championship:2024-2025:leeds-united:sheffield-united,10,eng-premier-league->eng-championship,recent_returner,0.6525947305863562,0.3448142471122104,2.4697524692325454
eng-championship,2024-2025,memory,preseason,2024-08-09,eng-championship:2024-2025:luton-town:watford,10,eng-premier-league->eng-championship,recent_returner,0.6701889120067022,0.35780179595036776,2.9837252306067032
eng-championship,2024-2025,memory,preseason,2024-08-09,eng-championship:2024-2025:millwall:derby-county,10,outside->eng-championship,recent_returner,1.3260899324361985,0.8220021315308497,2.0977568492304774
eng-championship,2024-2025,memory,preseason,2024-08-09,eng-championship:2024-2025:oxford-united:west-bromwich-albion,10,outside->eng-championship,no_target_history,1.3411628688178125,0.8204446382534609,2.104634219831679
eng-championship,2024-2025,memory,preseason,2024-08-09,eng-championship:2024-2025:queens-park-rangers:portsmouth,10,outside->eng-championship,stale_history,1.1320017075650766,0.6998245556407027,2.6476747601190587
eng-championship,2024-2025,memory,preseason,2024-08-09,eng-championship:2024-2025:sheffield-wednesday:burnley,10,eng-premier-league->eng-championship,recent_returner,0.7285151724945146,0.4017059117423969,2.4632165542906552
eng-championship,2025-2026,current,preseason,2025-08-08,eng-championship:2025-2026:birmingham-city:ipswich-town,1,mixed,mixed,1.3554999112346742,0.8358802828926472,2.1194488900922304
eng-championship,2025-2026,current,preseason,2025-08-08,eng-championship:2025-2026:charlton-athletic:watford,1,outside->eng-championship,stale_history,0.8453830642803317,0.4893681518726847,2.1555487107199003
eng-championship,2025-2026,current,preseason,2025-08-08,eng-championship:2025-2026:southampton:wrexham,1,mixed,mixed,0.6656762910357963,0.3546677035899394,2.565008437025374
eng-championship,2025-2026,current,preseason,2025-08-08,eng-championship:2025-2026:leicester-city:sheffield-wednesday,1,eng-premier-league->eng-championship,recent_returner,0.44916702125467006,0.19776297650799274,2.3772435845584265
eng-championship,2025-2026,current,preseason,2025-08-08,eng-championship:2025-2026:blackburn-rovers:birmingham-city,2,outside->eng-championship,recent_returner,1.4035299551266216,0.8814711946869709,2.861160811873431
eng-championship,2025-2026,current,preseason,2025-08-08,eng-championship:2025-2026:bristol-city:charlton-athletic,2,outside->eng-championship,stale_history,1.3708044015176086,0.8603935322616298,2.4705026005580235
eng-championship,2025-2026,current,preseason,2025-08-08,eng-championship:2025-2026:preston-north-end:leicester-city,2,eng-premier-league->eng-championship,recent_returner,1.3273312385020408,0.8338962210214146,2.7911827435346908
eng-championship,2025-2026,current,preseason,2025-08-08,eng-championship:2025-2026:wrexham:west-bromwich-albion,2,outside->eng-championship,no_target_history,1.070998554510806,0.6587144040300267,3.9920046649160064
eng-championship,2025-2026,current,preseason,2025-08-08,eng-championship:2025-2026:ipswich-town:southampton,2,mixed,mixed,1.39963697042917,0.8676681868671454,2.161656124338011
eng-championship,2025-2026,current,preseason,2025-08-08,eng-championship:2025-2026:birmingham-city:oxford-united,3,outside->eng-championship,recent_returner,0.826143037170792,0.4748062632470042,2.1448268357317897
eng-championship,2025-2026,current,preseason,2025-08-08,eng-championship:2025-2026:charlton-athletic:leicester-city,3,mixed,mixed,0.7630138790801702,0.42767144913541566,2.155075609613455
eng-championship,2025-2026,current,preseason,2025-08-08,eng-championship:2025-2026:preston-north-end:ipswich-town,3,eng-premier-league->eng-championship,recent_returner,1.1609602666608323,0.7210084916538819,2.3853411503362163
eng-championship,2025-2026,current,preseason,2025-08-08,eng-championship:2025-2026:southampton:stoke-city,3,eng-premier-league->eng-championship,recent_returner,1.6254889543725661,1.0250551810155257,3.012995056597352
eng-championship,2025-2026,current,preseason,2025-08-08,eng-championship:2025-2026:wrexham:sheffield-wednesday,3,outside->eng-championship,no_target_history,1.4340490003792652,0.8953139195007903,3.187806665889744
eng-championship,2025-2026,current,preseason,2025-08-08,eng-championship:2025-2026:leicester-city:birmingham-city,4,mixed,mixed,0.44434351322946325,0.19479128706438698,2.1179511661697448
eng-championship,2025-2026,current,preseason,2025-08-08,eng-championship:2025-2026:ipswich-town:derby-county,4,eng-premier-league->eng-championship,recent_returner,1.4391130723430479,0.9370821708380206,3.197520049596135
eng-championship,2025-2026,current,preseason,2025-08-08,eng-championship:2025-2026:millwall:wrexham,4,outside->eng-championship,no_target_history,1.1539492901268151,0.7162910160569409,2.9210024802239865
eng-championship,2025-2026,current,preseason,2025-08-08,eng-championship:2025-2026:queens-park-rangers:charlton-athletic,4,outside->eng-championship,stale_history,0.8349487047607542,0.4816836614227011,3.232012670329925
eng-championship,2025-2026,current,preseason,2025-08-08,eng-championship:2025-2026:watford:southampton,4,eng-premier-league->eng-championship,recent_returner,1.3368452407363691,0.816106875608827,3.0303385966395107
eng-championship,2025-2026,current,preseason,2025-08-08,eng-championship:2025-2026:ipswich-town:sheffield-united,5,eng-premier-league->eng-championship,recent_returner,0.879701197234354,0.5148508231110676,5.5773621773441455
eng-championship,2025-2026,current,preseason,2025-08-08,eng-championship:2025-2026:charlton-athletic:millwall,5,outside->eng-championship,stale_history,1.3028943350529798,0.8002724565594534,2.0825507625257744
eng-championship,2025-2026,current,preseason,2025-08-08,eng-championship:2025-2026:oxford-united:leicester-city,5,eng-premier-league->eng-championship,recent_returner,1.3758171045869954,0.864130948605563,3.104090619423852
eng-championship,2025-2026,current,preseason,2025-08-08,eng-championship:2025-2026:stoke-city:birmingham-city,5,outside->eng-championship,recent_returner,0.8186323910793802,0.4689371957238554,2.100575445477268
eng-championship,2025-2026,current,preseason,2025-08-08,eng-championship:2025-2026:wrexham:queens-park-rangers,5,outside->eng-championship,no_target_history,1.302907910353225,0.8244807752397065,3.7922627960289894
eng-championship,2025-2026,current,preseason,2025-08-08,eng-championship:2025-2026:southampton:portsmouth,5,eng-premier-league->eng-championship,recent_returner,1.477458877437691,0.9542440578041842,2.723124133354503
eng-championship,2025-2026,current,preseason,2025-08-08,eng-championship:2025-2026:birmingham-city:swansea-city,6,outside->eng-championship,recent_returner,0.9329440299389838,0.5543018328863848,2.1910687311779653
eng-championship,2025-2026,current,preseason,2025-08-08,eng-championship:2025-2026:hull-city:southampton,6,eng-premier-league->eng-championship,recent_returner,1.0447370216426235,0.6367212483722694,3.4775679932054975
eng-championship,2025-2026,current,preseason,2025-08-08,eng-championship:2025-2026:leicester-city:coventry-city,6,eng-premier-league->eng-championship,recent_returner,1.4496104605426514,0.9372982812511389,2.6239188998418967
eng-championship,2025-2026,current,preseason,2025-08-08,eng-championship:2025-2026:norwich-city:wrexham,6,outside->eng-championship,no_target_history,1.2185007365234044,0.7712690481326095,3.934596016520322
eng-championship,2025-2026,current,preseason,2025-08-08,eng-championship:2025-2026:sheffield-united:charlton-athletic,6,outside->eng-championship,stale_history,1.6767645299021054,1.0508384057718212,2.685858721852754
eng-championship,2025-2026,current,preseason,2025-08-08,eng-championship:2025-2026:west-bromwich-albion:leicester-city,7,eng-premier-league->eng-championship,recent_returner,1.3158468231757747,0.8038192487703499,2.0832256041245665
eng-championship,2025-2026,current,preseason,2025-08-08,eng-championship:2025-2026:charlton-athletic:blackburn-rovers,7,outside->eng-championship,stale_history,0.9015873989462003,0.5312071503053681,3.370983319030878
eng-championship,2025-2026,current,preseason,2025-08-08,eng-championship:2025-2026:coventry-city:birmingham-city,7,outside->eng-championship,recent_returner,0.6226486764608075,0.3224229226233831,2.8746050319108827
eng-championship,2025-2026,current,preseason,2025-08-08,eng-championship:2025-2026:ipswich-town:portsmouth,6,eng-premier-league->eng-championship,recent_returner,0.5521169305492585,0.2703126489568562,2.373222064094023
eng-championship,2025-2026,current,preseason,2025-08-08,eng-championship:2025-2026:southampton:middlesbrough,7,eng-premier-league->eng-championship,recent_returner,1.3938718893744872,0.8699938597208244,2.154570393259311
eng-championship,2025-2026,current,preseason,2025-08-08,eng-championship:2025-2026:wrexham:derby-county,7,outside->eng-championship,no_target_history,1.3824386007536118,0.8599631209985321,2.2313281566627254
eng-championship,2025-2026,current,preseason,2025-08-08,eng-championship:2025-2026:birmingham-city:sheffield-wednesday,8,outside->eng-championship,recent_returner,1.3407217158372347,0.8248430072347499,3.061306463633872
eng-championship,2025-2026,current,preseason,2025-08-08,eng-championship:2025-2026:bristol-city:ipswich-town,7,eng-premier-league->eng-championship,recent_returner,1.3356316507782853,0.8147721152803854,2.0982864223755833
eng-championship,2025-2026,current,preseason,2025-08-08,eng-championship:2025-2026:derby-county:charlton-athletic,8,outside->eng-championship,stale_history,1.3278989319550418,0.8207437305108782,2.10201793325248
eng-championship,2025-2026,current,preseason,2025-08-08,eng-championship:2025-2026:leicester-city:wrexham,8,mixed,mixed,1.5085982291103166,0.9777336341270791,2.349949911871817
eng-championship,2025-2026,current,preseason,2025-08-08,eng-championship:2025-2026:sheffield-united:southampton,8,eng-premier-league->eng-championship,recent_returner,1.3392925699158311,0.8422265813970041,2.802007399820985
eng-championship,2025-2026,current,preseason,2025-08-08,eng-championship:2025-2026:wrexham:birmingham-city,9,mixed,mixed,1.4217647770150867,0.8925460889036445,2.2652368165519676
eng-championship,2025-2026,current,preseason,2025-08-08,eng-championship:2025-2026:derby-county:southampton,9,eng-premier-league->eng-championship,recent_returner,1.3240302168583402,0.8090765110571364,2.089936313991114
eng-championship,2025-2026,current,preseason,2025-08-08,eng-championship:2025-2026:preston-north-end:charlton-athletic,9,outside->eng-championship,stale_history,0.8496102909821754,0.49252810681838927,2.5360696992574256
eng-championship,2025-2026,current,preseason,2025-08-08,eng-championship:2025-2026:swansea-city:leicester-city,9,eng-premier-league->eng-championship,recent_returner,0.8189638187689665,0.46955787632415796,3.204138379747322
eng-championship,2025-2026,current,preseason,2025-08-08,eng-championship:2025-2026:ipswich-town:norwich-city,8,eng-premier-league->eng-championship,recent_returner,0.6492198312952958,0.3421168902255699,2.9258985939049937
eng-championship,2025-2026,current,preseason,2025-08-08,eng-championship:2025-2026:middlesbrough:ipswich-town,9,eng-premier-league->eng-championship,recent_returner,0.9217653374094096,0.5476069754809182,2.509771246178464
eng-championship,2025-2026,current,preseason,2025-08-08,eng-championship:2025-2026:birmingham-city:hull-city,10,outside->eng-championship,recent_returner,1.1165813465559071,0.6863936530602021,4.118016438012944
eng-championship,2025-2026,current,preseason,2025-08-08,eng-championship:2025-2026:charlton-athletic:sheffield-wednesday,10,outside->eng-championship,stale_history,0.7856943618708677,0.4448731649836358,2.4618843955288447
eng-championship,2025-2026,current,preseason,2025-08-08,eng-championship:2025-2026:leicester-city:portsmouth,10,eng-premier-league->eng-championship,recent_returner,1.5522468498621753,1.0367555829962805,2.3142901052057456
eng-championship,2025-2026,current,preseason,2025-08-08,eng-championship:2025-2026:southampton:swansea-city,10,eng-premier-league->eng-championship,recent_returner,1.4214477792359976,0.9077792384058382,2.5922516063757772
eng-championship,2025-2026,current,preseason,2025-08-08,eng-championship:2025-2026:stoke-city:wrexham,10,outside->eng-championship,no_target_history,0.9436208331831739,0.5643149188793738,2.2452474332518317
eng-championship,2025-2026,current,preseason,2025-08-08,eng-championship:2025-2026:ipswich-town:charlton-athletic,10,mixed,mixed,1.5779562553499238,1.001335295223996,4.516585467283427
eng-championship,2025-2026,population,preseason,2025-08-08,eng-championship:2025-2026:birmingham-city:ipswich-town,1,mixed,mixed,1.4333753518864316,0.8781134556635845,2.367707022173144
eng-championship,2025-2026,population,preseason,2025-08-08,eng-championship:2025-2026:charlton-athletic:watford,1,outside->eng-championship,stale_history,0.7526834906535002,0.4201840715656854,2.1740524191018946
eng-championship,2025-2026,population,preseason,2025-08-08,eng-championship:2025-2026:southampton:wrexham,1,mixed,mixed,0.8093115099803422,0.464794431012772,2.7490278083933655
eng-championship,2025-2026,population,preseason,2025-08-08,eng-championship:2025-2026:leicester-city:sheffield-wednesday,1,eng-premier-league->eng-championship,recent_returner,0.7026874382114981,0.38258421535965603,2.5685230772464385
eng-championship,2025-2026,population,preseason,2025-08-08,eng-championship:2025-2026:blackburn-rovers:birmingham-city,2,outside->eng-championship,recent_returner,1.1767678654783076,0.7346872149448708,2.8173370851057973
eng-championship,2025-2026,population,preseason,2025-08-08,eng-championship:2025-2026:bristol-city:charlton-athletic,2,outside->eng-championship,stale_history,1.38828245271051,0.856150466517882,2.3919672169447255
eng-championship,2025-2026,population,preseason,2025-08-08,eng-championship:2025-2026:preston-north-end:leicester-city,2,eng-premier-league->eng-championship,recent_returner,0.9266356897459347,0.5517887381596435,2.666841929181108
eng-championship,2025-2026,population,preseason,2025-08-08,eng-championship:2025-2026:wrexham:west-bromwich-albion,2,outside->eng-championship,no_target_history,1.0744221029647125,0.6612796124783639,3.992160519004691
eng-championship,2025-2026,population,preseason,2025-08-08,eng-championship:2025-2026:ipswich-town:southampton,2,mixed,mixed,1.4338226568110066,0.8783690102417983,2.363382715931548
eng-championship,2025-2026,population,preseason,2025-08-08,eng-championship:2025-2026:birmingham-city:oxford-united,3,outside->eng-championship,recent_returner,0.6866847812389946,0.37032716155132395,2.173138383494057
eng-championship,2025-2026,population,preseason,2025-08-08,eng-championship:2025-2026:charlton-athletic:leicester-city,3,mixed,mixed,1.1508915593488869,0.7224785616163408,2.451733328164799
eng-championship,2025-2026,population,preseason,2025-08-08,eng-championship:2025-2026:preston-north-end:ipswich-town,3,eng-premier-league->eng-championship,recent_returner,0.9261630295493781,0.5514483309961066,2.2509075387521866
eng-championship,2025-2026,population,preseason,2025-08-08,eng-championship:2025-2026:southampton:stoke-city,3,eng-premier-league->eng-championship,recent_returner,1.3506815929494123,0.8549621965126745,2.935866632324853
eng-championship,2025-2026,population,preseason,2025-08-08,eng-championship:2025-2026:wrexham:sheffield-wednesday,3,outside->eng-championship,no_target_history,1.436390915087203,0.8973847282051473,3.1890866072577397
eng-championship,2025-2026,population,preseason,2025-08-08,eng-championship:2025-2026:leicester-city:birmingham-city,4,mixed,mixed,0.8088299502859724,0.4644560234796123,2.639614330450443
eng-championship,2025-2026,population,preseason,2025-08-08,eng-championship:2025-2026:ipswich-town:derby-county,4,eng-premier-league->eng-championship,recent_returner,1.3754090984928984,0.8554408382434556,3.258796468619668
eng-championship,2025-2026,population,preseason,2025-08-08,eng-championship:2025-2026:millwall:wrexham,4,outside->eng-championship,no_target_history,1.1534728266564398,0.7160792841693097,2.921815602072104
eng-championship,2025-2026,population,preseason,2025-08-08,eng-championship:2025-2026:queens-park-rangers:charlton-athletic,4,outside->eng-championship,stale_history,0.9102863621377819,0.5399331364568046,3.348229629166597
eng-championship,2025-2026,population,preseason,2025-08-08,eng-championship:2025-2026:watford:southampton,4,eng-premier-league->eng-championship,recent_returner,1.3723427327525883,0.8392908076182901,3.1847814766770224
eng-championship,2025-2026,population,preseason,2025-08-08,eng-championship:2025-2026:ipswich-town:sheffield-united,5,eng-premier-league->eng-championship,recent_returner,1.11123925509237,0.684535061326996,5.804651273569425
eng-championship,2025-2026,population,preseason,2025-08-08,eng-championship:2025-2026:charlton-athletic:millwall,5,outside->eng-championship,stale_history,1.3579543509160736,0.8401517272537967,2.2157842362829108
eng-championship,2025-2026,population,preseason,2025-08-08,eng-championship:2025-2026:oxford-united:leicester-city,5,eng-premier-league->eng-championship,recent_returner,1.3791205837830685,0.8400676127416198,3.162326055262218
eng-championship,2025-2026,population,preseason,2025-08-08,eng-championship:2025-2026:stoke-city:birmingham-city,5,outside->eng-championship,recent_returner,0.9469253414238378,0.5667761772763048,2.2494111999158033
eng-championship,2025-2026,population,preseason,2025-08-08,eng-championship:2025-2026:wrexham:queens-park-rangers,5,outside->eng-championship,no_target_history,1.3053612682598155,0.826365501423033,3.7930259159807274
eng-championship,2025-2026,population,preseason,2025-08-08,eng-championship:2025-2026:southampton:portsmouth,5,eng-premier-league->eng-championship,recent_returner,1.4672867658036268,0.9123812561461283,2.6031912743934793
eng-championship,2025-2026,population,preseason,2025-08-08,eng-championship:2025-2026:birmingham-city:swansea-city,6,outside->eng-championship,recent_returner,0.7793645103268131,0.44056316626264785,2.195081137690258
eng-championship,2025-2026,population,preseason,2025-08-08,eng-championship:2025-2026:hull-city:southampton,6,eng-premier-league->eng-championship,recent_returner,0.8749415698018412,0.5122759010910435,3.342375357655161
eng-championship,2025-2026,population,preseason,2025-08-08,eng-championship:2025-2026:leicester-city:coventry-city,6,eng-premier-league->eng-championship,recent_returner,1.3971653599028508,0.8533830922683322,2.4616984846747956
eng-championship,2025-2026,population,preseason,2025-08-08,eng-championship:2025-2026:norwich-city:wrexham,6,outside->eng-championship,no_target_history,1.209417709936273,0.7650769422642327,3.9221794567107438
eng-championship,2025-2026,population,preseason,2025-08-08,eng-championship:2025-2026:sheffield-united:charlton-athletic,6,outside->eng-championship,stale_history,1.5399052207492716,0.9709896147633466,2.5646286295291456
eng-championship,2025-2026,population,preseason,2025-08-08,eng-championship:2025-2026:west-bromwich-albion:leicester-city,7,eng-premier-league->eng-championship,recent_returner,1.400451109560725,0.8732901549180181,2.24531699152029
eng-championship,2025-2026,population,preseason,2025-08-08,eng-championship:2025-2026:charlton-athletic:blackburn-rovers,7,outside->eng-championship,stale_history,0.8111759819599742,0.46442678888593836,3.198939019858392
eng-championship,2025-2026,population,preseason,2025-08-08,eng-championship:2025-2026:coventry-city:birmingham-city,7,outside->eng-championship,recent_returner,0.7430571343095623,0.413301639758038,3.0955970981339727
eng-championship,2025-2026,population,preseason,2025-08-08,eng-championship:2025-2026:ipswich-town:portsmouth,6,eng-premier-league->eng-championship,recent_returner,0.7041188401306694,0.384189021689705,2.5531089767661617
eng-championship,2025-2026,population,preseason,2025-08-08,eng-championship:2025-2026:southampton:middlesbrough,7,eng-premier-league->eng-championship,recent_returner,1.3930048298598692,0.8504355895309295,2.2307297066642793
eng-championship,2025-2026,population,preseason,2025-08-08,eng-championship:2025-2026:wrexham:derby-county,7,outside->eng-championship,no_target_history,1.3775499594314262,0.8565820135940724,2.229447000784135
eng-championship,2025-2026,population,preseason,2025-08-08,eng-championship:2025-2026:birmingham-city:sheffield-wednesday,8,outside->eng-championship,recent_returner,1.43553534324599,0.8965798062264745,3.184082278768157
eng-championship,2025-2026,population,preseason,2025-08-08,eng-championship:2025-2026:bristol-city:ipswich-town,7,eng-premier-league->eng-championship,recent_returner,1.389699465005211,0.8569275458555525,2.2311286943851236
eng-championship,2025-2026,population,preseason,2025-08-08,eng-championship:2025-2026:derby-county:charlton-athletic,8,outside->eng-championship,stale_history,1.3520858428787872,0.8274093927739293,2.2028186750093246
eng-championship,2025-2026,population,preseason,2025-08-08,eng-championship:2025-2026:leicester-city:wrexham,8,mixed,mixed,1.4355867168265506,0.8793857047467217,2.343544493784795
eng-championship,2025-2026,population,preseason,2025-08-08,eng-championship:2025-2026:sheffield-united:southampton,8,eng-premier-league->eng-championship,recent_returner,1.5380909205669262,0.9701008817752045,3.0922040552723704
eng-championship,2025-2026,population,preseason,2025-08-08,eng-championship:2025-2026:wrexham:birmingham-city,9,mixed,mixed,1.4356827668879597,0.8794417024129045,2.3422681729699226
eng-championship,2025-2026,population,preseason,2025-08-08,eng-championship:2025-2026:derby-county:southampton,9,eng-premier-league->eng-championship,recent_returner,1.3523978215687096,0.8275979917715405,2.2020377633833625
eng-championship,2025-2026,population,preseason,2025-08-08,eng-championship:2025-2026:preston-north-end:charlton-athletic,9,outside->eng-championship,stale_history,0.92342006131731,0.5494648259459789,2.6822091557983243
eng-championship,2025-2026,population,preseason,2025-08-08,eng-championship:2025-2026:swansea-city:leicester-city,9,eng-premier-league->eng-championship,recent_returner,1.1386439866694598,0.7088757007360093,3.6010175743269173
eng-championship,2025-2026,population,preseason,2025-08-08,eng-championship:2025-2026:ipswich-town:norwich-city,8,eng-premier-league->eng-championship,recent_returner,0.8249000183132665,0.4768544704019795,3.199393938385033
eng-championship,2025-2026,population,preseason,2025-08-08,eng-championship:2025-2026:middlesbrough:ipswich-town,9,eng-premier-league->eng-championship,recent_returner,0.7362778088656172,0.4080811694872737,2.5607199087896237
eng-championship,2025-2026,population,preseason,2025-08-08,eng-championship:2025-2026:birmingham-city:hull-city,10,outside->eng-championship,recent_returner,1.2534545178595868,0.7876743885439668,4.1584855563144725
eng-championship,2025-2026,population,preseason,2025-08-08,eng-championship:2025-2026:charlton-athletic:sheffield-wednesday,10,outside->eng-championship,stale_history,0.7058076717331934,0.38494778662688744,2.550613536201337
eng-championship,2025-2026,population,preseason,2025-08-08,eng-championship:2025-2026:leicester-city:portsmouth,10,eng-premier-league->eng-championship,recent_returner,1.4643247895435203,0.9104835487100955,2.293950645194492
eng-championship,2025-2026,population,preseason,2025-08-08,eng-championship:2025-2026:southampton:swansea-city,10,eng-premier-league->eng-championship,recent_returner,1.396005121494297,0.8627854143736199,2.4225597393551084
eng-championship,2025-2026,population,preseason,2025-08-08,eng-championship:2025-2026:stoke-city:wrexham,10,outside->eng-championship,no_target_history,0.9442279372418694,0.5648399985614339,2.248583528714551
eng-championship,2025-2026,population,preseason,2025-08-08,eng-championship:2025-2026:ipswich-town:charlton-athletic,10,mixed,mixed,1.1510144593637945,0.722773328985901,3.7316731974802737
eng-championship,2025-2026,transition,preseason,2025-08-08,eng-championship:2025-2026:birmingham-city:ipswich-town,1,mixed,mixed,1.3559693634992112,0.8315167892213562,2.129133940239102
eng-championship,2025-2026,transition,preseason,2025-08-08,eng-championship:2025-2026:charlton-athletic:watford,1,outside->eng-championship,stale_history,0.8664133668491618,0.5049792972133127,2.1898707430459896
eng-championship,2025-2026,transition,preseason,2025-08-08,eng-championship:2025-2026:southampton:wrexham,1,mixed,mixed,0.5500661130024095,0.2689577470901354,2.3906044864182423
eng-championship,2025-2026,transition,preseason,2025-08-08,eng-championship:2025-2026:leicester-city:sheffield-wednesday,1,eng-premier-league->eng-championship,recent_returner,0.551120157668374,0.2696655214888956,2.388008044982012
eng-championship,2025-2026,transition,preseason,2025-08-08,eng-championship:2025-2026:blackburn-rovers:birmingham-city,2,outside->eng-championship,recent_returner,1.3613256168635868,0.8556012596511942,2.8127220973746994
eng-championship,2025-2026,transition,preseason,2025-08-08,eng-championship:2025-2026:bristol-city:charlton-athletic,2,outside->eng-championship,stale_history,1.3772040849099418,0.8705849179622633,2.5123850097172467
eng-championship,2025-2026,transition,preseason,2025-08-08,eng-championship:2025-2026:preston-north-end:leicester-city,2,eng-premier-league->eng-championship,recent_returner,1.1421125034722093,0.7073248599345388,2.670013106776217
eng-championship,2025-2026,transition,preseason,2025-08-08,eng-championship:2025-2026:wrexham:west-bromwich-albion,2,outside->eng-championship,no_target_history,0.9676923959685562,0.5800253981901138,3.922039103387921
eng-championship,2025-2026,transition,preseason,2025-08-08,eng-championship:2025-2026:ipswich-town:southampton,2,mixed,mixed,1.37852914533104,0.8498282524230136,2.1591437989959736
eng-championship,2025-2026,transition,preseason,2025-08-08,eng-championship:2025-2026:birmingham-city:oxford-united,3,outside->eng-championship,recent_returner,0.795341480069439,0.45176276498882456,2.163551408133144
eng-championship,2025-2026,transition,preseason,2025-08-08,eng-championship:2025-2026:charlton-athletic:leicester-city,3,mixed,mixed,0.8668467953263176,0.5061749311366152,2.226637537871281
eng-championship,2025-2026,transition,preseason,2025-08-08,eng-championship:2025-2026:preston-north-end:ipswich-town,3,eng-premier-league->eng-championship,recent_returner,1.1409260995834993,0.7064940951537149,2.35891399075775
eng-championship,2025-2026,transition,preseason,2025-08-08,eng-championship:2025-2026:southampton:stoke-city,3,eng-premier-league->eng-championship,recent_returner,1.654858325983631,1.0413281101053102,3.0557000338770064
eng-championship,2025-2026,transition,preseason,2025-08-08,eng-championship:2025-2026:wrexham:sheffield-wednesday,3,outside->eng-championship,no_target_history,1.3567912936420434,0.8373490828143291,3.0252736284457065
eng-championship,2025-2026,transition,preseason,2025-08-08,eng-championship:2025-2026:leicester-city:birmingham-city,4,mixed,mixed,0.5524659437244233,0.2707026644519525,2.2490705072042276
eng-championship,2025-2026,transition,preseason,2025-08-08,eng-championship:2025-2026:ipswich-town:derby-county,4,eng-premier-league->eng-championship,recent_returner,1.4371190545419215,0.9348853766928666,3.212144487125222
eng-championship,2025-2026,transition,preseason,2025-08-08,eng-championship:2025-2026:millwall:wrexham,4,outside->eng-championship,no_target_history,1.3280906812921844,0.8311700048506048,3.1132657276999245
eng-championship,2025-2026,transition,preseason,2025-08-08,eng-championship:2025-2026:queens-park-rangers:charlton-athletic,4,outside->eng-championship,stale_history,0.805974360639911,0.459789120267885,3.1823286879635493
eng-championship,2025-2026,transition,preseason,2025-08-08,eng-championship:2025-2026:watford:southampton,4,eng-premier-league->eng-championship,recent_returner,1.3330514822715729,0.8149444128131716,3.0681602890174777
eng-championship,2025-2026,transition,preseason,2025-08-08,eng-championship:2025-2026:ipswich-town:sheffield-united,5,eng-premier-league->eng-championship,recent_returner,0.8844453896602589,0.5183380249922638,5.5674350911024195
eng-championship,2025-2026,transition,preseason,2025-08-08,eng-championship:2025-2026:charlton-athletic:millwall,5,outside->eng-championship,stale_history,1.294134673832948,0.7933624245243677,2.069707400081551
eng-championship,2025-2026,transition,preseason,2025-08-08,eng-championship:2025-2026:oxford-united:leicester-city,5,eng-premier-league->eng-championship,recent_returner,1.3455607671097012,0.8269199410818204,3.068500909793607
eng-championship,2025-2026,transition,preseason,2025-08-08,eng-championship:2025-2026:stoke-city:birmingham-city,5,outside->eng-championship,recent_returner,0.8426476188689946,0.487063584153755,2.1401948159672335
eng-championship,2025-2026,transition,preseason,2025-08-08,eng-championship:2025-2026:wrexham:queens-park-rangers,5,outside->eng-championship,no_target_history,1.2029149653529694,0.7497203497784265,3.6632457948524113
eng-championship,2025-2026,transition,preseason,2025-08-08,eng-championship:2025-2026:southampton:portsmouth,5,eng-premier-league->eng-championship,recent_returner,1.475625332787326,0.955671886695717,2.6755583800774296
eng-championship,2025-2026,transition,preseason,2025-08-08,eng-championship:2025-2026:birmingham-city:swansea-city,6,outside->eng-championship,recent_returner,0.8940238782832576,0.525741141774375,2.2140406743008305
eng-championship,2025-2026,transition,preseason,2025-08-08,eng-championship:2025-2026:hull-city:southampton,6,eng-premier-league->eng-championship,recent_returner,1.0725749681923527,0.6564543221068441,3.530301613373945
eng-championship,2025-2026,transition,preseason,2025-08-08,eng-championship:2025-2026:leicester-city:coventry-city,6,eng-premier-league->eng-championship,recent_returner,1.4017465290937319,0.8799663118515111,2.585768092439949
eng-championship,2025-2026,transition,preseason,2025-08-08,eng-championship:2025-2026:norwich-city:wrexham,6,outside->eng-championship,no_target_history,1.4124475197605804,0.8976009685712588,4.0079343363005675
eng-championship,2025-2026,transition,preseason,2025-08-08,eng-championship:2025-2026:sheffield-united:charlton-athletic,6,outside->eng-championship,stale_history,1.7235930625692153,1.077048717708713,2.753397029095134
eng-championship,2025-2026,transition,preseason,2025-08-08,eng-championship:2025-2026:west-bromwich-albion:leicester-city,7,eng-premier-league->eng-championship,recent_returner,1.3312046591796944,0.8151089080264564,2.1047931636202097
eng-championship,2025-2026,transition,preseason,2025-08-08,eng-championship:2025-2026:charlton-athletic:blackburn-rovers,7,outside->eng-championship,stale_history,0.9297732877183895,0.5519213822269987,3.450108954349058
eng-championship,2025-2026,transition,preseason,2025-08-08,eng-championship:2025-2026:coventry-city:birmingham-city,7,outside->eng-championship,recent_returner,0.640510005754121,0.33561840434182605,2.914543462671932
eng-championship,2025-2026,transition,preseason,2025-08-08,eng-championship:2025-2026:ipswich-town:portsmouth,6,eng-premier-league->eng-championship,recent_returner,0.5753568773342226,0.28731308594739624,2.39102616416186
eng-championship,2025-2026,transition,preseason,2025-08-08,eng-championship:2025-2026:southampton:middlesbrough,7,eng-premier-league->eng-championship,recent_returner,1.3950718186139506,0.8742300157262457,2.1642605325128805
eng-championship,2025-2026,transition,preseason,2025-08-08,eng-championship:2025-2026:wrexham:derby-county,7,outside->eng-championship,no_target_history,1.3207525244583298,0.814229395754337,2.090341395077308
eng-championship,2025-2026,transition,preseason,2025-08-08,eng-championship:2025-2026:birmingham-city:sheffield-wednesday,8,outside->eng-championship,recent_returner,1.3561876108039268,0.8369234300755872,3.031084130137427
eng-championship,2025-2026,transition,preseason,2025-08-08,eng-championship:2025-2026:bristol-city:ipswich-town,7,eng-premier-league->eng-championship,recent_returner,1.3328015190401385,0.8132187807043232,2.1047664780675834
eng-championship,2025-2026,transition,preseason,2025-08-08,eng-championship:2025-2026:derby-county:charlton-athletic,8,outside->eng-championship,stale_history,1.3295423613083817,0.8239137444727627,2.098793998668076
eng-championship,2025-2026,transition,preseason,2025-08-08,eng-championship:2025-2026:leicester-city:wrexham,8,mixed,mixed,1.479356302080482,0.9645994480317984,2.2515181508875113
eng-championship,2025-2026,transition,preseason,2025-08-08,eng-championship:2025-2026:sheffield-united:southampton,8,eng-premier-league->eng-championship,recent_returner,1.2901756441354437,0.8086533567875809,2.7850725211192935
eng-championship,2025-2026,transition,preseason,2025-08-08,eng-championship:2025-2026:wrexham:birmingham-city,9,mixed,mixed,1.3519738175886962,0.834973706625402,2.1180333727025835
eng-championship,2025-2026,transition,preseason,2025-08-08,eng-championship:2025-2026:derby-county:southampton,9,eng-premier-league->eng-championship,recent_returner,1.3247290392099516,0.8113057268114087,2.1001257458322447
eng-championship,2025-2026,transition,preseason,2025-08-08,eng-championship:2025-2026:preston-north-end:charlton-athletic,9,outside->eng-championship,stale_history,0.8208032660456088,0.4708080474800378,2.5050237801118076
eng-championship,2025-2026,transition,preseason,2025-08-08,eng-championship:2025-2026:swansea-city:leicester-city,9,eng-premier-league->eng-championship,recent_returner,0.9568199459909856,0.5730030605200078,3.358987129738761
eng-championship,2025-2026,transition,preseason,2025-08-08,eng-championship:2025-2026:ipswich-town:norwich-city,8,eng-premier-league->eng-championship,recent_returner,0.6616960526438511,0.35149217009932254,2.958008843109374
eng-championship,2025-2026,transition,preseason,2025-08-08,eng-championship:2025-2026:middlesbrough:ipswich-town,9,eng-premier-league->eng-championship,recent_returner,0.9078456960493967,0.5370603745841002,2.519561449569045
eng-championship,2025-2026,transition,preseason,2025-08-08,eng-championship:2025-2026:birmingham-city:hull-city,10,outside->eng-championship,recent_returner,1.1510872252398914,0.7115058136934018,4.090456935219885
eng-championship,2025-2026,transition,preseason,2025-08-08,eng-championship:2025-2026:charlton-athletic:sheffield-wednesday,10,outside->eng-championship,stale_history,0.8148353253054609,0.4667312149849764,2.4574087401408082
eng-championship,2025-2026,transition,preseason,2025-08-08,eng-championship:2025-2026:leicester-city:portsmouth,10,eng-premier-league->eng-championship,recent_returner,1.4718360061846634,0.9523287044509475,2.240366656013406
eng-championship,2025-2026,transition,preseason,2025-08-08,eng-championship:2025-2026:southampton:swansea-city,10,eng-premier-league->eng-championship,recent_returner,1.4248805750578515,0.9140289618058466,2.5551163874061253
eng-championship,2025-2026,transition,preseason,2025-08-08,eng-championship:2025-2026:stoke-city:wrexham,10,outside->eng-championship,no_target_history,0.8417948586484586,0.4864521324880109,2.1420332141980634
eng-championship,2025-2026,transition,preseason,2025-08-08,eng-championship:2025-2026:ipswich-town:charlton-athletic,10,mixed,mixed,1.6104745443591568,1.0195638356288896,4.597111173118922
eng-championship,2025-2026,source,preseason,2025-08-08,eng-championship:2025-2026:birmingham-city:ipswich-town,1,mixed,mixed,1.3602880048335815,0.8314481619628069,2.1327959542040817
eng-championship,2025-2026,source,preseason,2025-08-08,eng-championship:2025-2026:charlton-athletic:watford,1,outside->eng-championship,stale_history,0.8557151268094643,0.49693103953458906,2.178882946036185
eng-championship,2025-2026,source,preseason,2025-08-08,eng-championship:2025-2026:southampton:wrexham,1,mixed,mixed,0.5935455776841366,0.30069069408755844,2.3923261981452484
eng-championship,2025-2026,source,preseason,2025-08-08,eng-championship:2025-2026:leicester-city:sheffield-wednesday,1,eng-premier-league->eng-championship,recent_returner,0.56420106946541,0.27915804011984563,2.384793777221338
eng-championship,2025-2026,source,preseason,2025-08-08,eng-championship:2025-2026:blackburn-rovers:birmingham-city,2,outside->eng-championship,recent_returner,1.3465489054699593,0.8455253208694411,2.8034282030807294
eng-championship,2025-2026,source,preseason,2025-08-08,eng-championship:2025-2026:bristol-city:charlton-athletic,2,outside->eng-championship,stale_history,1.3705159910644542,0.8644920543895911,2.4986532622819166
eng-championship,2025-2026,source,preseason,2025-08-08,eng-championship:2025-2026:preston-north-end:leicester-city,2,eng-premier-league->eng-championship,recent_returner,1.1168298385171633,0.6895947155275042,2.6462924417850617
eng-championship,2025-2026,source,preseason,2025-08-08,eng-championship:2025-2026:wrexham:west-bromwich-albion,2,outside->eng-championship,no_target_history,0.9808694854582103,0.589611538355269,3.9384078356017342
eng-championship,2025-2026,source,preseason,2025-08-08,eng-championship:2025-2026:ipswich-town:southampton,2,mixed,mixed,1.407356402167142,0.8699096263987229,2.188412241018753
eng-championship,2025-2026,source,preseason,2025-08-08,eng-championship:2025-2026:birmingham-city:oxford-united,3,outside->eng-championship,recent_returner,0.7890898303343894,0.4470298896979271,2.1531780993441485
eng-championship,2025-2026,source,preseason,2025-08-08,eng-championship:2025-2026:charlton-athletic:leicester-city,3,mixed,mixed,0.8977465335015496,0.5295278771504973,2.2610155770584113
eng-championship,2025-2026,source,preseason,2025-08-08,eng-championship:2025-2026:preston-north-end:ipswich-town,3,eng-premier-league->eng-championship,recent_returner,1.1072720911544647,0.6831736974430306,2.3630132865060727
eng-championship,2025-2026,source,preseason,2025-08-08,eng-championship:2025-2026:southampton:stoke-city,3,eng-premier-league->eng-championship,recent_returner,1.5785310597048343,0.9972830644920166,2.9861873250292312
eng-championship,2025-2026,source,preseason,2025-08-08,eng-championship:2025-2026:wrexham:sheffield-wednesday,3,outside->eng-championship,no_target_history,1.3564337754981517,0.8383207614289442,3.0331271426192283
eng-championship,2025-2026,source,preseason,2025-08-08,eng-championship:2025-2026:leicester-city:birmingham-city,4,mixed,mixed,0.5738659060926888,0.28628098638367916,2.283595182793615
eng-championship,2025-2026,source,preseason,2025-08-08,eng-championship:2025-2026:ipswich-town:derby-county,4,eng-premier-league->eng-championship,recent_returner,1.4326375579065178,0.926188832988905,3.1689264252190377
eng-championship,2025-2026,source,preseason,2025-08-08,eng-championship:2025-2026:millwall:wrexham,4,outside->eng-championship,no_target_history,1.313906531874713,0.8214681420700112,3.0934036763859623
eng-championship,2025-2026,source,preseason,2025-08-08,eng-championship:2025-2026:queens-park-rangers:charlton-athletic,4,outside->eng-championship,stale_history,0.818024009517525,0.46880442988965293,3.200715978630068
eng-championship,2025-2026,source,preseason,2025-08-08,eng-championship:2025-2026:watford:southampton,4,eng-premier-league->eng-championship,recent_returner,1.3405277867356713,0.8177538958406994,3.0332382476980424
eng-championship,2025-2026,source,preseason,2025-08-08,eng-championship:2025-2026:ipswich-town:sheffield-united,5,eng-premier-league->eng-championship,recent_returner,0.8483292523661768,0.4918586026241978,5.40905472291971
eng-championship,2025-2026,source,preseason,2025-08-08,eng-championship:2025-2026:charlton-athletic:millwall,5,outside->eng-championship,stale_history,1.2928689194109095,0.7932753868042705,2.069512880228615
eng-championship,2025-2026,source,preseason,2025-08-08,eng-championship:2025-2026:oxford-united:leicester-city,5,eng-premier-league->eng-championship,recent_returner,1.3450213950755423,0.8247296324629124,3.0470733046710583
eng-championship,2025-2026,source,preseason,2025-08-08,eng-championship:2025-2026:stoke-city:birmingham-city,5,outside->eng-championship,recent_returner,0.8547979429718277,0.49609612248278606,2.1402002453736992
eng-championship,2025-2026,source,preseason,2025-08-08,eng-championship:2025-2026:wrexham:queens-park-rangers,5,outside->eng-championship,no_target_history,1.216860980905544,0.7591845638370279,3.685533530813591
eng-championship,2025-2026,source,preseason,2025-08-08,eng-championship:2025-2026:southampton:portsmouth,5,eng-premier-league->eng-championship,recent_returner,1.4585480124064698,0.9336927295642568,2.691461718017501
eng-championship,2025-2026,source,preseason,2025-08-08,eng-championship:2025-2026:birmingham-city:swansea-city,6,outside->eng-championship,recent_returner,0.8844115693450996,0.5184944599306833,2.202599480108935
eng-championship,2025-2026,source,preseason,2025-08-08,eng-championship:2025-2026:hull-city:southampton,6,eng-premier-league->eng-championship,recent_returner,1.01132776104937,0.6125448501401841,3.4369298282689424
eng-championship,2025-2026,source,preseason,2025-08-08,eng-championship:2025-2026:leicester-city:coventry-city,6,eng-premier-league->eng-championship,recent_returner,1.3982819737032095,0.8745948739578495,2.6015729353077215
eng-championship,2025-2026,source,preseason,2025-08-08,eng-championship:2025-2026:norwich-city:wrexham,6,outside->eng-championship,no_target_history,1.3940054184173125,0.8851171316141505,4.000836322136333
eng-championship,2025-2026,source,preseason,2025-08-08,eng-championship:2025-2026:sheffield-united:charlton-athletic,6,outside->eng-championship,stale_history,1.625516990046367,1.021839347061484,2.6981449265558872
eng-championship,2025-2026,source,preseason,2025-08-08,eng-championship:2025-2026:west-bromwich-albion:leicester-city,7,eng-premier-league->eng-championship,recent_returner,1.3371665696498116,0.8200104930082036,2.1093209106817756
eng-championship,2025-2026,source,preseason,2025-08-08,eng-championship:2025-2026:charlton-athletic:blackburn-rovers,7,outside->eng-championship,stale_history,0.9199067343763203,0.5445315098604463,3.43219528875686
eng-championship,2025-2026,source,preseason,2025-08-08,eng-championship:2025-2026:coventry-city:birmingham-city,7,outside->eng-championship,recent_returner,0.6510458917395989,0.34348334579718315,2.933269860805752
eng-championship,2025-2026,source,preseason,2025-08-08,eng-championship:2025-2026:ipswich-town:portsmouth,6,eng-premier-league->eng-championship,recent_returner,0.5931151976746887,0.3003316766510045,2.388069147772824
eng-championship,2025-2026,source,preseason,2025-08-08,eng-championship:2025-2026:southampton:middlesbrough,7,eng-premier-league->eng-championship,recent_returner,1.3890554947143667,0.862728759675305,2.1582263985953136
eng-championship,2025-2026,source,preseason,2025-08-08,eng-championship:2025-2026:wrexham:derby-county,7,outside->eng-championship,no_target_history,1.3191664084914956,0.8140297194105766,2.089713988299521
eng-championship,2025-2026,source,preseason,2025-08-08,eng-championship:2025-2026:birmingham-city:sheffield-wednesday,8,outside->eng-championship,recent_returner,1.3557421531527263,0.8378148853716605,3.038957570629366
eng-championship,2025-2026,source,preseason,2025-08-08,eng-championship:2025-2026:bristol-city:ipswich-town,7,eng-premier-league->eng-championship,recent_returner,1.3419652055272622,0.8190798904044396,2.112010233554897
eng-championship,2025-2026,source,preseason,2025-08-08,eng-championship:2025-2026:derby-county:charlton-athletic,8,outside->eng-championship,stale_history,1.3247335722505462,0.8200412163417092,2.0949093575725186
eng-championship,2025-2026,source,preseason,2025-08-08,eng-championship:2025-2026:leicester-city:wrexham,8,mixed,mixed,1.4658455680745264,0.9497078857438567,2.2376476827531877
eng-championship,2025-2026,source,preseason,2025-08-08,eng-championship:2025-2026:sheffield-united:southampton,8,eng-premier-league->eng-championship,recent_returner,1.2857689050751178,0.8082207550759268,2.7639949664353294
eng-championship,2025-2026,source,preseason,2025-08-08,eng-championship:2025-2026:wrexham:birmingham-city,9,mixed,mixed,1.3489312567372502,0.8331304396440629,2.1154543842148654
eng-championship,2025-2026,source,preseason,2025-08-08,eng-championship:2025-2026:derby-county:southampton,9,eng-premier-league->eng-championship,recent_returner,1.329190636714814,0.8115670189741511,2.102456973204154
eng-championship,2025-2026,source,preseason,2025-08-08,eng-championship:2025-2026:preston-north-end:charlton-athletic,9,outside->eng-championship,stale_history,0.8326839227650934,0.4796717663565726,2.515811662375423
eng-championship,2025-2026,source,preseason,2025-08-08,eng-championship:2025-2026:swansea-city:leicester-city,9,eng-premier-league->eng-championship,recent_returner,0.9779794723612043,0.5888355503380654,3.3692044491794895
eng-championship,2025-2026,source,preseason,2025-08-08,eng-championship:2025-2026:ipswich-town:norwich-city,8,eng-premier-league->eng-championship,recent_returner,0.678353782713949,0.3641145022943857,2.956760280801357
eng-championship,2025-2026,source,preseason,2025-08-08,eng-championship:2025-2026:middlesbrough:ipswich-town,9,eng-premier-league->eng-championship,recent_returner,0.876917587443014,0.5140807866895332,2.4953496608007253
eng-championship,2025-2026,source,preseason,2025-08-08,eng-championship:2025-2026:birmingham-city:hull-city,10,outside->eng-championship,recent_returner,1.1639419718717334,0.7203204157057302,4.108882764271298
eng-championship,2025-2026,source,preseason,2025-08-08,eng-championship:2025-2026:charlton-athletic:sheffield-wednesday,10,outside->eng-championship,stale_history,0.8063038817075543,0.46025005726720575,2.4546274832332657
eng-championship,2025-2026,source,preseason,2025-08-08,eng-championship:2025-2026:leicester-city:portsmouth,10,eng-premier-league->eng-championship,recent_returner,1.463067067225211,0.9423036930212028,2.2315046446058386
eng-championship,2025-2026,source,preseason,2025-08-08,eng-championship:2025-2026:southampton:swansea-city,10,eng-premier-league->eng-championship,recent_returner,1.4125624037065645,0.8965361064339196,2.573664740343183
eng-championship,2025-2026,source,preseason,2025-08-08,eng-championship:2025-2026:stoke-city:wrexham,10,outside->eng-championship,no_target_history,0.8537708655031745,0.4953570326072384,2.1418571740221335
eng-championship,2025-2026,source,preseason,2025-08-08,eng-championship:2025-2026:ipswich-town:charlton-athletic,10,mixed,mixed,1.5579728154751433,0.988608752175626,4.514084356213651
eng-championship,2025-2026,memory,preseason,2025-08-08,eng-championship:2025-2026:birmingham-city:ipswich-town,1,mixed,mixed,1.3861239671580197,0.8499315715015587,2.161486833034137
eng-championship,2025-2026,memory,preseason,2025-08-08,eng-championship:2025-2026:charlton-athletic:watford,1,outside->eng-championship,stale_history,0.8492478747852492,0.4921300608941303,2.1799354746091817
eng-championship,2025-2026,memory,preseason,2025-08-08,eng-championship:2025-2026:southampton:wrexham,1,mixed,mixed,0.5914883272334194,0.29905585955877056,2.3883138117755447
eng-championship,2025-2026,memory,preseason,2025-08-08,eng-championship:2025-2026:leicester-city:sheffield-wednesday,1,eng-premier-league->eng-championship,recent_returner,0.5224127807342626,0.24884522422443195,2.3836151562742183
eng-championship,2025-2026,memory,preseason,2025-08-08,eng-championship:2025-2026:blackburn-rovers:birmingham-city,2,outside->eng-championship,recent_returner,1.382002775238201,0.8677358507541015,2.837494488788976
eng-championship,2025-2026,memory,preseason,2025-08-08,eng-championship:2025-2026:bristol-city:charlton-athletic,2,outside->eng-championship,stale_history,1.3702192104778497,0.8632840203842785,2.5041628018961832
eng-championship,2025-2026,memory,preseason,2025-08-08,eng-championship:2025-2026:preston-north-end:leicester-city,2,eng-premier-league->eng-championship,recent_returner,1.1776160434045637,0.7333857663364336,2.686601916205322
eng-championship,2025-2026,memory,preseason,2025-08-08,eng-championship:2025-2026:wrexham:west-bromwich-albion,2,outside->eng-championship,no_target_history,0.9899383746574755,0.596376835302587,3.932892085303724
eng-championship,2025-2026,memory,preseason,2025-08-08,eng-championship:2025-2026:ipswich-town:southampton,2,mixed,mixed,1.4689452327190504,0.9088105153293926,2.263504780893081
eng-championship,2025-2026,memory,preseason,2025-08-08,eng-championship:2025-2026:birmingham-city:oxford-united,3,outside->eng-championship,recent_returner,0.8221331661178596,0.47172004541276524,2.148911215511754
eng-championship,2025-2026,memory,preseason,2025-08-08,eng-championship:2025-2026:charlton-athletic:leicester-city,3,mixed,mixed,0.8479561288899619,0.4922662168632215,2.257699858627019
eng-championship,2025-2026,memory,preseason,2025-08-08,eng-championship:2025-2026:preston-north-end:ipswich-town,3,eng-premier-league->eng-championship,recent_returner,1.127443452336386,0.6999456511049688,2.4417242970193076
eng-championship,2025-2026,memory,preseason,2025-08-08,eng-championship:2025-2026:southampton:stoke-city,3,eng-premier-league->eng-championship,recent_returner,1.572552357729998,0.997904398680007,2.9709200571236334
eng-championship,2025-2026,memory,preseason,2025-08-08,eng-championship:2025-2026:wrexham:sheffield-wednesday,3,outside->eng-championship,no_target_history,1.360968581528365,0.8422608946783713,3.029531037374994
eng-championship,2025-2026,memory,preseason,2025-08-08,eng-championship:2025-2026:leicester-city:birmingham-city,4,mixed,mixed,0.5180555209204852,0.2458978264463619,2.225967683038302
eng-championship,2025-2026,memory,preseason,2025-08-08,eng-championship:2025-2026:ipswich-town:derby-county,4,eng-premier-league->eng-championship,recent_returner,1.4718170866993148,0.9547072949512605,3.134788114241404
eng-championship,2025-2026,memory,preseason,2025-08-08,eng-championship:2025-2026:millwall:wrexham,4,outside->eng-championship,no_target_history,1.3014146259547033,0.8133928705637726,3.079407550896887
eng-championship,2025-2026,memory,preseason,2025-08-08,eng-championship:2025-2026:queens-park-rangers:charlton-athletic,4,outside->eng-championship,stale_history,0.8230858945258345,0.47263364624019705,3.202586995394425
eng-championship,2025-2026,memory,preseason,2025-08-08,eng-championship:2025-2026:watford:southampton,4,eng-premier-league->eng-championship,recent_returner,1.3642164168620345,0.831325770428875,2.9859312821816504
eng-championship,2025-2026,memory,preseason,2025-08-08,eng-championship:2025-2026:ipswich-town:sheffield-united,5,eng-premier-league->eng-championship,recent_returner,0.8271295586865218,0.4764914528131269,5.271801538916288
eng-championship,2025-2026,memory,preseason,2025-08-08,eng-championship:2025-2026:charlton-athletic:millwall,5,outside->eng-championship,stale_history,1.2952714751695584,0.7951678981378404,2.070949762874803
eng-championship,2025-2026,memory,preseason,2025-08-08,eng-championship:2025-2026:oxford-united:leicester-city,5,eng-premier-league->eng-championship,recent_returner,1.3593367378259031,0.8372604060462674,3.044491146746337
eng-championship,2025-2026,memory,preseason,2025-08-08,eng-championship:2025-2026:stoke-city:birmingham-city,5,outside->eng-championship,recent_returner,0.8336596750661501,0.48017606896401277,2.108295268041977
eng-championship,2025-2026,memory,preseason,2025-08-08,eng-championship:2025-2026:wrexham:queens-park-rangers,5,outside->eng-championship,no_target_history,1.2286491521701726,0.7675753251239692,3.6942784165999143
eng-championship,2025-2026,memory,preseason,2025-08-08,eng-championship:2025-2026:southampton:portsmouth,5,eng-premier-league->eng-championship,recent_returner,1.4818464976156709,0.946056824710951,2.785460479374412
eng-championship,2025-2026,memory,preseason,2025-08-08,eng-championship:2025-2026:birmingham-city:swansea-city,6,outside->eng-championship,recent_returner,0.9137300186869788,0.5400829803819746,2.1978090920816626
eng-championship,2025-2026,memory,preseason,2025-08-08,eng-championship:2025-2026:hull-city:southampton,6,eng-premier-league->eng-championship,recent_returner,0.9993241288689617,0.6050199285178088,3.382386467001073
eng-championship,2025-2026,memory,preseason,2025-08-08,eng-championship:2025-2026:leicester-city:coventry-city,6,eng-premier-league->eng-championship,recent_returner,1.422513180732695,0.8979159162223856,2.6374770783624415
eng-championship,2025-2026,memory,preseason,2025-08-08,eng-championship:2025-2026:norwich-city:wrexham,6,outside->eng-championship,no_target_history,1.382266209651924,0.8776295896121165,3.984038195744404
eng-championship,2025-2026,memory,preseason,2025-08-08,eng-championship:2025-2026:sheffield-united:charlton-athletic,6,outside->eng-championship,stale_history,1.634558652825796,1.0272676545252577,2.7057290627932526
eng-championship,2025-2026,memory,preseason,2025-08-08,eng-championship:2025-2026:west-bromwich-albion:leicester-city,7,eng-premier-league->eng-championship,recent_returner,1.3379294716402634,0.8175008624022798,2.1104102584758744
eng-championship,2025-2026,memory,preseason,2025-08-08,eng-championship:2025-2026:charlton-athletic:blackburn-rovers,7,outside->eng-championship,stale_history,0.9125678063757355,0.5391398930335811,3.4189830754382697
eng-championship,2025-2026,memory,preseason,2025-08-08,eng-championship:2025-2026:coventry-city:birmingham-city,7,outside->eng-championship,recent_returner,0.6337465707110073,0.3306462176381844,2.897343254749636
eng-championship,2025-2026,memory,preseason,2025-08-08,eng-championship:2025-2026:ipswich-town:portsmouth,6,eng-premier-league->eng-championship,recent_returner,0.5663081346194541,0.2804860484930088,2.383688173385522
eng-championship,2025-2026,memory,preseason,2025-08-08,eng-championship:2025-2026:southampton:middlesbrough,7,eng-premier-league->eng-championship,recent_returner,1.4115579328408585,0.8753037663032994,2.182465366119552
eng-championship,2025-2026,memory,preseason,2025-08-08,eng-championship:2025-2026:wrexham:derby-county,7,outside->eng-championship,no_target_history,1.3215650939499954,0.8162028501488175,2.09155271181708
eng-championship,2025-2026,memory,preseason,2025-08-08,eng-championship:2025-2026:birmingham-city:sheffield-wednesday,8,outside->eng-championship,recent_returner,1.3426409680757452,0.8272882819416287,3.054270888883207
eng-championship,2025-2026,memory,preseason,2025-08-08,eng-championship:2025-2026:bristol-city:ipswich-town,7,eng-premier-league->eng-championship,recent_returner,1.3659256158240982,0.8323642448091515,2.135777538326682
eng-championship,2025-2026,memory,preseason,2025-08-08,eng-championship:2025-2026:derby-county:charlton-athletic,8,outside->eng-championship,stale_history,1.3244777759614714,0.8195229970768746,2.0943051494013187
eng-championship,2025-2026,memory,preseason,2025-08-08,eng-championship:2025-2026:leicester-city:wrexham,8,mixed,mixed,1.498464511846669,0.9790122513933837,2.2708960293849625
eng-championship,2025-2026,memory,preseason,2025-08-08,eng-championship:2025-2026:sheffield-united:southampton,8,eng-premier-league->eng-championship,recent_returner,1.3020271710233222,0.8219276045856284,2.7675579309036498
eng-championship,2025-2026,memory,preseason,2025-08-08,eng-championship:2025-2026:wrexham:birmingham-city,9,mixed,mixed,1.3514879816965604,0.838923607671709,2.1196649262411844
eng-championship,2025-2026,memory,preseason,2025-08-08,eng-championship:2025-2026:derby-county:southampton,9,eng-premier-league->eng-championship,recent_returner,1.3501523542965392,0.8235737538806717,2.1210536849320545
eng-championship,2025-2026,memory,preseason,2025-08-08,eng-championship:2025-2026:preston-north-end:charlton-athletic,9,outside->eng-championship,stale_history,0.8378772152659534,0.4835879969947759,2.5247167184128108
eng-championship,2025-2026,memory,preseason,2025-08-08,eng-championship:2025-2026:swansea-city:leicester-city,9,eng-premier-league->eng-championship,recent_returner,0.9215671010894659,0.5471225785056453,3.295157043887811
eng-championship,2025-2026,memory,preseason,2025-08-08,eng-championship:2025-2026:ipswich-town:norwich-city,8,eng-premier-league->eng-championship,recent_returner,0.6486991961232043,0.3419174891140925,2.9001460033861197
eng-championship,2025-2026,memory,preseason,2025-08-08,eng-championship:2025-2026:middlesbrough:ipswich-town,9,eng-premier-league->eng-championship,recent_returner,0.8912174669809043,0.5258420266443768,2.4986234836408254
eng-championship,2025-2026,memory,preseason,2025-08-08,eng-championship:2025-2026:birmingham-city:hull-city,10,outside->eng-championship,recent_returner,1.1369925118782125,0.7008218147812848,4.12195044390025
eng-championship,2025-2026,memory,preseason,2025-08-08,eng-championship:2025-2026:charlton-athletic:sheffield-wednesday,10,outside->eng-championship,stale_history,0.7992261781909447,0.45493562818368827,2.450173330104051
eng-championship,2025-2026,memory,preseason,2025-08-08,eng-championship:2025-2026:leicester-city:portsmouth,10,eng-premier-league->eng-championship,recent_returner,1.4951677252358955,0.972256718384082,2.264652220168158
eng-championship,2025-2026,memory,preseason,2025-08-08,eng-championship:2025-2026:southampton:swansea-city,10,eng-premier-league->eng-championship,recent_returner,1.4348291536740359,0.9092109963567462,2.656930932285514
eng-championship,2025-2026,memory,preseason,2025-08-08,eng-championship:2025-2026:stoke-city:wrexham,10,outside->eng-championship,no_target_history,0.8620976815816969,0.5016169265708827,2.151973743664308
eng-championship,2025-2026,memory,preseason,2025-08-08,eng-championship:2025-2026:ipswich-town:charlton-athletic,10,mixed,mixed,1.582878143428566,1.008590977009383,4.54204843383625
