match_id,match_date,season_id,regime,deployable,p_home,p_draw,p_away,outcome,outcome_log_loss,score_log_loss,home_probability_change,slices
eng-premier-league:2024-2025:manchester-united:fulham,2024-08-16,2024-2025,M5_team_only,True,0.476325688717419,0.22726077413487783,0.29641353714768953,H,0.7416534387279204,2.50664895606245,0.0,early_season|major_lineup_change|newcomer_or_transfer|returning_player
eng-premier-league:2024-2025:manchester-united:fulham,2024-08-16,2024-2025,M6_deployable,True,0.47127413788168404,0.2167379605017024,0.31198790161650436,H,0.7523153205625748,2.5587154731610684,-0.0050515508357349415,early_season|major_lineup_change|newcomer_or_transfer|returning_player
eng-premier-league:2024-2025:manchester-united:fulham,2024-08-16,2024-2025,M6_oracle_diagnostic,False,0.5115931963900566,0.2149623155356712,0.2734444880741621,H,0.6702255080561502,2.513215442337824,0.035267507672637644,early_season|major_lineup_change|newcomer_or_transfer|returning_player
eng-premier-league:2024-2025:arsenal:wolverhampton-wanderers,2024-08-17,2024-2025,M5_team_only,True,0.8012010995351648,0.12534773423483356,0.07345116623011197,H,0.22164330283100014,2.206115922929741,0.0,early_season|major_lineup_change|newcomer_or_transfer
eng-premier-league:2024-2025:arsenal:wolverhampton-wanderers,2024-08-17,2024-2025,M6_deployable,True,0.7741436455972526,0.13407329307065724,0.09178306133219197,H,0.2559978339849074,2.254826150645253,-0.027057453937912257,early_season|major_lineup_change|newcomer_or_transfer
eng-premier-league:2024-2025:arsenal:wolverhampton-wanderers,2024-08-17,2024-2025,M6_oracle_diagnostic,False,0.7989268562914573,0.12431287837739709,0.07676026533124633,H,0.22448588147203666,2.2321158779105303,-0.0022742432437075077,early_season|major_lineup_change|newcomer_or_transfer
eng-premier-league:2024-2025:everton:brighton-hove-albion,2024-08-17,2024-2025,M5_team_only,True,0.42087389974808376,0.25418018362419725,0.3249459166278294,A,1.124096520876052,3.7752064666800225,0.0,early_season|major_lineup_change|newcomer_or_transfer|returning_player
eng-premier-league:2024-2025:everton:brighton-hove-albion,2024-08-17,2024-2025,M6_deployable,True,0.4371330332316494,0.2424069139172968,0.32046005285115564,A,1.1379976504796319,3.7242190514340803,0.01625913348356567,early_season|major_lineup_change|newcomer_or_transfer|returning_player
eng-premier-league:2024-2025:everton:brighton-hove-albion,2024-08-17,2024-2025,M6_oracle_diagnostic,False,0.43212557237867827,0.24537169357038063,0.32250273405104324,A,1.1316436651045918,3.7306213094520375,0.011251672630594511,early_season|major_lineup_change|newcomer_or_transfer|returning_player
eng-premier-league:2024-2025:ipswich-town:liverpool,2024-08-17,2024-2025,M5_team_only,True,0.3247139120225514,0.17858576194380113,0.49670032603375786,A,0.6997684004692936,2.8431284470123845,0.0,early_season|newcomer_or_transfer|promoted_team|returning_player
eng-premier-league:2024-2025:ipswich-town:liverpool,2024-08-17,2024-2025,M6_deployable,True,0.32758512490297176,0.1724005563728147,0.5000143187243155,A,0.6931185435213583,2.856973462567704,0.0028712128804203596,early_season|newcomer_or_transfer|promoted_team|returning_player
eng-premier-league:2024-2025:ipswich-town:liverpool,2024-08-17,2024-2025,M6_oracle_diagnostic,False,0.3209493564146987,0.1735496893279087,0.5055009542574938,A,0.6822053527736524,2.842465071323036,-0.0037645556078527154,early_season|newcomer_or_transfer|promoted_team|returning_player
eng-premier-league:2024-2025:newcastle-united:southampton,2024-08-17,2024-2025,M5_team_only,True,0.535382083251689,0.15964578187689266,0.3049721348715287,H,0.6247746126850197,2.821543437174795,0.0,early_season|major_lineup_change|newcomer_or_transfer|promoted_team|returning_player
eng-premier-league:2024-2025:newcastle-united:southampton,2024-08-17,2024-2025,M6_deployable,True,0.5445453175062842,0.15286668396599165,0.30258799852782614,H,0.607804112328953,2.84759339375831,0.009163234254595198,early_season|major_lineup_change|newcomer_or_transfer|promoted_team|returning_player
eng-premier-league:2024-2025:newcastle-united:southampton,2024-08-17,2024-2025,M6_oracle_diagnostic,False,0.5723923277609752,0.1506817060112312,0.2769259662278961,H,0.5579306350217895,2.831911577964867,0.03701024450928614,early_season|major_lineup_change|newcomer_or_transfer|promoted_team|returning_player
eng-premier-league:2024-2025:nottingham-forest:bournemouth,2024-08-17,2024-2025,M5_team_only,True,0.41754288273855433,0.2312399774157208,0.35121713984583525,D,1.4642992444338379,2.2616245029106086,0.0,early_season|major_lineup_change|newcomer_or_transfer|returning_player
eng-premier-league:2024-2025:nottingham-forest:bournemouth,2024-08-17,2024-2025,M6_deployable,True,0.42778806632613237,0.21935565248363167,0.35285628119033796,D,1.5170608824581164,2.312894588044803,0.010245183587578033,early_season|major_lineup_change|newcomer_or_transfer|returning_player
eng-premier-league:2024-2025:nottingham-forest:bournemouth,2024-08-17,2024-2025,M6_oracle_diagnostic,False,0.40990358840070223,0.22630298495069495,0.3637934266487051,D,1.4858805361923624,2.2818932266970355,-0.007639294337852098,early_season|major_lineup_change|newcomer_or_transfer|returning_player
eng-premier-league:2024-2025:west-ham-united:aston-villa,2024-08-17,2024-2025,M5_team_only,True,0.3451989214136055,0.20675698545815718,0.44804409312834764,A,0.8028636292488047,2.536717935343562,0.0,early_season|goalkeeper_change|major_lineup_change|newcomer_or_transfer|returning_player
eng-premier-league:2024-2025:west-ham-united:aston-villa,2024-08-17,2024-2025,M6_deployable,True,0.36372225395038604,0.19599258715569334,0.4402851588940224,A,0.8203326735929166,2.5968115534352108,0.018523332536780568,early_season|goalkeeper_change|major_lineup_change|newcomer_or_transfer|returning_player
eng-premier-league:2024-2025:west-ham-united:aston-villa,2024-08-17,2024-2025,M6_oracle_diagnostic,False,0.34283305698141814,0.19956507347550256,0.457601869543181,A,0.7817557533847265,2.558672351770377,-0.0023658644321873368,early_season|goalkeeper_change|major_lineup_change|newcomer_or_transfer|returning_player
eng-premier-league:2024-2025:brentford:crystal-palace,2024-08-18,2024-2025,M5_team_only,True,0.37322004712983,0.23137848224525268,0.3954014706249024,H,0.9855870945978688,2.54823011419407,0.0,early_season|newcomer_or_transfer
eng-premier-league:2024-2025:brentford:crystal-palace,2024-08-18,2024-2025,M6_deployable,True,0.3675707412004464,0.22065819120624605,0.4117710675933206,H,1.0008394857912188,2.598939146697748,-0.0056493059293835635,early_season|newcomer_or_transfer
eng-premier-league:2024-2025:brentford:crystal-palace,2024-08-18,2024-2025,M6_oracle_diagnostic,False,0.38333616135103427,0.2274235378395078,0.38924030080947075,H,0.9588429688826835,2.5506275644740453,0.010116114221204286,early_season|newcomer_or_transfer
eng-premier-league:2024-2025:chelsea:manchester-city,2024-08-18,2024-2025,M5_team_only,True,0.2394668510271845,0.19736865746239837,0.5631644915104022,A,0.5741835238702113,2.6778536067843643,0.0,early_season|goalkeeper_change|major_lineup_change|newcomer_or_transfer
eng-premier-league:2024-2025:chelsea:manchester-city,2024-08-18,2024-2025,M6_deployable,True,0.25849953054567576,0.1903049624986411,0.5511955069556962,A,0.5956657107025289,2.722210727262467,0.019032679518491247,early_season|goalkeeper_change|major_lineup_change|newcomer_or_transfer
eng-premier-league:2024-2025:chelsea:manchester-city,2024-08-18,2024-2025,M6_oracle_diagnostic,False,0.24358495548865028,0.18945955110607968,0.5669554934052824,A,0.5674744732113142,2.6907902378650355,0.004118104461465766,early_season|goalkeeper_change|major_lineup_change|newcomer_or_transfer
eng-premier-league:2024-2025:leicester-city:tottenham-hotspur,2024-08-19,2024-2025,M5_team_only,True,0.4302697082141069,0.17497355513489332,0.39475673665089367,D,1.7431204299923158,2.78341635384905,0.0,early_season|goalkeeper_change|major_lineup_change|newcomer_or_transfer|promoted_team
eng-premier-league:2024-2025:leicester-city:tottenham-hotspur,2024-08-19,2024-2025,M6_deployable,True,0.43653215552252844,0.16876676453228617,0.39470107994508385,D,1.7792376087874122,2.8189731111032073,0.006262447308421515,early_season|goalkeeper_change|major_lineup_change|newcomer_or_transfer|promoted_team
eng-premier-league:2024-2025:leicester-city:tottenham-hotspur,2024-08-19,2024-2025,M6_oracle_diagnostic,False,0.41444957159005635,0.17074008482092534,0.4148103435889175,D,1.7676128506159525,2.807438066194304,-0.015820136624050574,early_season|goalkeeper_change|major_lineup_change|newcomer_or_transfer|promoted_team
eng-premier-league:2024-2025:aston-villa:arsenal,2024-08-24,2024-2025,M5_team_only,True,0.21384630477794775,0.2021752880832699,0.5839784071388043,A,0.5378912709148579,2.497787462946314,0.0,early_season
eng-premier-league:2024-2025:aston-villa:arsenal,2024-08-24,2024-2025,M6_deployable,True,0.23517582337785414,0.19666183456875722,0.5681623420533016,A,0.5653480876237531,2.54861760978521,0.021329518599906394,early_season
eng-premier-league:2024-2025:aston-villa:arsenal,2024-08-24,2024-2025,M6_oracle_diagnostic,False,0.22523236405351763,0.20135961987421397,0.5734080160721818,A,0.5561577457349073,2.519275762486032,0.011386059275569876,early_season
eng-premier-league:2024-2025:brighton-hove-albion:manchester-united,2024-08-24,2024-2025,M5_team_only,True,0.415870419952169,0.23675664637838037,0.3473729336694727,H,0.8773815577437099,2.4810946521750212,0.0,early_season
eng-premier-league:2024-2025:brighton-hove-albion:manchester-united,2024-08-24,2024-2025,M6_deployable,True,0.4316295915784202,0.22281830948361336,0.3455520989378794,H,0.8401874854405343,2.517374065541357,0.01575917162625118,early_season
eng-premier-league:2024-2025:brighton-hove-albion:manchester-united,2024-08-24,2024-2025,M6_oracle_diagnostic,False,0.44187725666868094,0.22705717738076475,0.33106556595046743,H,0.816723135314794,2.4857533552797086,0.02600683671651194,early_season
eng-premier-league:2024-2025:crystal-palace:west-ham-united,2024-08-24,2024-2025,M5_team_only,True,0.5610530731977413,0.20369611217518377,0.23525081462709693,A,1.447103037708204,3.517667182508661,0.0,early_season
eng-premier-league:2024-2025:crystal-palace:west-ham-united,2024-08-24,2024-2025,M6_deployable,True,0.5749395295699344,0.19090882067966064,0.23415164975031794,A,1.4517862976788467,3.5117441347664973,0.013886456372193101,early_season
eng-premier-league:2024-2025:crystal-palace:west-ham-united,2024-08-24,2024-2025,M6_oracle_diagnostic,False,0.5652998025562616,0.196957973780952,0.2377422236626994,A,1.4365682861348825,3.49691612771274,0.004246729358520218,early_season
eng-premier-league:2024-2025:fulham:leicester-city,2024-08-24,2024-2025,M5_team_only,True,0.41823595879318876,0.23624943951330665,0.34551460169352655,H,0.871709511004044,2.8076302392870205,0.0,early_season|promoted_team
eng-premier-league:2024-2025:fulham:leicester-city,2024-08-24,2024-2025,M6_deployable,True,0.4151795678172782,0.22889875141815358,0.3559216807644815,H,0.8790441588006818,2.8445722630070587,-0.003056390975910539,early_season|promoted_team
eng-premier-league:2024-2025:fulham:leicester-city,2024-08-24,2024-2025,M6_oracle_diagnostic,False,0.4016613090162423,0.23283270600358258,0.3655059849800883,H,0.912146060363225,2.8440997774473304,-0.01657464977694645,early_season|promoted_team
eng-premier-league:2024-2025:manchester-city:ipswich-town,2024-08-24,2024-2025,M5_team_only,True,0.7833680502206904,0.13279769418561785,0.08383425559371376,H,0.2441526420634504,3.3460152128115808,0.0,early_season|goalkeeper_change|promoted_team
eng-premier-league:2024-2025:manchester-city:ipswich-town,2024-08-24,2024-2025,M6_deployable,True,0.7705181048277334,0.13631745544376145,0.09316443972841824,H,0.26069212699285876,3.391397141555799,-0.01284994539295703,early_season|goalkeeper_change|promoted_team
eng-premier-league:2024-2025:manchester-city:ipswich-town,2024-08-24,2024-2025,M6_oracle_diagnostic,False,0.7907509131819952,0.12740133147798302,0.08184775533993532,H,0.23477226196682724,3.3722863778115166,0.007382862961304748,early_season|goalkeeper_change|promoted_team
eng-premier-league:2024-2025:southampton:nottingham-forest,2024-08-24,2024-2025,M5_team_only,True,0.4281449185104954,0.2688097374907211,0.30304534399880534,A,1.1938728345081626,2.2257301066563744,0.0,early_season|promoted_team
eng-premier-league:2024-2025:southampton:nottingham-forest,2024-08-24,2024-2025,M6_deployable,True,0.4282183354961565,0.26202551093634796,0.30975615356740865,A,1.1719698924316089,2.2289008547913043,7.341698566110111e-05,early_season|promoted_team
eng-premier-league:2024-2025:southampton:nottingham-forest,2024-08-24,2024-2025,M6_oracle_diagnostic,False,0.4281932852924083,0.26501647490477537,0.30679023980272957,A,1.1815910228936115,2.2241374677721186,4.836678191288968e-05,early_season|promoted_team
eng-premier-league:2024-2025:tottenham-hotspur:everton,2024-08-24,2024-2025,M5_team_only,True,0.5649116748399062,0.21849421047146728,0.21659411468864867,H,0.5710858877731274,3.5099009808441024,0.0,early_season|newcomer_or_transfer
eng-premier-league:2024-2025:tottenham-hotspur:everton,2024-08-24,2024-2025,M6_deployable,True,0.5644783981796306,0.20853777994830874,0.22698382187197336,H,0.5718531632997724,3.3951214186456125,-0.0004332766602755944,early_season|newcomer_or_transfer
eng-premier-league:2024-2025:tottenham-hotspur:everton,2024-08-24,2024-2025,M6_oracle_diagnostic,False,0.588663380910147,0.20789349528515572,0.20344312380461058,H,0.5299007681947611,3.3538944906132846,0.023751706070240797,early_season|newcomer_or_transfer
eng-premier-league:2024-2025:bournemouth:newcastle-united,2024-08-25,2024-2025,M5_team_only,True,0.32071703766193427,0.21218610535919996,0.4670968569788114,D,1.5502915339319592,2.421523460129282,0.0,early_season|major_lineup_change|newcomer_or_transfer
eng-premier-league:2024-2025:bournemouth:newcastle-united,2024-08-25,2024-2025,M6_deployable,True,0.3302143172008362,0.19874885439054482,0.4710368284087035,D,1.6157132895370385,2.481605274571645,0.009497279538901948,early_season|major_lineup_change|newcomer_or_transfer
eng-premier-league:2024-2025:bournemouth:newcastle-united,2024-08-25,2024-2025,M6_oracle_diagnostic,False,0.31473072282718845,0.20461923377274235,0.48065004340015344,D,1.586604423173569,2.4528998754458478,-0.005986314834745821,early_season|major_lineup_change|newcomer_or_transfer
eng-premier-league:2024-2025:liverpool:brentford,2024-08-25,2024-2025,M5_team_only,True,0.6783996704679935,0.17393287680843814,0.14766745272351423,H,0.388018680253392,2.3664400552635887,0.0,early_season
eng-premier-league:2024-2025:liverpool:brentford,2024-08-25,2024-2025,M6_deployable,True,0.6610467279598906,0.17310142279587415,0.1658518492443199,H,0.41393074880018965,2.4187887649539617,-0.01735294250810293,early_season
eng-premier-league:2024-2025:liverpool:brentford,2024-08-25,2024-2025,M6_oracle_diagnostic,False,0.6521350896869513,0.18083775215164374,0.16702715816148886,H,0.4275035457455442,2.400032146421602,-0.026264580781042213,early_season
eng-premier-league:2024-2025:wolverhampton-wanderers:chelsea,2024-08-25,2024-2025,M5_team_only,True,0.3075618935819521,0.2187267518252272,0.47371135459276653,A,0.7471570993317557,5.957466409629295,0.0,early_season
eng-premier-league:2024-2025:wolverhampton-wanderers:chelsea,2024-08-25,2024-2025,M6_deployable,True,0.3400760371822158,0.20642024149712157,0.4535037213207471,A,0.7907518036816777,5.911602278358294,0.03251414360026372,early_season
eng-premier-league:2024-2025:wolverhampton-wanderers:chelsea,2024-08-25,2024-2025,M6_oracle_diagnostic,False,0.32409374256378276,0.21186366394293252,0.4640425934933697,A,0.7677789346469889,5.924963496821226,0.016531848981830688,early_season
eng-premier-league:2024-2025:arsenal:brighton-hove-albion,2024-08-31,2024-2025,M5_team_only,True,0.7485784302969328,0.15183783657292566,0.0995837331302383,D,1.8849421922928509,2.655784632178855,0.0,early_season|goalkeeper_change
eng-premier-league:2024-2025:arsenal:brighton-hove-albion,2024-08-31,2024-2025,M6_deployable,True,0.7242121370426715,0.15723196479938634,0.118555898157933,D,1.850033081238997,2.620004348723146,-0.024366293254261318,early_season|goalkeeper_change
eng-premier-league:2024-2025:arsenal:brighton-hove-albion,2024-08-31,2024-2025,M6_oracle_diagnostic,False,0.7360247716150045,0.1547716639100195,0.10920356447496729,D,1.8658043842590237,2.6357852952628273,-0.01255365868192837,early_season|goalkeeper_change
eng-premier-league:2024-2025:brentford:southampton,2024-08-31,2024-2025,M5_team_only,True,0.4970260597266476,0.2792750322741988,0.2236989079992504,H,0.6991128202024844,3.4601529633808115,0.0,early_season|goalkeeper_change|newcomer_or_transfer|promoted_team
eng-premier-league:2024-2025:brentford:southampton,2024-08-31,2024-2025,M6_deployable,True,0.49765704322994553,0.27402155137822926,0.22832140539181608,H,0.6978441074113251,3.4834556457823993,0.0006309835032979327,early_season|goalkeeper_change|newcomer_or_transfer|promoted_team
eng-premier-league:2024-2025:brentford:southampton,2024-08-31,2024-2025,M6_oracle_diagnostic,False,0.5213764935866987,0.27049154157784555,0.20813196483544544,H,0.6512828617619649,3.4304771395371563,0.02435043386005109,early_season|goalkeeper_change|newcomer_or_transfer|promoted_team
eng-premier-league:2024-2025:everton:bournemouth,2024-08-31,2024-2025,M5_team_only,True,0.36424345679437403,0.2553859248296643,0.38037061837605846,A,0.9666091900530155,3.7706414680501776,0.0,early_season|goalkeeper_change|newcomer_or_transfer
eng-premier-league:2024-2025:everton:bournemouth,2024-08-31,2024-2025,M6_deployable,True,0.359981494185356,0.24363917623907727,0.39637932957555777,A,0.9253836232553516,3.7995928430373507,-0.004261962609018011,early_season|goalkeeper_change|newcomer_or_transfer
eng-premier-league:2024-2025:everton:bournemouth,2024-08-31,2024-2025,M6_oracle_diagnostic,False,0.3250477433483582,0.24542678688799693,0.42952546976363476,A,0.8450742383529984,3.7448280787620387,-0.039195713446015856,early_season|goalkeeper_change|newcomer_or_transfer
eng-premier-league:2024-2025:ipswich-town:fulham,2024-08-31,2024-2025,M5_team_only,True,0.3295046210384671,0.21652640083821728,0.45396897812341236,D,1.5300427951486524,2.4140694982483883,0.0,early_season|newcomer_or_transfer|promoted_team
eng-premier-league:2024-2025:ipswich-town:fulham,2024-08-31,2024-2025,M6_deployable,True,0.3428861092496035,0.21040836668446677,0.44670552406592046,D,1.5587050332986296,2.4424626560148583,0.013381488211136383,early_season|newcomer_or_transfer|promoted_team
eng-premier-league:2024-2025:ipswich-town:fulham,2024-08-31,2024-2025,M6_oracle_diagnostic,False,0.3580369209494607,0.2144604216120593,0.42750265743847005,D,1.539630072268078,2.4226778923541126,0.028532299910993597,early_season|newcomer_or_transfer|promoted_team
eng-premier-league:2024-2025:leicester-city:aston-villa,2024-08-31,2024-2025,M5_team_only,True,0.35389967360568014,0.2167534724021457,0.42934685399227085,A,0.8454901692637952,2.7059278933519515,0.0,early_season|promoted_team
eng-premier-league:2024-2025:leicester-city:aston-villa,2024-08-31,2024-2025,M6_deployable,True,0.3566379703187934,0.20857318845286338,0.43478884122833406,A,0.8328947882126783,2.737892996291783,0.002738296713113264,early_season|promoted_team
eng-premier-league:2024-2025:leicester-city:aston-villa,2024-08-31,2024-2025,M6_oracle_diagnostic,False,0.32187063147466255,0.2085030682716244,0.4696263002537039,A,0.7558180063855204,2.6966966709298728,-0.03202904213101759,early_season|promoted_team
eng-premier-league:2024-2025:nottingham-forest:wolverhampton-wanderers,2024-08-31,2024-2025,M5_team_only,True,0.47814166703559335,0.23023797856918093,0.29162035439532247,D,1.468641815549876,2.2514266234961937,0.0,early_season|goalkeeper_change|newcomer_or_transfer
eng-premier-league:2024-2025:nottingham-forest:wolverhampton-wanderers,2024-08-31,2024-2025,M6_deployable,True,0.5005260185805899,0.21597245790492087,0.2835015235144801,D,1.5326043891274652,2.314599499963814,0.022384351544996517,early_season|goalkeeper_change|newcomer_or_transfer
eng-premier-league:2024-2025:nottingham-forest:wolverhampton-wanderers,2024-08-31,2024-2025,M6_oracle_diagnostic,False,0.5147103474722435,0.21751102494606742,0.26777862758168086,D,1.5255057403308563,2.3075276498211825,0.03656868043665018,early_season|goalkeeper_change|newcomer_or_transfer
eng-premier-league:2024-2025:west-ham-united:manchester-city,2024-08-31,2024-2025,M5_team_only,True,0.1374457865712855,0.16176425352972892,0.7007899598990822,A,0.35554706609060444,2.6039610151918042,0.0,early_season
eng-premier-league:2024-2025:west-ham-united:manchester-city,2024-08-31,2024-2025,M6_deployable,True,0.15880874242371962,0.16398566722786112,0.6772055903484103,A,0.3897803736650705,2.6667673660383353,0.021362955852434112,early_season
eng-premier-league:2024-2025:west-ham-united:manchester-city,2024-08-31,2024-2025,M6_oracle_diagnostic,False,0.15508138174902716,0.16494541937409682,0.679973198876867,A,0.3857018950050858,2.651346807757708,0.01763559517774166,early_season
eng-premier-league:2024-2025:chelsea:crystal-palace,2024-09-01,2024-2025,M5_team_only,True,0.5559714629649425,0.19995191485781522,0.2440766221773016,D,1.609678367051919,2.4688048707315753,0.0,early_season
eng-premier-league:2024-2025:chelsea:crystal-palace,2024-09-01,2024-2025,M6_deployable,True,0.5422554644598161,0.19166123767338247,0.2660832978667939,D,1.6520258524364142,2.5089407472959477,-0.013715998505126392,early_season
eng-premier-league:2024-2025:chelsea:crystal-palace,2024-09-01,2024-2025,M6_oracle_diagnostic,False,0.5389865514093695,0.1967140935132936,0.2642993550773296,D,1.6260039063658775,2.4831296631925546,-0.016984911555573023,early_season
eng-premier-league:2024-2025:manchester-united:liverpool,2024-09-01,2024-2025,M5_team_only,True,0.2572638411410445,0.22306738908887788,0.519668769770137,A,0.6545636515766626,2.9939738730877075,0.0,early_season
eng-premier-league:2024-2025:manchester-united:liverpool,2024-09-01,2024-2025,M6_deployable,True,0.26071667934873016,0.2119961005266261,0.5272872201246366,A,0.640009869180466,2.9399963756735517,0.00345283820768566,early_season
eng-premier-league:2024-2025:manchester-united:liverpool,2024-09-01,2024-2025,M6_oracle_diagnostic,False,0.2687712375528007,0.2193311313414776,0.5118976311057141,A,0.6696306131797973,3.000569889763974,0.011507396411756188,early_season
eng-premier-league:2024-2025:newcastle-united:tottenham-hotspur,2024-09-01,2024-2025,M5_team_only,True,0.4852152045345463,0.20288835041753422,0.3118964450479789,H,0.7231627657697816,2.5091600180396427,0.0,early_season
eng-premier-league:2024-2025:newcastle-united:tottenham-hotspur,2024-09-01,2024-2025,M6_deployable,True,0.49414103270127246,0.18989007573497987,0.3159688915637403,H,0.7049343112409782,2.564117866317052,0.008925828166726157,early_season
eng-premier-league:2024-2025:newcastle-united:tottenham-hotspur,2024-09-01,2024-2025,M6_oracle_diagnostic,False,0.5034416979537707,0.19588600980246296,0.3006722922437584,H,0.6862873670658041,2.5211587560462956,0.018226493419224388,early_season
eng-premier-league:2024-2025:aston-villa:everton,2024-09-14,2024-2025,M5_team_only,True,0.6075128605593563,0.20299341507984373,0.1894937243608681,H,0.49838193434647643,3.408146910205588,0.0,early_season|returning_player
eng-premier-league:2024-2025:aston-villa:everton,2024-09-14,2024-2025,M6_deployable,True,0.6094210123487513,0.19375445835306293,0.19682452929816552,H,0.4952459326364642,3.470098382042927,0.001908151789395074,early_season|returning_player
eng-premier-league:2024-2025:aston-villa:everton,2024-09-14,2024-2025,M6_oracle_diagnostic,False,0.6638718874365882,0.17989890079153592,0.15622921177185625,H,0.4096660887286846,3.464383415331695,0.05635902687723193,early_season|returning_player
eng-premier-league:2024-2025:bournemouth:chelsea,2024-09-14,2024-2025,M5_team_only,True,0.32637703475203145,0.21314373272577042,0.46047923252226636,A,0.7754875219752232,2.8201280998120586,0.0,early_season|goalkeeper_change|newcomer_or_transfer
eng-premier-league:2024-2025:bournemouth:chelsea,2024-09-14,2024-2025,M6_deployable,True,0.3369194551552921,0.19939519644378617,0.46368534840090136,A,0.7685490852353104,2.873720499628571,0.010542420403260644,early_season|goalkeeper_change|newcomer_or_transfer
eng-premier-league:2024-2025:bournemouth:chelsea,2024-09-14,2024-2025,M6_oracle_diagnostic,False,0.3492238426342716,0.20727775919133284,0.44349839817437514,A,0.8130610890217196,2.8613485247456625,0.02284680788224014,early_season|goalkeeper_change|newcomer_or_transfer
eng-premier-league:2024-2025:brighton-hove-albion:ipswich-town,2024-09-14,2024-2025,M5_team_only,True,0.5753138399633563,0.20656664367657523,0.21811951636013674,D,1.577132188978422,2.7597366091738604,0.0,early_season|promoted_team|returning_player
eng-premier-league:2024-2025:brighton-hove-albion:ipswich-town,2024-09-14,2024-2025,M6_deployable,True,0.5873231738010591,0.19762144524862696,0.21505538095029336,D,1.6214019709710017,2.7822194097433792,0.012009333837702862,early_season|promoted_team|returning_player
eng-premier-league:2024-2025:brighton-hove-albion:ipswich-town,2024-09-14,2024-2025,M6_oracle_diagnostic,False,0.6165322664110203,0.19149553304757405,0.19197220054138556,D,1.6528907967558233,2.8156894941042636,0.04121842644766405,early_season|promoted_team|returning_player
eng-premier-league:2024-2025:crystal-palace:leicester-city,2024-09-14,2024-2025,M5_team_only,True,0.5348073474510651,0.22086571645877623,0.24432693609022688,D,1.5102003799725032,3.19408016358139,0.0,early_season|newcomer_or_transfer|promoted_team
eng-premier-league:2024-2025:crystal-palace:leicester-city,2024-09-14,2024-2025,M6_deployable,True,0.5483452140352251,0.21083500366931013,0.24081978229544437,D,1.5566794245377722,3.2482286385200947,0.013537866584160008,early_season|newcomer_or_transfer|promoted_team
eng-premier-league:2024-2025:crystal-palace:leicester-city,2024-09-14,2024-2025,M6_oracle_diagnostic,False,0.568819399494029,0.20813404810760303,0.22304655239834784,D,1.5695729448015272,3.261509602239771,0.03401205204296398,early_season|newcomer_or_transfer|promoted_team
eng-premier-league:2024-2025:fulham:west-ham-united,2024-09-14,2024-2025,M5_team_only,True,0.47756557979755293,0.22168367630197766,0.3007507439005376,D,1.5065037947414954,2.318734895359354,0.0,early_season|returning_player
eng-premier-league:2024-2025:fulham:west-ham-united,2024-09-14,2024-2025,M6_deployable,True,0.4624087205535062,0.2130630165902584,0.32452826285621494,D,1.5461673044920192,2.357135525459961,-0.01515685924404675,early_season|returning_player
eng-premier-league:2024-2025:fulham:west-ham-united,2024-09-14,2024-2025,M6_oracle_diagnostic,False,0.46057443533038256,0.21640803836140035,0.3230175263081963,D,1.5305895868521942,2.341658432368978,-0.01699114446717037,early_season|returning_player
eng-premier-league:2024-2025:liverpool:nottingham-forest,2024-09-14,2024-2025,M5_team_only,True,0.729899921831979,0.15784359962224065,0.11225647854584851,A,2.18696903869474,3.4645411071651893,0.0,early_season|major_lineup_change
eng-premier-league:2024-2025:liverpool:nottingham-forest,2024-09-14,2024-2025,M6_deployable,True,0.7121322573551001,0.1595294458451459,0.1283382967997334,A,2.0530855577488145,3.3784205064287427,-0.01776766447687894,early_season|major_lineup_change
eng-premier-league:2024-2025:liverpool:nottingham-forest,2024-09-14,2024-2025,M6_oracle_diagnostic,False,0.7281413751209767,0.1556497214630558,0.11620890341594746,A,2.1523658160198473,3.4482580994792422,-0.0017585467110023956,early_season|major_lineup_change
eng-premier-league:2024-2025:manchester-city:brentford,2024-09-14,2024-2025,M5_team_only,True,0.7745664731279185,0.13411925365482807,0.09131427321732155,H,0.2554517956578385,2.5143673770903545,0.0,early_season|major_lineup_change
eng-premier-league:2024-2025:manchester-city:brentford,2024-09-14,2024-2025,M6_deployable,True,0.7497314604017203,0.14100003821649926,0.10926850138175997,H,0.28804018936569525,2.525061210444319,-0.024835012726198147,early_season|major_lineup_change
eng-premier-league:2024-2025:manchester-city:brentford,2024-09-14,2024-2025,M6_oracle_diagnostic,False,0.7539438840636956,0.14003497437483942,0.10602114156144397,H,0.2824373380625141,2.5220863072164907,-0.020622589064222874,early_season|major_lineup_change
eng-premier-league:2024-2025:southampton:manchester-united,2024-09-14,2024-2025,M5_team_only,True,0.24867951073882372,0.25699071459126926,0.49432977466997524,A,0.7045524244526398,2.9787494534285823,0.0,early_season|major_lineup_change|promoted_team
eng-premier-league:2024-2025:southampton:manchester-united,2024-09-14,2024-2025,M6_deployable,True,0.27095158891982585,0.2548305667993778,0.47421784428077585,A,0.746088475774616,3.020616901580571,0.02227207818100213,early_season|major_lineup_change|promoted_team
eng-premier-league:2024-2025:southampton:manchester-united,2024-09-14,2024-2025,M6_oracle_diagnostic,False,0.26379073309223744,0.2552350118159565,0.48097425509178565,A,0.7319415340265225,3.002420757772058,0.015111222353413722,early_season|major_lineup_change|promoted_team
eng-premier-league:2024-2025:tottenham-hotspur:arsenal,2024-09-15,2024-2025,M5_team_only,True,0.21950063425473007,0.2097991385276986,0.5707002272175691,A,0.5608912033011816,2.4518424890879116,0.0,early_season|major_lineup_change|returning_player
eng-premier-league:2024-2025:tottenham-hotspur:arsenal,2024-09-15,2024-2025,M6_deployable,True,0.23396250535543794,0.20383056406834818,0.5622069305763167,A,0.5758852929864072,2.487603513272348,0.014461871100707874,early_season|major_lineup_change|returning_player
eng-premier-league:2024-2025:tottenham-hotspur:arsenal,2024-09-15,2024-2025,M6_oracle_diagnostic,False,0.225863328389792,0.20688932358507145,0.56724734802524,A,0.5669598304759262,2.4628564026853903,0.006362694135061936,early_season|major_lineup_change|returning_player
eng-premier-league:2024-2025:wolverhampton-wanderers:newcastle-united,2024-09-15,2024-2025,M5_team_only,True,0.2647812067570739,0.208228634218245,0.5269901590246788,A,0.6405734041925877,2.421632266686099,0.0,early_season
eng-premier-league:2024-2025:wolverhampton-wanderers:newcastle-united,2024-09-15,2024-2025,M6_deployable,True,0.26724769611676813,0.19657589474756676,0.5361764091357676,A,0.6232920505379881,2.472172231731125,0.002466489359694235,early_season
eng-premier-league:2024-2025:wolverhampton-wanderers:newcastle-united,2024-09-15,2024-2025,M6_oracle_diagnostic,False,0.22718518792660639,0.19074192934080772,0.5820728827326881,A,0.5411596110280406,2.4423827859549236,-0.03759601883046751,early_season
eng-premier-league:2024-2025:aston-villa:wolverhampton-wanderers,2024-09-21,2024-2025,M5_team_only,True,0.606806181731078,0.1924799623643717,0.20071385590463156,H,0.4995458441320343,2.6860704008987,0.0,early_season
eng-premier-league:2024-2025:aston-villa:wolverhampton-wanderers,2024-09-21,2024-2025,M6_deployable,True,0.6052979789716824,0.18381562463242562,0.21088639639594547,H,0.5020344149770969,2.7304353883689108,-0.0015082027593956715,early_season
eng-premier-league:2024-2025:aston-villa:wolverhampton-wanderers,2024-09-21,2024-2025,M6_oracle_diagnostic,False,0.6498293077043248,0.174678046603389,0.1754926456923405,H,0.43104555411060735,2.666812288475416,0.043023125973246756,early_season
eng-premier-league:2024-2025:crystal-palace:manchester-united,2024-09-21,2024-2025,M5_team_only,True,0.434294204550001,0.2381185962167734,0.327587199233307,D,1.4349864259907679,2.8825707713498345,0.0,early_season|returning_player
eng-premier-league:2024-2025:crystal-palace:manchester-united,2024-09-21,2024-2025,M6_deployable,True,0.46425262004236834,0.22371891782878442,0.3120284621289008,D,1.497364846208407,2.9399350119673664,0.02995841549236733,early_season|returning_player
eng-premier-league:2024-2025:crystal-palace:manchester-united,2024-09-21,2024-2025,M6_oracle_diagnostic,False,0.4425705397946755,0.22980658568208412,0.3276228745232951,D,1.470517255657479,2.9138035846359984,0.008276335244674471,early_season|returning_player
eng-premier-league:2024-2025:fulham:newcastle-united,2024-09-21,2024-2025,M5_team_only,True,0.3298146733523321,0.22277189625463373,0.44741343039311543,H,1.1092243781776792,3.297509575925436,0.0,early_season|major_lineup_change
eng-premier-league:2024-2025:fulham:newcastle-united,2024-09-21,2024-2025,M6_deployable,True,0.3270447074646857,0.21168330991555323,0.4612719826198146,H,1.1176583973547298,3.3140701496783733,-0.002769965887646386,early_season|major_lineup_change
eng-premier-league:2024-2025:fulham:newcastle-united,2024-09-21,2024-2025,M6_oracle_diagnostic,False,0.32747975839767135,0.2159972289345742,0.4565230126678087,H,1.11632903223625,3.3101419868952724,-0.0023349149546607606,early_season|major_lineup_change
eng-premier-league:2024-2025:leicester-city:everton,2024-09-21,2024-2025,M5_team_only,True,0.47032095641321975,0.2344137490692649,0.29526529451759675,D,1.4506675665606577,2.2816051979469787,0.0,early_season|major_lineup_change|promoted_team
eng-premier-league:2024-2025:leicester-city:everton,2024-09-21,2024-2025,M6_deployable,True,0.4866534277056608,0.22508011455397442,0.2882664577404185,D,1.4912988754693723,2.322395877789102,0.01633247129244103,early_season|major_lineup_change|promoted_team
eng-premier-league:2024-2025:leicester-city:everton,2024-09-21,2024-2025,M6_oracle_diagnostic,False,0.48902553512916913,0.22722503533823163,0.28374942953265203,D,1.4818144074564366,2.3128704371648157,0.018704578715949383,early_season|major_lineup_change|promoted_team
eng-premier-league:2024-2025:liverpool:bournemouth,2024-09-21,2024-2025,M5_team_only,True,0.6783600474479409,0.17815190343187148,0.14348804912026894,H,0.38807708856186507,2.541547834536363,0.0,early_season|goalkeeper_change
eng-premier-league:2024-2025:liverpool:bournemouth,2024-09-21,2024-2025,M6_deployable,True,0.6639284926268123,0.17629718929814372,0.15977431807509757,H,0.40958082713197425,2.5738544791916853,-0.014431554821128567,early_season|goalkeeper_change
eng-premier-league:2024-2025:liverpool:bournemouth,2024-09-21,2024-2025,M6_oracle_diagnostic,False,0.6517156889600033,0.18352404491351518,0.16476026612653374,H,0.4281468720345356,2.601856405354961,-0.02664435848793756,early_season|goalkeeper_change
eng-premier-league:2024-2025:southampton:ipswich-town,2024-09-21,2024-2025,M5_team_only,True,0.2572630329742247,0.3010586899231387,0.44167827710271784,D,1.2004500501066506,2.3016576979342735,0.0,early_season|major_lineup_change|promoted_team
eng-premier-league:2024-2025:southampton:ipswich-town,2024-09-21,2024-2025,M6_deployable,True,0.2657276824035565,0.2996552076852581,0.43461710991123914,D,1.205122773002335,2.3232884673758,0.008464649429331783,early_season|major_lineup_change|promoted_team
eng-premier-league:2024-2025:southampton:ipswich-town,2024-09-21,2024-2025,M6_oracle_diagnostic,False,0.2559176097636823,0.2991082224168085,0.44497416781956256,D,1.206949823196481,2.3253526897964085,-0.001345423210542429,early_season|major_lineup_change|promoted_team
eng-premier-league:2024-2025:tottenham-hotspur:brentford,2024-09-21,2024-2025,M5_team_only,True,0.5280823933942619,0.21217126784085513,0.2597463387649643,H,0.6385029593549201,2.8084713282465743,0.0,early_season
eng-premier-league:2024-2025:tottenham-hotspur:brentford,2024-09-21,2024-2025,M6_deployable,True,0.5063549935995291,0.2063735533727824,0.2872714530277422,H,0.6805172873002074,2.8760335314211654,-0.021727399794732816,early_season
eng-premier-league:2024-2025:tottenham-hotspur:brentford,2024-09-21,2024-2025,M6_oracle_diagnostic,False,0.5127574272412728,0.2099208518741455,0.2773217208846359,H,0.6679523970223703,2.852162655597499,-0.015324966152989061,early_season
eng-premier-league:2024-2025:west-ham-united:chelsea,2024-09-21,2024-2025,M5_team_only,True,0.3020782841392292,0.20773727823608368,0.49018443762476843,A,0.7129735553835678,3.222798910718207,0.0,early_season
eng-premier-league:2024-2025:west-ham-united:chelsea,2024-09-21,2024-2025,M6_deployable,True,0.31721657068715514,0.1969428083024899,0.4858406210104085,A,0.7218746491736265,3.2056183552259245,0.015138286547925928,early_season
eng-premier-league:2024-2025:west-ham-united:chelsea,2024-09-21,2024-2025,M6_oracle_diagnostic,False,0.31298881957963287,0.2016771360344112,0.48533404438600974,A,0.7229178738136247,3.2170669871855706,0.010910535440403657,early_season
eng-premier-league:2024-2025:brighton-hove-albion:nottingham-forest,2024-09-22,2024-2025,M5_team_only,True,0.4845800646474892,0.23712209915262528,0.27829783619978904,D,1.4391800842119076,2.938933679287551,0.0,early_season
eng-premier-league:2024-2025:brighton-hove-albion:nottingham-forest,2024-09-22,2024-2025,M6_deployable,True,0.4808888506026044,0.22759889516577209,0.29151225423168936,D,1.4801704310221822,2.984379571678982,-0.0036912140448848163,early_season
eng-premier-league:2024-2025:brighton-hove-albion:nottingham-forest,2024-09-22,2024-2025,M6_oracle_diagnostic,False,0.4968257825001651,0.2295297124397626,0.27364450506013854,D,1.471722791893068,2.975721204736942,0.01224571785267592,early_season
eng-premier-league:2024-2025:manchester-city:arsenal,2024-09-22,2024-2025,M5_team_only,True,0.4337141421237152,0.24500892709982042,0.3212769307763678,D,1.4064606319591024,2.923974347258801,0.0,early_season|major_lineup_change
eng-premier-league:2024-2025:manchester-city:arsenal,2024-09-22,2024-2025,M6_deployable,True,0.44122090215843734,0.23633938944488225,0.3224397083967463,D,1.442486416150748,2.9742704926570998,0.007506760034722171,early_season|major_lineup_change
eng-premier-league:2024-2025:manchester-city:arsenal,2024-09-22,2024-2025,M6_oracle_diagnostic,False,0.42677284439801294,0.24092731982714294,0.33229983577490996,D,1.42325996845585,2.9546786032201613,-0.0069412977257022335,early_season|major_lineup_change
eng-premier-league:2024-2025:arsenal:leicester-city,2024-09-28,2024-2025,M5_team_only,True,0.7624158521175292,0.14560015811774663,0.09198398976473375,H,0.2712631344690994,4.166829180466004,0.0,promoted_team
eng-premier-league:2024-2025:arsenal:leicester-city,2024-09-28,2024-2025,M6_deployable,True,0.7452572498222294,0.1498565493534158,0.10488620082437312,H,0.2940258184307105,4.218821197526291,-0.017158602295299752,promoted_team
eng-premier-league:2024-2025:arsenal:leicester-city,2024-09-28,2024-2025,M6_oracle_diagnostic,False,0.7483537626494556,0.1501227015695546,0.1015235357810095,H,0.2898794680922399,4.200057375568813,-0.014062089468073524,promoted_team
eng-premier-league:2024-2025:brentford:west-ham-united,2024-09-28,2024-2025,M5_team_only,True,0.4851346921104411,0.21943240055633775,0.2954329073332307,D,1.51671106403003,2.336798506065629,0.0,
eng-premier-league:2024-2025:brentford:west-ham-united,2024-09-28,2024-2025,M6_deployable,True,0.4929934835629266,0.20882323013369475,0.29818328630339697,D,1.5662671737325071,2.383951711295219,0.007858791452485525,
eng-premier-league:2024-2025:brentford:west-ham-united,2024-09-28,2024-2025,M6_oracle_diagnostic,False,0.5001491229899565,0.20966743050076012,0.29018344650930206,D,1.562232667868556,2.3799268457658247,0.015014430879515428,
eng-premier-league:2024-2025:chelsea:brighton-hove-albion,2024-09-28,2024-2025,M5_team_only,True,0.5690072097542039,0.20232839839282826,0.2286643918529775,H,0.5638621740148093,3.820925991204043,0.0,returning_player
eng-premier-league:2024-2025:chelsea:brighton-hove-albion,2024-09-28,2024-2025,M6_deployable,True,0.558087905940903,0.19517412724280297,0.24673796681631233,H,0.5832387914800595,3.8791068846325967,-0.010919303813300973,returning_player
eng-premier-league:2024-2025:chelsea:brighton-hove-albion,2024-09-28,2024-2025,M6_oracle_diagnostic,False,0.6004616310994044,0.18824062734432828,0.21129774155628506,H,0.5100565344253574,3.8119087196279993,0.03145442134520049,returning_player
eng-premier-league:2024-2025:everton:crystal-palace,2024-09-28,2024-2025,M5_team_only,True,0.32155057564948564,0.25415068539934543,0.4242987389511785,H,1.1346004361696669,2.6391788723998872,0.0,
eng-premier-league:2024-2025:everton:crystal-palace,2024-09-28,2024-2025,M6_deployable,True,0.30306123232302284,0.24076566367706287,0.4561731039999325,H,1.193820407014907,2.715868818739531,-0.018489343326462793,
eng-premier-league:2024-2025:everton:crystal-palace,2024-09-28,2024-2025,M6_oracle_diagnostic,False,0.3486712463812397,0.24970103921044165,0.4016277144083372,H,1.053625788175007,2.6105614996923077,0.02712067073175406,
eng-premier-league:2024-2025:newcastle-united:manchester-city,2024-09-28,2024-2025,M5_team_only,True,0.22361753674149984,0.1949839707658284,0.5813984924926814,D,1.634837924997974,2.4890021074048705,0.0,
eng-premier-league:2024-2025:newcastle-united:manchester-city,2024-09-28,2024-2025,M6_deployable,True,0.2413942480130247,0.1906490069585594,0.5679567450284341,D,1.6573212014067407,2.506419693866308,0.01777671127152486,
eng-premier-league:2024-2025:newcastle-united:manchester-city,2024-09-28,2024-2025,M6_oracle_diagnostic,False,0.24686428521659223,0.19572883585220718,0.5574068789312187,D,1.6310250682082392,2.480279179693153,0.023246748475092394,
eng-premier-league:2024-2025:nottingham-forest:fulham,2024-09-28,2024-2025,M5_team_only,True,0.38995545849379076,0.24413414026166388,0.3659104012445548,A,1.0053667808932363,2.5049154136239027,0.0,
eng-premier-league:2024-2025:nottingham-forest:fulham,2024-09-28,2024-2025,M6_deployable,True,0.41030691069871295,0.23289729966396733,0.3567957896373377,A,1.0305916786896918,2.55576028355601,0.020351452204922182,
eng-premier-league:2024-2025:nottingham-forest:fulham,2024-09-28,2024-2025,M6_oracle_diagnostic,False,0.398934143754181,0.23623488782823082,0.36483096841760576,A,1.00832113288941,2.5318761614295333,0.008978685260390251,
eng-premier-league:2024-2025:wolverhampton-wanderers:liverpool,2024-09-28,2024-2025,M5_team_only,True,0.16118944293989632,0.18855725736218243,0.6502532996979308,A,0.4303933001596297,2.3774971714099378,0.0,goalkeeper_change|returning_player
eng-premier-league:2024-2025:wolverhampton-wanderers:liverpool,2024-09-28,2024-2025,M6_deployable,True,0.16639980962863044,0.18117016800702002,0.6524300223643676,A,0.4270513909550833,2.428184958407622,0.005210366688734119,goalkeeper_change|returning_player
eng-premier-league:2024-2025:wolverhampton-wanderers:liverpool,2024-09-28,2024-2025,M6_oracle_diagnostic,False,0.156632990128317,0.18063555938409623,0.6627314504876045,A,0.41138542290691194,2.4103089363651744,-0.00455645281157932,goalkeeper_change|returning_player
eng-premier-league:2024-2025:ipswich-town:aston-villa,2024-09-29,2024-2025,M5_team_only,True,0.24188759968100046,0.22973666493404712,0.5283757353848906,D,1.470821561067178,3.1644380861951777,0.0,promoted_team
eng-premier-league:2024-2025:ipswich-town:aston-villa,2024-09-29,2024-2025,M6_deployable,True,0.25476033004475607,0.22529408023088204,0.5199455897243794,D,1.4903487069407002,3.1999725571762183,0.012872730363755608,promoted_team
eng-premier-league:2024-2025:ipswich-town:aston-villa,2024-09-29,2024-2025,M6_oracle_diagnostic,False,0.23566096148908486,0.22346386646603064,0.5408751720449029,D,1.4985055492916535,3.2061560972988934,-0.006226638191915601,promoted_team
eng-premier-league:2024-2025:manchester-united:tottenham-hotspur,2024-09-29,2024-2025,M5_team_only,True,0.37604591623892414,0.2324602141408637,0.39149386962015026,A,0.9377854223708122,3.494598708862656,0.0,
eng-premier-league:2024-2025:manchester-united:tottenham-hotspur,2024-09-29,2024-2025,M6_deployable,True,0.38088876172122577,0.2206016713645889,0.3985095669142028,A,0.9200237737271078,3.4089632460863726,0.004842845482301628,
eng-premier-league:2024-2025:manchester-united:tottenham-hotspur,2024-09-29,2024-2025,M6_oracle_diagnostic,False,0.3760256598531956,0.22573912618121608,0.39823521396560674,A,0.9207124584001007,3.431944114136375,-2.025638572855648e-05,
eng-premier-league:2024-2025:bournemouth:southampton,2024-09-30,2024-2025,M5_team_only,True,0.6550047381572591,0.20360557741571084,0.14138968442709424,H,0.4231128095451726,2.9558825410847804,0.0,promoted_team
eng-premier-league:2024-2025:bournemouth:southampton,2024-09-30,2024-2025,M6_deployable,True,0.6361704647981261,0.20595571675137203,0.1578738184503956,H,0.4522887251425289,3.015901045559665,-0.018834273359133014,promoted_team
eng-premier-league:2024-2025:bournemouth:southampton,2024-09-30,2024-2025,M6_oracle_diagnostic,False,0.6643501167060639,0.19751816011129023,0.13813172318254022,H,0.40894598427528805,2.974427780949577,0.009345378548804795,promoted_team
eng-premier-league:2024-2025:arsenal:southampton,2024-10-05,2024-2025,M5_team_only,True,0.8942223903403022,0.07734126383780694,0.028436345821902128,H,0.1118007759740426,3.0060612906383968,0.0,major_lineup_change|promoted_team|returning_player
eng-premier-league:2024-2025:arsenal:southampton,2024-10-05,2024-2025,M6_deployable,True,0.8755135649131907,0.08780044170745384,0.03668599337937452,H,0.1329446334719872,3.0184852442605314,-0.018708825427111497,major_lineup_change|promoted_team|returning_player
eng-premier-league:2024-2025:arsenal:southampton,2024-10-05,2024-2025,M6_oracle_diagnostic,False,0.8832392828662776,0.08361477205880095,0.03314594507494201,H,0.12415912656540429,3.016617545539489,-0.010983107474024534,major_lineup_change|promoted_team|returning_player
eng-premier-league:2024-2025:brentford:wolverhampton-wanderers,2024-10-05,2024-2025,M5_team_only,True,0.510819115818451,0.2235756290413434,0.26560525514021704,H,0.67173973223023,5.9115928707810435,0.0,returning_player
eng-premier-league:2024-2025:brentford:wolverhampton-wanderers,2024-10-05,2024-2025,M6_deployable,True,0.5286583050918695,0.2111487971985686,0.2601928977095812,H,0.6374129819263034,5.92554554837295,0.017839189273418543,returning_player
eng-premier-league:2024-2025:brentford:wolverhampton-wanderers,2024-10-05,2024-2025,M6_oracle_diagnostic,False,0.5281278107731903,0.21488234188261832,0.25698984734421115,H,0.6384169587107734,5.914696170944364,0.0173086949547393,returning_player
eng-premier-league:2024-2025:crystal-palace:liverpool,2024-10-05,2024-2025,M5_team_only,True,0.2329606241035626,0.22324153793939272,0.543797837957056,A,0.6091777225970103,2.3420665112098127,0.0,returning_player
eng-premier-league:2024-2025:crystal-palace:liverpool,2024-10-05,2024-2025,M6_deployable,True,0.2493205133503188,0.21702306017809228,0.533656426471608,A,0.628003043210633,2.3855231830436985,0.016359889246756187,returning_player
eng-premier-league:2024-2025:crystal-palace:liverpool,2024-10-05,2024-2025,M6_oracle_diagnostic,False,0.2318874433097381,0.2144973066009968,0.553615250089283,A,0.5912853279314974,2.3688084328174597,-0.001073180793824513,returning_player
eng-premier-league:2024-2025:everton:newcastle-united,2024-10-05,2024-2025,M5_team_only,True,0.2712459863745632,0.22625492081303591,0.502499092812412,D,1.486092947188735,2.996744898628666,0.0,
eng-premier-league:2024-2025:everton:newcastle-united,2024-10-05,2024-2025,M6_deployable,True,0.27152928680916494,0.21502876213681554,0.5134419510540384,D,1.5369834824213326,3.0361070029404407,0.0002833004346017298,
eng-premier-league:2024-2025:everton:newcastle-united,2024-10-05,2024-2025,M6_oracle_diagnostic,False,0.2497303466091893,0.21596414591215338,0.5343055074786758,D,1.5326428762234654,3.032110415134134,-0.021515639765373906,
eng-premier-league:2024-2025:leicester-city:bournemouth,2024-10-05,2024-2025,M5_team_only,True,0.4253501252722182,0.2148069872402865,0.3598428874875067,H,0.8548426250446689,2.729177209026799,0.0,promoted_team
eng-premier-league:2024-2025:leicester-city:bournemouth,2024-10-05,2024-2025,M6_deployable,True,0.4262061369272149,0.20505361535631678,0.3687402477164875,H,0.8528321602490329,2.766552678380903,0.0008560116549966579,promoted_team
eng-premier-league:2024-2025:leicester-city:bournemouth,2024-10-05,2024-2025,M6_oracle_diagnostic,False,0.4063759722793323,0.21111847853589838,0.3825055491847872,H,0.9004765077941324,2.7683836183760855,-0.018974152992885907,promoted_team
eng-premier-league:2024-2025:manchester-city:fulham,2024-10-05,2024-2025,M5_team_only,True,0.7256479703252299,0.16009178932037546,0.11426024035440599,H,0.32069027111338966,3.4603518317928637,0.0,
eng-premier-league:2024-2025:manchester-city:fulham,2024-10-05,2024-2025,M6_deployable,True,0.702360410550843,0.16503668721471898,0.13260290223445714,H,0.35330860136067666,3.490002472933834,-0.0232875597743869,
eng-premier-league:2024-2025:manchester-city:fulham,2024-10-05,2024-2025,M6_oracle_diagnostic,False,0.6956800707782629,0.1694531090422122,0.13486682017954454,H,0.362865392749669,3.467883422428541,-0.029967899546966992,
eng-premier-league:2024-2025:west-ham-united:ipswich-town,2024-10-05,2024-2025,M5_team_only,True,0.4935334949627218,0.2342426883902632,0.2722238166470264,H,0.7061645501469316,3.8231876435761034,0.0,promoted_team
eng-premier-league:2024-2025:west-ham-united:ipswich-town,2024-10-05,2024-2025,M6_deployable,True,0.4920741938028528,0.22742695072338176,0.28049885547378456,H,0.7091257734467658,3.8130237700559033,-0.0014593011598690309,promoted_team
eng-premier-league:2024-2025:west-ham-united:ipswich-town,2024-10-05,2024-2025,M6_oracle_diagnostic,False,0.5155989717507482,0.2257912294713485,0.25860979877792156,H,0.6624260021961527,3.7437387451629998,0.022065476788026395,promoted_team
eng-premier-league:2024-2025:aston-villa:manchester-united,2024-10-06,2024-2025,M5_team_only,True,0.5185417275941524,0.21510117552901836,0.2663570968769427,D,1.5366467776884332,3.218527452305301,0.0,major_lineup_change|returning_player
eng-premier-league:2024-2025:aston-villa:manchester-united,2024-10-06,2024-2025,M6_deployable,True,0.5239836780701079,0.2041318263133482,0.2718844956165205,D,1.588989286421656,3.265380376330441,0.005441950475955526,major_lineup_change|returning_player
eng-premier-league:2024-2025:aston-villa:manchester-united,2024-10-06,2024-2025,M6_oracle_diagnostic,False,0.559212928703309,0.20136870739014454,0.23941836390652405,D,1.6026176861910144,3.2787877327019728,0.04067120110915656,major_lineup_change|returning_player
eng-premier-league:2024-2025:brighton-hove-albion:tottenham-hotspur,2024-10-06,2024-2025,M5_team_only,True,0.33956239005317457,0.2262036604805065,0.4342339494664324,H,1.0800975784601048,3.453264336475546,0.0,
eng-premier-league:2024-2025:brighton-hove-albion:tottenham-hotspur,2024-10-06,2024-2025,M6_deployable,True,0.3494910791184255,0.21538986511760683,0.43511905576394444,H,1.0512772423309555,3.489613531256704,0.009928689065250906,
eng-premier-league:2024-2025:brighton-hove-albion:tottenham-hotspur,2024-10-06,2024-2025,M6_oracle_diagnostic,False,0.3344059376393095,0.21875016772534964,0.4468438946353173,H,1.0953996418308147,3.4984455016737073,-0.005156452413865087,
eng-premier-league:2024-2025:chelsea:nottingham-forest,2024-10-06,2024-2025,M5_team_only,True,0.6289922845049891,0.18810777471152246,0.18289994078360183,D,1.6707402106663733,2.4878203493046165,0.0,
eng-premier-league:2024-2025:chelsea:nottingham-forest,2024-10-06,2024-2025,M6_deployable,True,0.6128864529181693,0.18407073992890266,0.2030428071529048,D,1.6924351391221346,2.508176110615939,-0.016105831586819774,
eng-premier-league:2024-2025:chelsea:nottingham-forest,2024-10-06,2024-2025,M6_oracle_diagnostic,False,0.6448665238467354,0.17825228646683827,0.1768811896864027,D,1.7245553924665604,2.5402030552007226,0.015874239341746255,
eng-premier-league:2024-2025:bournemouth:arsenal,2024-10-19,2024-2025,M5_team_only,True,0.15515249678756352,0.19137155613692594,0.6534759470754371,H,1.863346795483986,3.880342315369464,0.0,returning_player
eng-premier-league:2024-2025:bournemouth:arsenal,2024-10-19,2024-2025,M6_deployable,True,0.17079444698603297,0.18853900674453838,0.6406665462694121,H,1.7672945099475634,3.7377647032615977,0.01564195019846945,returning_player
eng-premier-league:2024-2025:bournemouth:arsenal,2024-10-19,2024-2025,M6_oracle_diagnostic,False,0.1620238612394795,0.1889358711652303,0.6490402675952758,H,1.8200116629943706,3.8094519489373764,0.0068713644519159955,returning_player
eng-premier-league:2024-2025:fulham:aston-villa,2024-10-19,2024-2025,M5_team_only,True,0.3972203402832086,0.22893624551884661,0.37384341419787137,A,0.9839182478532851,3.1699215245292627,0.0,
eng-premier-league:2024-2025:fulham:aston-villa,2024-10-19,2024-2025,M6_deployable,True,0.424341048552078,0.2174398542216698,0.358219097226236,A,1.0266104763539194,3.2249166370695628,0.02712070826886942,
eng-premier-league:2024-2025:fulham:aston-villa,2024-10-19,2024-2025,M6_oracle_diagnostic,False,0.4063450506495464,0.22187100436746954,0.37178394498296724,A,0.9894423864911503,3.1820576963646983,0.00912471036633783,
eng-premier-league:2024-2025:ipswich-town:everton,2024-10-19,2024-2025,M5_team_only,True,0.33752987429986614,0.26067269667688364,0.40179742902317683,A,0.9118072252699158,2.618888098641575,0.0,promoted_team|returning_player
eng-premier-league:2024-2025:ipswich-town:everton,2024-10-19,2024-2025,M6_deployable,True,0.3618608957976707,0.25381134996253574,0.38432775423977744,A,0.9562595637750736,2.667922405137478,0.024331021497804584,promoted_team|returning_player
eng-premier-league:2024-2025:ipswich-town:everton,2024-10-19,2024-2025,M6_oracle_diagnostic,False,0.34499393210258283,0.2563066200999304,0.39869944779746996,A,0.9195474096033867,2.625264011082659,0.007464057802716695,promoted_team|returning_player
eng-premier-league:2024-2025:manchester-united:brentford,2024-10-19,2024-2025,M5_team_only,True,0.44693938966070407,0.23561835708275294,0.31744225325646974,H,0.8053322871624261,2.4387656558643633,0.0,
eng-premier-league:2024-2025:manchester-united:brentford,2024-10-19,2024-2025,M6_deployable,True,0.430029528208504,0.226614641471031,0.3433558303204488,H,0.843901402399888,2.500609880089922,-0.01690986145220008,
eng-premier-league:2024-2025:manchester-united:brentford,2024-10-19,2024-2025,M6_oracle_diagnostic,False,0.40621703942000253,0.23283656900470462,0.360946391575276,H,0.9008676823650877,2.5078292998216853,-0.04072235024070153,
eng-premier-league:2024-2025:newcastle-united:brighton-hove-albion,2024-10-19,2024-2025,M5_team_only,True,0.5342672880327728,0.20995163317898793,0.2557810787881659,A,1.363433361345049,3.040856317513538,0.0,returning_player
eng-premier-league:2024-2025:newcastle-united:brighton-hove-albion,2024-10-19,2024-2025,M6_deployable,True,0.5186989434789899,0.20294714035644512,0.27835391616454874,A,1.2788618952417874,3.0147512970604478,-0.015568344553782865,returning_player
eng-premier-league:2024-2025:newcastle-united:brighton-hove-albion,2024-10-19,2024-2025,M6_oracle_diagnostic,False,0.5458386858029104,0.2016806723940286,0.2524806418030447,A,1.3764206993322758,3.067616374254569,0.011571397770137604,returning_player
eng-premier-league:2024-2025:southampton:leicester-city,2024-10-19,2024-2025,M5_team_only,True,0.22322981732943442,0.2233518104986649,0.5534183721718273,A,0.5916410134600528,3.7426139365186577,0.0,promoted_team
eng-premier-league:2024-2025:southampton:leicester-city,2024-10-19,2024-2025,M6_deployable,True,0.23354407189186477,0.21860599501698808,0.5478499330911311,A,0.6017538742606481,3.7822096352237446,0.010314254562430347,promoted_team
eng-premier-league:2024-2025:southampton:leicester-city,2024-10-19,2024-2025,M6_oracle_diagnostic,False,0.22540981252794298,0.2207313390999975,0.553858848372043,A,0.5908454110304574,3.758908278358824,0.002179995198508561,promoted_team
eng-premier-league:2024-2025:tottenham-hotspur:west-ham-united,2024-10-19,2024-2025,M5_team_only,True,0.5908908354818468,0.19285799551989208,0.21625116899818775,H,0.5261239901739538,3.2257648343157106,0.0,returning_player
eng-premier-league:2024-2025:tottenham-hotspur:west-ham-united,2024-10-19,2024-2025,M6_deployable,True,0.5784904949644556,0.1869734357429358,0.2345360692925924,H,0.5473331629683391,3.25378735194374,-0.01240034051739125,returning_player
eng-premier-league:2024-2025:tottenham-hotspur:west-ham-united,2024-10-19,2024-2025,M6_oracle_diagnostic,False,0.5843528403654037,0.1909833616119319,0.2246637980226486,H,0.5372502998885009,3.242324754871369,-0.006537995116443152,returning_player
eng-premier-league:2024-2025:liverpool:chelsea,2024-10-20,2024-2025,M5_team_only,True,0.5603285634959119,0.20625842891081855,0.2334130075932387,H,0.5792319467777225,2.3883036838648817,0.0,goalkeeper_change|returning_player
eng-premier-league:2024-2025:liverpool:chelsea,2024-10-20,2024-2025,M6_deployable,True,0.5522886005993178,0.19849314289680836,0.24921825650379742,H,0.5936845421588715,2.444554669650131,-0.008039962896594033,goalkeeper_change|returning_player
eng-premier-league:2024-2025:liverpool:chelsea,2024-10-20,2024-2025,M6_oracle_diagnostic,False,0.5274967896587414,0.20735178707224344,0.26515142326893826,H,0.6396124996054277,2.4301731287152366,-0.03283177383717051,goalkeeper_change|returning_player
eng-premier-league:2024-2025:wolverhampton-wanderers:manchester-city,2024-10-20,2024-2025,M5_team_only,True,0.12375344516056387,0.15881894148523046,0.7174276133541747,A,0.3320832237490827,2.431140894121547,0.0,goalkeeper_change
eng-premier-league:2024-2025:wolverhampton-wanderers:manchester-city,2024-10-20,2024-2025,M6_deployable,True,0.130098594866974,0.15432110325426507,0.7155803018786842,A,0.3346614544471162,2.479990545951939,0.006345149706410133,goalkeeper_change
eng-premier-league:2024-2025:wolverhampton-wanderers:manchester-city,2024-10-20,2024-2025,M6_oracle_diagnostic,False,0.14077626573349103,0.1637393571437163,0.6954843771227159,A,0.36314673067076525,2.4449157026143085,0.017022820572927158,goalkeeper_change
eng-premier-league:2024-2025:nottingham-forest:crystal-palace,2024-10-21,2024-2025,M5_team_only,True,0.3893647177755148,0.251488549131801,0.3591467330926386,H,0.9432387967861631,2.3891885306494243,0.0,
eng-premier-league:2024-2025:nottingham-forest:crystal-palace,2024-10-21,2024-2025,M6_deployable,True,0.4088725844092941,0.2393713654653878,0.3517560501253495,H,0.8943517010363777,2.4017682100678917,0.01950786663377929,
eng-premier-league:2024-2025:nottingham-forest:crystal-palace,2024-10-21,2024-2025,M6_oracle_diagnostic,False,0.430791176857312,0.24118773254672862,0.3280210905959907,H,0.8421318147422477,2.363899829701009,0.04142645908179721,
eng-premier-league:2024-2025:leicester-city:nottingham-forest,2024-10-25,2024-2025,M5_team_only,True,0.4430392520353318,0.22663372110025232,0.33032702686439736,A,1.1076721247303571,3.3729311169594416,0.0,promoted_team
eng-premier-league:2024-2025:leicester-city:nottingham-forest,2024-10-25,2024-2025,M6_deployable,True,0.43012244969594227,0.21823410553106648,0.35164344477292764,A,1.0451375577414674,3.3108375805979695,-0.012916802339389521,promoted_team
eng-premier-league:2024-2025:leicester-city:nottingham-forest,2024-10-25,2024-2025,M6_oracle_diagnostic,False,0.42831758914724716,0.22208905744545604,0.3495933534072343,A,1.0509846473745237,3.3134311054807815,-0.01472166288808463,promoted_team
eng-premier-league:2024-2025:aston-villa:bournemouth,2024-10-26,2024-2025,M5_team_only,True,0.5387294905213246,0.21221585070841412,0.24905465877027277,D,1.5501513585683089,2.3651391066039125,0.0,goalkeeper_change|major_lineup_change|returning_player
eng-premier-league:2024-2025:aston-villa:bournemouth,2024-10-26,2024-2025,M6_deployable,True,0.5256727526431466,0.20487148172878483,0.2694557656281102,D,1.5853724148354087,2.3982640575169487,-0.01305673787817796,goalkeeper_change|major_lineup_change|returning_player
eng-premier-league:2024-2025:aston-villa:bournemouth,2024-10-26,2024-2025,M6_oracle_diagnostic,False,0.5401984959657826,0.20801269203440317,0.2517888119998558,D,1.5701561817462577,2.3832051366146603,0.0014690054444580491,goalkeeper_change|major_lineup_change|returning_player
eng-premier-league:2024-2025:brentford:ipswich-town,2024-10-26,2024-2025,M5_team_only,True,0.6338754883862079,0.1980471483287466,0.16807736328505707,H,0.45590273439009377,5.248538749767989,0.0,major_lineup_change|promoted_team|returning_player
eng-premier-league:2024-2025:brentford:ipswich-town,2024-10-26,2024-2025,M6_deployable,True,0.6266988914455975,0.19464836145178882,0.17865274710265544,H,0.4672890906287738,5.314025410530505,-0.007176596940610347,major_lineup_change|promoted_team|returning_player
eng-premier-league:2024-2025:brentford:ipswich-town,2024-10-26,2024-2025,M6_oracle_diagnostic,False,0.6354409456758257,0.19266242099677494,0.1718966333274434,H,0.4534361184363081,5.311383246966468,0.0015654572896177665,major_lineup_change|promoted_team|returning_player
eng-premier-league:2024-2025:brighton-hove-albion:wolverhampton-wanderers,2024-10-26,2024-2025,M5_team_only,True,0.5524637996194111,0.2138799181351752,0.23365628224542528,D,1.5423405516622217,2.894674644754746,0.0,
eng-premier-league:2024-2025:brighton-hove-albion:wolverhampton-wanderers,2024-10-26,2024-2025,M6_deployable,True,0.5648037254688612,0.20154861403517937,0.23364766049600097,D,1.6017246659735938,2.9595635303939294,0.012339925849450095,
eng-premier-league:2024-2025:brighton-hove-albion:wolverhampton-wanderers,2024-10-26,2024-2025,M6_oracle_diagnostic,False,0.5581068060611446,0.20602919804179795,0.23586399589710008,D,1.5797373821694665,2.937347000910485,0.005643006441733545,
eng-premier-league:2024-2025:everton:fulham,2024-10-26,2024-2025,M5_team_only,True,0.3644747373932655,0.25764592400180364,0.37787933860494227,D,1.356169024236771,2.1176027450529986,0.0,
eng-premier-league:2024-2025:everton:fulham,2024-10-26,2024-2025,M6_deployable,True,0.35105251659659276,0.24731187906616542,0.4016356043372837,D,1.3971050705652848,2.158539216969237,-0.013422220796672768,
eng-premier-league:2024-2025:everton:fulham,2024-10-26,2024-2025,M6_oracle_diagnostic,False,0.38039206691331773,0.251974615782829,0.3676333173038965,D,1.3784269275649437,2.1398601731766487,0.015917329520052204,
eng-premier-league:2024-2025:manchester-city:southampton,2024-10-26,2024-2025,M5_team_only,True,0.898536537782622,0.06986946735140495,0.03159399486598448,H,0.10698790827356842,2.8351135731732287,0.0,promoted_team|returning_player
eng-premier-league:2024-2025:manchester-city:southampton,2024-10-26,2024-2025,M6_deployable,True,0.8803303986175282,0.07881259168004967,0.04085700970246386,H,0.12745798900025215,2.787932164436079,-0.018206139165093838,promoted_team|returning_player
eng-premier-league:2024-2025:manchester-city:southampton,2024-10-26,2024-2025,M6_oracle_diagnostic,False,0.8912359809359246,0.07307738737856785,0.03568663168554947,H,0.11514603704250558,2.8264512962662836,-0.0073005568466973925,promoted_team|returning_player
eng-premier-league:2024-2025:arsenal:liverpool,2024-10-27,2024-2025,M5_team_only,True,0.4766315761458075,0.24222744293240275,0.28114098092170764,D,1.4178781473768391,2.9513697900205145,0.0,returning_player
eng-premier-league:2024-2025:arsenal:liverpool,2024-10-27,2024-2025,M6_deployable,True,0.4480923782582983,0.23652925667950586,0.31537836506215566,D,1.4416833718111275,2.9822837641745386,-0.028539197887509193,returning_player
eng-premier-league:2024-2025:arsenal:liverpool,2024-10-27,2024-2025,M6_oracle_diagnostic,False,0.4761941136564296,0.23697499956632784,0.2868308867772041,D,1.439800630473065,2.980383533841443,-0.00043746248937787113,returning_player
eng-premier-league:2024-2025:chelsea:newcastle-united,2024-10-27,2024-2025,M5_team_only,True,0.492058745535313,0.20891962103190823,0.2990216334326967,H,0.7091571681230814,2.462504988002261,0.0,
eng-premier-league:2024-2025:chelsea:newcastle-united,2024-10-27,2024-2025,M6_deployable,True,0.5096767144871412,0.19529741271980935,0.29502587279300907,H,0.6739786474214486,2.5095863388568733,0.017617968951828267,
eng-premier-league:2024-2025:chelsea:newcastle-united,2024-10-27,2024-2025,M6_oracle_diagnostic,False,0.5249070685372541,0.19736405175250218,0.27772887971020277,H,0.6445340443690335,2.4792888313699213,0.03284832300194113,
eng-premier-league:2024-2025:crystal-palace:tottenham-hotspur,2024-10-27,2024-2025,M5_team_only,True,0.3315015176263679,0.23257149121074489,0.4359269911628052,H,1.1041228913082741,2.7137500521942743,0.0,
eng-premier-league:2024-2025:crystal-palace:tottenham-hotspur,2024-10-27,2024-2025,M6_deployable,True,0.3465324976057703,0.22204886416023306,0.4314186382339565,H,1.0597786765659745,2.7222648983468325,0.015030979979402392,
eng-premier-league:2024-2025:crystal-palace:tottenham-hotspur,2024-10-27,2024-2025,M6_oracle_diagnostic,False,0.3263464093507943,0.22584174755462852,0.4478118430945377,H,1.11979585641036,2.7398541910658625,-0.005155108275573639,
eng-premier-league:2024-2025:west-ham-united:manchester-united,2024-10-27,2024-2025,M5_team_only,True,0.38201106617445907,0.23588450621893556,0.38210442760652336,H,0.96230570175207,2.5184838034724435,0.0,goalkeeper_change|major_lineup_change
eng-premier-league:2024-2025:west-ham-united:manchester-united,2024-10-27,2024-2025,M6_deployable,True,0.3968439269444911,0.2240816290238941,0.37907444403157486,H,0.924212206713434,2.5439264397865378,0.014832860770032041,goalkeeper_change|major_lineup_change
eng-premier-league:2024-2025:west-ham-united:manchester-united,2024-10-27,2024-2025,M6_oracle_diagnostic,False,0.40090245526667007,0.2275344315976436,0.3715631131356468,H,0.9140371349656249,2.5247055701187486,0.018891389092210997,goalkeeper_change|major_lineup_change
eng-premier-league:2024-2025:bournemouth:manchester-city,2024-11-02,2024-2025,M5_team_only,True,0.18712171720553228,0.20377481502680792,0.6091034677675827,H,1.6759959797200392,3.017236206211888,0.0,returning_player
eng-premier-league:2024-2025:bournemouth:manchester-city,2024-11-02,2024-2025,M6_deployable,True,0.21223540764946636,0.2035273011822776,0.5842372911682612,H,1.5500592069222436,2.95130642475395,0.025113690443934078,returning_player
eng-premier-league:2024-2025:bournemouth:manchester-city,2024-11-02,2024-2025,M6_oracle_diagnostic,False,0.21858527075986597,0.21000899678630422,0.5714057324538349,H,1.5205790853823498,2.9154747632059723,0.031463553554333695,returning_player
eng-premier-league:2024-2025:ipswich-town:leicester-city,2024-11-02,2024-2025,M5_team_only,True,0.3332795086725968,0.2049190194790218,0.46180147184830433,D,1.5851404048190219,2.4759488547927564,0.0,major_lineup_change|promoted_team|returning_player
eng-premier-league:2024-2025:ipswich-town:leicester-city,2024-11-02,2024-2025,M6_deployable,True,0.3392842083518852,0.19688337480633164,0.46383241684178833,D,1.625143731608157,2.5150928158507373,0.0060046996792884055,major_lineup_change|promoted_team|returning_player
eng-premier-league:2024-2025:ipswich-town:leicester-city,2024-11-02,2024-2025,M6_oracle_diagnostic,False,0.31276004146162395,0.196252875910296,0.49098708262808377,D,1.6283512681070131,2.5188411455038295,-0.020519467210972864,major_lineup_change|promoted_team|returning_player
eng-premier-league:2024-2025:liverpool:brighton-hove-albion,2024-11-02,2024-2025,M5_team_only,True,0.6521691398951217,0.1897561964255093,0.15807466367929193,H,0.4274513336812024,2.3675812220089605,0.0,
eng-premier-league:2024-2025:liverpool:brighton-hove-albion,2024-11-02,2024-2025,M6_deployable,True,0.6413646190714543,0.1862069056903966,0.17242847523815447,H,0.444157155278467,2.4165881151354864,-0.010804520823667452,
eng-premier-league:2024-2025:liverpool:brighton-hove-albion,2024-11-02,2024-2025,M6_oracle_diagnostic,False,0.6290895156755145,0.1923273557705647,0.1785831285539253,H,0.46348171813791306,2.397617414492237,-0.023079624219607187,
eng-premier-league:2024-2025:newcastle-united:arsenal,2024-11-02,2024-2025,M5_team_only,True,0.2553129261896928,0.2210329933778598,0.5236540804323703,H,1.3652653246427737,2.8809056474002777,0.0,
eng-premier-league:2024-2025:newcastle-united:arsenal,2024-11-02,2024-2025,M6_deployable,True,0.27684585811221896,0.21407861538907177,0.5090755264987143,H,1.284294396590041,2.853211644859576,0.021532931922526144,
eng-premier-league:2024-2025:newcastle-united:arsenal,2024-11-02,2024-2025,M6_oracle_diagnostic,False,0.2656053058196096,0.21897261659984857,0.5154220775805465,H,1.3257438848489327,2.8587148793382844,0.010292379629916804,
eng-premier-league:2024-2025:nottingham-forest:west-ham-united,2024-11-02,2024-2025,M5_team_only,True,0.4635134610056659,0.23172605160277268,0.30476048739148437,H,0.7689198523145188,3.2068045214088965,0.0,returning_player
eng-premier-league:2024-2025:nottingham-forest:west-ham-united,2024-11-02,2024-2025,M6_deployable,True,0.486628634001914,0.21821202288746522,0.2951593431106261,H,0.7202540053128168,3.083742625176744,0.023115172996248046,returning_player
eng-premier-league:2024-2025:nottingham-forest:west-ham-united,2024-11-02,2024-2025,M6_oracle_diagnostic,False,0.48295403867699965,0.22227998186703365,0.2947659794559714,H,0.7278337878760102,3.107821188631877,0.019440577671333725,returning_player
eng-premier-league:2024-2025:southampton:everton,2024-11-02,2024-2025,M5_team_only,True,0.25218675558830134,0.2629967761510618,0.4848164682605598,H,1.3775853723406095,2.433101315853155,0.0,promoted_team
eng-premier-league:2024-2025:southampton:everton,2024-11-02,2024-2025,M6_deployable,True,0.26914607913396227,0.2575856054095011,0.47326831545654174,H,1.3125010016682668,2.40843910296467,0.01695932354566093,promoted_team
eng-premier-league:2024-2025:southampton:everton,2024-11-02,2024-2025,M6_oracle_diagnostic,False,0.274766463450915,0.26262969971842526,0.46260383683066547,H,1.2918337659252423,2.384283240660233,0.02257970786261365,promoted_team
eng-premier-league:2024-2025:wolverhampton-wanderers:crystal-palace,2024-11-02,2024-2025,M5_team_only,True,0.35009509103227254,0.2425907340647248,0.4073141749029256,D,1.4163794774937561,2.8629749363559336,0.0,
eng-premier-league:2024-2025:wolverhampton-wanderers:crystal-palace,2024-11-02,2024-2025,M6_deployable,True,0.34893819429873807,0.2305706235291659,0.42049118217210085,D,1.4671980707228454,2.919228566590839,-0.0011568967335344738,
eng-premier-league:2024-2025:wolverhampton-wanderers:crystal-palace,2024-11-02,2024-2025,M6_oracle_diagnostic,False,0.365732015774826,0.23502199055875378,0.39924599366642527,D,1.4480761923702572,2.8998459054677923,0.01563692474255346,
eng-premier-league:2024-2025:manchester-united:chelsea,2024-11-03,2024-2025,M5_team_only,True,0.32749526090232917,0.2291330726994949,0.44337166639820697,D,1.4734523407119062,2.2767170065980182,0.0,
eng-premier-league:2024-2025:manchester-united:chelsea,2024-11-03,2024-2025,M6_deployable,True,0.31666837953647353,0.21556671387974846,0.46776490658384007,D,1.5344848401792524,2.3369958186387016,-0.010826881365855634,
eng-premier-league:2024-2025:manchester-united:chelsea,2024-11-03,2024-2025,M6_oracle_diagnostic,False,0.2836241955519236,0.21533940938690727,0.5010363950612324,D,1.5355398472986743,2.3380952017265124,-0.04387106535040558,
eng-premier-league:2024-2025:tottenham-hotspur:aston-villa,2024-11-03,2024-2025,M5_team_only,True,0.48312390915287934,0.21409353986321783,0.302782550983934,H,0.727482117541309,3.546002577870946,0.0,major_lineup_change
eng-premier-league:2024-2025:tottenham-hotspur:aston-villa,2024-11-03,2024-2025,M6_deployable,True,0.4853783132244245,0.2033497808662893,0.3112719059093483,H,0.7228266648409597,3.513381491649962,0.0022544040715451463,major_lineup_change
eng-premier-league:2024-2025:tottenham-hotspur:aston-villa,2024-11-03,2024-2025,M6_oracle_diagnostic,False,0.455505910400088,0.21270204924280747,0.33179204035716686,H,0.7863465867349392,3.627184790191589,-0.027617998752791362,major_lineup_change
eng-premier-league:2024-2025:fulham:brentford,2024-11-04,2024-2025,M5_team_only,True,0.45918760928400276,0.22867227418763497,0.3121401165283347,H,0.7782964176073798,2.4321495217053033,0.0,
eng-premier-league:2024-2025:fulham:brentford,2024-11-04,2024-2025,M6_deployable,True,0.46252455348885185,0.2182369342899437,0.3192385122212369,H,0.7710556348142638,2.474618676951717,0.0033369442048490905,
eng-premier-league:2024-2025:fulham:brentford,2024-11-04,2024-2025,M6_oracle_diagnostic,False,0.4670544610382504,0.22252773817311988,0.31041780078866216,H,0.7613094091871083,2.449178564305458,0.007866851754247617,
eng-premier-league:2024-2025:brentford:bournemouth,2024-11-09,2024-2025,M5_team_only,True,0.4255998555494226,0.23129439281595904,0.34310575163472556,H,0.8542556803593122,3.374196351304168,0.0,goalkeeper_change|returning_player
eng-premier-league:2024-2025:brentford:bournemouth,2024-11-09,2024-2025,M6_deployable,True,0.4261061230048533,0.2207863939426013,0.3531074830525639,H,0.8530668487018978,3.4259843690540537,0.0005062674554306978,goalkeeper_change|returning_player
eng-premier-league:2024-2025:brentford:bournemouth,2024-11-09,2024-2025,M6_oracle_diagnostic,False,0.40512667885277936,0.22701582809763055,0.3678574930496089,H,0.9035554734925311,3.427755285770418,-0.020473176696643225,goalkeeper_change|returning_player
eng-premier-league:2024-2025:brighton-hove-albion:manchester-city,2024-11-09,2024-2025,M5_team_only,True,0.21796361542207865,0.2125872348009457,0.5694491497770827,H,1.5234271318562764,2.8971106423540527,0.0,
eng-premier-league:2024-2025:brighton-hove-albion:manchester-city,2024-11-09,2024-2025,M6_deployable,True,0.24582813559929323,0.21009632881136478,0.5440755355893605,H,1.403122622984704,2.842456219209428,0.02786452017721458,
eng-premier-league:2024-2025:brighton-hove-albion:manchester-city,2024-11-09,2024-2025,M6_oracle_diagnostic,False,0.2634184905721558,0.21689188251805977,0.5196896269098036,H,1.3340112925462637,2.7847182689559875,0.04545487515007712,
eng-premier-league:2024-2025:crystal-palace:fulham,2024-11-09,2024-2025,M5_team_only,True,0.43462573348594036,0.24703696372640763,0.31833730278775924,A,1.1446437577569168,2.9944563624553164,0.0,
eng-premier-league:2024-2025:crystal-palace:fulham,2024-11-09,2024-2025,M6_deployable,True,0.4292066273732429,0.23686884989629384,0.3339245227304821,A,1.096840291391586,2.9357536858772115,-0.005419106112697469,
eng-premier-league:2024-2025:crystal-palace:fulham,2024-11-09,2024-2025,M6_oracle_diagnostic,False,0.44677365753024806,0.23699794862072746,0.31622839384904416,A,1.1512905611192337,2.998069897417069,0.0121479240443077,
eng-premier-league:2024-2025:liverpool:aston-villa,2024-11-09,2024-2025,M5_team_only,True,0.6298720809696454,0.19025759213018975,0.1798703269002718,H,0.46223852629313267,2.4392285690498348,0.0,
eng-premier-league:2024-2025:liverpool:aston-villa,2024-11-09,2024-2025,M6_deployable,True,0.6359129968470665,0.18081001873093067,0.18327698442202187,H,0.4526935224099069,2.467206445158884,0.00604091587742106,
eng-premier-league:2024-2025:liverpool:aston-villa,2024-11-09,2024-2025,M6_oracle_diagnostic,False,0.6129816704233343,0.19209135301330676,0.19492697656337835,H,0.4894202449231058,2.4718354868051744,-0.01689041054631113,
eng-premier-league:2024-2025:west-ham-united:everton,2024-11-09,2024-2025,M5_team_only,True,0.45135521130551187,0.2429919652154897,0.30565282347910566,D,1.4147269011450787,2.78913316639514,0.0,
eng-premier-league:2024-2025:west-ham-united:everton,2024-11-09,2024-2025,M6_deployable,True,0.45514741611434073,0.23264152209092487,0.3122110617947529,D,1.458256541970435,2.8244310453193204,0.0037922048088288585,
eng-premier-league:2024-2025:west-ham-united:everton,2024-11-09,2024-2025,M6_oracle_diagnostic,False,0.44387469873425894,0.23617695873987854,0.3199483425258819,D,1.4431739297659945,2.809668469856731,-0.007480512571252929,
eng-premier-league:2024-2025:wolverhampton-wanderers:southampton,2024-11-09,2024-2025,M5_team_only,True,0.5746144982549617,0.22214437559387312,0.20324112615127224,H,0.5540559008461796,2.2834530686789893,0.0,promoted_team
eng-premier-league:2024-2025:wolverhampton-wanderers:southampton,2024-11-09,2024-2025,M6_deployable,True,0.5643886507497456,0.21781386062558789,0.21779748862468506,H,0.5720121677284324,2.3197279493131653,-0.010225847505216046,promoted_team
eng-premier-league:2024-2025:wolverhampton-wanderers:southampton,2024-11-09,2024-2025,M6_oracle_diagnostic,False,0.5769553428120815,0.2186094830021671,0.20443517418577156,H,0.5499904109422173,2.2868384701763365,0.0023408445571198033,promoted_team
eng-premier-league:2024-2025:chelsea:arsenal,2024-11-10,2024-2025,M5_team_only,True,0.30350969283272994,0.22837354761835257,0.46811675954900483,D,1.4767726239392076,2.274070328673227,0.0,
eng-premier-league:2024-2025:chelsea:arsenal,2024-11-10,2024-2025,M6_deployable,True,0.34009288314347774,0.2200407097236915,0.4398664071329405,D,1.5139427055497439,2.3097080603498137,0.036583190310747804,
eng-premier-league:2024-2025:chelsea:arsenal,2024-11-10,2024-2025,M6_oracle_diagnostic,False,0.3275623520567893,0.2267047708726301,0.44573287707069054,D,1.4841066768174425,2.2800446598366584,0.02405265922405936,
eng-premier-league:2024-2025:manchester-united:leicester-city,2024-11-10,2024-2025,M5_team_only,True,0.5318244541486624,0.21403025432271694,0.25414529152870796,H,0.6314418174984655,2.9889182332938713,0.0,promoted_team
eng-premier-league:2024-2025:manchester-united:leicester-city,2024-11-10,2024-2025,M6_deployable,True,0.5204347374165332,0.2073092501785644,0.27225601240501207,H,0.6530907831946715,3.003196157961454,-0.011389716732129185,promoted_team
eng-premier-league:2024-2025:manchester-united:leicester-city,2024-11-10,2024-2025,M6_oracle_diagnostic,False,0.5237373853930123,0.20919403931378214,0.2670685752933155,H,0.6467648932043149,2.9989424117904013,-0.008087068755650129,promoted_team
eng-premier-league:2024-2025:nottingham-forest:newcastle-united,2024-11-10,2024-2025,M5_team_only,True,0.35516451767817986,0.23906781375638755,0.40576766856552,A,0.9019745280875268,3.124291407815273,0.0,
eng-premier-league:2024-2025:nottingham-forest:newcastle-united,2024-11-10,2024-2025,M6_deployable,True,0.3833758052481806,0.22775131634420986,0.3888728784077193,A,0.9445027794970731,3.183342989141864,0.028211287570000743,
eng-premier-league:2024-2025:nottingham-forest:newcastle-united,2024-11-10,2024-2025,M6_oracle_diagnostic,False,0.38813424419339615,0.23493292164618584,0.37693283416052725,A,0.9756882661316691,3.212014727214336,0.03296972651521629,
eng-premier-league:2024-2025:tottenham-hotspur:ipswich-town,2024-11-10,2024-2025,M5_team_only,True,0.750648030971576,0.1419322466607167,0.10741972236779468,A,2.2310114790567144,3.541250212014008,0.0,promoted_team|returning_player
eng-premier-league:2024-2025:tottenham-hotspur:ipswich-town,2024-11-10,2024-2025,M6_deployable,True,0.7352437558292076,0.14340894431888052,0.12134729985202142,A,2.1090985979674945,3.468691701959321,-0.015404275142368307,promoted_team|returning_player
eng-premier-league:2024-2025:tottenham-hotspur:ipswich-town,2024-11-10,2024-2025,M6_oracle_diagnostic,False,0.7562401287069717,0.13695636330931388,0.10680350798382297,A,2.236764506704993,3.563951074110906,0.005592097735395707,promoted_team|returning_player
eng-premier-league:2024-2025:arsenal:nottingham-forest,2024-11-23,2024-2025,M5_team_only,True,0.6932498756585979,0.1810641049774632,0.12568601936389,H,0.3663647738463842,2.4373977338409167,0.0,major_lineup_change|returning_player
eng-premier-league:2024-2025:arsenal:nottingham-forest,2024-11-23,2024-2025,M6_deployable,True,0.6497257506960755,0.19174921009947382,0.15852503920437389,H,0.43120492713262604,2.540003066227121,-0.04352412496252234,major_lineup_change|returning_player
eng-premier-league:2024-2025:arsenal:nottingham-forest,2024-11-23,2024-2025,M6_oracle_diagnostic,False,0.6374011753593044,0.1981298893707599,0.16446893526985898,H,0.45035603301047816,2.574892299726072,-0.05584870029929345,major_lineup_change|returning_player
eng-premier-league:2024-2025:aston-villa:crystal-palace,2024-11-23,2024-2025,M5_team_only,True,0.5074782999348265,0.22581757373109554,0.26670412633402907,D,1.4880278015479735,2.8684880399474246,0.0,major_lineup_change|returning_player
eng-premier-league:2024-2025:aston-villa:crystal-palace,2024-11-23,2024-2025,M6_deployable,True,0.4869621741581591,0.2186073296319174,0.29443049620984646,D,1.5204781739211293,2.903483161537494,-0.020516125776667393,major_lineup_change|returning_player
eng-premier-league:2024-2025:aston-villa:crystal-palace,2024-11-23,2024-2025,M6_oracle_diagnostic,False,0.5545196990406521,0.20937691747450268,0.23610338348476703,D,1.5636192183575641,2.9470874790199155,0.04704139910582561,major_lineup_change|returning_player
eng-premier-league:2024-2025:bournemouth:brighton-hove-albion,2024-11-23,2024-2025,M5_team_only,True,0.4109940867248219,0.2389564517280757,0.3500494615470534,A,1.0496808157773585,2.5637517142742885,0.0,
eng-premier-league:2024-2025:bournemouth:brighton-hove-albion,2024-11-23,2024-2025,M6_deployable,True,0.41705336530209397,0.22724321897813096,0.3557034157196979,A,1.0336579972633257,2.597705521723456,0.006059278577272065,
eng-premier-league:2024-2025:bournemouth:brighton-hove-albion,2024-11-23,2024-2025,M6_oracle_diagnostic,False,0.4149018146032572,0.23212501502344554,0.3529731703732192,A,1.041363229545781,2.5840261182169524,0.0039077278784352965,
eng-premier-league:2024-2025:everton:brentford,2024-11-23,2024-2025,M5_team_only,True,0.3774713048803009,0.24946423854602348,0.3730644565736267,D,1.388439706544513,2.7370781012638963,0.0,
eng-premier-league:2024-2025:everton:brentford,2024-11-23,2024-2025,M6_deployable,True,0.3737386486131054,0.23932592841115977,0.3869354229756579,D,1.429928938866908,2.771941063036926,-0.003732656267195489,
eng-premier-league:2024-2025:everton:brentford,2024-11-23,2024-2025,M6_oracle_diagnostic,False,0.3846408384969478,0.24480848387147613,0.37055067763149985,D,1.4072790726067537,2.7497831495587333,0.007169533616646906,
eng-premier-league:2024-2025:fulham:wolverhampton-wanderers,2024-11-23,2024-2025,M5_team_only,True,0.5377935910105921,0.21998368488676923,0.2422227241025896,A,1.4178976285542002,4.854767042968501,0.0,returning_player
eng-premier-league:2024-2025:fulham:wolverhampton-wanderers,2024-11-23,2024-2025,M6_deployable,True,0.5472675381414851,0.20871825771620256,0.24401420414223562,A,1.4105288416855997,4.758650875064236,0.009473947130893001,returning_player
eng-premier-league:2024-2025:fulham:wolverhampton-wanderers,2024-11-23,2024-2025,M6_oracle_diagnostic,False,0.5838158464703043,0.2039029261661933,0.21228122736342522,A,1.5498433392253963,5.013072096247254,0.04602225545971217,returning_player
eng-premier-league:2024-2025:leicester-city:chelsea,2024-11-23,2024-2025,M5_team_only,True,0.22904222668086544,0.18993161945039558,0.58102615386869,A,0.5429595078788557,2.472225380362736,0.0,major_lineup_change|promoted_team|returning_player
eng-premier-league:2024-2025:leicester-city:chelsea,2024-11-23,2024-2025,M6_deployable,True,0.23411756549335194,0.1799339758614733,0.5859484586450978,A,0.5345234478039008,2.527570062392805,0.005075338812486507,major_lineup_change|promoted_team|returning_player
eng-premier-league:2024-2025:leicester-city:chelsea,2024-11-23,2024-2025,M6_oracle_diagnostic,False,0.23224771992234838,0.18346440631045474,0.5842878737671191,A,0.5373614830734882,2.507291440084211,0.0032054932414829485,major_lineup_change|promoted_team|returning_player
eng-premier-league:2024-2025:manchester-city:tottenham-hotspur,2024-11-23,2024-2025,M5_team_only,True,0.6165737894742608,0.19302744436648472,0.19039876615920534,A,1.6586346369021436,5.8393913576238585,0.0,returning_player
eng-premier-league:2024-2025:manchester-city:tottenham-hotspur,2024-11-23,2024-2025,M6_deployable,True,0.5963923591598278,0.1914411837400442,0.21216645710005105,A,1.5503841373985159,5.457753799723232,-0.02018143031443298,returning_player
eng-premier-league:2024-2025:manchester-city:tottenham-hotspur,2024-11-23,2024-2025,M6_oracle_diagnostic,False,0.588334912586147,0.19580769957247313,0.21585738784130268,A,1.5331373308288103,5.475358431423604,-0.028238876888113773,returning_player
eng-premier-league:2024-2025:ipswich-town:manchester-united,2024-11-24,2024-2025,M5_team_only,True,0.2838661685512689,0.234306589283267,0.4818272421655356,D,1.4511248105891186,2.241146869835503,0.0,promoted_team
eng-premier-league:2024-2025:ipswich-town:manchester-united,2024-11-24,2024-2025,M6_deployable,True,0.295626012291922,0.22606667522716456,0.47830731248092273,D,1.4869253000915703,2.2768428384018757,0.011759843740653086,promoted_team
eng-premier-league:2024-2025:ipswich-town:manchester-united,2024-11-24,2024-2025,M6_oracle_diagnostic,False,0.30264704692408667,0.23207914986875397,0.4652738032071681,D,1.4606768022713803,2.2506539621368034,0.018780878372817777,promoted_team
eng-premier-league:2024-2025:southampton:liverpool,2024-11-24,2024-2025,M5_team_only,True,0.08768065000864585,0.1614457528681162,0.7508735971233095,A,0.28651795413610126,3.947732405392595,0.0,goalkeeper_change|major_lineup_change|promoted_team
eng-premier-league:2024-2025:southampton:liverpool,2024-11-24,2024-2025,M6_deployable,True,0.09558625341867649,0.1620638141385527,0.7423499324427805,A,0.2979345399206754,3.9804456206718464,0.007905603410030645,goalkeeper_change|major_lineup_change|promoted_team
eng-premier-league:2024-2025:southampton:liverpool,2024-11-24,2024-2025,M6_oracle_diagnostic,False,0.09322235719591274,0.1610431366537856,0.7457345061503098,A,0.29338563200114987,3.9782280172875115,0.005541707187266889,goalkeeper_change|major_lineup_change|promoted_team
eng-premier-league:2024-2025:newcastle-united:west-ham-united,2024-11-25,2024-2025,M5_team_only,True,0.6172497533060131,0.19001598297849273,0.19273426371538394,A,1.6464429107774183,3.771312434551583,0.0,
eng-premier-league:2024-2025:newcastle-united:west-ham-united,2024-11-25,2024-2025,M6_deployable,True,0.6231342159130085,0.18008666949261043,0.19677911459432118,A,1.625673425024499,3.7291636409740834,0.005884462606995489,
eng-premier-league:2024-2025:newcastle-united:west-ham-united,2024-11-25,2024-2025,M6_oracle_diagnostic,False,0.6203679160506501,0.1839782852382404,0.19565379871104852,A,1.6314085146642212,3.739883901965614,0.003118162744637054,
eng-premier-league:2024-2025:brighton-hove-albion:southampton,2024-11-29,2024-2025,M5_team_only,True,0.6788440067440893,0.18626109034654265,0.13489490290939757,D,1.6806058780104374,2.46787856901001,0.0,goalkeeper_change|major_lineup_change|promoted_team
eng-premier-league:2024-2025:brighton-hove-albion:southampton,2024-11-29,2024-2025,M6_deployable,True,0.6725253606110145,0.1829906145907198,0.1444840247982096,D,1.6983204138454173,2.485905905425777,-0.006318646133074757,goalkeeper_change|major_lineup_change|promoted_team
eng-premier-league:2024-2025:brighton-hove-albion:southampton,2024-11-29,2024-2025,M6_oracle_diagnostic,False,0.6792725495101285,0.18148786286819782,0.13923958762161753,D,1.706566498762812,2.4941721275333824,0.00042854276603920827,goalkeeper_change|major_lineup_change|promoted_team
eng-premier-league:2024-2025:brentford:leicester-city,2024-11-30,2024-2025,M5_team_only,True,0.5616087915292775,0.19971262849185392,0.23867857997885464,H,0.5769497719605909,3.338610423764949,0.0,major_lineup_change|promoted_team
eng-premier-league:2024-2025:brentford:leicester-city,2024-11-30,2024-2025,M6_deployable,True,0.5596100192766728,0.19192972622928456,0.2484602544939694,H,0.5805151319967804,3.336663467154785,-0.001998772252604697,major_lineup_change|promoted_team
eng-premier-league:2024-2025:brentford:leicester-city,2024-11-30,2024-2025,M6_oracle_diagnostic,False,0.5805642267782193,0.19068994449367824,0.22874582872802873,H,0.5437548435195713,3.284872575857312,0.018955435248941832,major_lineup_change|promoted_team
eng-premier-league:2024-2025:crystal-palace:newcastle-united,2024-11-30,2024-2025,M5_team_only,True,0.34888001772227445,0.2396734947932798,0.4114464874844318,D,1.428477720237901,2.207914682858411,0.0,returning_player
eng-premier-league:2024-2025:crystal-palace:newcastle-united,2024-11-30,2024-2025,M6_deployable,True,0.3711073621928268,0.22911954662497924,0.3997730911821209,D,1.4735113739784897,2.2519165315792473,0.022227344470552357,returning_player
eng-premier-league:2024-2025:crystal-palace:newcastle-united,2024-11-30,2024-2025,M6_oracle_diagnostic,False,0.32828127970848087,0.23167548326509124,0.44004323702635423,D,1.462417665550227,2.240908626283348,-0.020598738013793583,returning_player
eng-premier-league:2024-2025:nottingham-forest:ipswich-town,2024-11-30,2024-2025,M5_team_only,True,0.5454805013081501,0.22372238612066042,0.23079711257117563,H,0.6060882189708721,2.287181225425459,0.0,major_lineup_change|promoted_team
eng-premier-league:2024-2025:nottingham-forest:ipswich-town,2024-11-30,2024-2025,M6_deployable,True,0.5519989843809072,0.21390364119776412,0.23409737442125533,H,0.5942090725963952,2.324972966544482,0.006518483072757153,major_lineup_change|promoted_team
eng-premier-league:2024-2025:nottingham-forest:ipswich-town,2024-11-30,2024-2025,M6_oracle_diagnostic,False,0.5545036092864473,0.21795276673976685,0.2275436239737125,H,0.5896819631300368,2.300299383797964,0.009023107978297196,major_lineup_change|promoted_team
eng-premier-league:2024-2025:west-ham-united:arsenal,2024-11-30,2024-2025,M5_team_only,True,0.17069301130639503,0.19644903354649465,0.6328579551470961,A,0.45750928147094994,4.786673669639264,0.0,returning_player
eng-premier-league:2024-2025:west-ham-united:arsenal,2024-11-30,2024-2025,M6_deployable,True,0.1911523006170463,0.1947249080018525,0.614122791381028,A,0.4875603848669352,4.83791051645696,0.020459289310651274,returning_player
eng-premier-league:2024-2025:west-ham-united:arsenal,2024-11-30,2024-2025,M6_oracle_diagnostic,False,0.16880545140153896,0.18913422845330854,0.642060320145079,A,0.4430730230935494,4.769915968732866,-0.001887559904856062,returning_player
eng-premier-league:2024-2025:wolverhampton-wanderers:bournemouth,2024-11-30,2024-2025,M5_team_only,True,0.3995811861085053,0.2337480729604946,0.3666707409309861,A,1.0032909972955564,4.391285060711887,0.0,
eng-premier-league:2024-2025:wolverhampton-wanderers:bournemouth,2024-11-30,2024-2025,M6_deployable,True,0.4101680315778472,0.22213174739333744,0.3677002210287419,A,1.0004872895634735,4.40160980777375,0.01058684546934191,
eng-premier-league:2024-2025:wolverhampton-wanderers:bournemouth,2024-11-30,2024-2025,M6_oracle_diagnostic,False,0.41573032556442985,0.22641770568196085,0.3578519687535365,A,1.0276358731959634,4.427695181502814,0.016149139455924555,
eng-premier-league:2024-2025:chelsea:aston-villa,2024-12-01,2024-2025,M5_team_only,True,0.5289969359717054,0.20535616026701314,0.2656469037613199,H,0.6367726392545905,3.092669940186509,0.0,major_lineup_change
eng-premier-league:2024-2025:chelsea:aston-villa,2024-12-01,2024-2025,M6_deployable,True,0.5476799875184365,0.19113674693249216,0.2611832655491612,H,0.6020641269901458,3.0172551236679745,0.01868305154673111,major_lineup_change
eng-premier-league:2024-2025:chelsea:aston-villa,2024-12-01,2024-2025,M6_oracle_diagnostic,False,0.5275727520834181,0.200449190447566,0.27197805746910675,H,0.6394685045002659,3.0829797206756404,-0.0014241838882872448,major_lineup_change
eng-premier-league:2024-2025:liverpool:manchester-city,2024-12-01,2024-2025,M5_team_only,True,0.4436279681357495,0.23620336285718593,0.32016866900710317,H,0.8127689773965524,2.6967326811843955,0.0,goalkeeper_change|major_lineup_change|returning_player
eng-premier-league:2024-2025:liverpool:manchester-city,2024-12-01,2024-2025,M6_deployable,True,0.473655172592659,0.22351024095992683,0.30283458644750416,H,0.7472757060136707,2.6392283817207383,0.030027204456909484,goalkeeper_change|major_lineup_change|returning_player
eng-premier-league:2024-2025:liverpool:manchester-city,2024-12-01,2024-2025,M6_oracle_diagnostic,False,0.4824044447665275,0.22553494227147966,0.2920606129620812,H,0.7289724197506479,2.61476976381493,0.03877647663077799,goalkeeper_change|major_lineup_change|returning_player
eng-premier-league:2024-2025:manchester-united:everton,2024-12-01,2024-2025,M5_team_only,True,0.4924049746831021,0.25696326583080115,0.2506317594861353,H,0.7084537817921212,3.955062092404312,0.0,
eng-premier-league:2024-2025:manchester-united:everton,2024-12-01,2024-2025,M6_deployable,True,0.4953294428442693,0.24738557914950188,0.2572849780063191,H,0.7025321966881735,3.8089204531198644,0.0029244681611671486,
eng-premier-league:2024-2025:manchester-united:everton,2024-12-01,2024-2025,M6_oracle_diagnostic,False,0.4926753378105777,0.2527333473626888,0.2545913148268236,H,0.707904865869561,3.890440328472912,0.00027036312747558133,
eng-premier-league:2024-2025:tottenham-hotspur:fulham,2024-12-01,2024-2025,M5_team_only,True,0.579138634551531,0.20414871905992532,0.21671264638858218,D,1.588906535740644,2.399162934383802,0.0,goalkeeper_change|returning_player
eng-premier-league:2024-2025:tottenham-hotspur:fulham,2024-12-01,2024-2025,M6_deployable,True,0.5665709725581318,0.1980469212481865,0.2353821061937719,D,1.6192513003610371,2.42904324354406,-0.012567661993399204,goalkeeper_change|returning_player
eng-premier-league:2024-2025:tottenham-hotspur:fulham,2024-12-01,2024-2025,M6_oracle_diagnostic,False,0.5913988549143089,0.19434606094121099,0.21425508414457126,D,1.6381148897503197,2.4477981749559485,0.012260220362777852,goalkeeper_change|returning_player
eng-premier-league:2024-2025:ipswich-town:crystal-palace,2024-12-03,2024-2025,M5_team_only,True,0.2965647707934598,0.24822947336693957,0.45520575583968137,A,0.7870057516109399,2.2483601164009333,0.0,major_lineup_change|promoted_team
eng-premier-league:2024-2025:ipswich-town:crystal-palace,2024-12-03,2024-2025,M6_deployable,True,0.3105932042891356,0.23973607508262637,0.4496707206283145,A,0.7992396960013336,2.287760978324293,0.01402843349567584,major_lineup_change|promoted_team
eng-premier-league:2024-2025:ipswich-town:crystal-palace,2024-12-03,2024-2025,M6_oracle_diagnostic,False,0.3035244595499971,0.24353095080801912,0.45294458964206075,A,0.7919854796515894,2.268212933028105,0.006959688756537352,major_lineup_change|promoted_team
eng-premier-league:2024-2025:leicester-city:west-ham-united,2024-12-03,2024-2025,M5_team_only,True,0.35619240432395516,0.2135190600643308,0.4302885356117946,H,1.0322842325427235,3.2039524644349022,0.0,major_lineup_change|promoted_team
eng-premier-league:2024-2025:leicester-city:west-ham-united,2024-12-03,2024-2025,M6_deployable,True,0.36930177609477566,0.20342509545352944,0.42727312845177134,H,0.9961411477802544,3.180704437951417,0.0131093717708205,major_lineup_change|promoted_team
eng-premier-league:2024-2025:leicester-city:west-ham-united,2024-12-03,2024-2025,M6_oracle_diagnostic,False,0.3737093712976333,0.20677510862002213,0.41951552008242027,H,0.98427686574429,3.1640103864665425,0.01751696697367816,major_lineup_change|promoted_team
eng-premier-league:2024-2025:arsenal:manchester-united,2024-12-04,2024-2025,M5_team_only,True,0.665638733491376,0.1905361398599254,0.143825126648791,H,0.407008197821887,2.202406045827379,0.0,major_lineup_change|returning_player
eng-premier-league:2024-2025:arsenal:manchester-united,2024-12-04,2024-2025,M6_deployable,True,0.6471730112244465,0.19046119062207328,0.16236579815352897,H,0.4351416149348519,2.255143766837119,-0.018465722266929552,major_lineup_change|returning_player
eng-premier-league:2024-2025:arsenal:manchester-united,2024-12-04,2024-2025,M6_oracle_diagnostic,False,0.6817737876957385,0.18030627933277424,0.13791993297153568,H,0.38305736575552723,2.206126615602742,0.016135054204362453,major_lineup_change|returning_player
eng-premier-league:2024-2025:aston-villa:brentford,2024-12-04,2024-2025,M5_team_only,True,0.487628228209031,0.2140503818753251,0.29832138991573626,H,0.7182019909074924,2.8589061209818474,0.0,
eng-premier-league:2024-2025:aston-villa:brentford,2024-12-04,2024-2025,M6_deployable,True,0.4709965509636138,0.20596097429258253,0.3230424747438524,H,0.7529045077874063,2.916055203607427,-0.016631677245417198,
eng-premier-league:2024-2025:aston-villa:brentford,2024-12-04,2024-2025,M6_oracle_diagnostic,False,0.47118558424578194,0.21040213540465377,0.31841228034961333,H,0.7525032408186528,2.9057046908539528,-0.01644264396324907,
eng-premier-league:2024-2025:everton:wolverhampton-wanderers,2024-12-04,2024-2025,M5_team_only,True,0.40207826850158207,0.2503226934668027,0.34759903803170755,H,0.9111085115491365,4.381427936565572,0.0,major_lineup_change|returning_player
eng-premier-league:2024-2025:everton:wolverhampton-wanderers,2024-12-04,2024-2025,M6_deployable,True,0.3881467094157462,0.2414035115941242,0.37044977899017856,H,0.9463718937762085,4.329279766423852,-0.013931559085835876,major_lineup_change|returning_player
eng-premier-league:2024-2025:everton:wolverhampton-wanderers,2024-12-04,2024-2025,M6_oracle_diagnostic,False,0.4102200422045143,0.2441492821115663,0.3456306756839673,H,0.8910615749457503,4.250909709839309,0.008141773702932231,major_lineup_change|returning_player
eng-premier-league:2024-2025:manchester-city:nottingham-forest,2024-12-04,2024-2025,M5_team_only,True,0.6649822485986401,0.18722202032547997,0.1477957310759721,H,0.40799493251920116,2.5482754796787335,0.0,major_lineup_change
eng-premier-league:2024-2025:manchester-city:nottingham-forest,2024-12-04,2024-2025,M6_deployable,True,0.621464765883857,0.19570627363014875,0.18282896048604275,H,0.47567606169979937,2.6514525096269086,-0.04351748271478306,major_lineup_change
eng-premier-league:2024-2025:manchester-city:nottingham-forest,2024-12-04,2024-2025,M6_oracle_diagnostic,False,0.6323129171978079,0.19411532655683522,0.17357175624540705,H,0.4583708852193763,2.6254822093869508,-0.03266933140083217,major_lineup_change
eng-premier-league:2024-2025:newcastle-united:liverpool,2024-12-04,2024-2025,M5_team_only,True,0.2876151973274669,0.22888642084547373,0.4834983818271519,D,1.4745293773068133,4.186286071321149,0.0,
eng-premier-league:2024-2025:newcastle-united:liverpool,2024-12-04,2024-2025,M6_deployable,True,0.2877237349497332,0.21812920368809438,0.49414706136222153,D,1.5226677142886509,4.245289369452946,0.0001085376222663137,
eng-premier-league:2024-2025:newcastle-united:liverpool,2024-12-04,2024-2025,M6_oracle_diagnostic,False,0.29443636702474,0.22430617484521512,0.4812574581300942,D,1.4947433084313566,4.216484411793864,0.006821169697273144,
eng-premier-league:2024-2025:southampton:chelsea,2024-12-04,2024-2025,M5_team_only,True,0.1546182067729884,0.19015155457933788,0.655230238647766,A,0.4227685957259335,4.046276299332827,0.0,goalkeeper_change|major_lineup_change|promoted_team
eng-premier-league:2024-2025:southampton:chelsea,2024-12-04,2024-2025,M6_deployable,True,0.1686380736588508,0.18767324015331785,0.6436886861878803,A,0.44054007629695174,4.02920891855285,0.014019866885862403,goalkeeper_change|major_lineup_change|promoted_team
eng-premier-league:2024-2025:southampton:chelsea,2024-12-04,2024-2025,M6_oracle_diagnostic,False,0.175987703699346,0.18985840972812967,0.6341538865725729,A,0.4554636306968575,4.056439672118124,0.02136949692635759,goalkeeper_change|major_lineup_change|promoted_team
eng-premier-league:2024-2025:bournemouth:tottenham-hotspur,2024-12-05,2024-2025,M5_team_only,True,0.3326495167571932,0.22556238016904012,0.4417881030737948,H,1.1006658455017644,2.828540482067236,0.0,
eng-premier-league:2024-2025:bournemouth:tottenham-hotspur,2024-12-05,2024-2025,M6_deployable,True,0.35243106605657687,0.21355531450668525,0.4340136194367761,H,1.0429002331399397,2.838407052190468,0.019781549299383694,
eng-premier-league:2024-2025:bournemouth:tottenham-hotspur,2024-12-05,2024-2025,M6_oracle_diagnostic,False,0.34142248371691514,0.21602277498784794,0.44255474129527445,H,1.0746346133886742,2.845150118490076,0.008772966959721962,
eng-premier-league:2024-2025:fulham:brighton-hove-albion,2024-12-05,2024-2025,M5_team_only,True,0.41184634199725784,0.24033466605327963,0.3478189919494906,H,0.8871049555154504,3.1134053810367344,0.0,major_lineup_change
eng-premier-league:2024-2025:fulham:brighton-hove-albion,2024-12-05,2024-2025,M6_deployable,True,0.41870217142448374,0.22942521370372,0.35187261487183474,H,0.8705954198599457,3.106124130954529,0.006855829427225901,major_lineup_change
eng-premier-league:2024-2025:fulham:brighton-hove-albion,2024-12-05,2024-2025,M6_oracle_diagnostic,False,0.39646115734955006,0.2328467198480326,0.3706921228024561,H,0.9251772065154593,3.1617328903602773,-0.015385184647707772,major_lineup_change
eng-premier-league:2024-2025:aston-villa:southampton,2024-12-07,2024-2025,M5_team_only,True,0.7224866952819916,0.16021294593266988,0.11730035878527847,H,0.32505627399971865,2.4199482806144745,0.0,major_lineup_change|promoted_team|returning_player
eng-premier-league:2024-2025:aston-villa:southampton,2024-12-07,2024-2025,M6_deployable,True,0.6948864550441798,0.16537006794933234,0.1397434770064997,H,0.36400682080148805,2.446307562311204,-0.027600240237811824,major_lineup_change|promoted_team|returning_player
eng-premier-league:2024-2025:aston-villa:southampton,2024-12-07,2024-2025,M6_oracle_diagnostic,False,0.7264702720803543,0.15502079422199072,0.11850893369766596,H,0.3195577161753591,2.4572188664014982,0.003983576798362698,major_lineup_change|promoted_team|returning_player
eng-premier-league:2024-2025:brentford:newcastle-united,2024-12-07,2024-2025,M5_team_only,True,0.3626219656042013,0.22212990192992974,0.41524813246580894,H,1.0143944044371411,4.190427070693332,0.0,
eng-premier-league:2024-2025:brentford:newcastle-united,2024-12-07,2024-2025,M6_deployable,True,0.38661451599134594,0.21128064830675708,0.40210483570190864,H,0.9503271650821156,4.1447756511164,0.02399255038714465,
eng-premier-league:2024-2025:brentford:newcastle-united,2024-12-07,2024-2025,M6_oracle_diagnostic,False,0.3453587030815931,0.21542290189927316,0.4392183950191458,H,1.0631716830072164,4.256673568838605,-0.01726326252260818,
eng-premier-league:2024-2025:crystal-palace:manchester-city,2024-12-07,2024-2025,M5_team_only,True,0.2380802300368308,0.22839675448749977,0.5335230154756095,D,1.476671011075761,2.960052438116716,0.0,major_lineup_change
eng-premier-league:2024-2025:crystal-palace:manchester-city,2024-12-07,2024-2025,M6_deployable,True,0.2696272593323903,0.2252736334879319,0.5050991071796895,D,1.4904394668524366,2.97838097057869,0.0315470292955595,major_lineup_change
eng-premier-league:2024-2025:crystal-palace:manchester-city,2024-12-07,2024-2025,M6_oracle_diagnostic,False,0.26847998777016513,0.2281727338334173,0.5033472783964292,D,1.4776523323326143,2.9652649532313746,0.030399757733334337,major_lineup_change
eng-premier-league:2024-2025:manchester-united:nottingham-forest,2024-12-07,2024-2025,M5_team_only,True,0.4944415438798675,0.24299378157180282,0.26256467454826987,A,1.3372578480653328,3.9605905009221827,0.0,major_lineup_change
eng-premier-league:2024-2025:manchester-united:nottingham-forest,2024-12-07,2024-2025,M6_deployable,True,0.486784311262702,0.23468707142521722,0.2785286173120924,A,1.2782344697336319,3.956458401085932,-0.007657232617165499,major_lineup_change
eng-premier-league:2024-2025:manchester-united:nottingham-forest,2024-12-07,2024-2025,M6_oracle_diagnostic,False,0.4879240122740616,0.23910599346331904,0.272969994262631,A,1.2983934009637415,3.9537595058410355,-0.006517531605805871,major_lineup_change
eng-premier-league:2024-2025:fulham:arsenal,2024-12-08,2024-2025,M5_team_only,True,0.20211647004741126,0.21470862266231916,0.583174907290282,D,1.5384734134584892,2.307003517074884,0.0,major_lineup_change
eng-premier-league:2024-2025:fulham:arsenal,2024-12-08,2024-2025,M6_deployable,True,0.22210266740392123,0.21098164727588328,0.5669156853202959,D,1.5559841290241774,2.324055642705212,0.01998619735650997,major_lineup_change
eng-premier-league:2024-2025:fulham:arsenal,2024-12-08,2024-2025,M6_oracle_diagnostic,False,0.18361607367059035,0.2012697369260937,0.6151141894034163,D,1.6031092958097242,2.371183451884586,-0.01850039637682091,major_lineup_change
eng-premier-league:2024-2025:ipswich-town:bournemouth,2024-12-08,2024-2025,M5_team_only,True,0.27469524638680826,0.24130979740947922,0.48399495620372485,A,0.7256807933864893,2.436917852818166,0.0,major_lineup_change|promoted_team|returning_player
eng-premier-league:2024-2025:ipswich-town:bournemouth,2024-12-08,2024-2025,M6_deployable,True,0.2808094349278838,0.23267345620884167,0.4865171088633752,A,0.7204832107321381,2.473489769314382,0.006114188541075538,major_lineup_change|promoted_team|returning_player
eng-premier-league:2024-2025:ipswich-town:bournemouth,2024-12-08,2024-2025,M6_oracle_diagnostic,False,0.2678887207842644,0.23408542770922883,0.4980258515066074,A,0.6971032926489574,2.450322041808803,-0.006806525602543856,major_lineup_change|promoted_team|returning_player
eng-premier-league:2024-2025:leicester-city:brighton-hove-albion,2024-12-08,2024-2025,M5_team_only,True,0.3257550721056088,0.21721653875600008,0.4570283891384033,D,1.5268605485358102,2.785794710001186,0.0,major_lineup_change|promoted_team
eng-premier-league:2024-2025:leicester-city:brighton-hove-albion,2024-12-08,2024-2025,M6_deployable,True,0.33120339850049774,0.20651719565811505,0.4622794058414876,D,1.5773715980958352,2.837823551536263,0.005448326394888958,major_lineup_change|promoted_team
eng-premier-league:2024-2025:leicester-city:brighton-hove-albion,2024-12-08,2024-2025,M6_oracle_diagnostic,False,0.33503999558352465,0.21002706872084953,0.4549329356957275,D,1.5605188579006761,2.82060839146209,0.009284923477915874,major_lineup_change|promoted_team
eng-premier-league:2024-2025:tottenham-hotspur:chelsea,2024-12-08,2024-2025,M5_team_only,True,0.4210302041100755,0.21862231403841267,0.360347481851524,A,1.0206864856990314,4.651988396150713,0.0,goalkeeper_change|major_lineup_change
eng-premier-league:2024-2025:tottenham-hotspur:chelsea,2024-12-08,2024-2025,M6_deployable,True,0.40981911118276665,0.20547590649860398,0.38470498231873,A,0.9552785181283149,4.683695250711387,-0.011211092927308874,goalkeeper_change|major_lineup_change
eng-premier-league:2024-2025:tottenham-hotspur:chelsea,2024-12-08,2024-2025,M6_oracle_diagnostic,False,0.40620384463901804,0.21205081354253683,0.3817453418185455,A,0.9630015371358502,4.658605497646054,-0.014826359471057482,goalkeeper_change|major_lineup_change
eng-premier-league:2024-2025:west-ham-united:wolverhampton-wanderers,2024-12-09,2024-2025,M5_team_only,True,0.48383196910828596,0.21419387252348795,0.3019741583682838,H,0.7260176038072721,2.445010156653177,0.0,goalkeeper_change
eng-premier-league:2024-2025:west-ham-united:wolverhampton-wanderers,2024-12-09,2024-2025,M6_deployable,True,0.47360158540394987,0.20436841012363205,0.32203000447243335,H,0.7473888478589285,2.505320132106323,-0.010230383704336099,goalkeeper_change
eng-premier-league:2024-2025:west-ham-united:wolverhampton-wanderers,2024-12-09,2024-2025,M6_oracle_diagnostic,False,0.4877454736388376,0.2070396231906807,0.3052149031704968,H,0.7179615796063692,2.4744608020245002,0.003913504530551615,goalkeeper_change
eng-premier-league:2024-2025:arsenal:everton,2024-12-14,2024-2025,M5_team_only,True,0.7390117675580765,0.16508755801144545,0.09590067443046416,D,1.8012792912141056,2.9604808481378777,0.0,major_lineup_change|returning_player
eng-premier-league:2024-2025:arsenal:everton,2024-12-14,2024-2025,M6_deployable,True,0.7227536440446547,0.167829690228631,0.10941666572675746,D,1.784805562408667,2.9391914514621353,-0.01625812351342182,major_lineup_change|returning_player
eng-premier-league:2024-2025:arsenal:everton,2024-12-14,2024-2025,M6_oracle_diagnostic,False,0.7244882914263221,0.16973883033630965,0.10577287823741217,D,1.7734943153780423,2.92794551878383,-0.01452347613175442,major_lineup_change|returning_player
eng-premier-league:2024-2025:liverpool:fulham,2024-12-14,2024-2025,M5_team_only,True,0.6618661572779565,0.1858996676737632,0.15223417504826633,D,1.6825481719176427,3.0988379985139938,0.0,goalkeeper_change|major_lineup_change
eng-premier-league:2024-2025:liverpool:fulham,2024-12-14,2024-2025,M6_deployable,True,0.6470261804811315,0.18405177230025999,0.16892204721865184,D,1.6925381897535379,3.109242436167435,-0.014839976796825027,goalkeeper_change|major_lineup_change
eng-premier-league:2024-2025:liverpool:fulham,2024-12-14,2024-2025,M6_oracle_diagnostic,False,0.6791251007901956,0.17532052246335791,0.1455543767464899,D,1.7411394233803112,3.1583801200078376,0.01725894351223911,goalkeeper_change|major_lineup_change
eng-premier-league:2024-2025:newcastle-united:leicester-city,2024-12-14,2024-2025,M5_team_only,True,0.6556989595207766,0.1689587126660384,0.1753423278131708,H,0.42205349853588026,3.1988617128903893,0.0,goalkeeper_change|promoted_team
eng-premier-league:2024-2025:newcastle-united:leicester-city,2024-12-14,2024-2025,M6_deployable,True,0.6339604456514736,0.16794596716862892,0.19809358717994083,H,0.45576871505350297,3.2196036193764153,-0.021738513869303033,goalkeeper_change|promoted_team
eng-premier-league:2024-2025:newcastle-united:leicester-city,2024-12-14,2024-2025,M6_oracle_diagnostic,False,0.6046867969117591,0.17741454925469732,0.21789865383358806,H,0.5030446460545192,3.334507498506083,-0.05101216260901753,goalkeeper_change|promoted_team
eng-premier-league:2024-2025:nottingham-forest:aston-villa,2024-12-14,2024-2025,M5_team_only,True,0.38331678823764137,0.23493824594619345,0.3817449658161513,H,0.9588935083436153,2.51411241528556,0.0,
eng-premier-league:2024-2025:nottingham-forest:aston-villa,2024-12-14,2024-2025,M6_deployable,True,0.40860254809691465,0.22267080279669169,0.36872664910643693,H,0.8950123604533156,2.5271969780148886,0.025285759859273282,
eng-premier-league:2024-2025:nottingham-forest:aston-villa,2024-12-14,2024-2025,M6_oracle_diagnostic,False,0.3926168479089321,0.22951510835306135,0.37786804373804905,H,0.934921084385218,2.5216625922520977,0.009300059671290717,
eng-premier-league:2024-2025:wolverhampton-wanderers:ipswich-town,2024-12-14,2024-2025,M5_team_only,True,0.5298575034702606,0.2242762510521311,0.24586624547759423,A,1.4029676084885292,2.836316087870587,0.0,promoted_team
eng-premier-league:2024-2025:wolverhampton-wanderers:ipswich-town,2024-12-14,2024-2025,M6_deployable,True,0.5119329639360839,0.2198243837084536,0.26824265235550565,A,1.3158632888790682,2.8064728208264857,-0.01792453953417672,promoted_team
eng-premier-league:2024-2025:wolverhampton-wanderers:ipswich-town,2024-12-14,2024-2025,M6_oracle_diagnostic,False,0.502563032650662,0.22443799223260277,0.2729989751167798,A,1.298287237955214,2.782223591444949,-0.02729447081959857,promoted_team
eng-premier-league:2024-2025:brighton-hove-albion:crystal-palace,2024-12-15,2024-2025,M5_team_only,True,0.4516689817584806,0.24108590178027584,0.30724511646128816,A,1.1801094250112494,3.4729439098291652,0.0,
eng-premier-league:2024-2025:brighton-hove-albion:crystal-palace,2024-12-15,2024-2025,M6_deployable,True,0.43643217516003,0.23143875670255687,0.33212906813729975,A,1.102231626163326,3.382239831444903,-0.015236806598450559,
eng-premier-league:2024-2025:brighton-hove-albion:crystal-palace,2024-12-15,2024-2025,M6_oracle_diagnostic,False,0.46192451179759986,0.23391607159199534,0.3041594166102909,A,1.1902033182794607,3.4824986056988503,0.010255530039119276,
eng-premier-league:2024-2025:chelsea:brentford,2024-12-15,2024-2025,M5_team_only,True,0.6225721579908181,0.18077099239024116,0.19665684961898533,H,0.4738957409099536,2.438879769045589,0.0,
eng-premier-league:2024-2025:chelsea:brentford,2024-12-15,2024-2025,M6_deployable,True,0.6078932523728382,0.17562899532439463,0.21647775230265365,H,0.4977559841856952,2.496600644251764,-0.01467890561797991,
eng-premier-league:2024-2025:chelsea:brentford,2024-12-15,2024-2025,M6_oracle_diagnostic,False,0.6632920793274178,0.1649712594000706,0.17173666127239823,H,0.41053984383442615,2.4818096526592197,0.04071992133659974,
eng-premier-league:2024-2025:manchester-city:manchester-united,2024-12-15,2024-2025,M5_team_only,True,0.6352931829315095,0.19534724576263648,0.1693595713058986,A,1.7757311834181866,3.0949461669120337,0.0,goalkeeper_change|returning_player
eng-premier-league:2024-2025:manchester-city:manchester-united,2024-12-15,2024-2025,M6_deployable,True,0.603079909084572,0.1978534534123763,0.19906663750293846,A,1.6141156484875407,2.998811518616313,-0.03221327384693751,goalkeeper_change|returning_player
eng-premier-league:2024-2025:manchester-city:manchester-united,2024-12-15,2024-2025,M6_oracle_diagnostic,False,0.5984298941023712,0.20196907276238785,0.19960103313512478,A,1.6114347390904897,2.9846636018627732,-0.03686328882913825,goalkeeper_change|returning_player
eng-premier-league:2024-2025:southampton:tottenham-hotspur,2024-12-15,2024-2025,M5_team_only,True,0.1518939746818673,0.1894898505371176,0.6586161747810595,A,0.41761435000185043,3.8492885637692447,0.0,goalkeeper_change|major_lineup_change|promoted_team|returning_player
eng-premier-league:2024-2025:southampton:tottenham-hotspur,2024-12-15,2024-2025,M6_deployable,True,0.1762912056596317,0.1910499679157064,0.6326588264245481,A,0.4578239809314251,3.8135329663606274,0.02439723097776439,goalkeeper_change|major_lineup_change|promoted_team|returning_player
eng-premier-league:2024-2025:southampton:tottenham-hotspur,2024-12-15,2024-2025,M6_oracle_diagnostic,False,0.17527450082930415,0.19333168635060774,0.6313938128199761,A,0.45982550205105327,3.8618068190488413,0.023380526147436853,goalkeeper_change|major_lineup_change|promoted_team|returning_player
eng-premier-league:2024-2025:bournemouth:west-ham-united,2024-12-16,2024-2025,M5_team_only,True,0.5187227259917155,0.2164727025567846,0.26480457145151043,D,1.53029082467706,2.3453292964310815,0.0,
eng-premier-league:2024-2025:bournemouth:west-ham-united,2024-12-16,2024-2025,M6_deployable,True,0.5407468353934404,0.20253568921533333,0.2567174753912185,D,1.59683916492584,2.4099029926627633,0.022024109401724834,
eng-premier-league:2024-2025:bournemouth:west-ham-united,2024-12-16,2024-2025,M6_oracle_diagnostic,False,0.5313194682370017,0.20837180933744484,0.2603087224255463,D,1.5684312501462518,2.381642264553662,0.012596742245286174,
eng-premier-league:2024-2025:aston-villa:manchester-city,2024-12-21,2024-2025,M5_team_only,True,0.28367815375469096,0.2184998625778378,0.4978219836675405,H,1.2599149448743616,2.7163089512678673,0.0,goalkeeper_change|major_lineup_change|returning_player
eng-premier-league:2024-2025:aston-villa:manchester-city,2024-12-21,2024-2025,M6_deployable,True,0.30266076054505237,0.20965106052567598,0.4876881789292694,H,1.195142702857015,2.7149931053201057,0.0189826067903614,goalkeeper_change|major_lineup_change|returning_player
eng-premier-league:2024-2025:aston-villa:manchester-city,2024-12-21,2024-2025,M6_oracle_diagnostic,False,0.31508784327718636,0.21593995054247472,0.46897220618033697,H,1.1549038114862076,2.6722495061842735,0.0314096895224954,goalkeeper_change|major_lineup_change|returning_player
eng-premier-league:2024-2025:brentford:nottingham-forest,2024-12-21,2024-2025,M5_team_only,True,0.46750431395473074,0.22857596068627314,0.3039197253590654,A,1.1909916737651078,3.1697218256642543,0.0,major_lineup_change
eng-premier-league:2024-2025:brentford:nottingham-forest,2024-12-21,2024-2025,M6_deployable,True,0.46605389835770294,0.21886088901860706,0.31508521262368805,A,1.1549121604737553,3.1252740968386408,-0.0014504155970277988,major_lineup_change
eng-premier-league:2024-2025:brentford:nottingham-forest,2024-12-21,2024-2025,M6_oracle_diagnostic,False,0.45145916025739896,0.22511137640817538,0.32342946333442385,A,1.1287742310587414,3.095398230316126,-0.016045153697331782,major_lineup_change
eng-premier-league:2024-2025:crystal-palace:arsenal,2024-12-21,2024-2025,M5_team_only,True,0.21494600506076722,0.228722409152178,0.5563315857871239,A,0.5863907851788623,4.592899767429224,0.0,
eng-premier-league:2024-2025:crystal-palace:arsenal,2024-12-21,2024-2025,M6_deployable,True,0.23539879725632856,0.22401418862355948,0.54058701412011,A,0.6150996666637649,4.55849463981248,0.020452792195561342,
eng-premier-league:2024-2025:crystal-palace:arsenal,2024-12-21,2024-2025,M6_oracle_diagnostic,False,0.2155981051360896,0.22269528109731954,0.5617066137665867,A,0.5767756049597729,4.510496765896285,0.000652100075322376,
eng-premier-league:2024-2025:ipswich-town:newcastle-united,2024-12-21,2024-2025,M5_team_only,True,0.22619549169279707,0.2163746043080511,0.557429903999221,A,0.5844185162897098,3.541170846311834,0.0,promoted_team
eng-premier-league:2024-2025:ipswich-town:newcastle-united,2024-12-21,2024-2025,M6_deployable,True,0.24862852553314496,0.2126755542475485,0.5386959202193045,A,0.6186040227059785,3.5311109414058284,0.022433033840347893,promoted_team
eng-premier-league:2024-2025:ipswich-town:newcastle-united,2024-12-21,2024-2025,M6_oracle_diagnostic,False,0.2445660876985816,0.21676939265134929,0.5386645196500661,A,0.618662314375294,3.5756304450065084,0.01837059600578453,promoted_team
eng-premier-league:2024-2025:west-ham-united:brighton-hove-albion,2024-12-21,2024-2025,M5_team_only,True,0.3929336189343596,0.2286934261800115,0.37837295488569817,D,1.4753729226603112,2.2936234603556542,0.0,returning_player
eng-premier-league:2024-2025:west-ham-united:brighton-hove-albion,2024-12-21,2024-2025,M6_deployable,True,0.38962575669949107,0.21682641802226765,0.39354782527823917,D,1.5286581624940307,2.3456527085287586,-0.0033078622348685083,returning_player
eng-premier-league:2024-2025:west-ham-united:brighton-hove-albion,2024-12-21,2024-2025,M6_oracle_diagnostic,False,0.39786077291442273,0.22254611194132756,0.3795931151442478,D,1.5026209541679303,2.3197607697036755,0.004927153980063159,returning_player
eng-premier-league:2024-2025:everton:chelsea,2024-12-22,2024-2025,M5_team_only,True,0.24509497206331082,0.22753281054582195,0.5273722173909133,D,1.4804608288107135,2.906615900398699,0.0,returning_player
eng-premier-league:2024-2025:everton:chelsea,2024-12-22,2024-2025,M6_deployable,True,0.2618616893773335,0.21979888357120458,0.5183394270514167,D,1.5150423163193985,2.9355373406683407,0.016766717314022683,returning_player
eng-premier-league:2024-2025:everton:chelsea,2024-12-22,2024-2025,M6_oracle_diagnostic,False,0.25184140320574816,0.22336167979274948,0.5247969170014565,D,1.498962938874314,2.9199419030654457,0.006746431142437337,returning_player
eng-premier-league:2024-2025:fulham:southampton,2024-12-22,2024-2025,M5_team_only,True,0.7207776195554764,0.1702811647778487,0.10894121566672099,D,1.770304297677665,2.9551625794502803,0.0,goalkeeper_change|major_lineup_change|promoted_team
eng-premier-league:2024-2025:fulham:southampton,2024-12-22,2024-2025,M6_deployable,True,0.7054920602715766,0.17156010379496595,0.12294783593341234,D,1.7628216143268443,2.946472673646021,-0.015285559283899741,goalkeeper_change|major_lineup_change|promoted_team
eng-premier-league:2024-2025:fulham:southampton,2024-12-22,2024-2025,M6_oracle_diagnostic,False,0.7216959102221848,0.16713682687512185,0.11116726290264811,D,1.7889424794214062,2.973189017457282,0.0009182906667084545,goalkeeper_change|major_lineup_change|promoted_team
eng-premier-league:2024-2025:leicester-city:wolverhampton-wanderers,2024-12-22,2024-2025,M5_team_only,True,0.40811451329650217,0.21313145219602023,0.37875403450752365,A,0.9708682700502131,3.6281612866668116,0.0,goalkeeper_change|major_lineup_change|promoted_team|returning_player
eng-premier-league:2024-2025:leicester-city:wolverhampton-wanderers,2024-12-22,2024-2025,M6_deployable,True,0.42362447713000473,0.20178606355293768,0.3745894593170123,A,0.9819246278704137,3.597445688231159,0.01550996383350256,goalkeeper_change|major_lineup_change|promoted_team|returning_player
eng-premier-league:2024-2025:leicester-city:wolverhampton-wanderers,2024-12-22,2024-2025,M6_oracle_diagnostic,False,0.3987916140884759,0.20401828242630146,0.39719010348517714,A,0.9233402628184564,3.5167102557609624,-0.009322899208026258,goalkeeper_change|major_lineup_change|promoted_team|returning_player
eng-premier-league:2024-2025:manchester-united:bournemouth,2024-12-22,2024-2025,M5_team_only,True,0.4620932617170837,0.23873160500689355,0.2991751332760689,A,1.206726147044027,3.9351884694178287,0.0,returning_player
eng-premier-league:2024-2025:manchester-united:bournemouth,2024-12-22,2024-2025,M6_deployable,True,0.45892946498699505,0.22827666654743667,0.31279386846552315,A,1.1622108725954219,3.7827083188701183,-0.0031637967300886527,returning_player
eng-premier-league:2024-2025:manchester-united:bournemouth,2024-12-22,2024-2025,M6_oracle_diagnostic,False,0.4817482267584132,0.22967915968078859,0.28857261356075276,A,1.242808531251983,3.9441085273516756,0.01965496504132952,returning_player
eng-premier-league:2024-2025:tottenham-hotspur:liverpool,2024-12-22,2024-2025,M5_team_only,True,0.34315965265961557,0.22589584662421908,0.4309445007162115,A,0.8417759658096629,6.930001469389094,0.0,
eng-premier-league:2024-2025:tottenham-hotspur:liverpool,2024-12-22,2024-2025,M6_deployable,True,0.3513998763763093,0.21415057400427756,0.43444954961936755,A,0.8336754523659654,6.882831882489689,0.00824022371669375,
eng-premier-league:2024-2025:tottenham-hotspur:liverpool,2024-12-22,2024-2025,M6_oracle_diagnostic,False,0.3655943233657407,0.21959308723607499,0.41481258939813986,A,0.879928452561441,6.969417712642468,0.022434670706125148,
eng-premier-league:2024-2025:bournemouth:crystal-palace,2024-12-26,2024-2025,M5_team_only,True,0.45900038443429825,0.2383654914143641,0.30263412415130475,D,1.4339501050470214,2.8809217785396033,0.0,
eng-premier-league:2024-2025:bournemouth:crystal-palace,2024-12-26,2024-2025,M6_deployable,True,0.4692632972153865,0.2270494916137486,0.3036872111709721,D,1.4825872605345018,2.923650886790286,0.010262912781088263,
eng-premier-league:2024-2025:bournemouth:crystal-palace,2024-12-26,2024-2025,M6_oracle_diagnostic,False,0.4525683205288375,0.23371872084136636,0.31371295862990317,D,1.4536369343497006,2.895313033906876,-0.00643206390546075,
eng-premier-league:2024-2025:chelsea:fulham,2024-12-26,2024-2025,M5_team_only,True,0.5788456966633431,0.20429501266257483,0.21685929067404902,A,1.5285065658368886,2.905578071423073,0.0,major_lineup_change
eng-premier-league:2024-2025:chelsea:fulham,2024-12-26,2024-2025,M6_deployable,True,0.5751404698484264,0.1958056098955347,0.22905392025614593,A,1.4737978435103414,2.9055535854114254,-0.0037052268149166956,major_lineup_change
eng-premier-league:2024-2025:chelsea:fulham,2024-12-26,2024-2025,M6_oracle_diagnostic,False,0.6164800586185465,0.18933093968082695,0.19418900170073392,A,1.6389233586074872,3.0123293595400495,0.03763436195520342,major_lineup_change
eng-premier-league:2024-2025:liverpool:leicester-city,2024-12-26,2024-2025,M5_team_only,True,0.8393186510149905,0.09866818829266263,0.062013160692314,H,0.1751648460325651,2.626226200392971,0.0,goalkeeper_change|promoted_team
eng-premier-league:2024-2025:liverpool:leicester-city,2024-12-26,2024-2025,M6_deployable,True,0.8321848926682159,0.09852631987658242,0.06928878745530856,H,0.1837006360849557,2.68907315944279,-0.007133758346774544,goalkeeper_change|promoted_team
eng-premier-league:2024-2025:liverpool:leicester-city,2024-12-26,2024-2025,M6_oracle_diagnostic,False,0.8528151763486043,0.0890602175027045,0.058124606148798025,H,0.15921242982294037,2.7060456496639524,0.013496525333613785,goalkeeper_change|promoted_team
eng-premier-league:2024-2025:manchester-city:everton,2024-12-26,2024-2025,M5_team_only,True,0.6549547923910248,0.19929306689295748,0.14575214071598466,D,1.61297883965921,2.3728888769014778,0.0,returning_player
eng-premier-league:2024-2025:manchester-city:everton,2024-12-26,2024-2025,M6_deployable,True,0.6320663034303701,0.2014037998679481,0.16652989670178894,D,1.6024434316068012,2.3623374240331887,-0.022888488960654763,returning_player
eng-premier-league:2024-2025:manchester-city:everton,2024-12-26,2024-2025,M6_oracle_diagnostic,False,0.6274292005780049,0.20482520405441948,0.16774559536768405,D,1.5855983267168958,2.3454875495333467,-0.027525591813019945,returning_player
eng-premier-league:2024-2025:newcastle-united:aston-villa,2024-12-26,2024-2025,M5_team_only,True,0.5073652835089505,0.2107329363820566,0.28190178010896005,H,0.678524054518495,3.1481025053228864,0.0,
eng-premier-league:2024-2025:newcastle-united:aston-villa,2024-12-26,2024-2025,M6_deployable,True,0.5106838446788928,0.20020387258237182,0.2891122827388423,H,0.672004579510326,3.109578222139826,0.0033185611699423356,
eng-premier-league:2024-2025:newcastle-united:aston-villa,2024-12-26,2024-2025,M6_oracle_diagnostic,False,0.48782665640279954,0.20905662122283278,0.3031167223744747,H,0.717795148521164,3.1942112924347974,-0.019538627106150952,
eng-premier-league:2024-2025:nottingham-forest:tottenham-hotspur,2024-12-26,2024-2025,M5_team_only,True,0.3294266429891319,0.2266262316549028,0.4439471253559323,H,1.1104015811180679,2.8188443181548104,0.0,
eng-premier-league:2024-2025:nottingham-forest:tottenham-hotspur,2024-12-26,2024-2025,M6_deployable,True,0.35739623453471225,0.21503130442399349,0.42757246104140134,H,1.0289102120293998,2.8160933931613656,0.027969591545580375,
eng-premier-league:2024-2025:nottingham-forest:tottenham-hotspur,2024-12-26,2024-2025,M6_oracle_diagnostic,False,0.37935217849239056,0.22205356359120645,0.3985942579165093,H,0.9692902745167948,2.7586365554172128,0.04992553550325868,
eng-premier-league:2024-2025:southampton:west-ham-united,2024-12-26,2024-2025,M5_team_only,True,0.21894714939699816,0.23048006287197184,0.5505727877309972,A,0.596796110431785,2.1771747009389117,0.0,promoted_team
eng-premier-league:2024-2025:southampton:west-ham-united,2024-12-26,2024-2025,M6_deployable,True,0.24106553347051612,0.22747489042344282,0.5314595761061486,A,0.6321281403368685,2.219930110970555,0.02211838407351796,promoted_team
eng-premier-league:2024-2025:southampton:west-ham-united,2024-12-26,2024-2025,M6_oracle_diagnostic,False,0.22235016229519722,0.22525349267862016,0.5523963450262886,A,0.5934894740034863,2.19855598113727,0.0034030128981990537,promoted_team
eng-premier-league:2024-2025:wolverhampton-wanderers:manchester-united,2024-12-26,2024-2025,M5_team_only,True,0.3420204835201962,0.233607058597868,0.4243724578819029,H,1.072884650379159,3.0266581269852986,0.0,
eng-premier-league:2024-2025:wolverhampton-wanderers:manchester-united,2024-12-26,2024-2025,M6_deployable,True,0.34843568194141,0.22172788465744847,0.4298364334012488,H,1.0543016226538373,3.008058084771606,0.006415198421213797,
eng-premier-league:2024-2025:wolverhampton-wanderers:manchester-united,2024-12-26,2024-2025,M6_oracle_diagnostic,False,0.3597201923830384,0.22757165117636594,0.41270815644070336,H,1.0224287931226705,2.9706929005599854,0.017699708862842167,
eng-premier-league:2024-2025:arsenal:ipswich-town,2024-12-27,2024-2025,M5_team_only,True,0.8347715924359285,0.1116023496026567,0.05362605796140919,H,0.18059713354361656,2.414536411886223,0.0,major_lineup_change|promoted_team|returning_player
eng-premier-league:2024-2025:arsenal:ipswich-town,2024-12-27,2024-2025,M6_deployable,True,0.8137199362999121,0.1201885851429903,0.06609147855720515,H,0.20613903078095291,2.407753465060187,-0.02105165613601634,major_lineup_change|promoted_team|returning_player
eng-premier-league:2024-2025:arsenal:ipswich-town,2024-12-27,2024-2025,M6_oracle_diagnostic,False,0.8461053698717911,0.1032812638039779,0.05061336632433763,H,0.16711137645582924,2.4821630980539533,0.011333777435862613,major_lineup_change|promoted_team|returning_player
eng-premier-league:2024-2025:brighton-hove-albion:brentford,2024-12-27,2024-2025,M5_team_only,True,0.4487328854910002,0.22580555513797032,0.32546155937102395,D,1.4880810255409882,3.1890014129063258,0.0,returning_player
eng-premier-league:2024-2025:brighton-hove-albion:brentford,2024-12-27,2024-2025,M6_deployable,True,0.4320038470398987,0.21575750606422506,0.35223864689598394,D,1.5336001590595825,3.2293142563183466,-0.01672903845110152,returning_player
eng-premier-league:2024-2025:brighton-hove-albion:brentford,2024-12-27,2024-2025,M6_oracle_diagnostic,False,0.4507446066206961,0.2185698859352333,0.3306855074441795,D,1.5206494714885337,3.2166912925079325,0.002011721129695887,returning_player
eng-premier-league:2024-2025:crystal-palace:southampton,2024-12-29,2024-2025,M5_team_only,True,0.6787875952984935,0.1994008195813319,0.12181158512016024,H,0.3874470202461855,2.4467392112645783,0.0,promoted_team
eng-premier-league:2024-2025:crystal-palace:southampton,2024-12-29,2024-2025,M6_deployable,True,0.6733390135611681,0.19654447940363942,0.13011650703526423,H,0.39550634130864615,2.4853550259003088,-0.005448581737325431,promoted_team
eng-premier-league:2024-2025:crystal-palace:southampton,2024-12-29,2024-2025,M6_oracle_diagnostic,False,0.6925212565263467,0.1899366118189533,0.11754213165477133,H,0.36741634604683104,2.4830727652244797,0.013733661227853133,promoted_team
eng-premier-league:2024-2025:everton:nottingham-forest,2024-12-29,2024-2025,M5_team_only,True,0.3662720156269137,0.27343128948959605,0.36029669488347593,A,1.020827434505035,2.73296390378342,0.0,
eng-premier-league:2024-2025:everton:nottingham-forest,2024-12-29,2024-2025,M6_deployable,True,0.3658424053477251,0.2631392376053275,0.3710183570470188,A,0.9915037376876904,2.6939887827501545,-0.00042961027918858585,
eng-premier-league:2024-2025:everton:nottingham-forest,2024-12-29,2024-2025,M6_oracle_diagnostic,False,0.35881151219343976,0.2663738924395949,0.37481459536703654,A,0.9813237876283839,2.6821434080422275,-0.007460503433473931,
eng-premier-league:2024-2025:fulham:bournemouth,2024-12-29,2024-2025,M5_team_only,True,0.4295114379900376,0.24407857996485746,0.3264099820450906,D,1.4102650564992938,2.8765219306388374,0.0,major_lineup_change
eng-premier-league:2024-2025:fulham:bournemouth,2024-12-29,2024-2025,M6_deployable,True,0.43012748999008643,0.23344071912450204,0.3364317908854831,D,1.454827113658508,2.923893533473185,0.0006160520000488279,major_lineup_change
eng-premier-league:2024-2025:fulham:bournemouth,2024-12-29,2024-2025,M6_oracle_diagnostic,False,0.4649931915734118,0.23383927867362833,0.30116752975303246,D,1.4531212428844331,2.9221987631472337,0.03548175358337419,major_lineup_change
eng-premier-league:2024-2025:leicester-city:manchester-city,2024-12-29,2024-2025,M5_team_only,True,0.13628093485905896,0.15869591311787873,0.7050231520230478,A,0.34952463696007724,2.469290335948087,0.0,promoted_team
eng-premier-league:2024-2025:leicester-city:manchester-city,2024-12-29,2024-2025,M6_deployable,True,0.1545959327978716,0.1585997160398668,0.686804351162333,A,0.3757058145648885,2.523925103845879,0.01831499793881264,promoted_team
eng-premier-league:2024-2025:leicester-city:manchester-city,2024-12-29,2024-2025,M6_oracle_diagnostic,False,0.14697086480680574,0.15712867761725197,0.6959004575760132,A,0.36254864960027544,2.506320850103053,0.010689929947746785,promoted_team
eng-premier-league:2024-2025:tottenham-hotspur:wolverhampton-wanderers,2024-12-29,2024-2025,M5_team_only,True,0.6295136549575417,0.18211073999769462,0.18837560504474923,D,1.7031403154172062,2.890531782895721,0.0,
eng-premier-league:2024-2025:tottenham-hotspur:wolverhampton-wanderers,2024-12-29,2024-2025,M6_deployable,True,0.6108769214213906,0.17716164928157724,0.2119614292971041,D,1.7306926904108817,2.9205974073272536,-0.01863673353615114,
eng-premier-league:2024-2025:tottenham-hotspur:wolverhampton-wanderers,2024-12-29,2024-2025,M6_oracle_diagnostic,False,0.595980944599672,0.18574457005596157,0.21827448534443766,D,1.6833828283501124,2.8729155669957698,-0.033532710357869755,
eng-premier-league:2024-2025:west-ham-united:liverpool,2024-12-29,2024-2025,M5_team_only,True,0.1826847233026444,0.19090774036409075,0.6264075363332504,A,0.46775410319456784,4.0126393154895394,0.0,goalkeeper_change|major_lineup_change|returning_player
eng-premier-league:2024-2025:west-ham-united:liverpool,2024-12-29,2024-2025,M6_deployable,True,0.18698099491977566,0.18201016166390133,0.6310088434163944,A,0.4604354016161615,3.819076874502916,0.004296271617131253,goalkeeper_change|major_lineup_change|returning_player
eng-premier-league:2024-2025:west-ham-united:liverpool,2024-12-29,2024-2025,M6_oracle_diagnostic,False,0.18699380289972425,0.1880970300477799,0.6249091670525678,A,0.4701489725234495,3.942303633190624,0.004309079597079851,goalkeeper_change|major_lineup_change|returning_player
eng-premier-league:2024-2025:aston-villa:brighton-hove-albion,2024-12-30,2024-2025,M5_team_only,True,0.46950274945411097,0.22697095460011651,0.3035262959458373,D,1.4829332229909082,2.795756452531152,0.0,major_lineup_change|returning_player
eng-premier-league:2024-2025:aston-villa:brighton-hove-albion,2024-12-30,2024-2025,M6_deployable,True,0.47036756618170433,0.21535095347079586,0.3142814803475471,D,1.535486239951555,2.8492150413460204,0.0008648167275933649,major_lineup_change|returning_player
eng-premier-league:2024-2025:aston-villa:brighton-hove-albion,2024-12-30,2024-2025,M6_oracle_diagnostic,False,0.5202656293840772,0.21339381797407866,0.2663405526418911,D,1.5446159097277326,2.858406892322737,0.0507628799299662,major_lineup_change|returning_player
eng-premier-league:2024-2025:ipswich-town:chelsea,2024-12-30,2024-2025,M5_team_only,True,0.16217330509384822,0.1922783018770139,0.6455483930292025,H,1.819089731031522,3.848353039168516,0.0,goalkeeper_change|major_lineup_change|promoted_team|returning_player
eng-premier-league:2024-2025:ipswich-town:chelsea,2024-12-30,2024-2025,M6_deployable,True,0.17930658987237308,0.18973990546841335,0.6309535046592609,H,1.7186581457147412,3.7090892121015115,0.017133284778524854,goalkeeper_change|major_lineup_change|promoted_team|returning_player
eng-premier-league:2024-2025:ipswich-town:chelsea,2024-12-30,2024-2025,M6_oracle_diagnostic,False,0.15386614710912025,0.17988946724157623,0.6662443856493533,H,1.8716722291358865,3.8936678453701803,-0.008307157984727975,goalkeeper_change|major_lineup_change|promoted_team|returning_player
eng-premier-league:2024-2025:manchester-united:newcastle-united,2024-12-30,2024-2025,M5_team_only,True,0.323990823438516,0.23282192111760425,0.4431872554439446,A,0.813762899729791,2.732770502122994,0.0,major_lineup_change|returning_player
eng-premier-league:2024-2025:manchester-united:newcastle-united,2024-12-30,2024-2025,M6_deployable,True,0.3323979452056403,0.22161827073267434,0.4459837840617326,A,0.8074726862290438,2.738720605207449,0.008407121767124326,major_lineup_change|returning_player
eng-premier-league:2024-2025:manchester-united:newcastle-united,2024-12-30,2024-2025,M6_oracle_diagnostic,False,0.30686092166194856,0.22461611386090055,0.4685229644771989,A,0.75817016147785,2.6800359274821504,-0.017129901776567424,major_lineup_change|returning_player
eng-premier-league:2024-2025:brentford:arsenal,2025-01-01,2024-2025,M5_team_only,True,0.18367598298136595,0.20128210808631064,0.6150419089323881,A,0.48606486889184825,2.705010856974748,0.0,major_lineup_change|returning_player
eng-premier-league:2024-2025:brentford:arsenal,2025-01-01,2024-2025,M6_deployable,True,0.20290561210540564,0.19890885938554626,0.5981855285089721,A,0.5138543248058078,2.760384813846271,0.019229629124039693,major_lineup_change|returning_player
eng-premier-league:2024-2025:brentford:arsenal,2025-01-01,2024-2025,M6_oracle_diagnostic,False,0.2038061813481864,0.20248658578873743,0.593707232863001,A,0.5213689550898033,2.757374168860066,0.02013019836682045,major_lineup_change|returning_player
eng-premier-league:2024-2025:aston-villa:leicester-city,2025-01-04,2024-2025,M5_team_only,True,0.6600107619375696,0.17273407314680755,0.1672551649157043,H,0.4154991381285921,2.436792084632877,0.0,promoted_team
eng-premier-league:2024-2025:aston-villa:leicester-city,2025-01-04,2024-2025,M6_deployable,True,0.6459068689518928,0.1694864381047204,0.18460669294335486,H,0.43709995130155427,2.4876795966883765,-0.014103892985676825,promoted_team
eng-premier-league:2024-2025:aston-villa:leicester-city,2025-01-04,2024-2025,M6_oracle_diagnostic,False,0.6924072648679876,0.15629971984516475,0.151293015286815,H,0.3675809634358955,2.5039494770303725,0.03239650293041807,promoted_team
eng-premier-league:2024-2025:bournemouth:everton,2025-01-04,2024-2025,M5_team_only,True,0.4911515945769958,0.25288746317474475,0.2559609422483411,H,0.7110024522473781,2.134959039482132,0.0,goalkeeper_change
eng-premier-league:2024-2025:bournemouth:everton,2025-01-04,2024-2025,M6_deployable,True,0.4902981271214767,0.24406054138160108,0.26564133149689007,H,0.7127416501946219,2.171287287269063,-0.0008534674555191191,goalkeeper_change
eng-premier-league:2024-2025:bournemouth:everton,2025-01-04,2024-2025,M6_oracle_diagnostic,False,0.48797418373916934,0.248570682950901,0.263455133309898,H,0.7174927767021926,2.155715110597078,-0.0031774108378264665,goalkeeper_change
eng-premier-league:2024-2025:brighton-hove-albion:arsenal,2025-01-04,2024-2025,M5_team_only,True,0.1853832269510493,0.20931168294041813,0.6053050901086142,D,1.5639308319746905,2.329879004454094,0.0,
eng-premier-league:2024-2025:brighton-hove-albion:arsenal,2025-01-04,2024-2025,M6_deployable,True,0.19261627065068843,0.20101016887995,0.6063735604693294,D,1.604399780760228,2.3699608023582712,0.007233043699639119,
eng-premier-league:2024-2025:brighton-hove-albion:arsenal,2025-01-04,2024-2025,M6_oracle_diagnostic,False,0.19110683661157385,0.2043642912830671,0.6045288721053276,D,1.587851136095131,2.3534522917899836,0.005723609660524542,
eng-premier-league:2024-2025:crystal-palace:chelsea,2025-01-04,2024-2025,M5_team_only,True,0.31393433729876025,0.23141877255104745,0.45464689015027376,D,1.463526341536226,2.257209727434402,0.0,goalkeeper_change|major_lineup_change
eng-premier-league:2024-2025:crystal-palace:chelsea,2025-01-04,2024-2025,M6_deployable,True,0.33160732886075933,0.22054495731866441,0.447847713820544,D,1.5116537168110782,2.304536957519381,0.017672991561999085,goalkeeper_change|major_lineup_change
eng-premier-league:2024-2025:crystal-palace:chelsea,2025-01-04,2024-2025,M6_oracle_diagnostic,False,0.28266820339624565,0.22002285744078873,0.4973089391629337,D,1.514023840568612,2.3069818640625654,-0.03126613390251459,goalkeeper_change|major_lineup_change
eng-premier-league:2024-2025:manchester-city:west-ham-united,2025-01-04,2024-2025,M5_team_only,True,0.7035539563752465,0.16516275724276275,0.13128328638207226,H,0.3516107083179493,3.032395027842749,0.0,major_lineup_change
eng-premier-league:2024-2025:manchester-city:west-ham-united,2025-01-04,2024-2025,M6_deployable,True,0.6868657396220949,0.16497476189003876,0.1481594984878342,H,0.375616435811992,3.080407361378377,-0.016688216753151686,major_lineup_change
eng-premier-league:2024-2025:manchester-city:west-ham-united,2025-01-04,2024-2025,M6_oracle_diagnostic,False,0.6874081071698507,0.16690397682370403,0.14568791600641195,H,0.3748271206734108,3.0759089280670207,-0.016145849205395857,major_lineup_change
eng-premier-league:2024-2025:southampton:brentford,2025-01-04,2024-2025,M5_team_only,True,0.18354645434563693,0.21912813403694267,0.5973254116175019,A,0.5152932360043666,4.2883291276685505,0.0,promoted_team
eng-premier-league:2024-2025:southampton:brentford,2025-01-04,2024-2025,M6_deployable,True,0.19301263181978012,0.21318778978522718,0.5937995783949608,A,0.5212134266645843,4.122277488406651,0.00946617747414319,promoted_team
eng-premier-league:2024-2025:southampton:brentford,2025-01-04,2024-2025,M6_oracle_diagnostic,False,0.1786819127201125,0.21074528609776225,0.6105728011820941,A,0.49335774408539096,4.09775128225348,-0.004864541625524438,promoted_team
eng-premier-league:2024-2025:tottenham-hotspur:newcastle-united,2025-01-04,2024-2025,M5_team_only,True,0.41434282928370636,0.21739229895217577,0.3682648717641995,A,0.998952839487572,2.582358095375942,0.0,goalkeeper_change|major_lineup_change
eng-premier-league:2024-2025:tottenham-hotspur:newcastle-united,2025-01-04,2024-2025,M6_deployable,True,0.40949572021519387,0.20574377443063227,0.3847605053541417,A,0.9551342022716649,2.607435527584476,-0.00484710906851249,goalkeeper_change|major_lineup_change
eng-premier-league:2024-2025:tottenham-hotspur:newcastle-united,2025-01-04,2024-2025,M6_oracle_diagnostic,False,0.3761324343329659,0.20849139990668877,0.41537616576031344,A,0.8785707457863373,2.5566661023117234,-0.03821039495074047,goalkeeper_change|major_lineup_change
eng-premier-league:2024-2025:fulham:ipswich-town,2025-01-05,2024-2025,M5_team_only,True,0.5795347784377278,0.22490690032597938,0.19555832123629346,D,1.4920687387357443,3.1420357510663908,0.0,promoted_team
eng-premier-league:2024-2025:fulham:ipswich-town,2025-01-05,2024-2025,M6_deployable,True,0.5682911961274935,0.22050661530307475,0.21120218856935352,D,1.51182758317078,3.1622103972819318,-0.011243582310234368,promoted_team
eng-premier-league:2024-2025:fulham:ipswich-town,2025-01-05,2024-2025,M6_oracle_diagnostic,False,0.5927399578427294,0.21589927287848779,0.19136076927870427,D,1.5329433093295395,3.1828231121128283,0.013205179405001544,promoted_team
eng-premier-league:2024-2025:liverpool:manchester-united,2025-01-05,2024-2025,M5_team_only,True,0.6854301048463287,0.17752403346113685,0.13704586169253505,D,1.7286492794513368,3.15056209709667,0.0,
eng-premier-league:2024-2025:liverpool:manchester-united,2025-01-05,2024-2025,M6_deployable,True,0.6799524193302631,0.1728380795406424,0.14720950112901632,D,1.7554000791775286,3.178400540513069,-0.005477685516065645,
eng-premier-league:2024-2025:liverpool:manchester-united,2025-01-05,2024-2025,M6_oracle_diagnostic,False,0.6952520660724489,0.17076133677910685,0.1339865971483671,D,1.7674883887140995,3.1904632544993174,0.009821961226120224,
eng-premier-league:2024-2025:wolverhampton-wanderers:nottingham-forest,2025-01-06,2024-2025,M5_team_only,True,0.3551483493949362,0.23905528259291947,0.40579636801214103,A,0.9019038018223413,3.43077233903591,0.0,major_lineup_change
eng-premier-league:2024-2025:wolverhampton-wanderers:nottingham-forest,2025-01-06,2024-2025,M6_deployable,True,0.3475617845228672,0.22687234538557077,0.4255658700915458,A,0.8543355366243639,3.296784348589135,-0.007586564872069046,major_lineup_change
eng-premier-league:2024-2025:wolverhampton-wanderers:nottingham-forest,2025-01-06,2024-2025,M6_oracle_diagnostic,False,0.3260539900171879,0.23013785688877075,0.4438081530940246,A,0.8123628975527403,3.2472640676880395,-0.029094359377748347,major_lineup_change
eng-premier-league:2024-2025:brentford:manchester-city,2025-01-14,2024-2025,M5_team_only,True,0.25513999667927634,0.2141188770424289,0.5307411262782246,D,1.5412239179951397,2.820989382790342,0.0,returning_player
eng-premier-league:2024-2025:brentford:manchester-city,2025-01-14,2024-2025,M6_deployable,True,0.2716047944256433,0.20636774713609277,0.5220274584382456,D,1.5780955214607204,2.862541844412809,0.016464797746366944,returning_player
eng-premier-league:2024-2025:brentford:manchester-city,2025-01-14,2024-2025,M6_oracle_diagnostic,False,0.2800728166321175,0.2132196040928265,0.5067075792750375,D,1.5454326392628333,2.8295109514720203,0.02493281995284119,returning_player
eng-premier-league:2024-2025:chelsea:bournemouth,2025-01-14,2024-2025,M5_team_only,True,0.5263178366421954,0.21789145232066479,0.2557907110370696,D,1.5237582653334985,2.837185523409311,0.0,
eng-premier-league:2024-2025:chelsea:bournemouth,2025-01-14,2024-2025,M6_deployable,True,0.5203086155959452,0.20756296639984095,0.27212841800419585,D,1.5723205328144367,2.889066326477548,-0.006009221046250235,
eng-premier-league:2024-2025:chelsea:bournemouth,2025-01-14,2024-2025,M6_oracle_diagnostic,False,0.53038375896773,0.21087568066510767,0.258740560367145,D,1.5564865103080183,2.8729185840797626,0.004065922325534599,
eng-premier-league:2024-2025:nottingham-forest:liverpool,2025-01-14,2024-2025,M5_team_only,True,0.23275756303851008,0.22154642706026798,0.5456960099011517,D,1.5071231084796888,2.282593310020896,0.0,returning_player
eng-premier-league:2024-2025:nottingham-forest:liverpool,2025-01-14,2024-2025,M6_deployable,True,0.2558959455618607,0.216558895494266,0.5275451589438555,D,1.5298927339187522,2.3046987830744583,0.023138382523350598,returning_player
eng-premier-league:2024-2025:nottingham-forest:liverpool,2025-01-14,2024-2025,M6_oracle_diagnostic,False,0.26294397197297514,0.22623162096903793,0.5108244070579688,D,1.486195932987724,2.261127501716618,0.03018640893446506,returning_player
eng-premier-league:2024-2025:west-ham-united:fulham,2025-01-14,2024-2025,M5_team_only,True,0.33425069637317195,0.23211774014001757,0.43363156348674037,H,1.095863979612062,3.510205548512977,0.0,goalkeeper_change|major_lineup_change|returning_player
eng-premier-league:2024-2025:west-ham-united:fulham,2025-01-14,2024-2025,M6_deployable,True,0.32857796218547125,0.22077098764350744,0.4506510501710034,H,1.1129811414056077,3.564322377369334,-0.005672734187700701,goalkeeper_change|major_lineup_change|returning_player
eng-premier-league:2024-2025:west-ham-united:fulham,2025-01-14,2024-2025,M6_oracle_diagnostic,False,0.30659847135671997,0.2228690312198869,0.47053249742337494,H,1.1822162983470677,3.5919377727001844,-0.02765222501645198,goalkeeper_change|major_lineup_change|returning_player
eng-premier-league:2024-2025:arsenal:tottenham-hotspur,2025-01-15,2024-2025,M5_team_only,True,0.627760532646396,0.19265812703448418,0.17958134031905193,H,0.46559650267596564,2.3651197306296843,0.0,goalkeeper_change|major_lineup_change|newcomer_or_transfer|returning_player
eng-premier-league:2024-2025:arsenal:tottenham-hotspur,2025-01-15,2024-2025,M6_deployable,True,0.6236340063695762,0.18545145300441718,0.19091454062592111,H,0.4721916109415778,2.422203460395512,-0.004126526276819753,goalkeeper_change|major_lineup_change|newcomer_or_transfer|returning_player
eng-premier-league:2024-2025:arsenal:tottenham-hotspur,2025-01-15,2024-2025,M6_oracle_diagnostic,False,0.6324508874125073,0.18570321105249757,0.18184590153490895,H,0.4581527097549239,2.4044559489976782,0.004690354766111349,goalkeeper_change|major_lineup_change|newcomer_or_transfer|returning_player
eng-premier-league:2024-2025:everton:aston-villa,2025-01-15,2024-2025,M5_team_only,True,0.33404034786339,0.2540281526242842,0.4119314995122581,A,0.8868982067756506,2.3265359181047542,0.0,
eng-premier-league:2024-2025:everton:aston-villa,2025-01-15,2024-2025,M6_deployable,True,0.35651287442122914,0.24402482858434088,0.399462296994345,A,0.9176358937129457,2.3796295390585764,0.022472526557839156,
eng-premier-league:2024-2025:everton:aston-villa,2025-01-15,2024-2025,M6_oracle_diagnostic,False,0.35966444402275116,0.2488711854549445,0.3914643705222198,A,0.9378607752988025,2.3739343237864774,0.025624096159361176,
eng-premier-league:2024-2025:leicester-city:crystal-palace,2025-01-15,2024-2025,M5_team_only,True,0.2702813910503316,0.22471757619739247,0.5050010327522082,A,0.6831948046549907,2.581192288616871,0.0,promoted_team
eng-premier-league:2024-2025:leicester-city:crystal-palace,2025-01-15,2024-2025,M6_deployable,True,0.276098946872309,0.2153574264487575,0.5085436266788482,A,0.6762042723283638,2.588642924519623,0.005817555821977405,promoted_team
eng-premier-league:2024-2025:leicester-city:crystal-palace,2025-01-15,2024-2025,M6_oracle_diagnostic,False,0.27766252031859173,0.22122739659222898,0.5011100830890944,A,0.6909294753089141,2.5921949929633454,0.007381129268260123,promoted_team
eng-premier-league:2024-2025:newcastle-united:wolverhampton-wanderers,2025-01-15,2024-2025,M5_team_only,True,0.6554289799266096,0.17738307925862143,0.16718794081470115,H,0.4224653265350556,2.711175524088395,0.0,newcomer_or_transfer
eng-premier-league:2024-2025:newcastle-united:wolverhampton-wanderers,2025-01-15,2024-2025,M6_deployable,True,0.6487963122884519,0.17187272898363565,0.17933095872782678,H,0.4326364600928149,2.7241169015731366,-0.00663266763815773,newcomer_or_transfer
eng-premier-league:2024-2025:newcastle-united:wolverhampton-wanderers,2025-01-15,2024-2025,M6_oracle_diagnostic,False,0.6808797317472556,0.16404204414517246,0.15507822410748703,H,0.3843695937929833,2.6522407610245704,0.025450751820645934,newcomer_or_transfer
eng-premier-league:2024-2025:ipswich-town:brighton-hove-albion,2025-01-16,2024-2025,M5_team_only,True,0.2916430397439953,0.24628252255601488,0.4620744377000778,A,0.7720292803159832,2.536917431626981,0.0,promoted_team
eng-premier-league:2024-2025:ipswich-town:brighton-hove-albion,2025-01-16,2024-2025,M6_deployable,True,0.3185465620067313,0.23827873220347603,0.4431747057897264,A,0.8137912169518017,2.593497767819053,0.026903522262736013,promoted_team
eng-premier-league:2024-2025:ipswich-town:brighton-hove-albion,2025-01-16,2024-2025,M6_oracle_diagnostic,False,0.31998387314978466,0.24253134182264227,0.4374847850275072,A,0.8267133508691882,2.603349503916405,0.028340833405789356,promoted_team
eng-premier-league:2024-2025:manchester-united:southampton,2025-01-16,2024-2025,M5_team_only,True,0.7128788057696562,0.1810674504132711,0.10605374381716062,H,0.33844385089838874,2.782270392768339,0.0,promoted_team
eng-premier-league:2024-2025:manchester-united:southampton,2025-01-16,2024-2025,M6_deployable,True,0.7067612393493734,0.178926708324616,0.11431205232594432,H,0.347062379670545,2.8232106546858096,-0.006117566420282827,promoted_team
eng-premier-league:2024-2025:manchester-united:southampton,2025-01-16,2024-2025,M6_oracle_diagnostic,False,0.7210080339050245,0.17392170139104787,0.10507026470386217,H,0.3271049990338522,2.801257313724795,0.008129228135368316,promoted_team
eng-premier-league:2024-2025:arsenal:aston-villa,2025-01-18,2024-2025,M5_team_only,True,0.6712792488099707,0.18216744559526923,0.1465533055948173,D,1.7028289841309787,3.106079238799908,0.0,
eng-premier-league:2024-2025:arsenal:aston-villa,2025-01-18,2024-2025,M6_deployable,True,0.6596469292212418,0.1793676537717197,0.1609854170070229,D,1.7183176478896607,3.125424018272728,-0.011632319588728901,
eng-premier-league:2024-2025:arsenal:aston-villa,2025-01-18,2024-2025,M6_oracle_diagnostic,False,0.6426612675865667,0.18737856322173,0.16996016919168802,D,1.674624306213276,3.0811448188593356,-0.028617981223403977,
eng-premier-league:2024-2025:brentford:liverpool,2025-01-18,2024-2025,M5_team_only,True,0.2218323723261507,0.2015450703221669,0.5766225573517396,A,0.5505673732254341,2.575944976417144,0.0,
eng-premier-league:2024-2025:brentford:liverpool,2025-01-18,2024-2025,M6_deployable,True,0.23493628461527927,0.1951827273493242,0.5698809880353812,A,0.5623277328742013,2.610262398602927,0.013103912289128578,
eng-premier-league:2024-2025:brentford:liverpool,2025-01-18,2024-2025,M6_oracle_diagnostic,False,0.23468679081105426,0.20115887445469335,0.5641543347342363,A,0.572427421771726,2.602190334038193,0.012854418484903568,
eng-premier-league:2024-2025:leicester-city:fulham,2025-01-18,2024-2025,M5_team_only,True,0.24658085039249292,0.21476507177945875,0.5386540778281056,A,0.6186816992109132,2.559900744555045,0.0,promoted_team|returning_player
eng-premier-league:2024-2025:leicester-city:fulham,2025-01-18,2024-2025,M6_deployable,True,0.24914088671588253,0.2053024770262673,0.5455566362578348,A,0.6059486546110774,2.5665281856415634,0.0025600363233896084,promoted_team|returning_player
eng-premier-league:2024-2025:leicester-city:fulham,2025-01-18,2024-2025,M6_oracle_diagnostic,False,0.22325069809365716,0.20204296068830677,0.5747063412180202,A,0.5538960795672125,2.5107928049512416,-0.023330152298835755,promoted_team|returning_player
eng-premier-league:2024-2025:newcastle-united:bournemouth,2025-01-18,2024-2025,M5_team_only,True,0.5424064677231862,0.21591003784952298,0.2416834944273479,A,1.4201262831066113,4.802388814136491,0.0,goalkeeper_change|returning_player
eng-premier-league:2024-2025:newcastle-united:bournemouth,2025-01-18,2024-2025,M6_deployable,True,0.5372902365904204,0.20663017631410235,0.25607958709546186,A,1.3622669957263052,4.6237724593870135,-0.005116231132765825,goalkeeper_change|returning_player
eng-premier-league:2024-2025:newcastle-united:bournemouth,2025-01-18,2024-2025,M6_oracle_diagnostic,False,0.5454622801877519,0.21073663409180726,0.24380108572042591,A,1.4114026086207396,4.749115717171635,0.003055812464565655,goalkeeper_change|returning_player
eng-premier-league:2024-2025:west-ham-united:crystal-palace,2025-01-18,2024-2025,M5_team_only,True,0.350238008619931,0.23813318482049423,0.4116288065596319,A,0.8876332906888127,2.786408524427828,0.0,
eng-premier-league:2024-2025:west-ham-united:crystal-palace,2025-01-18,2024-2025,M6_deployable,True,0.3417554289699653,0.22676243326585635,0.431482137764163,A,0.8405291649952868,2.741955539486401,-0.008482579649965682,
eng-premier-league:2024-2025:west-ham-united:crystal-palace,2025-01-18,2024-2025,M6_oracle_diagnostic,False,0.34291217427003906,0.2319420534573021,0.4251457722726429,A,0.855323175283883,2.7519277298921243,-0.007325834349891924,
eng-premier-league:2024-2025:everton:tottenham-hotspur,2025-01-19,2024-2025,M5_team_only,True,0.27555046463927446,0.24223590081718693,0.48221363454357136,H,1.2889844924294025,3.8702745345396905,0.0,
eng-premier-league:2024-2025:everton:tottenham-hotspur,2025-01-19,2024-2025,M6_deployable,True,0.2997095453204338,0.2341869311808253,0.4661035234986961,H,1.204941455582343,3.853798426420094,0.02415908068115935,
eng-premier-league:2024-2025:everton:tottenham-hotspur,2025-01-19,2024-2025,M6_oracle_diagnostic,False,0.2755836079058679,0.23304415677943024,0.4913722353146579,H,1.2888642194566926,3.901673253451138,3.3143266593427256e-05,
eng-premier-league:2024-2025:ipswich-town:manchester-city,2025-01-19,2024-2025,M5_team_only,True,0.14434612146606615,0.19098266026488517,0.6646712182690815,A,0.4084627692044456,4.788314264866797,0.0,goalkeeper_change|major_lineup_change|promoted_team|returning_player
eng-premier-league:2024-2025:ipswich-town:manchester-city,2025-01-19,2024-2025,M6_deployable,True,0.17017603444027973,0.1950156432588065,0.6348083223008691,A,0.4544321803010291,4.70290186886905,0.02582991297421358,goalkeeper_change|major_lineup_change|promoted_team|returning_player
eng-premier-league:2024-2025:ipswich-town:manchester-city,2025-01-19,2024-2025,M6_oracle_diagnostic,False,0.15916320463533304,0.1929933033867798,0.6478434919778399,A,0.4341061365272119,4.715827412270622,0.014817083169266887,goalkeeper_change|major_lineup_change|promoted_team|returning_player
eng-premier-league:2024-2025:manchester-united:brighton-hove-albion,2025-01-19,2024-2025,M5_team_only,True,0.4099419708261427,0.24562407599471162,0.3444339531791785,A,1.065852924821051,3.342222931106858,0.0,
eng-premier-league:2024-2025:manchester-united:brighton-hove-albion,2025-01-19,2024-2025,M6_deployable,True,0.4218326315715766,0.2337593808719054,0.34440798755647317,A,1.0659283140248208,3.3428717449932353,0.011890660745433879,
eng-premier-league:2024-2025:manchester-united:brighton-hove-albion,2025-01-19,2024-2025,M6_oracle_diagnostic,False,0.38967408895648686,0.23982459575932588,0.37050131528414176,A,0.9928982842276227,3.2592419941842192,-0.020267881869655835,
eng-premier-league:2024-2025:nottingham-forest:southampton,2025-01-19,2024-2025,M5_team_only,True,0.7368314415516247,0.16932740593374607,0.09384115251466217,H,0.30539612183584275,3.8929905901158945,0.0,promoted_team
eng-premier-league:2024-2025:nottingham-forest:southampton,2025-01-19,2024-2025,M6_deployable,True,0.7396978833542769,0.1629842275942996,0.09731788905137859,H,0.3015134418845318,3.952127165720772,0.0028664418026521643,promoted_team
eng-premier-league:2024-2025:nottingham-forest:southampton,2025-01-19,2024-2025,M6_oracle_diagnostic,False,0.7753157177311961,0.14803776880499628,0.07664651346376325,H,0.25448495486689127,3.9699271416694177,0.0384842761795714,promoted_team
eng-premier-league:2024-2025:chelsea:wolverhampton-wanderers,2025-01-20,2024-2025,M5_team_only,True,0.6456782716672034,0.1796163820847042,0.17470534624816628,H,0.43745393073331945,2.6181446185483193,0.0,major_lineup_change|newcomer_or_transfer
eng-premier-league:2024-2025:chelsea:wolverhampton-wanderers,2025-01-20,2024-2025,M6_deployable,True,0.6311222381822519,0.17514461592095715,0.19373314589681795,H,0.46025571383600006,2.6808514761733067,-0.014556033484951492,major_lineup_change|newcomer_or_transfer
eng-premier-league:2024-2025:chelsea:wolverhampton-wanderers,2025-01-20,2024-2025,M6_oracle_diagnostic,False,0.6913226839885541,0.15913107309492486,0.14954624291654797,H,0.36914858304611886,2.615438902266701,0.04564441232135075,major_lineup_change|newcomer_or_transfer
eng-premier-league:2024-2025:bournemouth:nottingham-forest,2025-01-25,2024-2025,M5_team_only,True,0.43625995195082323,0.24369954200033908,0.32004050604884543,H,0.8295169932309774,5.267054690176142,0.0,
eng-premier-league:2024-2025:bournemouth:nottingham-forest,2025-01-25,2024-2025,M6_deployable,True,0.42791616842766655,0.23277645543022407,0.33930737614200723,H,0.848827970744671,5.033731818452999,-0.008343783523156678,
eng-premier-league:2024-2025:bournemouth:nottingham-forest,2025-01-25,2024-2025,M6_oracle_diagnostic,False,0.44614379992219005,0.2381254778777491,0.31573072219996046,H,0.8071139575784648,5.076708333713644,0.009883847971366821,
eng-premier-league:2024-2025:brighton-hove-albion:everton,2025-01-25,2024-2025,M5_team_only,True,0.4828140424178127,0.25291585426684476,0.2642701033153503,A,1.330783580246207,2.52207145417689,0.0,returning_player
eng-premier-league:2024-2025:brighton-hove-albion:everton,2025-01-25,2024-2025,M6_deployable,True,0.4783555943294078,0.24435274607692004,0.27729165959357,A,1.2826854040086577,2.518997293420132,-0.004458448088404954,returning_player
eng-premier-league:2024-2025:brighton-hove-albion:everton,2025-01-25,2024-2025,M6_oracle_diagnostic,False,0.5241416863462063,0.23895386708481012,0.2369044465688831,A,1.440098398179774,2.621588726929938,0.041327643928393554,returning_player
eng-premier-league:2024-2025:liverpool:ipswich-town,2025-01-25,2024-2025,M5_team_only,True,0.8175507264390334,0.1184793101150375,0.06396996344593683,H,0.20144232744584395,2.9475881705096314,0.0,major_lineup_change|promoted_team
eng-premier-league:2024-2025:liverpool:ipswich-town,2025-01-25,2024-2025,M6_deployable,True,0.7972017330724435,0.12518328400080692,0.07761498292664759,H,0.22664751669648328,3.0107656445745277,-0.020348993366589907,major_lineup_change|promoted_team
eng-premier-league:2024-2025:liverpool:ipswich-town,2025-01-25,2024-2025,M6_oracle_diagnostic,False,0.8213473968517929,0.1146667270067452,0.06398587614136085,H,0.19680912035309736,2.961555590788719,0.0037966704127595508,major_lineup_change|promoted_team
eng-premier-league:2024-2025:manchester-city:chelsea,2025-01-25,2024-2025,M5_team_only,True,0.5351701137325617,0.21035951636115274,0.2544703699062933,H,0.6251706130341749,2.7756862004485625,0.0,newcomer_or_transfer
eng-premier-league:2024-2025:manchester-city:chelsea,2025-01-25,2024-2025,M6_deployable,True,0.5143529402963305,0.20377019206775784,0.2818768676358093,H,0.6648455948931384,2.8421551561452216,-0.02081717343623124,newcomer_or_transfer
eng-premier-league:2024-2025:manchester-city:chelsea,2025-01-25,2024-2025,M6_oracle_diagnostic,False,0.48009035804881317,0.2131931074284399,0.3067165345226445,H,0.7337809468612158,2.8944126826104344,-0.055079755683748566,newcomer_or_transfer
eng-premier-league:2024-2025:southampton:newcastle-united,2025-01-25,2024-2025,M5_team_only,True,0.09531990863794966,0.14961622590967988,0.7550638654523782,A,0.28095294330749493,2.6332816361588276,0.0,goalkeeper_change|major_lineup_change|promoted_team
eng-premier-league:2024-2025:southampton:newcastle-united,2025-01-25,2024-2025,M6_deployable,True,0.10216485521180563,0.14681225713225657,0.7510228876558356,A,0.28631915144293196,2.6830055436139086,0.006844946573855967,goalkeeper_change|major_lineup_change|promoted_team
eng-premier-league:2024-2025:southampton:newcastle-united,2025-01-25,2024-2025,M6_oracle_diagnostic,False,0.09129532153347426,0.14115332426841196,0.7675513541980123,A,0.2645498907520442,2.659605045563546,-0.004024587104475397,goalkeeper_change|major_lineup_change|promoted_team
eng-premier-league:2024-2025:wolverhampton-wanderers:arsenal,2025-01-25,2024-2025,M5_team_only,True,0.1336206630042298,0.1725680509661537,0.6938112860296242,A,0.3655552776003788,2.4517735512359518,0.0,returning_player
eng-premier-league:2024-2025:wolverhampton-wanderers:arsenal,2025-01-25,2024-2025,M6_deployable,True,0.15415544570039408,0.17380764175567495,0.6720369125438288,A,0.3974420105868531,2.4881111344295164,0.020534782696164267,returning_player
eng-premier-league:2024-2025:wolverhampton-wanderers:arsenal,2025-01-25,2024-2025,M6_oracle_diagnostic,False,0.14735648071934346,0.17492976796804854,0.6777137513125061,A,0.38903027589570943,2.466446873040099,0.013735817715113646,returning_player
eng-premier-league:2024-2025:aston-villa:west-ham-united,2025-01-26,2024-2025,M5_team_only,True,0.5632302898455563,0.20341855580192203,0.23335115435252612,D,1.5924895713973337,2.433420944522399,0.0,goalkeeper_change|returning_player
eng-premier-league:2024-2025:aston-villa:west-ham-united,2025-01-26,2024-2025,M6_deployable,True,0.5650557846974364,0.19322425374957647,0.24171996155303271,D,1.6439038280767406,2.48307523461112,0.001825494851880105,goalkeeper_change|returning_player
eng-premier-league:2024-2025:aston-villa:west-ham-united,2025-01-26,2024-2025,M6_oracle_diagnostic,False,0.5933587697875555,0.19116565719361223,0.21547557301887774,D,1.6546149116861557,2.4937808833119988,0.030128479941999187,goalkeeper_change|returning_player
eng-premier-league:2024-2025:crystal-palace:brentford,2025-01-26,2024-2025,M5_team_only,True,0.43180037560522094,0.2373901383128577,0.33080948608192595,A,1.1062126400589725,2.5944186760449326,0.0,
eng-premier-league:2024-2025:crystal-palace:brentford,2025-01-26,2024-2025,M6_deployable,True,0.4306884259587068,0.22738135402712006,0.34193022001421874,A,1.0731485977836577,2.612707565620771,-0.001111949646514121,
eng-premier-league:2024-2025:crystal-palace:brentford,2025-01-26,2024-2025,M6_oracle_diagnostic,False,0.40828998042634884,0.23513885084536568,0.35657116872833095,A,1.0312214272750335,2.562705018047188,-0.0235103951788721,
eng-premier-league:2024-2025:fulham:manchester-united,2025-01-26,2024-2025,M5_team_only,True,0.44453475378415863,0.24131409564642692,0.31415115056941906,A,1.1578810376556636,2.619630161201743,0.0,
eng-premier-league:2024-2025:fulham:manchester-united,2025-01-26,2024-2025,M6_deployable,True,0.4649830738172601,0.2292053096279034,0.3058116165548822,A,1.184785998782642,2.672657340708127,0.020448320033101486,
eng-premier-league:2024-2025:fulham:manchester-united,2025-01-26,2024-2025,M6_oracle_diagnostic,False,0.48229110909025774,0.23201104411921947,0.28569784679056986,A,1.252820506383646,2.699769586982688,0.03775635530609911,
eng-premier-league:2024-2025:tottenham-hotspur:leicester-city,2025-01-26,2024-2025,M5_team_only,True,0.727886714207625,0.14899127765452283,0.12312200813785687,A,2.0945794791730834,3.3991635407387566,0.0,promoted_team|returning_player
eng-premier-league:2024-2025:tottenham-hotspur:leicester-city,2025-01-26,2024-2025,M6_deployable,True,0.6975872697123109,0.15307143726938657,0.1493412930183483,A,1.9015210351935803,3.2797894402111716,-0.030299444495314076,promoted_team|returning_player
eng-premier-league:2024-2025:tottenham-hotspur:leicester-city,2025-01-26,2024-2025,M6_oracle_diagnostic,False,0.7178836838408598,0.14770492348566536,0.13441139267352215,A,2.0068500875695126,3.3557547374968064,-0.010003030366765198,promoted_team|returning_player
eng-premier-league:2024-2025:bournemouth:liverpool,2025-02-01,2024-2025,M5_team_only,True,0.2607793221750627,0.2211402384730751,0.5180804393517665,A,0.6576247604547641,2.5815338722459544,0.0,
eng-premier-league:2024-2025:bournemouth:liverpool,2025-02-01,2024-2025,M6_deployable,True,0.280063935416876,0.21334621882109428,0.5065898457620338,A,0.6800535855119424,2.6228113768157417,0.019284613241813298,
eng-premier-league:2024-2025:bournemouth:liverpool,2025-02-01,2024-2025,M6_oracle_diagnostic,False,0.32365503620972425,0.2273080462942484,0.44903691749603064,A,0.8006501730251697,2.7303267754801284,0.06287571403466152,
eng-premier-league:2024-2025:everton:leicester-city,2025-02-01,2024-2025,M5_team_only,True,0.5298114619994756,0.23882968080446387,0.2313588571959651,H,0.6352340678000952,3.722267465376282,0.0,goalkeeper_change|promoted_team
eng-premier-league:2024-2025:everton:leicester-city,2025-02-01,2024-2025,M6_deployable,True,0.5348844290906908,0.22976221149739579,0.23535335941191726,H,0.6257045758131281,3.5914659866488514,0.005072967091215186,goalkeeper_change|promoted_team
eng-premier-league:2024-2025:everton:leicester-city,2025-02-01,2024-2025,M6_oracle_diagnostic,False,0.527973775158041,0.23432083178279853,0.23770539305916435,H,0.6387086647706705,3.661569476117682,-0.0018376868414345937,goalkeeper_change|promoted_team
eng-premier-league:2024-2025:ipswich-town:southampton,2025-02-01,2024-2025,M5_team_only,True,0.5185092526810697,0.24659558711080024,0.2348951602080346,A,1.4486159911564556,2.9015618052911587,0.0,goalkeeper_change|major_lineup_change|promoted_team
eng-premier-league:2024-2025:ipswich-town:southampton,2025-02-01,2024-2025,M6_deployable,True,0.5201907488574602,0.2382914440994236,0.24151780704312026,A,1.4208120734396137,2.9100608510415897,0.0016814961763904623,goalkeeper_change|major_lineup_change|promoted_team
eng-premier-league:2024-2025:ipswich-town:southampton,2025-02-01,2024-2025,M6_oracle_diagnostic,False,0.5594237987878763,0.23039647749272477,0.2101797237194027,A,1.5597922870407324,3.0092116351235947,0.04091454610680656,goalkeeper_change|major_lineup_change|promoted_team
eng-premier-league:2024-2025:newcastle-united:fulham,2025-02-01,2024-2025,M5_team_only,True,0.5376290930544657,0.21600233554754383,0.2463685713978949,A,1.4009266066030186,2.8036691160552287,0.0,
eng-premier-league:2024-2025:newcastle-united:fulham,2025-02-01,2024-2025,M6_deployable,True,0.5156959277847271,0.21109151536297271,0.2732125568523044,A,1.2975051902176271,2.767261773047938,-0.021933165269738653,
eng-premier-league:2024-2025:newcastle-united:fulham,2025-02-01,2024-2025,M6_oracle_diagnostic,False,0.5174371588308082,0.21628753690844993,0.26627530426074536,A,1.3232245269974892,2.7627207797326743,-0.020191934223657504,
eng-premier-league:2024-2025:nottingham-forest:brighton-hove-albion,2025-02-01,2024-2025,M5_team_only,True,0.40583240407638055,0.24608206876327005,0.3480855271602538,H,0.9018150024463151,8.179449884791515,0.0,returning_player
eng-premier-league:2024-2025:nottingham-forest:brighton-hove-albion,2025-02-01,2024-2025,M6_deployable,True,0.41764250878608644,0.23412139480161936,0.34823609641229814,H,0.8731294545241407,7.441293352336408,0.011810104709705893,returning_player
eng-premier-league:2024-2025:nottingham-forest:brighton-hove-albion,2025-02-01,2024-2025,M6_oracle_diagnostic,False,0.4077578159450565,0.23970754751603873,0.3525346365389085,H,0.8970818691912589,7.81082098621853,0.0019254118686759525,returning_player
eng-premier-league:2024-2025:wolverhampton-wanderers:aston-villa,2025-02-01,2024-2025,M5_team_only,True,0.3065372288590709,0.22260809672628473,0.4708546744145486,H,1.1824160665152927,3.2239818570200263,0.0,
eng-premier-league:2024-2025:wolverhampton-wanderers:aston-villa,2025-02-01,2024-2025,M6_deployable,True,0.3171283742377858,0.21110555981167684,0.4717660659505412,H,1.1484486210316787,3.1855863994172835,0.010591145378714861,
eng-premier-league:2024-2025:wolverhampton-wanderers:aston-villa,2025-02-01,2024-2025,M6_oracle_diagnostic,False,0.31380057506641024,0.21524072982267542,0.47095869511091865,H,1.1589976060959413,3.195738162568811,0.007263346207339316,
eng-premier-league:2024-2025:arsenal:manchester-city,2025-02-02,2024-2025,M5_team_only,True,0.4664347999875825,0.23805895865188995,0.2955062413605192,H,0.7626370326907873,4.864781065138561,0.0,goalkeeper_change|returning_player
eng-premier-league:2024-2025:arsenal:manchester-city,2025-02-02,2024-2025,M6_deployable,True,0.4516359797654844,0.2290685500281645,0.31929547020633775,H,0.7948787781232045,4.806991508503185,-0.014798820222098108,goalkeeper_change|returning_player
eng-premier-league:2024-2025:arsenal:manchester-city,2025-02-02,2024-2025,M6_oracle_diagnostic,False,0.4881407528713806,0.22894451126068593,0.28291473586792126,H,0.7171514867012292,4.6835968576054015,0.021705952883798063,goalkeeper_change|returning_player
eng-premier-league:2024-2025:brentford:tottenham-hotspur,2025-02-02,2024-2025,M5_team_only,True,0.3848088872296816,0.2182380547961441,0.39695305797416586,A,0.9239372471647441,3.0427393402152854,0.0,goalkeeper_change|returning_player
eng-premier-league:2024-2025:brentford:tottenham-hotspur,2025-02-02,2024-2025,M6_deployable,True,0.42909828204274286,0.20498402858859902,0.36591768936864455,A,1.005346863308264,3.1381842333691328,0.04428939481306127,goalkeeper_change|returning_player
eng-premier-league:2024-2025:brentford:tottenham-hotspur,2025-02-02,2024-2025,M6_oracle_diagnostic,False,0.45234120184106064,0.2065271253305704,0.3411316728283555,A,1.0754867389038962,3.2084112690043893,0.06753231461137904,goalkeeper_change|returning_player
eng-premier-league:2024-2025:manchester-united:crystal-palace,2025-02-02,2024-2025,M5_team_only,True,0.4057309695458446,0.2526539957353555,0.34161503471879145,A,1.074070805393418,2.8947643158929384,0.0,
eng-premier-league:2024-2025:manchester-united:crystal-palace,2025-02-02,2024-2025,M6_deployable,True,0.39874393474059,0.2427777720673333,0.35847829319206337,A,1.0258871697517387,2.837030480874043,-0.006987034805254588,
eng-premier-league:2024-2025:manchester-united:crystal-palace,2025-02-02,2024-2025,M6_oracle_diagnostic,False,0.4270166541767342,0.24647429668811646,0.3265090491351357,A,1.1192976150750327,2.945578431312454,0.02128568463088959,
eng-premier-league:2024-2025:chelsea:west-ham-united,2025-02-03,2024-2025,M5_team_only,True,0.637979686913557,0.18179764717584618,0.1802226659105736,H,0.44944883483769343,2.4008932975639232,0.0,goalkeeper_change|returning_player
eng-premier-league:2024-2025:chelsea:west-ham-united,2025-02-03,2024-2025,M6_deployable,True,0.640435772087713,0.1720666050278457,0.18749762288436742,H,0.44560644044443987,2.466596615467954,0.002456085174155964,goalkeeper_change|returning_player
eng-premier-league:2024-2025:chelsea:west-ham-united,2025-02-03,2024-2025,M6_oracle_diagnostic,False,0.6640664110750638,0.16873607613652047,0.16719751278834347,H,0.40937311782772484,2.4479919712581366,0.026086724161506814,goalkeeper_change|returning_player
eng-premier-league:2024-2025:everton:liverpool,2025-02-12,2024-2025,M5_team_only,True,0.1814592401513654,0.21870933756246025,0.5998314222861671,D,1.520011656452004,3.1396066223727903,0.0,
eng-premier-league:2024-2025:everton:liverpool,2025-02-12,2024-2025,M6_deployable,True,0.19610946278670618,0.21502072350507828,0.5888698137082158,D,1.5370208671038244,3.1589629940237893,0.014650222635340798,
eng-premier-league:2024-2025:everton:liverpool,2025-02-12,2024-2025,M6_oracle_diagnostic,False,0.19037623593577666,0.21798803940196926,0.5916357246622547,D,1.5233150828267756,3.1448836731098857,0.008916995784411269,
eng-premier-league:2024-2025:brighton-hove-albion:chelsea,2025-02-14,2024-2025,M5_team_only,True,0.3050483871185057,0.22244019213204205,0.47251142074936586,H,1.1872848686675348,3.9353096764841413,0.0,major_lineup_change
eng-premier-league:2024-2025:brighton-hove-albion:chelsea,2025-02-14,2024-2025,M6_deployable,True,0.31214950461660285,0.21039462907901588,0.4774558663044045,H,1.1642730244799588,3.82512866098447,0.007101117498097165,major_lineup_change
eng-premier-league:2024-2025:brighton-hove-albion:chelsea,2025-02-14,2024-2025,M6_oracle_diagnostic,False,0.28749647477216966,0.21045003369747087,0.5020534915303819,H,1.2465446804819253,3.9735529565992946,-0.01755191234633602,major_lineup_change
eng-premier-league:2024-2025:aston-villa:ipswich-town,2025-02-15,2024-2025,M5_team_only,True,0.6604267162465072,0.1870648647625462,0.15250841899092926,D,1.676299851885228,2.454971625537747,0.0,goalkeeper_change|major_lineup_change|newcomer_or_transfer|promoted_team|returning_player
eng-premier-league:2024-2025:aston-villa:ipswich-town,2025-02-15,2024-2025,M6_deployable,True,0.6363345019621782,0.1880331869123599,0.1756323111255145,D,1.6711368056015177,2.4492673031030257,-0.02409221428432895,goalkeeper_change|major_lineup_change|newcomer_or_transfer|promoted_team|returning_player
eng-premier-league:2024-2025:aston-villa:ipswich-town,2025-02-15,2024-2025,M6_oracle_diagnostic,False,0.661006758680373,0.18022502926741085,0.15876821205227065,D,1.7135490462977732,2.4916819065994744,0.0005800424338657795,goalkeeper_change|major_lineup_change|newcomer_or_transfer|promoted_team|returning_player
eng-premier-league:2024-2025:crystal-palace:everton,2025-02-15,2024-2025,M5_team_only,True,0.44713788509177255,0.26448775010355063,0.2883743648046594,A,1.2434957651619607,2.7239029839372084,0.0,
eng-premier-league:2024-2025:crystal-palace:everton,2025-02-15,2024-2025,M6_deployable,True,0.4377162572155522,0.2568011277197217,0.30548261506477886,A,1.185862408487992,2.7136242015336918,-0.009421627876220362,
eng-premier-league:2024-2025:crystal-palace:everton,2025-02-15,2024-2025,M6_oracle_diagnostic,False,0.4424649424617002,0.25931676105357016,0.29821829648478204,A,1.2099295221125936,2.7198826958615365,-0.004672942630072341,
eng-premier-league:2024-2025:fulham:nottingham-forest,2025-02-15,2024-2025,M5_team_only,True,0.3991236998848433,0.243238658470231,0.35763764164490824,H,0.91848388536598,2.4824905460618676,0.0,
eng-premier-league:2024-2025:fulham:nottingham-forest,2025-02-15,2024-2025,M6_deployable,True,0.4076185086014956,0.23262054240240038,0.35976094899615685,H,0.8974235699267905,2.51205989162611,0.008494808716652313,
eng-premier-league:2024-2025:fulham:nottingham-forest,2025-02-15,2024-2025,M6_oracle_diagnostic,False,0.3793459080173563,0.23880021661462433,0.38185387536807086,H,0.9693068040827603,2.529076837357514,-0.019777791867487016,
eng-premier-league:2024-2025:leicester-city:arsenal,2025-02-15,2024-2025,M5_team_only,True,0.07811197177542799,0.12864777880546135,0.7932402494190933,A,0.23162914053375042,2.234484059501838,0.0,promoted_team
eng-premier-league:2024-2025:leicester-city:arsenal,2025-02-15,2024-2025,M6_deployable,True,0.09141849525273901,0.1329926243190689,0.7755888804282447,A,0.2541326924515274,2.2793907412542764,0.013306523477311025,promoted_team
eng-premier-league:2024-2025:leicester-city:arsenal,2025-02-15,2024-2025,M6_oracle_diagnostic,False,0.08786346905471218,0.13249333306579492,0.779643197879544,A,0.24891890257142993,2.2636367785599503,0.00975149727928419,promoted_team
eng-premier-league:2024-2025:manchester-city:newcastle-united,2025-02-15,2024-2025,M5_team_only,True,0.5313532261976466,0.20981956868501014,0.258827205117326,H,0.6323282694821449,3.6818850892609536,0.0,goalkeeper_change|major_lineup_change|newcomer_or_transfer|returning_player
eng-premier-league:2024-2025:manchester-city:newcastle-united,2025-02-15,2024-2025,M6_deployable,True,0.52572453300192,0.2013629359576051,0.27291253104052726,H,0.6429779049412253,3.6024802866861414,-0.005628693195726564,goalkeeper_change|major_lineup_change|newcomer_or_transfer|returning_player
eng-premier-league:2024-2025:manchester-city:newcastle-united,2025-02-15,2024-2025,M6_oracle_diagnostic,False,0.45949248284366573,0.21253978856897196,0.32796772858741424,H,0.7776326967464021,3.9198451729574613,-0.07186074335398085,goalkeeper_change|major_lineup_change|newcomer_or_transfer|returning_player
eng-premier-league:2024-2025:southampton:bournemouth,2025-02-15,2024-2025,M5_team_only,True,0.1331720975653494,0.18344987657347486,0.6833780258611581,A,0.38070709395726576,2.6979564263649065,0.0,promoted_team|returning_player
eng-premier-league:2024-2025:southampton:bournemouth,2025-02-15,2024-2025,M6_deployable,True,0.14278630891878197,0.1783840964836646,0.6788295945976062,A,0.38738514816701825,2.7445688496593683,0.009614211353432572,promoted_team|returning_player
eng-premier-league:2024-2025:southampton:bournemouth,2025-02-15,2024-2025,M6_oracle_diagnostic,False,0.10184021795074878,0.15397132559632115,0.7441884564529816,A,0.29546097454038533,2.682524654540421,-0.03133187961460061,promoted_team|returning_player
eng-premier-league:2024-2025:west-ham-united:brentford,2025-02-15,2024-2025,M5_team_only,True,0.3520390156546231,0.22514030344770636,0.4228206808976532,A,0.8608071120440594,2.7333532672812284,0.0,goalkeeper_change|newcomer_or_transfer
eng-premier-league:2024-2025:west-ham-united:brentford,2025-02-15,2024-2025,M6_deployable,True,0.3474885313012335,0.2127607512830002,0.43975071741581906,A,0.8215472639483606,2.7572859206373677,-0.004550484353389561,goalkeeper_change|newcomer_or_transfer
eng-premier-league:2024-2025:west-ham-united:brentford,2025-02-15,2024-2025,M6_oracle_diagnostic,False,0.34240473128307036,0.22052152210512868,0.437073746611853,A,0.8276533415754688,2.727247218374528,-0.009634284371552726,goalkeeper_change|newcomer_or_transfer
eng-premier-league:2024-2025:liverpool:wolverhampton-wanderers,2025-02-16,2024-2025,M5_team_only,True,0.7561806733582429,0.1423508298083925,0.10146849683341437,H,0.27947494543158913,2.4686858159249447,0.0,newcomer_or_transfer
eng-premier-league:2024-2025:liverpool:wolverhampton-wanderers,2025-02-16,2024-2025,M6_deployable,True,0.7465579928801815,0.14115206391997792,0.11228994319988948,H,0.29228197864365574,2.5145278436833536,-0.009622680478061363,newcomer_or_transfer
eng-premier-league:2024-2025:liverpool:wolverhampton-wanderers,2025-02-16,2024-2025,M6_oracle_diagnostic,False,0.7351874138993962,0.1492829959764361,0.1155295901242168,H,0.30762982737528644,2.463335527339061,-0.02099325945884667,newcomer_or_transfer
eng-premier-league:2024-2025:tottenham-hotspur:manchester-united,2025-02-16,2024-2025,M5_team_only,True,0.5229772267577399,0.2185643101479859,0.2584584630943239,H,0.6482173593495041,2.5432431839106746,0.0,goalkeeper_change|major_lineup_change|newcomer_or_transfer|returning_player
eng-premier-league:2024-2025:tottenham-hotspur:manchester-united,2025-02-16,2024-2025,M6_deployable,True,0.5047810879186211,0.21038233519735905,0.28483657688406866,H,0.6836304329604697,2.607234698441812,-0.01819613883911886,goalkeeper_change|major_lineup_change|newcomer_or_transfer|returning_player
eng-premier-league:2024-2025:tottenham-hotspur:manchester-united,2025-02-16,2024-2025,M6_oracle_diagnostic,False,0.5267434114737577,0.2099508378970181,0.2633057506292723,H,0.6410417342569215,2.5797269724072303,0.003766184716017751,goalkeeper_change|major_lineup_change|newcomer_or_transfer|returning_player
eng-premier-league:2024-2025:aston-villa:liverpool,2025-02-19,2024-2025,M5_team_only,True,0.22167715110159986,0.20683761879029178,0.5714852301081956,D,1.5758212438473427,2.875053185086332,0.0,
eng-premier-league:2024-2025:aston-villa:liverpool,2025-02-19,2024-2025,M6_deployable,True,0.21775596711361409,0.19372066643661948,0.5885233664498728,D,1.6413380212474744,2.941830874936236,-0.003921183987985771,
eng-premier-league:2024-2025:aston-villa:liverpool,2025-02-19,2024-2025,M6_oracle_diagnostic,False,0.21587280018308028,0.1974510380440401,0.586676161772987,D,1.6222646340131581,2.9225219402741645,-0.00580435091851958,
eng-premier-league:2024-2025:leicester-city:brentford,2025-02-21,2024-2025,M5_team_only,True,0.23400657682156148,0.2100744303048637,0.555918992873639,A,0.5871326916167208,3.563470705025426,0.0,promoted_team
eng-premier-league:2024-2025:leicester-city:brentford,2025-02-21,2024-2025,M6_deployable,True,0.24020699878354596,0.20045379324935356,0.5593392079671542,A,0.5809991777572359,3.4506445186938843,0.006200421961984476,promoted_team
eng-premier-league:2024-2025:leicester-city:brentford,2025-02-21,2024-2025,M6_oracle_diagnostic,False,0.23064440544879175,0.20489793922441402,0.5644576553268488,A,0.5718899109131023,3.4862491058142613,-0.003362171372769729,promoted_team
eng-premier-league:2024-2025:arsenal:west-ham-united,2025-02-22,2024-2025,M5_team_only,True,0.7687506156994123,0.14156253451295167,0.08968684978752418,A,2.4114311228103045,3.6601929680094334,0.0,major_lineup_change
eng-premier-league:2024-2025:arsenal:west-ham-united,2025-02-22,2024-2025,M6_deployable,True,0.7579285104523499,0.14179472076796912,0.10027676877970401,A,2.2998212281925956,3.587239186103291,-0.010822105247062397,major_lineup_change
eng-premier-league:2024-2025:arsenal:west-ham-united,2025-02-22,2024-2025,M6_oracle_diagnostic,False,0.7692486173205868,0.13797108879731493,0.09278029388212118,A,2.3775210121476995,3.6472992693628887,0.0004980016211745264,major_lineup_change
eng-premier-league:2024-2025:aston-villa:chelsea,2025-02-22,2024-2025,M5_team_only,True,0.3625966034500756,0.22424722235648054,0.4131561741933319,H,1.0144643479140962,2.5636595096414023,0.0,major_lineup_change|returning_player
eng-premier-league:2024-2025:aston-villa:chelsea,2025-02-22,2024-2025,M6_deployable,True,0.35755158463004016,0.20917731651047353,0.4332710988595095,H,1.02847563458582,2.629365822447955,-0.005045018820035441,major_lineup_change|returning_player
eng-premier-league:2024-2025:aston-villa:chelsea,2025-02-22,2024-2025,M6_oracle_diagnostic,False,0.38014038552679885,0.21597294821193957,0.40388666626128517,H,0.9672146588893941,2.5713536104204096,0.017543782076723247,major_lineup_change|returning_player
eng-premier-league:2024-2025:bournemouth:wolverhampton-wanderers,2025-02-22,2024-2025,M5_team_only,True,0.5736653152546801,0.2085224982710233,0.21781218647418465,A,1.5241221174581852,3.0333038421769665,0.0,returning_player
eng-premier-league:2024-2025:bournemouth:wolverhampton-wanderers,2025-02-22,2024-2025,M6_deployable,True,0.5769512081345715,0.1983634345064814,0.22468535735897005,A,1.4930542672058364,3.043477582416992,0.003285892879891339,returning_player
eng-premier-league:2024-2025:bournemouth:wolverhampton-wanderers,2025-02-22,2024-2025,M6_oracle_diagnostic,False,0.5890348880479072,0.20005002223414528,0.21091508971796943,A,1.5562996448963324,3.071211049344093,0.015369572793227038,returning_player
eng-premier-league:2024-2025:everton:manchester-united,2025-02-22,2024-2025,M5_team_only,True,0.4029828426493283,0.2673556289334438,0.3296615284171158,D,1.319175563260906,3.0577892592282927,0.0,
eng-premier-league:2024-2025:everton:manchester-united,2025-02-22,2024-2025,M6_deployable,True,0.41749397183527576,0.2551703798696567,0.32733564829509065,D,1.365823800589192,3.105577386297714,0.014511129185947436,
eng-premier-league:2024-2025:everton:manchester-united,2025-02-22,2024-2025,M6_oracle_diagnostic,False,0.4399486836292758,0.2578866741725214,0.3021646421982251,D,1.3552350379512423,3.0948210780587746,0.036965840979947484,
eng-premier-league:2024-2025:fulham:crystal-palace,2025-02-22,2024-2025,M5_team_only,True,0.42702286511444026,0.248107558152507,0.3248695767329407,A,1.124331479555923,2.9740791553926025,0.0,
eng-premier-league:2024-2025:fulham:crystal-palace,2025-02-22,2024-2025,M6_deployable,True,0.45140732382150206,0.23570997952539782,0.3128826966531231,A,1.1619269297624986,3.0133397861320397,0.024384458707061796,
eng-premier-league:2024-2025:fulham:crystal-palace,2025-02-22,2024-2025,M6_oracle_diagnostic,False,0.4639018485223867,0.24047584884941176,0.29562230262822453,A,1.2186726440795552,3.082342736785967,0.03687898340794643,
eng-premier-league:2024-2025:ipswich-town:tottenham-hotspur,2025-02-22,2024-2025,M5_team_only,True,0.18142884301063278,0.19817182832618835,0.6203993286630668,A,0.47739192978371275,3.2998387721226736,0.0,major_lineup_change|promoted_team|returning_player
eng-premier-league:2024-2025:ipswich-town:tottenham-hotspur,2025-02-22,2024-2025,M6_deployable,True,0.20752059589361221,0.19592131598435258,0.5965580881220578,A,0.5165786605893726,3.353987786180565,0.026091752882979435,major_lineup_change|promoted_team|returning_player
eng-premier-league:2024-2025:ipswich-town:tottenham-hotspur,2025-02-22,2024-2025,M6_oracle_diagnostic,False,0.19567716272810745,0.19514051296307275,0.609182324308845,A,0.49563767297686645,3.3237413910008704,0.014248319717474672,major_lineup_change|promoted_team|returning_player
eng-premier-league:2024-2025:southampton:brighton-hove-albion,2025-02-22,2024-2025,M5_team_only,True,0.16930585897212588,0.20318639212800335,0.6275077488997589,A,0.4659992592082071,3.254782349017535,0.0,promoted_team
eng-premier-league:2024-2025:southampton:brighton-hove-albion,2025-02-22,2024-2025,M6_deployable,True,0.18373063824277236,0.19865984156459698,0.6176095201926535,A,0.4818988655706668,3.207633704414019,0.014424779270646476,promoted_team
eng-premier-league:2024-2025:southampton:brighton-hove-albion,2025-02-22,2024-2025,M6_oracle_diagnostic,False,0.1760400022450272,0.19787570845737124,0.6260842892976229,A,0.46827026950589923,3.1936528286762416,0.006734143272901311,promoted_team
eng-premier-league:2024-2025:manchester-city:liverpool,2025-02-23,2024-2025,M5_team_only,True,0.4026885031518724,0.2295750244316544,0.3677364724165209,A,1.0003887049045044,2.9975399849447473,0.0,returning_player
eng-premier-league:2024-2025:manchester-city:liverpool,2025-02-23,2024-2025,M6_deployable,True,0.4066676205993488,0.21866786009745198,0.37466451930310013,A,0.9817242686104545,2.9824087418021596,0.003979117447476421,returning_player
eng-premier-league:2024-2025:manchester-city:liverpool,2025-02-23,2024-2025,M6_oracle_diagnostic,False,0.41883893025441926,0.2214786499435598,0.3596824198019215,A,1.0225338040873566,3.0237687590740485,0.016150427102546883,returning_player
eng-premier-league:2024-2025:newcastle-united:nottingham-forest,2025-02-23,2024-2025,M5_team_only,True,0.4835238428446504,0.2247427249359297,0.2917334322194676,H,0.7266546522857097,4.829499846165294,0.0,goalkeeper_change
eng-premier-league:2024-2025:newcastle-united:nottingham-forest,2025-02-23,2024-2025,M6_deployable,True,0.4614032098800879,0.21640701599639123,0.32218977412342165,H,0.7734829764394439,4.909327668513412,-0.022120632964562514,goalkeeper_change
eng-premier-league:2024-2025:newcastle-united:nottingham-forest,2025-02-23,2024-2025,M6_oracle_diagnostic,False,0.42588288875334707,0.22634035367577476,0.34777675757077825,H,0.8535908795368825,4.911011086267122,-0.05764095409130332,goalkeeper_change
eng-premier-league:2024-2025:brighton-hove-albion:bournemouth,2025-02-25,2024-2025,M5_team_only,True,0.37716479829828314,0.23863942063653903,0.38419578106516034,H,0.9750730562832686,2.5143534264629634,0.0,
eng-premier-league:2024-2025:brighton-hove-albion:bournemouth,2025-02-25,2024-2025,M6_deployable,True,0.37146793504604014,0.22677787811425562,0.40175418683962927,H,0.9902927306731432,2.5675194803175847,-0.005696863252243001,
eng-premier-league:2024-2025:brighton-hove-albion:bournemouth,2025-02-25,2024-2025,M6_oracle_diagnostic,False,0.33269756766481506,0.22852870306674036,0.4387737292683705,H,1.1005214068806883,2.618860154356969,-0.04446723063346808,
eng-premier-league:2024-2025:chelsea:southampton,2025-02-25,2024-2025,M5_team_only,True,0.8106757335978314,0.12003388241413337,0.0692903839880176,H,0.20988714008993697,2.554819553933921,0.0,major_lineup_change|promoted_team|returning_player
eng-premier-league:2024-2025:chelsea:southampton,2025-02-25,2024-2025,M6_deployable,True,0.7927039106664585,0.12424263418930759,0.08305345514415902,H,0.2323055058013049,2.59055806097421,-0.017971822931372894,major_lineup_change|promoted_team|returning_player
eng-premier-league:2024-2025:chelsea:southampton,2025-02-25,2024-2025,M6_oracle_diagnostic,False,0.7962101317216147,0.12432560989108433,0.07946425838722701,H,0.22789214340065814,2.586455480673377,-0.014465601876216705,major_lineup_change|promoted_team|returning_player
eng-premier-league:2024-2025:crystal-palace:aston-villa,2025-02-25,2024-2025,M5_team_only,True,0.414682482305094,0.24201366761049317,0.34330385008439535,H,0.8802421544713165,4.016167887954647,0.0,major_lineup_change
eng-premier-league:2024-2025:crystal-palace:aston-villa,2025-02-25,2024-2025,M6_deployable,True,0.42905859512390154,0.2296980430482976,0.3412433618277262,H,0.8461617840106527,3.9072195336571265,0.014376112818807518,major_lineup_change
eng-premier-league:2024-2025:crystal-palace:aston-villa,2025-02-25,2024-2025,M6_oracle_diagnostic,False,0.46966717399938146,0.23175292678757528,0.29857989921296824,H,0.7557309755547444,3.781886767350353,0.054984691694287435,major_lineup_change
eng-premier-league:2024-2025:wolverhampton-wanderers:fulham,2025-02-25,2024-2025,M5_team_only,True,0.34986503081005316,0.2391439469968103,0.4109910221931191,A,0.8891839085368443,2.4667482301333328,0.0,major_lineup_change
eng-premier-league:2024-2025:wolverhampton-wanderers:fulham,2025-02-25,2024-2025,M6_deployable,True,0.3490079781275519,0.22712322100155063,0.4238688008708226,A,0.8583313035425476,2.4968470223547485,-0.000857052682501247,major_lineup_change
eng-premier-league:2024-2025:wolverhampton-wanderers:fulham,2025-02-25,2024-2025,M6_oracle_diagnostic,False,0.3885771061660232,0.23245381145016267,0.37896908238373833,A,0.9703006540511901,2.5381701864658073,0.038712075355970044,major_lineup_change
eng-premier-league:2024-2025:brentford:everton,2025-02-26,2024-2025,M5_team_only,True,0.45485992745000453,0.2471412903585442,0.2979987821915439,D,1.3977950801554264,2.1580722308762716,0.0,
eng-premier-league:2024-2025:brentford:everton,2025-02-26,2024-2025,M6_deployable,True,0.4480637656542087,0.23766922316849498,0.31426701117732014,D,1.436875390624119,2.1968927028362795,-0.006796161795795841,
eng-premier-league:2024-2025:brentford:everton,2025-02-26,2024-2025,M6_oracle_diagnostic,False,0.4556475621245062,0.24105313735876477,0.3032993005167514,D,1.4227378828293318,2.1827753903821963,0.0007876346745016582,
eng-premier-league:2024-2025:liverpool:newcastle-united,2025-02-26,2024-2025,M5_team_only,True,0.5996272685031988,0.19466434298001228,0.20570838851688164,H,0.5114470359638987,2.564527523266868,0.0,
eng-premier-league:2024-2025:liverpool:newcastle-united,2025-02-26,2024-2025,M6_deployable,True,0.6092133413314185,0.18364487177733435,0.2071417868912711,H,0.4955867584448226,2.5872396581198176,0.00958607282821966,
eng-premier-league:2024-2025:liverpool:newcastle-united,2025-02-26,2024-2025,M6_oracle_diagnostic,False,0.5897413910918949,0.19319120724361663,0.21706740166451285,H,0.5280711583559723,2.5923949624901454,-0.009885877411303867,
eng-premier-league:2024-2025:manchester-united:ipswich-town,2025-02-26,2024-2025,M5_team_only,True,0.6125799361518706,0.2114199345158885,0.17600012933233358,H,0.4900758370756296,3.5607794813314495,0.0,promoted_team
eng-premier-league:2024-2025:manchester-united:ipswich-town,2025-02-26,2024-2025,M6_deployable,True,0.5969817135666557,0.20826245566660906,0.19475583076675906,H,0.5158687966002747,3.6165304223692902,-0.015598222585214816,promoted_team
eng-premier-league:2024-2025:manchester-united:ipswich-town,2025-02-26,2024-2025,M6_oracle_diagnostic,False,0.5973969487782804,0.21133136937043273,0.19127168185131213,H,0.5151734807152124,3.5969159685182466,-0.01518298737359014,promoted_team
eng-premier-league:2024-2025:nottingham-forest:arsenal,2025-02-26,2024-2025,M5_team_only,True,0.21562680384081404,0.2213420097233549,0.5630311864359238,D,1.5080462183848082,2.9071121693478483,0.0,
eng-premier-league:2024-2025:nottingham-forest:arsenal,2025-02-26,2024-2025,M6_deployable,True,0.24426347241439972,0.2186587820812001,0.537077745504424,D,1.5202428369117342,2.9138577731914292,0.028636668573585683,
eng-premier-league:2024-2025:nottingham-forest:arsenal,2025-02-26,2024-2025,M6_oracle_diagnostic,False,0.2646614885728126,0.23058900152697592,0.504749509900235,D,1.4671183673107457,2.8615743859263443,0.04903468473199854,
eng-premier-league:2024-2025:tottenham-hotspur:manchester-city,2025-02-26,2024-2025,M5_team_only,True,0.31434961511015763,0.2181799771373649,0.46747040775257004,A,0.7604192311818407,2.7560782684021863,0.0,major_lineup_change
eng-premier-league:2024-2025:tottenham-hotspur:manchester-city,2025-02-26,2024-2025,M6_deployable,True,0.3227853681396519,0.20448556180616978,0.4727290700542021,A,0.7492328451804814,2.8092253932880697,0.008435753029494286,major_lineup_change
eng-premier-league:2024-2025:tottenham-hotspur:manchester-city,2025-02-26,2024-2025,M6_oracle_diagnostic,False,0.33022772094583913,0.20928727897376828,0.46048500008041615,A,0.7754749969325653,2.8018066973907194,0.0158781058356815,major_lineup_change
eng-premier-league:2024-2025:west-ham-united:leicester-city,2025-02-27,2024-2025,M5_team_only,True,0.5950494132390961,0.20192327192322643,0.20302731483779107,H,0.519110829424091,2.4634762744287975,0.0,promoted_team
eng-premier-league:2024-2025:west-ham-united:leicester-city,2025-02-27,2024-2025,M6_deployable,True,0.5858135354652825,0.19597287001769664,0.21821359451701716,H,0.5347537389058307,2.5032188879310753,-0.009235877773813628,promoted_team
eng-premier-league:2024-2025:west-ham-united:leicester-city,2025-02-27,2024-2025,M6_oracle_diagnostic,False,0.5894782101278635,0.19948566905394338,0.2110361208181879,H,0.5285175229993838,2.481927676116077,-0.005571203111232603,promoted_team
eng-premier-league:2024-2025:brentford:aston-villa,2025-03-08,2024-2025,M5_team_only,True,0.4386922555557021,0.22664683702315863,0.33466090742109955,A,1.094637476447744,2.8222541462084814,0.0,goalkeeper_change
eng-premier-league:2024-2025:brentford:aston-villa,2025-03-08,2024-2025,M6_deployable,True,0.46021378283162717,0.2127473037891229,0.32703891337918134,A,1.117676114005384,2.8801551363796265,0.021521527275925045,goalkeeper_change
eng-premier-league:2024-2025:brentford:aston-villa,2025-03-08,2024-2025,M6_oracle_diagnostic,False,0.5011506646648882,0.21414264110497735,0.28470669423006745,A,1.2562957716972072,2.944501533122747,0.0624584091091861,goalkeeper_change
eng-premier-league:2024-2025:brighton-hove-albion:fulham,2025-03-08,2024-2025,M5_team_only,True,0.4243939756458652,0.23998907711180675,0.3356169472422885,H,0.8570930673339514,2.450114968248278,0.0,major_lineup_change
eng-premier-league:2024-2025:brighton-hove-albion:fulham,2025-03-08,2024-2025,M6_deployable,True,0.4134942900253399,0.22950619620855792,0.35699951376603384,H,0.883111573500458,2.506666385793386,-0.01089968562052529,major_lineup_change
eng-premier-league:2024-2025:brighton-hove-albion:fulham,2025-03-08,2024-2025,M6_oracle_diagnostic,False,0.42818431405327934,0.23375785825684373,0.3380578276898086,H,0.8482015357878665,2.4694122989808993,0.003790338407414162,major_lineup_change
eng-premier-league:2024-2025:crystal-palace:ipswich-town,2025-03-08,2024-2025,M5_team_only,True,0.6600709458631344,0.19281654880709448,0.1471125053297315,H,0.4154079560066812,2.2467026760915645,0.0,promoted_team|returning_player
eng-premier-league:2024-2025:crystal-palace:ipswich-town,2025-03-08,2024-2025,M6_deployable,True,0.652014033537844,0.18941562726524933,0.1585703391968381,H,0.42768919345606926,2.285151939906239,-0.008056912325290377,promoted_team|returning_player
eng-premier-league:2024-2025:crystal-palace:ipswich-town,2025-03-08,2024-2025,M6_oracle_diagnostic,False,0.6746971241227258,0.18309343865279182,0.1422094372244142,H,0.39349139381119014,2.2804978530385345,0.014626178259591338,promoted_team|returning_player
eng-premier-league:2024-2025:liverpool:southampton,2025-03-08,2024-2025,M5_team_only,True,0.9072592154796533,0.06640397715308971,0.0263368073672173,H,0.09732707534379335,2.790580989221413,0.0,major_lineup_change|promoted_team
eng-premier-league:2024-2025:liverpool:southampton,2025-03-08,2024-2025,M6_deployable,True,0.8935340344553455,0.07301091025304696,0.03345505529153933,H,0.11257085394375566,2.825619394664779,-0.013725181024307753,major_lineup_change|promoted_team
eng-premier-league:2024-2025:liverpool:southampton,2025-03-08,2024-2025,M6_oracle_diagnostic,False,0.9113206733377308,0.06289595359026169,0.02578337307193836,H,0.09286044219174099,2.8486047770874268,0.004061457858077544,major_lineup_change|promoted_team
eng-premier-league:2024-2025:nottingham-forest:manchester-city,2025-03-08,2024-2025,M5_team_only,True,0.26516647596458587,0.22507668801343395,0.5097568360219408,H,1.327397439050844,2.846394536541383,0.0,
eng-premier-league:2024-2025:nottingham-forest:manchester-city,2025-03-08,2024-2025,M6_deployable,True,0.2839127288586401,0.21612482484419698,0.49996244629709446,H,1.2590883807962905,2.834747512094547,0.01874625289405424,
eng-premier-league:2024-2025:nottingham-forest:manchester-city,2025-03-08,2024-2025,M6_oracle_diagnostic,False,0.304081114857707,0.22746228433548055,0.4684566008067439,H,1.1904607879775997,2.762064781200583,0.038914638893121134,
eng-premier-league:2024-2025:wolverhampton-wanderers:everton,2025-03-08,2024-2025,M5_team_only,True,0.36539545596903444,0.256656907858856,0.37794763617206995,D,1.3600150748544788,2.118040409852072,0.0,returning_player
eng-premier-league:2024-2025:wolverhampton-wanderers:everton,2025-03-08,2024-2025,M6_deployable,True,0.37114180768879973,0.2451325559391861,0.3837256363719459,D,1.4059561700995555,2.1639236710833623,0.005746351719765286,returning_player
eng-premier-league:2024-2025:wolverhampton-wanderers:everton,2025-03-08,2024-2025,M6_oracle_diagnostic,False,0.35728796841043126,0.25024181683717817,0.39247021475232313,D,1.3853275612727982,2.1433063446148735,-0.008107487558603188,returning_player
eng-premier-league:2024-2025:chelsea:leicester-city,2025-03-09,2024-2025,M5_team_only,True,0.7618473013531245,0.1389679576582047,0.09918474098871094,H,0.2720091353016688,2.675551312326512,0.0,goalkeeper_change|promoted_team|returning_player
eng-premier-league:2024-2025:chelsea:leicester-city,2025-03-09,2024-2025,M6_deployable,True,0.7507138926773451,0.13786905687583623,0.11141705044684418,H,0.28673066827717036,2.720811217945663,-0.011133408675779388,goalkeeper_change|promoted_team|returning_player
eng-premier-league:2024-2025:chelsea:leicester-city,2025-03-09,2024-2025,M6_oracle_diagnostic,False,0.7644168365435532,0.13456296545317345,0.10102019800329816,H,0.2686420410297599,2.713392609184485,0.0025695351904286845,goalkeeper_change|promoted_team|returning_player
eng-premier-league:2024-2025:manchester-united:arsenal,2025-03-09,2024-2025,M5_team_only,True,0.1862061904460057,0.21873717532999884,0.5950566342240353,D,1.5198843825259092,2.278049448102129,0.0,major_lineup_change
eng-premier-league:2024-2025:manchester-united:arsenal,2025-03-09,2024-2025,M6_deployable,True,0.20203968464463,0.21388608052400332,0.5840742348313921,D,1.542311739700318,2.300481183792406,0.015833494198624315,major_lineup_change
eng-premier-league:2024-2025:manchester-united:arsenal,2025-03-09,2024-2025,M6_oracle_diagnostic,False,0.1906506430192317,0.21410115037929234,0.5952482066015009,D,1.5413067103075564,2.2994872927008596,0.00444445257322601,major_lineup_change
eng-premier-league:2024-2025:tottenham-hotspur:bournemouth,2025-03-09,2024-2025,M5_team_only,True,0.4605945995621582,0.22700815700472823,0.31239724343315345,D,1.482769328204809,2.7795052885862495,0.0,major_lineup_change
eng-premier-league:2024-2025:tottenham-hotspur:bournemouth,2025-03-09,2024-2025,M6_deployable,True,0.4519089431090554,0.21518235578571038,0.33290870110526005,D,1.536269443899212,2.837726806463116,-0.008685656453102819,major_lineup_change
eng-premier-league:2024-2025:tottenham-hotspur:bournemouth,2025-03-09,2024-2025,M6_oracle_diagnostic,False,0.43489190265479577,0.2217184379639141,0.34338965938131516,D,1.5063469995396268,2.807473479548759,-0.025702696907362432,major_lineup_change
eng-premier-league:2024-2025:west-ham-united:newcastle-united,2025-03-10,2024-2025,M5_team_only,True,0.2844189585931252,0.21898621878088825,0.49659482262589416,A,0.6999808316049995,2.6436229675269467,0.0,major_lineup_change|returning_player
eng-premier-league:2024-2025:west-ham-united:newcastle-united,2025-03-10,2024-2025,M6_deployable,True,0.29528077984189116,0.20825969440589193,0.49645952575224556,A,0.7002533179491893,2.691890026170021,0.010861821248765946,major_lineup_change|returning_player
eng-premier-league:2024-2025:west-ham-united:newcastle-united,2025-03-10,2024-2025,M6_oracle_diagnostic,False,0.2905970583859797,0.2130230558856323,0.4963798857284177,A,0.7004137467619013,2.6689926856424746,0.006178099792854497,major_lineup_change|returning_player
eng-premier-league:2024-2025:bournemouth:brentford,2025-03-15,2024-2025,M5_team_only,True,0.4624914218740095,0.23247320703878213,0.3050353710872629,A,1.187327538320905,2.6471209686532537,0.0,returning_player
eng-premier-league:2024-2025:bournemouth:brentford,2025-03-15,2024-2025,M6_deployable,True,0.4663528726699784,0.22120042247431554,0.3124467048557455,A,1.1633213688116557,2.674242932755862,0.0038614507959688904,returning_player
eng-premier-league:2024-2025:bournemouth:brentford,2025-03-15,2024-2025,M6_oracle_diagnostic,False,0.47210076742637247,0.22820586327107784,0.29969336930258883,A,1.2049954293534217,2.671853759064028,0.00960934555236298,returning_player
eng-premier-league:2024-2025:everton:west-ham-united,2025-03-15,2024-2025,M5_team_only,True,0.45344782863200456,0.2542806730153074,0.2922714983527427,D,1.3693166101685432,2.1268417263153614,0.0,
eng-premier-league:2024-2025:everton:west-ham-united,2025-03-15,2024-2025,M6_deployable,True,0.46654421217057174,0.24274401583096092,0.29071177199850673,D,1.4157478236862944,2.1733097963730366,0.01309638353856718,
eng-premier-league:2024-2025:everton:west-ham-united,2025-03-15,2024-2025,M6_oracle_diagnostic,False,0.4717038816955164,0.2465253210029218,0.28177079730160093,D,1.4002905686535616,2.1578517279755185,0.018256053063511857,
eng-premier-league:2024-2025:ipswich-town:nottingham-forest,2025-03-15,2024-2025,M5_team_only,True,0.1972055120835315,0.21723534323814142,0.5855591446783815,A,0.5351880853699622,4.21488479467555,0.0,promoted_team
eng-premier-league:2024-2025:ipswich-town:nottingham-forest,2025-03-15,2024-2025,M6_deployable,True,0.20579889320780764,0.20889737783262086,0.5853037289596109,A,0.5356243716825146,4.254805247483098,0.008593381124276156,promoted_team
eng-premier-league:2024-2025:ipswich-town:nottingham-forest,2025-03-15,2024-2025,M6_oracle_diagnostic,False,0.16820234829556552,0.19890310516510837,0.6328945465393652,A,0.45745146386090296,4.17230355756918,-0.02900316378796597,promoted_team
eng-premier-league:2024-2025:manchester-city:brighton-hove-albion,2025-03-15,2024-2025,M5_team_only,True,0.6073058213154299,0.20132230213358887,0.19137187655103577,D,1.602848161943706,2.9607828893462904,0.0,goalkeeper_change|major_lineup_change|returning_player
eng-premier-league:2024-2025:manchester-city:brighton-hove-albion,2025-03-15,2024-2025,M6_deployable,True,0.5910700816465497,0.19670658755439663,0.212223330799093,D,1.626042063784941,2.986189673171536,-0.016235739668880145,goalkeeper_change|major_lineup_change|returning_player
eng-premier-league:2024-2025:manchester-city:brighton-hove-albion,2025-03-15,2024-2025,M6_oracle_diagnostic,False,0.5609735058775229,0.20650350800616432,0.23252298611635014,D,1.577437878802029,2.937108495927473,-0.046332315437906946,goalkeeper_change|major_lineup_change|returning_player
eng-premier-league:2024-2025:southampton:wolverhampton-wanderers,2025-03-15,2024-2025,M5_team_only,True,0.1896105480234084,0.21277566375485799,0.5976137882217881,A,0.5148105727694112,2.3618887517087543,0.0,promoted_team
eng-premier-league:2024-2025:southampton:wolverhampton-wanderers,2025-03-15,2024-2025,M6_deployable,True,0.19471635932322953,0.2031118180563189,0.6021718226204908,A,0.5072124547623844,2.413430623813915,0.005105811299821128,promoted_team
eng-premier-league:2024-2025:southampton:wolverhampton-wanderers,2025-03-15,2024-2025,M6_oracle_diagnostic,False,0.16967048223034217,0.19643524174529625,0.6338942760244032,A,0.45587309550971644,2.3964697567166096,-0.01994006579306623,promoted_team
eng-premier-league:2024-2025:arsenal:chelsea,2025-03-16,2024-2025,M5_team_only,True,0.5870253214274848,0.21201477097951987,0.20095990759321558,H,0.5326873230699604,2.3593769827636186,0.0,returning_player
eng-premier-league:2024-2025:arsenal:chelsea,2025-03-16,2024-2025,M6_deployable,True,0.5733236624945554,0.20598691986186157,0.22068941764339223,H,0.5563048657270646,2.4154486944901175,-0.013701658932929406,returning_player
eng-premier-league:2024-2025:arsenal:chelsea,2025-03-16,2024-2025,M6_oracle_diagnostic,False,0.5892463668539588,0.20596568117314856,0.2047879519727012,H,0.5289109028973208,2.3897619957345504,0.0022210454264740553,returning_player
eng-premier-league:2024-2025:fulham:tottenham-hotspur,2025-03-16,2024-2025,M5_team_only,True,0.3557579410320314,0.2327632573520087,0.4114788016161801,H,1.0335047203160317,3.0030247519421023,0.0,major_lineup_change|returning_player
eng-premier-league:2024-2025:fulham:tottenham-hotspur,2025-03-16,2024-2025,M6_deployable,True,0.38245185433179074,0.22102209136093814,0.3965260543070799,H,0.9611525046659672,2.929760944742244,0.026693913299759342,major_lineup_change|returning_player
eng-premier-league:2024-2025:fulham:tottenham-hotspur,2025-03-16,2024-2025,M6_oracle_diagnostic,False,0.3882291358497894,0.22578907127339953,0.3859817928766202,H,0.9461595573547302,2.9096815004459833,0.03247119481775801,major_lineup_change|returning_player
eng-premier-league:2024-2025:leicester-city:manchester-united,2025-03-16,2024-2025,M5_team_only,True,0.22012290421516323,0.22258787902146832,0.5572892167635887,A,0.5846709336633044,2.8530674444235036,0.0,promoted_team
eng-premier-league:2024-2025:leicester-city:manchester-united,2025-03-16,2024-2025,M6_deployable,True,0.23316006524155353,0.21511489131477113,0.551725043443484,A,0.5947054665067247,2.840630405136957,0.013037161026390298,promoted_team
eng-premier-league:2024-2025:leicester-city:manchester-united,2025-03-16,2024-2025,M6_oracle_diagnostic,False,0.23864725269338474,0.22215710511654366,0.5391956421898793,A,0.6176768014087629,2.8917595682247437,0.018524348478221514,promoted_team
eng-premier-league:2024-2025:arsenal:fulham,2025-04-01,2024-2025,M5_team_only,True,0.6366702818484268,0.20516419923585427,0.15816551891580727,H,0.45150336832973437,2.356342685429637,0.0,major_lineup_change|returning_player
eng-premier-league:2024-2025:arsenal:fulham,2025-04-01,2024-2025,M6_deployable,True,0.5995995858198608,0.21041738800469592,0.18998302617563279,H,0.5114932035146721,2.3978480910725493,-0.03707069602856594,major_lineup_change|returning_player
eng-premier-league:2024-2025:arsenal:fulham,2025-04-01,2024-2025,M6_oracle_diagnostic,False,0.6039393258062705,0.21176832352468233,0.18429235066923808,H,0.5042815400562877,2.3815071263410754,-0.032730956042156256,major_lineup_change|returning_player
eng-premier-league:2024-2025:nottingham-forest:manchester-united,2025-04-01,2024-2025,M5_team_only,True,0.4623383789845453,0.24065546224207232,0.29700615877347064,H,0.7714582339460581,2.384818048718866,0.0,major_lineup_change|returning_player
eng-premier-league:2024-2025:nottingham-forest:manchester-united,2025-04-01,2024-2025,M6_deployable,True,0.47705831782343777,0.22773161782582974,0.295210064350922,H,0.7401165359789703,2.4161536888436577,0.014719938838892499,major_lineup_change|returning_player
eng-premier-league:2024-2025:nottingham-forest:manchester-united,2025-04-01,2024-2025,M6_oracle_diagnostic,False,0.5000693870961719,0.22951751942587298,0.2704130934781436,H,0.6930084159958491,2.375763628456365,0.03773100811162661,major_lineup_change|returning_player
eng-premier-league:2024-2025:wolverhampton-wanderers:west-ham-united,2025-04-01,2024-2025,M5_team_only,True,0.4178968442703449,0.23720843538002895,0.3448947203497145,H,0.8725206609558104,2.5477688997988457,0.0,major_lineup_change
eng-premier-league:2024-2025:wolverhampton-wanderers:west-ham-united,2025-04-01,2024-2025,M6_deployable,True,0.42948976932567773,0.22562130881585263,0.34488892185865916,H,0.8451573578050245,2.5734258986451763,0.011592925055332826,major_lineup_change
eng-premier-league:2024-2025:wolverhampton-wanderers:west-ham-united,2025-04-01,2024-2025,M6_oracle_diagnostic,False,0.43123401568898606,0.2291773932078146,0.3395885911033902,H,0.841104376392512,2.5564952585213843,0.013337171418641158,major_lineup_change
eng-premier-league:2024-2025:bournemouth:ipswich-town,2025-04-02,2024-2025,M5_team_only,True,0.6778122820068144,0.181573699386393,0.1406140186070156,A,1.9617365989782947,3.2564508728689634,0.0,major_lineup_change|promoted_team|returning_player
eng-premier-league:2024-2025:bournemouth:ipswich-town,2025-04-02,2024-2025,M6_deployable,True,0.6615078967941646,0.18056670499041177,0.15792539821531848,A,1.8456325206534983,3.1945724130299107,-0.016304385212649875,major_lineup_change|promoted_team|returning_player
eng-premier-league:2024-2025:bournemouth:ipswich-town,2025-04-02,2024-2025,M6_oracle_diagnostic,False,0.7076556398295603,0.1653979777945723,0.1269463823757622,A,2.0639904676867746,3.3660919416634574,0.02984335782274583,major_lineup_change|promoted_team|returning_player
eng-premier-league:2024-2025:brighton-hove-albion:aston-villa,2025-04-02,2024-2025,M5_team_only,True,0.4314353734443135,0.23307512333967156,0.335489503216238,A,1.0921646100457263,3.7631366882899493,0.0,goalkeeper_change|major_lineup_change
eng-premier-league:2024-2025:brighton-hove-albion:aston-villa,2025-04-02,2024-2025,M6_deployable,True,0.4605221030829596,0.21854960451912223,0.32092829239781273,A,1.1365375689757824,3.7599074135531416,0.029086729638646114,goalkeeper_change|major_lineup_change
eng-premier-league:2024-2025:brighton-hove-albion:aston-villa,2025-04-02,2024-2025,M6_oracle_diagnostic,False,0.41566784271657126,0.22785975548981618,0.3564724017935062,A,1.0314984564483956,3.6270372918698466,-0.01576753072774223,goalkeeper_change|major_lineup_change
eng-premier-league:2024-2025:liverpool:everton,2025-04-02,2024-2025,M5_team_only,True,0.6602395655118516,0.1973886377513726,0.14237179673699882,H,0.4151525317740008,2.1683017355320278,0.0,goalkeeper_change|major_lineup_change
eng-premier-league:2024-2025:liverpool:everton,2025-04-02,2024-2025,M6_deployable,True,0.6481117145058519,0.19576318750230004,0.15612509799174246,H,0.4336921985600661,2.207459839834403,-0.012127851005999668,goalkeeper_change|major_lineup_change
eng-premier-league:2024-2025:liverpool:everton,2025-04-02,2024-2025,M6_oracle_diagnostic,False,0.6338624602282815,0.20400137188443643,0.1621361678871778,H,0.4559232877827583,2.182532402513813,-0.026377105283570068,goalkeeper_change|major_lineup_change
eng-premier-league:2024-2025:manchester-city:leicester-city,2025-04-02,2024-2025,M5_team_only,True,0.829587081952007,0.10975031852047779,0.060662599527738156,H,0.1868271936055974,2.2570367047939133,0.0,goalkeeper_change|major_lineup_change|promoted_team
eng-premier-league:2024-2025:manchester-city:leicester-city,2025-04-02,2024-2025,M6_deployable,True,0.8112012066434382,0.11538390736941823,0.0734148859870381,H,0.20923915866674106,2.3055348908007267,-0.018385875308568833,goalkeeper_change|major_lineup_change|promoted_team
eng-premier-league:2024-2025:manchester-city:leicester-city,2025-04-02,2024-2025,M6_oracle_diagnostic,False,0.8053902780002596,0.1189579035361717,0.07565181846346344,H,0.21642830165792712,2.2916983327804115,-0.024196803951747392,goalkeeper_change|major_lineup_change|promoted_team
eng-premier-league:2024-2025:newcastle-united:brentford,2025-04-02,2024-2025,M5_team_only,True,0.5000828591282394,0.2197304040176317,0.2801867368543521,H,0.69298147603322,2.4015488779823597,0.0,
eng-premier-league:2024-2025:newcastle-united:brentford,2025-04-02,2024-2025,M6_deployable,True,0.48380775906981,0.21180926091234176,0.3043829800177428,H,0.7260676431716678,2.4618690353563286,-0.01627510005842936,
eng-premier-league:2024-2025:newcastle-united:brentford,2025-04-02,2024-2025,M6_oracle_diagnostic,False,0.4831990717053307,0.21792272958259973,0.29887819871196436,H,0.7273265535030073,2.4336578805639975,-0.016883787422908636,
eng-premier-league:2024-2025:southampton:crystal-palace,2025-04-02,2024-2025,M5_team_only,True,0.1311902711412632,0.19037590174453523,0.6784338271144246,D,1.6587547311028605,2.4240428292583807,0.0,major_lineup_change|promoted_team
eng-premier-league:2024-2025:southampton:crystal-palace,2025-04-02,2024-2025,M6_deployable,True,0.13481505449453357,0.18296815849767412,0.682216787007687,D,1.6984431385604684,2.4639648281896407,0.0036247833532703777,major_lineup_change|promoted_team
eng-premier-league:2024-2025:southampton:crystal-palace,2025-04-02,2024-2025,M6_oracle_diagnostic,False,0.1385995859015557,0.1900392599273068,0.6713611541710331,D,1.6605245969705846,2.4260334180729908,0.007409314760292496,major_lineup_change|promoted_team
eng-premier-league:2024-2025:chelsea:tottenham-hotspur,2025-04-03,2024-2025,M5_team_only,True,0.45010455561029966,0.22353403102151856,0.32636141336795804,H,0.7982753774052109,2.7041510756365525,0.0,major_lineup_change
eng-premier-league:2024-2025:chelsea:tottenham-hotspur,2025-04-03,2024-2025,M6_deployable,True,0.44966068672446036,0.20973446971450277,0.3406048435609777,H,0.7992620101421998,2.7635204397494704,-0.00044386888583930473,major_lineup_change
eng-premier-league:2024-2025:chelsea:tottenham-hotspur,2025-04-03,2024-2025,M6_oracle_diagnostic,False,0.4703192995060028,0.21506536894108053,0.3146153315528564,H,0.754343454287948,2.712926847408616,0.020214743895703158,major_lineup_change
eng-premier-league:2024-2025:aston-villa:nottingham-forest,2025-04-05,2024-2025,M5_team_only,True,0.4052877831221929,0.238955172936161,0.3557570439417298,H,0.9031578886045638,2.474205945994547,0.0,major_lineup_change|returning_player
eng-premier-league:2024-2025:aston-villa:nottingham-forest,2025-04-05,2024-2025,M6_deployable,True,0.3900683237728625,0.22720414105077413,0.3827275351765901,H,0.9414333660410882,2.5417273402203016,-0.015219459349330389,major_lineup_change|returning_player
eng-premier-league:2024-2025:aston-villa:nottingham-forest,2025-04-05,2024-2025,M6_oracle_diagnostic,False,0.3593153974366367,0.23157221672646286,0.4091123858371273,H,1.0235547317963534,2.5693511484502958,-0.04597238568555617,major_lineup_change|returning_player
eng-premier-league:2024-2025:crystal-palace:brighton-hove-albion,2025-04-05,2024-2025,M5_team_only,True,0.4336653640009184,0.24645848109150167,0.3198761549076635,H,0.8354820929833329,2.4393886475610373,0.0,major_lineup_change
eng-premier-league:2024-2025:crystal-palace:brighton-hove-albion,2025-04-05,2024-2025,M6_deployable,True,0.4462136758616152,0.23489034470138737,0.31889597943722453,H,0.8069573478307702,2.46807702053409,0.012548311860696826,major_lineup_change
eng-premier-league:2024-2025:crystal-palace:brighton-hove-albion,2025-04-05,2024-2025,M6_oracle_diagnostic,False,0.43101888218421275,0.24134521463002792,0.3276359031859852,H,0.8416033796658394,2.4634185561681283,-0.002646481816705626,major_lineup_change
eng-premier-league:2024-2025:everton:arsenal,2025-04-05,2024-2025,M5_team_only,True,0.18586405530640532,0.24001301773712272,0.5741229269565555,D,1.4270621165397677,2.200255987095455,0.0,major_lineup_change|returning_player
eng-premier-league:2024-2025:everton:arsenal,2025-04-05,2024-2025,M6_deployable,True,0.2109904985806813,0.2388814164367999,0.5501280849827458,D,1.4317880157178788,2.2051856111852235,0.02512644327427599,major_lineup_change|returning_player
eng-premier-league:2024-2025:everton:arsenal,2025-04-05,2024-2025,M6_oracle_diagnostic,False,0.2053381200375363,0.24138296818974417,0.5532789117729476,D,1.4213705271170403,2.194722511544471,0.019474064731130974,major_lineup_change|returning_player
eng-premier-league:2024-2025:ipswich-town:wolverhampton-wanderers,2025-04-05,2024-2025,M5_team_only,True,0.291746964472963,0.23574923457280006,0.4725038009543206,A,0.7497094877329268,2.4115125118604426,0.0,promoted_team
eng-premier-league:2024-2025:ipswich-town:wolverhampton-wanderers,2025-04-05,2024-2025,M6_deployable,True,0.3068797036869997,0.22586044178364395,0.46725985452958335,A,0.7608697423828663,2.4636200093634306,0.015132739214036683,promoted_team
eng-premier-league:2024-2025:ipswich-town:wolverhampton-wanderers,2025-04-05,2024-2025,M6_oracle_diagnostic,False,0.2931716855447525,0.22757123859222794,0.479257075863247,A,0.735518132714157,2.439613701150647,0.001424721071789481,promoted_team
eng-premier-league:2024-2025:west-ham-united:bournemouth,2025-04-05,2024-2025,M5_team_only,True,0.3228969054783526,0.24089936919101115,0.4362037253307197,D,1.4233759879159595,2.851135868193638,0.0,major_lineup_change
eng-premier-league:2024-2025:west-ham-united:bournemouth,2025-04-05,2024-2025,M6_deployable,True,0.3258222494190415,0.22894064368912595,0.44523710689205953,D,1.4742925068895483,2.907136754682476,0.002925343940688885,major_lineup_change
eng-premier-league:2024-2025:west-ham-united:bournemouth,2025-04-05,2024-2025,M6_oracle_diagnostic,False,0.31099992416794764,0.23406648212329675,0.45493359370898284,D,1.452150092338484,2.8845468958186253,-0.011896981310404953,major_lineup_change
eng-premier-league:2024-2025:brentford:chelsea,2025-04-06,2024-2025,M5_team_only,True,0.3496656388069201,0.233301475381158,0.41703288581210585,D,1.4554237760092197,3.0744792075163643,0.0,major_lineup_change
eng-premier-league:2024-2025:brentford:chelsea,2025-04-06,2024-2025,M6_deployable,True,0.36137794331013307,0.22089469019724534,0.41772736649247344,D,1.5100692059783014,3.1232134871335204,0.011712304503212978,major_lineup_change
eng-premier-league:2024-2025:brentford:chelsea,2025-04-06,2024-2025,M6_oracle_diagnostic,False,0.35077419830427564,0.2270086081871018,0.42221719350847375,D,1.4827673406906545,3.0965906270743173,0.0011085594973555546,major_lineup_change
eng-premier-league:2024-2025:fulham:liverpool,2025-04-06,2024-2025,M5_team_only,True,0.2201924638355416,0.22083409682622354,0.5589734393384188,H,1.5132532794593196,3.944233906937168,0.0,major_lineup_change
eng-premier-league:2024-2025:fulham:liverpool,2025-04-06,2024-2025,M6_deployable,True,0.24291548629389598,0.21700497059703663,0.5400795431089191,H,1.4150416891648456,3.9030384224829433,0.022723022458354364,major_lineup_change
eng-premier-league:2024-2025:fulham:liverpool,2025-04-06,2024-2025,M6_oracle_diagnostic,False,0.23298229004108914,0.2195424329192455,0.5474752770395186,H,1.4567928367125647,3.9172472685768733,0.012789826205547528,major_lineup_change
eng-premier-league:2024-2025:manchester-united:manchester-city,2025-04-06,2024-2025,M5_team_only,True,0.24507685615770752,0.23000532353263778,0.5249178203098386,D,1.469652824532724,2.881566223599036,0.0,major_lineup_change|returning_player
eng-premier-league:2024-2025:manchester-united:manchester-city,2025-04-06,2024-2025,M6_deployable,True,0.2625304433961383,0.22074718606561544,0.5167223705380981,D,1.5107371867339432,2.9208214587515293,0.017453587238430768,major_lineup_change|returning_player
eng-premier-league:2024-2025:manchester-united:manchester-city,2025-04-06,2024-2025,M6_oracle_diagnostic,False,0.22637166939776063,0.21644398218473257,0.5571843484173584,D,1.5304235078149775,2.940609068207542,-0.018705186759946896,major_lineup_change|returning_player
eng-premier-league:2024-2025:tottenham-hotspur:southampton,2025-04-06,2024-2025,M5_team_only,True,0.786828978867918,0.1333422987601164,0.07982872237214951,H,0.23974436184411863,2.605453208482314,0.0,promoted_team
eng-premier-league:2024-2025:tottenham-hotspur:southampton,2025-04-06,2024-2025,M6_deployable,True,0.7675422607895601,0.13737490890230397,0.09508283030798781,H,0.26456173811869804,2.6673961260359924,-0.019286718078357912,promoted_team
eng-premier-league:2024-2025:tottenham-hotspur:southampton,2025-04-06,2024-2025,M6_oracle_diagnostic,False,0.782984964332975,0.13288127602223176,0.0841337596446452,H,0.24464178581558563,2.6348856053648113,-0.0038440145349429855,promoted_team
eng-premier-league:2024-2025:leicester-city:newcastle-united,2025-04-07,2024-2025,M5_team_only,True,0.14301961958332277,0.17598161764141976,0.6809987627753169,A,0.3841947896106085,2.558426162031149,0.0,promoted_team
eng-premier-league:2024-2025:leicester-city:newcastle-united,2025-04-07,2024-2025,M6_deployable,True,0.15843087570326006,0.17432753663686254,0.6672415876599305,A,0.40460309825553903,2.5884583847186233,0.015411256119937294,promoted_team
eng-premier-league:2024-2025:leicester-city:newcastle-united,2025-04-07,2024-2025,M6_oracle_diagnostic,False,0.14133976537996487,0.17022930399326713,0.6884309306268216,A,0.37334028447048256,2.53866049844264,-0.0016798542033578945,promoted_team
eng-premier-league:2024-2025:arsenal:brentford,2025-04-12,2024-2025,M5_team_only,True,0.639288961410621,0.2018930366850462,0.15881800190443257,D,1.6000172431880366,2.3592575573853596,0.0,major_lineup_change
eng-premier-league:2024-2025:arsenal:brentford,2025-04-12,2024-2025,M6_deployable,True,0.6194994232214713,0.20111919544958562,0.1793813813290478,D,1.6038575344983124,2.36293599956311,-0.019789538189149636,major_lineup_change
eng-premier-league:2024-2025:arsenal:brentford,2025-04-12,2024-2025,M6_oracle_diagnostic,False,0.6188821052035249,0.2055267517583559,0.17559114303822285,D,1.5821790746456037,2.341279255673556,-0.020406856207096036,major_lineup_change
eng-premier-league:2024-2025:brighton-hove-albion:leicester-city,2025-04-12,2024-2025,M5_team_only,True,0.6804565488877916,0.18064315574926562,0.1389002953630424,D,1.7112317089079512,3.16086159156899,0.0,promoted_team
eng-premier-league:2024-2025:brighton-hove-albion:leicester-city,2025-04-12,2024-2025,M6_deployable,True,0.6718736422755494,0.17723879454159275,0.1508875631829626,D,1.730257333951382,3.1843739482243536,-0.008582906612242258,promoted_team
eng-premier-league:2024-2025:brighton-hove-albion:leicester-city,2025-04-12,2024-2025,M6_oracle_diagnostic,False,0.6585572805361586,0.18388117720377442,0.15756154226017086,D,1.693465506042771,3.147262564863247,-0.021899268351633028,promoted_team
eng-premier-league:2024-2025:manchester-city:crystal-palace,2025-04-12,2024-2025,M5_team_only,True,0.5660376417462432,0.22354169269120502,0.21042066556265157,H,0.5690946981382841,5.178435535281451,0.0,returning_player
eng-premier-league:2024-2025:manchester-city:crystal-palace,2025-04-12,2024-2025,M6_deployable,True,0.5459837158744238,0.22047649884946066,0.23353978527621988,H,0.6051661280878056,5.220691624770619,-0.02005392587181931,returning_player
eng-premier-league:2024-2025:manchester-city:crystal-palace,2025-04-12,2024-2025,M6_oracle_diagnostic,False,0.5564068218100048,0.21988197702708942,0.22371120116301124,H,0.5862555583861466,5.1945204858597505,-0.009630819936238377,returning_player
eng-premier-league:2024-2025:nottingham-forest:everton,2025-04-12,2024-2025,M5_team_only,True,0.4615700740368979,0.2584331692797296,0.27999675668347207,A,1.2729772591532882,2.4606889729993138,0.0,returning_player
eng-premier-league:2024-2025:nottingham-forest:everton,2025-04-12,2024-2025,M6_deployable,True,0.46428583776839216,0.24870625885071695,0.2870079033809955,A,1.248245525688801,2.472556609087928,0.0027157637314942362,returning_player
eng-premier-league:2024-2025:nottingham-forest:everton,2025-04-12,2024-2025,M6_oracle_diagnostic,False,0.446641598139758,0.2561404080598174,0.29721799380052827,A,1.213289423554959,2.43186463080795,-0.014928475897139915,returning_player
eng-premier-league:2024-2025:southampton:aston-villa,2025-04-12,2024-2025,M5_team_only,True,0.1320951032234689,0.1789344599755848,0.6889704368010462,A,0.37255691628954085,2.4749265874483597,0.0,major_lineup_change|promoted_team
eng-premier-league:2024-2025:southampton:aston-villa,2025-04-12,2024-2025,M6_deployable,True,0.15383899377533372,0.18127417095013243,0.6648868352746381,A,0.40813842532661015,2.5309477303233763,0.02174389055186482,major_lineup_change|promoted_team
eng-premier-league:2024-2025:southampton:aston-villa,2025-04-12,2024-2025,M6_oracle_diagnostic,False,0.14065077214683572,0.17722666741623616,0.6821225604370318,A,0.3825459298984358,2.4900293321917677,0.008555668923366816,major_lineup_change|promoted_team
eng-premier-league:2024-2025:chelsea:ipswich-town,2025-04-13,2024-2025,M5_team_only,True,0.7104986854315372,0.1669607633752961,0.12254055119327054,D,1.7899964440189478,3.210275319611102,0.0,major_lineup_change|promoted_team
eng-premier-league:2024-2025:chelsea:ipswich-town,2025-04-13,2024-2025,M6_deployable,True,0.6886939471472182,0.16799329917332073,0.14331275367951463,D,1.7838311862474316,3.2064290561613813,-0.021804738284318947,major_lineup_change|promoted_team
eng-premier-league:2024-2025:chelsea:ipswich-town,2025-04-13,2024-2025,M6_oracle_diagnostic,False,0.7361576279317803,0.1528225441635574,0.11101982790471697,D,1.8784778727953046,3.301749617433705,0.025658942500243143,major_lineup_change|promoted_team
eng-premier-league:2024-2025:liverpool:west-ham-united,2025-04-13,2024-2025,M5_team_only,True,0.7163617502910956,0.16418249902313034,0.11945575068587784,H,0.33357000177442797,2.4004572808696265,0.0,goalkeeper_change|major_lineup_change|returning_player
eng-premier-league:2024-2025:liverpool:west-ham-united,2025-04-13,2024-2025,M6_deployable,True,0.7057884291679142,0.16252767883448688,0.13168389199765212,H,0.34843976180009534,2.445576263270713,-0.010573321123181434,goalkeeper_change|major_lineup_change|returning_player
eng-premier-league:2024-2025:liverpool:west-ham-united,2025-04-13,2024-2025,M6_oracle_diagnostic,False,0.7324000815911675,0.15442510654965375,0.11317481185923149,H,0.3114283547793196,2.4465985053603814,0.01603833130007193,goalkeeper_change|major_lineup_change|returning_player
eng-premier-league:2024-2025:newcastle-united:manchester-united,2025-04-13,2024-2025,M5_team_only,True,0.5158130518589116,0.22819318291937374,0.2559937652218185,H,0.6620108817470262,3.6329962528445576,0.0,goalkeeper_change|major_lineup_change
eng-premier-league:2024-2025:newcastle-united:manchester-united,2025-04-13,2024-2025,M6_deployable,True,0.5178295061543472,0.21771813544568916,0.2644523584000171,H,0.6581092295988551,3.5938306851641064,0.0020164542954356213,goalkeeper_change|major_lineup_change
eng-premier-league:2024-2025:newcastle-united:manchester-united,2025-04-13,2024-2025,M6_oracle_diagnostic,False,0.55755348412385,0.21246551594303176,0.22998099993317214,H,0.5841968446012319,3.4807159939115313,0.0417404322649384,goalkeeper_change|major_lineup_change
eng-premier-league:2024-2025:wolverhampton-wanderers:tottenham-hotspur,2025-04-13,2024-2025,M5_team_only,True,0.3015311709861145,0.2275761888495497,0.47089264016443944,H,1.198881881803626,4.577539447245858,0.0,major_lineup_change
eng-premier-league:2024-2025:wolverhampton-wanderers:tottenham-hotspur,2025-04-13,2024-2025,M6_deployable,True,0.3241599479053737,0.21653955060910274,0.4593005014855769,H,1.1265182186283538,4.505469800373739,0.02262877691925924,major_lineup_change
eng-premier-league:2024-2025:wolverhampton-wanderers:tottenham-hotspur,2025-04-13,2024-2025,M6_oracle_diagnostic,False,0.34010126652434725,0.22453000327873596,0.43536873019697025,H,1.078511862999599,4.449096172997459,0.03857009553823276,major_lineup_change
eng-premier-league:2024-2025:bournemouth:fulham,2025-04-14,2024-2025,M5_team_only,True,0.4204149566556316,0.242183827513162,0.3374012158312396,H,0.8665130634104068,2.4697575738145296,0.0,
eng-premier-league:2024-2025:bournemouth:fulham,2025-04-14,2024-2025,M6_deployable,True,0.4163787783200352,0.231449910582747,0.35217131109704136,H,0.8761599081893561,2.5146709307796193,-0.004036178335596385,
eng-premier-league:2024-2025:bournemouth:fulham,2025-04-14,2024-2025,M6_oracle_diagnostic,False,0.42685392152509016,0.23711863651160767,0.33602744196312534,H,0.8513134284411865,2.4779465592646357,0.006438964869458552,
eng-premier-league:2024-2025:newcastle-united:crystal-palace,2025-04-16,2024-2025,M5_team_only,True,0.5121870800742561,0.2251002504047344,0.26271266952113875,H,0.6690653299115487,4.714493839106941,0.0,
eng-premier-league:2024-2025:newcastle-united:crystal-palace,2025-04-16,2024-2025,M6_deployable,True,0.5144036682412103,0.21564949906013425,0.2699468326984298,H,0.6647469749776017,4.487732041956669,0.0022165881669542475,
eng-premier-league:2024-2025:newcastle-united:crystal-palace,2025-04-16,2024-2025,M6_oracle_diagnostic,False,0.5332336807210221,0.21842802837358122,0.24833829090517148,H,0.6287955255288412,4.523616107964537,0.021046600646766,
eng-premier-league:2024-2025:aston-villa:newcastle-united,2025-04-19,2024-2025,M5_team_only,True,0.34643677624754926,0.2262320666815515,0.4273311570708704,H,1.0600549409327844,4.142827259398115,0.0,
eng-premier-league:2024-2025:aston-villa:newcastle-united,2025-04-19,2024-2025,M6_deployable,True,0.3276808251359883,0.21187586526928842,0.46044330959452306,H,1.1157152384590205,4.165677615157087,-0.018755951111560976,
eng-premier-league:2024-2025:aston-villa:newcastle-united,2025-04-19,2024-2025,M6_oracle_diagnostic,False,0.3521341942387111,0.22143026162078094,0.42643554414030693,H,1.0437429424024152,4.09077512004477,0.005697417991161857,
eng-premier-league:2024-2025:brentford:brighton-hove-albion,2025-04-19,2024-2025,M5_team_only,True,0.45039268540832994,0.23501633025332128,0.3145909843383199,H,0.7976354425009414,4.235564397991597,0.0,
eng-premier-league:2024-2025:brentford:brighton-hove-albion,2025-04-19,2024-2025,M6_deployable,True,0.4610115089305451,0.2234677785111185,0.31552071255813596,H,0.7743322711549322,4.231812920099674,0.01061882352221516,
eng-premier-league:2024-2025:brentford:brighton-hove-albion,2025-04-19,2024-2025,M6_oracle_diagnostic,False,0.4808277924310261,0.22583570045769907,0.29333650711107534,H,0.7322460928747156,4.180227494321251,0.03043510702269614,
eng-premier-league:2024-2025:crystal-palace:bournemouth,2025-04-19,2024-2025,M5_team_only,True,0.3837715597472762,0.24679835703190003,0.3694300832207949,D,1.3991836440561258,2.812424690476387,0.0,returning_player
eng-premier-league:2024-2025:crystal-palace:bournemouth,2025-04-19,2024-2025,M6_deployable,True,0.39208386085038704,0.23572779228176638,0.37218834686764624,D,1.4450775621951282,2.851669975541553,0.00831230110311082,returning_player
eng-premier-league:2024-2025:crystal-palace:bournemouth,2025-04-19,2024-2025,M6_oracle_diagnostic,False,0.3545309981489418,0.24280730397675218,0.40266169787410616,D,1.4154871379726823,2.822751015862882,-0.029240561598334436,returning_player
eng-premier-league:2024-2025:everton:manchester-city,2025-04-19,2024-2025,M5_team_only,True,0.2365609908821798,0.242874655859735,0.5205643532580564,A,0.6528417611861912,2.364342763995031,0.0,goalkeeper_change|major_lineup_change
eng-premier-league:2024-2025:everton:manchester-city,2025-04-19,2024-2025,M6_deployable,True,0.2459614283249833,0.2335891392662286,0.520449432408588,A,0.6530625475994309,2.3807725927432495,0.0094004374428035,goalkeeper_change|major_lineup_change
eng-premier-league:2024-2025:everton:manchester-city,2025-04-19,2024-2025,M6_oracle_diagnostic,False,0.28398828564527767,0.24591328179686442,0.4700984325576576,A,0.7548131752318981,2.4831177976710763,0.04742729476309787,goalkeeper_change|major_lineup_change
eng-premier-league:2024-2025:west-ham-united:southampton,2025-04-19,2024-2025,M5_team_only,True,0.6793522853777356,0.18611878756864716,0.13452892705358838,D,1.6813701662723017,2.4458321299817567,0.0,promoted_team|returning_player
eng-premier-league:2024-2025:west-ham-united:southampton,2025-04-19,2024-2025,M6_deployable,True,0.659534378922773,0.1871591168667548,0.15330650421027203,D,1.675796131595624,2.4402853089680483,-0.01981790645496262,promoted_team|returning_player
eng-premier-league:2024-2025:west-ham-united:southampton,2025-04-19,2024-2025,M6_oracle_diagnostic,False,0.6621971450823685,0.1888654315253021,0.14893742339212818,D,1.6667205200282922,2.431229852535404,-0.017155140295367133,promoted_team|returning_player
eng-premier-league:2024-2025:fulham:chelsea,2025-04-20,2024-2025,M5_team_only,True,0.36336194250547094,0.24188400835391954,0.39475404914083084,A,0.9294923684174711,2.4856806777560103,0.0,
eng-premier-league:2024-2025:fulham:chelsea,2025-04-20,2024-2025,M6_deployable,True,0.37777791591703425,0.23006985543372266,0.39215222864910515,A,0.9361051761849373,2.533985226720462,0.01441597341156331,
eng-premier-league:2024-2025:fulham:chelsea,2025-04-20,2024-2025,M6_oracle_diagnostic,False,0.36706259190955426,0.23735136521887557,0.3955860428714307,A,0.9273869607674152,2.501281186263678,0.0037006494040833227,
eng-premier-league:2024-2025:ipswich-town:arsenal,2025-04-20,2024-2025,M5_team_only,True,0.10076497330780466,0.16140474470053118,0.7378302819918856,A,0.304041451029563,2.805042226200889,0.0,major_lineup_change|promoted_team|returning_player
eng-premier-league:2024-2025:ipswich-town:arsenal,2025-04-20,2024-2025,M6_deployable,True,0.1251480503524216,0.17038887901005276,0.7044630706373877,A,0.3503193682687406,2.87132199669817,0.024383077044616938,major_lineup_change|promoted_team|returning_player
eng-premier-league:2024-2025:ipswich-town:arsenal,2025-04-20,2024-2025,M6_oracle_diagnostic,False,0.11358201151891106,0.1653635304549286,0.7210544580260212,A,0.3270406133067808,2.8286211145879188,0.012817038211106399,major_lineup_change|promoted_team|returning_player
eng-premier-league:2024-2025:leicester-city:liverpool,2025-04-20,2024-2025,M5_team_only,True,0.07859784195418888,0.1309510100144299,0.7904511480316027,A,0.2351514230637382,2.515848815399773,0.0,promoted_team
eng-premier-league:2024-2025:leicester-city:liverpool,2025-04-20,2024-2025,M6_deployable,True,0.09064515044579124,0.13389062339988334,0.7754642261541875,A,0.25429342746929895,2.5397942040045223,0.012047308491602363,promoted_team
eng-premier-league:2024-2025:leicester-city:liverpool,2025-04-20,2024-2025,M6_oracle_diagnostic,False,0.07120033175175447,0.11855878655033254,0.8102408816977748,A,0.2104236907136835,2.588490111318213,-0.0073975102024344125,promoted_team
eng-premier-league:2024-2025:manchester-united:wolverhampton-wanderers,2025-04-20,2024-2025,M5_team_only,True,0.4566160187280477,0.24056987970808152,0.3028141015640923,A,1.1946361879480916,2.6406869888103124,0.0,goalkeeper_change|major_lineup_change
eng-premier-league:2024-2025:manchester-united:wolverhampton-wanderers,2025-04-20,2024-2025,M6_deployable,True,0.43711489716131835,0.23105915088964465,0.3318259519488991,A,1.1031446886458416,2.6189622239276638,-0.01950112156672934,goalkeeper_change|major_lineup_change
eng-premier-league:2024-2025:manchester-united:wolverhampton-wanderers,2025-04-20,2024-2025,M6_oracle_diagnostic,False,0.40565656097097863,0.23604946820044867,0.3582939708284351,A,1.0264014819731893,2.5609871175132377,-0.05095945775706906,goalkeeper_change|major_lineup_change
eng-premier-league:2024-2025:tottenham-hotspur:nottingham-forest,2025-04-21,2024-2025,M5_team_only,True,0.4418468790706276,0.23210492614531217,0.32604819478424085,A,1.1207100717807315,2.6065490487827114,0.0,major_lineup_change|returning_player
eng-premier-league:2024-2025:tottenham-hotspur:nottingham-forest,2025-04-21,2024-2025,M6_deployable,True,0.4278329939796961,0.22155261694792808,0.35061438907232606,A,1.0480682660584337,2.6068197888594162,-0.014013885090931488,major_lineup_change|returning_player
eng-premier-league:2024-2025:tottenham-hotspur:nottingham-forest,2025-04-21,2024-2025,M6_oracle_diagnostic,False,0.42673565156973425,0.22701979511695514,0.3462445533132615,A,1.0606099521075303,2.5932327435071763,-0.015111227500893332,major_lineup_change|returning_player
eng-premier-league:2024-2025:manchester-city:aston-villa,2025-04-22,2024-2025,M5_team_only,True,0.5708284020126071,0.210004737122767,0.21916686086479575,H,0.5606666363612125,2.358502791506852,0.0,major_lineup_change|returning_player
eng-premier-league:2024-2025:manchester-city:aston-villa,2025-04-22,2024-2025,M6_deployable,True,0.5734280763254691,0.1991294758266188,0.22744244784790302,H,0.556122762090039,2.4174495848235527,0.0025996743128620103,major_lineup_change|returning_player
eng-premier-league:2024-2025:manchester-city:aston-villa,2025-04-22,2024-2025,M6_oracle_diagnostic,False,0.5422647878501143,0.21007871840325942,0.2476564937466166,H,0.6120008583697107,2.402081194552475,-0.028563614162492756,major_lineup_change|returning_player
eng-premier-league:2024-2025:arsenal:crystal-palace,2025-04-23,2024-2025,M5_team_only,True,0.6529548855158573,0.20112454288753284,0.1459205715963859,D,1.6038309464501324,3.243043594672138,0.0,major_lineup_change
eng-premier-league:2024-2025:arsenal:crystal-palace,2025-04-23,2024-2025,M6_deployable,True,0.6370985387240509,0.20005200770693235,0.16284945356891456,D,1.6091779077035981,3.251494703717497,-0.015856346791806475,major_lineup_change
eng-premier-league:2024-2025:arsenal:crystal-palace,2025-04-23,2024-2025,M6_oracle_diagnostic,False,0.6760900919560376,0.18830528531595692,0.13560462272790325,D,1.6696907751205035,3.3123538427037342,0.0231352064401803,major_lineup_change
eng-premier-league:2024-2025:brighton-hove-albion:west-ham-united,2025-04-26,2024-2025,M5_team_only,True,0.48205501041755355,0.23079963628261635,0.28714535329985424,H,0.7296970419468132,3.367347679935581,0.0,
eng-premier-league:2024-2025:brighton-hove-albion:west-ham-united,2025-04-26,2024-2025,M6_deployable,True,0.4804971435714931,0.22045693736811134,0.2990459190605249,H,0.7329339952897862,3.419471398889813,-0.0015578668460604628,
eng-premier-league:2024-2025:brighton-hove-albion:west-ham-united,2025-04-26,2024-2025,M6_oracle_diagnostic,False,0.4426192556585961,0.229102673363899,0.3282780709776342,H,0.8150453465307052,3.4314544956764204,-0.03943575475895744,
eng-premier-league:2024-2025:chelsea:everton,2025-04-26,2024-2025,M5_team_only,True,0.5080221788329239,0.2453833829897609,0.2465944381773393,H,0.6772301732367579,2.1768300864380214,0.0,returning_player
eng-premier-league:2024-2025:chelsea:everton,2025-04-26,2024-2025,M6_deployable,True,0.5096083463736408,0.23481033513302751,0.2555813184934611,H,0.6741127965740815,2.221609102894477,0.0015861675407169429,returning_player
eng-premier-league:2024-2025:chelsea:everton,2025-04-26,2024-2025,M6_oracle_diagnostic,False,0.5072530182524667,0.24123115141795629,0.2515158303297075,H,0.6787453500672684,2.196208508087334,-0.0007691605804571733,returning_player
eng-premier-league:2024-2025:newcastle-united:ipswich-town,2025-04-26,2024-2025,M5_team_only,True,0.7479172402257709,0.14581877956869743,0.10626398020555577,H,0.29046294853826926,2.45184704099384,0.0,major_lineup_change|promoted_team|returning_player
eng-premier-league:2024-2025:newcastle-united:ipswich-town,2025-04-26,2024-2025,M6_deployable,True,0.7244877648960688,0.14986284268376923,0.12564939242029172,H,0.3222904050160769,2.5103344492757613,-0.023429475329702076,major_lineup_change|promoted_team|returning_player
eng-premier-league:2024-2025:newcastle-united:ipswich-town,2025-04-26,2024-2025,M6_oracle_diagnostic,False,0.7571494127691453,0.13828249718991278,0.10456809004107187,H,0.27819467016037785,2.4456996812771767,0.009232172543374384,major_lineup_change|promoted_team|returning_player
eng-premier-league:2024-2025:southampton:fulham,2025-04-26,2024-2025,M5_team_only,True,0.1429941831671562,0.19537585982424518,0.6616299570086228,A,0.4130488566595629,2.3739385129538233,0.0,promoted_team
eng-premier-league:2024-2025:southampton:fulham,2025-04-26,2024-2025,M6_deployable,True,0.14928790879494208,0.18888507005587815,0.6618270211493089,A,0.41275105454677075,2.421605898036348,0.006293725627785879,promoted_team
eng-premier-league:2024-2025:southampton:fulham,2025-04-26,2024-2025,M6_oracle_diagnostic,False,0.15130289630121105,0.1937980404541406,0.6548990632447762,A,0.4232741571381776,2.4011931957623216,0.008308713134054846,promoted_team
eng-premier-league:2024-2025:wolverhampton-wanderers:leicester-city,2025-04-26,2024-2025,M5_team_only,True,0.6186109595345526,0.20353165075456514,0.17785738971090628,H,0.4802787022140801,2.6774659206249285,0.0,goalkeeper_change|promoted_team
eng-premier-league:2024-2025:wolverhampton-wanderers:leicester-city,2025-04-26,2024-2025,M6_deployable,True,0.6120013879985231,0.19759975664521617,0.1903988553563904,H,0.4910207285009398,2.676457960955112,-0.006609571536029479,goalkeeper_change|promoted_team
eng-premier-league:2024-2025:wolverhampton-wanderers:leicester-city,2025-04-26,2024-2025,M6_oracle_diagnostic,False,0.6631025882916888,0.18502767691528219,0.15186973479315877,H,0.4108255672946363,2.5497237880652817,0.04449162875713619,goalkeeper_change|promoted_team
eng-premier-league:2024-2025:bournemouth:manchester-united,2025-04-27,2024-2025,M5_team_only,True,0.4643530180852176,0.2465005025661583,0.28914647934872345,D,1.4003912466935262,2.159999146837645,0.0,major_lineup_change|returning_player
eng-premier-league:2024-2025:bournemouth:manchester-united,2025-04-27,2024-2025,M6_deployable,True,0.4821143431431691,0.23329759918009083,0.2845880576765916,D,1.4554403907059843,2.2147802940921264,0.01776132505795147,major_lineup_change|returning_player
eng-premier-league:2024-2025:bournemouth:manchester-united,2025-04-27,2024-2025,M6_oracle_diagnostic,False,0.5135230641062447,0.2322058186629192,0.2542711172306877,D,1.4601311511911454,2.219473805253207,0.04917004602102709,major_lineup_change|returning_player
eng-premier-league:2024-2025:liverpool:tottenham-hotspur,2025-04-27,2024-2025,M5_team_only,True,0.6152407550666491,0.19528275409715637,0.18947649083629378,H,0.485741616127567,4.006686432330956,0.0,major_lineup_change|returning_player
eng-premier-league:2024-2025:liverpool:tottenham-hotspur,2025-04-27,2024-2025,M6_deployable,True,0.6129580145688325,0.18730201868059015,0.1997399667504291,H,0.4894588371226966,3.932651223197148,-0.0022827404978166266,major_lineup_change|returning_player
eng-premier-league:2024-2025:liverpool:tottenham-hotspur,2025-04-27,2024-2025,M6_oracle_diagnostic,False,0.6315271477487983,0.18643335698469712,0.18203949526635782,H,0.4596143488063442,3.9035080885179685,0.016286392682149153,major_lineup_change|returning_player
eng-premier-league:2024-2025:nottingham-forest:brentford,2025-05-01,2024-2025,M5_team_only,True,0.43458514901039097,0.23959469801183697,0.3258201529779813,A,1.1214097278273703,3.029893956865238,0.0,returning_player
eng-premier-league:2024-2025:nottingham-forest:brentford,2025-05-01,2024-2025,M6_deployable,True,0.42965539073251596,0.22885975043721446,0.34148485883012614,A,1.0744519382012856,2.972766870785579,-0.004929758277875007,returning_player
eng-premier-league:2024-2025:nottingham-forest:brentford,2025-05-01,2024-2025,M6_oracle_diagnostic,False,0.42541049964058164,0.2366601174404482,0.337929382918826,A,1.0849183316029156,2.983662207637643,-0.009174649369809329,returning_player
eng-premier-league:2024-2025:manchester-city:wolverhampton-wanderers,2025-05-02,2024-2025,M5_team_only,True,0.6613086647513208,0.18461704975313922,0.1540742854954225,H,0.4135345817844239,2.445421150297042,0.0,goalkeeper_change|returning_player
eng-premier-league:2024-2025:manchester-city:wolverhampton-wanderers,2025-05-02,2024-2025,M6_deployable,True,0.6451177930599288,0.18239087510371943,0.1724913318365764,H,0.43832235396114705,2.490725892781104,-0.016190871691391995,goalkeeper_change|returning_player
eng-premier-league:2024-2025:manchester-city:wolverhampton-wanderers,2025-05-02,2024-2025,M6_oracle_diagnostic,False,0.6456035160092763,0.18636577124509848,0.1680307127458486,H,0.43756971593020516,2.461482664984211,-0.015705148742044428,goalkeeper_change|returning_player
eng-premier-league:2024-2025:arsenal:bournemouth,2025-05-03,2024-2025,M5_team_only,True,0.6201473600129737,0.21058467765545888,0.1692679623317095,A,1.7762722438301377,3.103596400399336,0.0,
eng-premier-league:2024-2025:arsenal:bournemouth,2025-05-03,2024-2025,M6_deployable,True,0.6014096760241097,0.20855326208099512,0.19003706189494818,A,1.6605361632388969,3.043663451769683,-0.018737683988863996,
eng-premier-league:2024-2025:arsenal:bournemouth,2025-05-03,2024-2025,M6_oracle_diagnostic,False,0.6331977471218929,0.20221420964005019,0.16458804323810985,A,1.8043096347014318,3.1434230983607727,0.013050387108919259,
eng-premier-league:2024-2025:aston-villa:fulham,2025-05-03,2024-2025,M5_team_only,True,0.4658920888952869,0.23471873317801606,0.29938917792683895,H,0.7638012405669417,2.4685743568766965,0.0,major_lineup_change
eng-premier-league:2024-2025:aston-villa:fulham,2025-05-03,2024-2025,M6_deployable,True,0.46289173162238284,0.22386352624200537,0.31324474213566467,H,0.7702620932293439,2.518304607531654,-0.0030003572729040417,major_lineup_change
eng-premier-league:2024-2025:aston-villa:fulham,2025-05-03,2024-2025,M6_oracle_diagnostic,False,0.4994698525119972,0.2259468554118348,0.2745832920762218,H,0.694208038046322,2.45879800972711,0.03357776361671033,major_lineup_change
eng-premier-league:2024-2025:everton:ipswich-town,2025-05-03,2024-2025,M5_team_only,True,0.5882420677511051,0.2283192890488912,0.1834386432001456,D,1.4770102390947797,3.208361948544716,0.0,promoted_team
eng-premier-league:2024-2025:everton:ipswich-town,2025-05-03,2024-2025,M6_deployable,True,0.5717317148839396,0.22555171595171952,0.2027165691643938,D,1.4892058073015642,3.224780026019517,-0.016510352867165512,promoted_team
eng-premier-league:2024-2025:everton:ipswich-town,2025-05-03,2024-2025,M6_oracle_diagnostic,False,0.6001290778916892,0.2189108159360117,0.18096010617235028,D,1.519090865276478,3.2548873950790944,0.011887010140584131,promoted_team
eng-premier-league:2024-2025:leicester-city:southampton,2025-05-03,2024-2025,M5_team_only,True,0.476313931535984,0.25024619010100624,0.2734398783631517,H,0.7416781221048987,2.467435720075064,0.0,goalkeeper_change|major_lineup_change|promoted_team
eng-premier-league:2024-2025:leicester-city:southampton,2025-05-03,2024-2025,M6_deployable,True,0.4596150184679809,0.24405130157194233,0.29633367996012994,H,0.7773660562829823,2.513770719175566,-0.016698913068003085,goalkeeper_change|major_lineup_change|promoted_team
eng-premier-league:2024-2025:leicester-city:southampton,2025-05-03,2024-2025,M6_oracle_diagnostic,False,0.46234879080332436,0.24676924361347782,0.29088196558325136,H,0.7714357142894224,2.5037563778529752,-0.013965140732659642,goalkeeper_change|major_lineup_change|promoted_team
eng-premier-league:2024-2025:brentford:manchester-united,2025-05-04,2024-2025,M5_team_only,True,0.4745534580927253,0.2411679132337689,0.28427862867348486,H,0.7453810053334082,5.272645640859403,0.0,goalkeeper_change|major_lineup_change|returning_player
eng-premier-league:2024-2025:brentford:manchester-united,2025-05-04,2024-2025,M6_deployable,True,0.4948595855508095,0.22722154723202567,0.2779188672172557,H,0.7034812222080503,5.320110262977783,0.02030612745808419,goalkeeper_change|major_lineup_change|returning_player
eng-premier-league:2024-2025:brentford:manchester-united,2025-05-04,2024-2025,M6_oracle_diagnostic,False,0.5380888439461734,0.22126414213191795,0.24064701392199928,H,0.6197315950076209,5.287417697320258,0.06353538585344809,goalkeeper_change|major_lineup_change|returning_player
eng-premier-league:2024-2025:brighton-hove-albion:newcastle-united,2025-05-04,2024-2025,M5_team_only,True,0.30514852740483756,0.22051265670726644,0.47433881588787513,D,1.5118001857096008,2.3461378829669437,0.0,
eng-premier-league:2024-2025:brighton-hove-albion:newcastle-united,2025-05-04,2024-2025,M6_deployable,True,0.3009320254385673,0.20726439496700588,0.4918035795945177,D,1.5737600303606372,2.406939187043447,-0.00421650196627027,
eng-premier-league:2024-2025:brighton-hove-albion:newcastle-united,2025-05-04,2024-2025,M6_oracle_diagnostic,False,0.26626552493858563,0.20737373394465608,0.5263607411168499,D,1.5732326356395028,2.4064953025171527,-0.038883002466251926,
eng-premier-league:2024-2025:chelsea:liverpool,2025-05-04,2024-2025,M5_team_only,True,0.2834150232570046,0.2301312882649654,0.48645368847800907,H,1.2608429423436893,3.517045289024504,0.0,major_lineup_change
eng-premier-league:2024-2025:chelsea:liverpool,2025-05-04,2024-2025,M6_deployable,True,0.3086916499157055,0.22184277933307323,0.4694655707513121,H,1.1754123970277262,3.4172699681864054,0.02527662665870095,major_lineup_change
eng-premier-league:2024-2025:chelsea:liverpool,2025-05-04,2024-2025,M6_oracle_diagnostic,False,0.3168111216199777,0.22820467897161978,0.45498419940849266,H,1.1494495135344047,3.3878491942500393,0.03339609836297314,major_lineup_change
eng-premier-league:2024-2025:west-ham-united:tottenham-hotspur,2025-05-04,2024-2025,M5_team_only,True,0.3263574361772321,0.22774162242215282,0.44590094140059416,D,1.479543527614547,2.292883894915913,0.0,major_lineup_change|returning_player
eng-premier-league:2024-2025:west-ham-united:tottenham-hotspur,2025-05-04,2024-2025,M6_deployable,True,0.33369973597553393,0.21554482423866883,0.4507554397858881,D,1.5345863899600538,2.3460944629540434,0.00734229979830181,major_lineup_change|returning_player
eng-premier-league:2024-2025:west-ham-united:tottenham-hotspur,2025-05-04,2024-2025,M6_oracle_diagnostic,False,0.3435334515626159,0.21964612396851943,0.43682042446895514,D,1.5157375551147758,2.327328635755174,0.01717601538538377,major_lineup_change|returning_player
eng-premier-league:2024-2025:crystal-palace:nottingham-forest,2025-05-05,2024-2025,M5_team_only,True,0.39041354216487867,0.2504667392304151,0.35911971860477593,D,1.3844291447962263,2.146383890127383,0.0,
eng-premier-league:2024-2025:crystal-palace:nottingham-forest,2025-05-05,2024-2025,M6_deployable,True,0.3885974488852205,0.24023242673259004,0.37117012438240166,D,1.4261483795610639,2.187640981043508,-0.0018160932796581486,
eng-premier-league:2024-2025:crystal-palace:nottingham-forest,2025-05-05,2024-2025,M6_oracle_diagnostic,False,0.3808072284071053,0.24700661230901086,0.3721861592840962,D,1.3983401722306574,2.1598759762956914,-0.009606313757773377,
eng-premier-league:2024-2025:bournemouth:aston-villa,2025-05-10,2024-2025,M5_team_only,True,0.4018371110609831,0.24114022148136222,0.3570226674576448,A,1.0299560049390573,2.590420388807723,0.0,major_lineup_change|returning_player
eng-premier-league:2024-2025:bournemouth:aston-villa,2025-05-10,2024-2025,M6_deployable,True,0.4243981113919004,0.22836155466249092,0.347240333945382,A,1.0577381337455318,2.646012265527702,0.022561000330917347,major_lineup_change|returning_player
eng-premier-league:2024-2025:bournemouth:aston-villa,2025-05-10,2024-2025,M6_oracle_diagnostic,False,0.39936144273068747,0.2359978287773349,0.364640728491751,A,1.008842715648477,2.5929514665089366,-0.0024756683302956106,major_lineup_change|returning_player
eng-premier-league:2024-2025:fulham:everton,2025-05-10,2024-2025,M5_team_only,True,0.4398011614209343,0.2645667823170358,0.2956320562620202,A,1.2186396510583626,3.6870707930825652,0.0,major_lineup_change
eng-premier-league:2024-2025:fulham:everton,2025-05-10,2024-2025,M6_deployable,True,0.44964595217072856,0.2540154703131271,0.29633857751591763,A,1.2162526353888214,3.674667502592404,0.009844790749794274,major_lineup_change
eng-premier-league:2024-2025:fulham:everton,2025-05-10,2024-2025,M6_oracle_diagnostic,False,0.46646470111263033,0.25484712250861413,0.27868817637852883,A,1.2776617695831547,3.7523065368929407,0.026663539691696048,major_lineup_change
eng-premier-league:2024-2025:ipswich-town:brentford,2025-05-10,2024-2025,M5_team_only,True,0.2023959147048963,0.20532319382535572,0.5922808914697382,A,0.5237742777936023,2.4486383676311756,0.0,promoted_team
eng-premier-league:2024-2025:ipswich-town:brentford,2025-05-10,2024-2025,M6_deployable,True,0.21670810711049282,0.19917085334917484,0.5841210395401057,A,0.5376470581427076,2.4913983752291737,0.01431219240559653,promoted_team
eng-premier-league:2024-2025:ipswich-town:brentford,2025-05-10,2024-2025,M6_oracle_diagnostic,False,0.18575696626011812,0.1926882291246992,0.6215548046149545,A,0.475531190720465,2.4688451751199207,-0.016638948444778173,promoted_team
eng-premier-league:2024-2025:southampton:manchester-city,2025-05-10,2024-2025,M5_team_only,True,0.062004078152490885,0.12112055213466244,0.8168753697128369,D,2.110968930727906,3.3889173622284163,0.0,major_lineup_change|promoted_team|returning_player
eng-premier-league:2024-2025:southampton:manchester-city,2025-05-10,2024-2025,M6_deployable,True,0.07284253847933214,0.1253939391277658,0.8017635223926751,D,2.076294984265828,3.3536182028099417,0.010838460326841257,major_lineup_change|promoted_team|returning_player
eng-premier-league:2024-2025:southampton:manchester-city,2025-05-10,2024-2025,M6_oracle_diagnostic,False,0.05943915696472401,0.11375150172258607,0.8268093413124631,D,2.1737390192814217,3.450294820178802,-0.0025649211877668762,major_lineup_change|promoted_team|returning_player
eng-premier-league:2024-2025:wolverhampton-wanderers:brighton-hove-albion,2025-05-10,2024-2025,M5_team_only,True,0.398886707127101,0.23680935096617728,0.3643039419067118,A,1.009766754530108,2.9426489189710665,0.0,
eng-premier-league:2024-2025:wolverhampton-wanderers:brighton-hove-albion,2025-05-10,2024-2025,M6_deployable,True,0.42951411551882734,0.2241048578136172,0.34638102666732873,A,1.0602158766942682,3.000364008544067,0.03062740839172634,
eng-premier-league:2024-2025:wolverhampton-wanderers:brighton-hove-albion,2025-05-10,2024-2025,M6_oracle_diagnostic,False,0.45219971503837475,0.2272558764371361,0.3205444085242618,A,1.1377344520818793,3.085531540416442,0.053313007911273746,
eng-premier-league:2024-2025:liverpool:arsenal,2025-05-11,2024-2025,M5_team_only,True,0.4046682328814985,0.24955931824810818,0.3457724488702668,D,1.3880586435588456,2.8932369636538056,0.0,major_lineup_change
eng-premier-league:2024-2025:liverpool:arsenal,2025-05-11,2024-2025,M6_deployable,True,0.4074063482181868,0.23828387282793723,0.35430977895402527,D,1.4342925730889304,2.942406227995946,0.0027381153366882738,major_lineup_change
eng-premier-league:2024-2025:liverpool:arsenal,2025-05-11,2024-2025,M6_oracle_diagnostic,False,0.4079115315065458,0.2440649554766682,0.34802351301693485,D,1.4103208781468364,2.918042310694767,0.0032432986250472973,major_lineup_change
eng-premier-league:2024-2025:manchester-united:west-ham-united,2025-05-11,2024-2025,M5_team_only,True,0.46578742121133626,0.2421958236010799,0.2920167551874574,A,1.2309440975811055,3.114215490998996,0.0,major_lineup_change
eng-premier-league:2024-2025:manchester-united:west-ham-united,2025-05-11,2024-2025,M6_deployable,True,0.4609225836622076,0.2318716584531188,0.3072057578848229,A,1.1802375347696121,3.046402109995617,-0.004864837549128642,major_lineup_change
eng-premier-league:2024-2025:manchester-united:west-ham-united,2025-05-11,2024-2025,M6_oracle_diagnostic,False,0.44979313900589646,0.23666878953975526,0.3135380714544987,A,1.1598344862361594,3.0239765758737844,-0.015994282205439803,major_lineup_change
eng-premier-league:2024-2025:newcastle-united:chelsea,2025-05-11,2024-2025,M5_team_only,True,0.44531260068746037,0.22757810947909143,0.32710928983332155,H,0.8089787699799185,2.7890505025141734,0.0,
eng-premier-league:2024-2025:newcastle-united:chelsea,2025-05-11,2024-2025,M6_deployable,True,0.43402964006052747,0.21665789108433964,0.3493124688552822,H,0.8346424521433945,2.8292433150467176,-0.011282960626932903,
eng-premier-league:2024-2025:newcastle-united:chelsea,2025-05-11,2024-2025,M6_oracle_diagnostic,False,0.4446255529931306,0.22326674059170978,0.3321077064153088,H,0.8105228049850124,2.7938409307034004,-0.0006870476943297565,
eng-premier-league:2024-2025:nottingham-forest:leicester-city,2025-05-11,2024-2025,M5_team_only,True,0.6814533823063643,0.1849280021925257,0.13361861550098347,D,1.6877887069906652,3.232688998929225,0.0,promoted_team
eng-premier-league:2024-2025:nottingham-forest:leicester-city,2025-05-11,2024-2025,M6_deployable,True,0.6694816407281536,0.18318661840995865,0.14733174086203688,D,1.6972498730236847,3.24963655957971,-0.011971741578210682,promoted_team
eng-premier-league:2024-2025:nottingham-forest:leicester-city,2025-05-11,2024-2025,M6_oracle_diagnostic,False,0.7092819136001355,0.1700033074786971,0.12071477892131771,D,1.7719373863640944,3.325269411905964,0.027828531293771164,promoted_team
eng-premier-league:2024-2025:tottenham-hotspur:crystal-palace,2025-05-11,2024-2025,M5_team_only,True,0.4529562386117345,0.23324518918047274,0.31379857220766627,A,1.159003988700993,3.113667540300972,0.0,goalkeeper_change|returning_player
eng-premier-league:2024-2025:tottenham-hotspur:crystal-palace,2025-05-11,2024-2025,M6_deployable,True,0.4229089716133023,0.2247559951654854,0.3523350332213618,A,1.0431727571330995,2.9809429798857976,-0.030047266998432187,goalkeeper_change|returning_player
eng-premier-league:2024-2025:tottenham-hotspur:crystal-palace,2025-05-11,2024-2025,M6_oracle_diagnostic,False,0.40661337014507853,0.22944493416673406,0.36394169568833773,A,1.0107616008554416,2.9432304540600955,-0.04634286846665597,goalkeeper_change|returning_player
eng-premier-league:2024-2025:aston-villa:tottenham-hotspur,2025-05-16,2024-2025,M5_team_only,True,0.4777138669418025,0.22410902841293856,0.29817710464528235,H,0.7387433304502825,2.7151234934158324,0.0,
eng-premier-league:2024-2025:aston-villa:tottenham-hotspur,2025-05-16,2024-2025,M6_deployable,True,0.5011206089057612,0.20883885870430602,0.2900405323900492,H,0.6909084705307703,2.6895477765454245,0.023406741963958644,
eng-premier-league:2024-2025:aston-villa:tottenham-hotspur,2025-05-16,2024-2025,M6_oracle_diagnostic,False,0.6016908022494659,0.1905749729499314,0.20773422480071735,H,0.5080115831457835,2.5247614716211784,0.1239769353076634,
eng-premier-league:2024-2025:chelsea:manchester-united,2025-05-16,2024-2025,M5_team_only,True,0.540555481166366,0.2267357846204409,0.23270873421321658,H,0.6151579993144385,2.3288108293832344,0.0,goalkeeper_change|major_lineup_change|returning_player
eng-premier-league:2024-2025:chelsea:manchester-united,2025-05-16,2024-2025,M6_deployable,True,0.5762836592324974,0.2074212040979149,0.21629513666970418,H,0.5511552755615104,2.3717527742574744,0.03572817806613138,goalkeeper_change|major_lineup_change|returning_player
eng-premier-league:2024-2025:chelsea:manchester-united,2025-05-16,2024-2025,M6_oracle_diagnostic,False,0.5520906300422278,0.21749720492188096,0.230412165036007,H,0.5940430613227923,2.355078019564487,0.011535148875861823,goalkeeper_change|major_lineup_change|returning_player
eng-premier-league:2024-2025:arsenal:newcastle-united,2025-05-18,2024-2025,M5_team_only,True,0.5319485433325196,0.2255189772052166,0.2425324794622543,H,0.631208517377643,2.385146806487215,0.0,
eng-premier-league:2024-2025:arsenal:newcastle-united,2025-05-18,2024-2025,M6_deployable,True,0.525829967329386,0.21740744972771858,0.2567625829430088,H,0.6427773745307024,2.4314114046080864,-0.006118576003133591,
eng-premier-league:2024-2025:arsenal:newcastle-united,2025-05-18,2024-2025,M6_oracle_diagnostic,False,0.4933758426678621,0.2280235667388508,0.2786005905934013,H,0.7064840370343071,2.427137821878347,-0.03857270066465751,
eng-premier-league:2024-2025:brentford:fulham,2025-05-18,2024-2025,M5_team_only,True,0.4621276600703218,0.2379211916656036,0.2999511482640651,A,1.204135656705448,3.691321035167026,0.0,
eng-premier-league:2024-2025:brentford:fulham,2025-05-18,2024-2025,M6_deployable,True,0.4660776330035421,0.22735225112438306,0.30657011587218813,A,1.1823087867267488,3.7209230267823092,0.003949972933220303,
eng-premier-league:2024-2025:brentford:fulham,2025-05-18,2024-2025,M6_oracle_diagnostic,False,0.49237881198170697,0.23002460700643332,0.27759658101197277,A,1.2815863666646243,3.764044813267373,0.030251151911385166,
eng-premier-league:2024-2025:everton:southampton,2025-05-18,2024-2025,M5_team_only,True,0.6775637968646174,0.2018085932120229,0.12062760992335042,H,0.3892515655477107,1.9916878025255655,0.0,major_lineup_change|promoted_team
eng-premier-league:2024-2025:everton:southampton,2025-05-18,2024-2025,M6_deployable,True,0.654415409012205,0.20620340247181304,0.13938118851609516,H,0.424012947191779,2.0467393705561676,-0.023148387852412466,major_lineup_change|promoted_team
eng-premier-league:2024-2025:everton:southampton,2025-05-18,2024-2025,M6_oracle_diagnostic,False,0.6716545162859114,0.20099485852692756,0.12735062518727341,H,0.3980111833299936,2.015744366551495,-0.005909280578705989,major_lineup_change|promoted_team
eng-premier-league:2024-2025:leicester-city:ipswich-town,2025-05-18,2024-2025,M5_team_only,True,0.3917580956320142,0.24857153234992088,0.35967037201805546,H,0.9371107326576443,2.76128957006563,0.0,major_lineup_change|promoted_team|returning_player
eng-premier-league:2024-2025:leicester-city:ipswich-town,2025-05-18,2024-2025,M6_deployable,True,0.3939539745297471,0.2383662623350979,0.3676797631352684,H,0.931521192422061,2.7549885762756983,0.002195878897732928,major_lineup_change|promoted_team|returning_player
eng-premier-league:2024-2025:leicester-city:ipswich-town,2025-05-18,2024-2025,M6_oracle_diagnostic,False,0.39592249076409725,0.24255496206547092,0.36152254717054555,H,0.9265368172790437,2.747447263168726,0.004164395132083054,major_lineup_change|promoted_team|returning_player
eng-premier-league:2024-2025:west-ham-united:nottingham-forest,2025-05-18,2024-2025,M5_team_only,True,0.33934062203250515,0.24619034697705197,0.41446903099043353,A,0.8807570213344967,2.4592908402921436,0.0,
eng-premier-league:2024-2025:west-ham-united:nottingham-forest,2025-05-18,2024-2025,M6_deployable,True,0.34070185384266427,0.23494834054724978,0.4243498056101992,A,0.8571971506549284,2.4899618684904343,0.0013612318101591248,
eng-premier-league:2024-2025:west-ham-united:nottingham-forest,2025-05-18,2024-2025,M6_oracle_diagnostic,False,0.32049603274839356,0.24014580523311266,0.4393581620186062,A,0.8224403397265435,2.4479664119796753,-0.01884458928411159,
eng-premier-league:2024-2025:brighton-hove-albion:liverpool,2025-05-19,2024-2025,M5_team_only,True,0.22554104297260383,0.21251706166677575,0.5619418953604213,H,1.4892531278532979,3.793187560078746,0.0,major_lineup_change
eng-premier-league:2024-2025:brighton-hove-albion:liverpool,2025-05-19,2024-2025,M6_deployable,True,0.23387111978168398,0.20317604045618265,0.5629528397621646,H,1.4529850855177806,3.8068176767847817,0.008330076809080156,major_lineup_change
eng-premier-league:2024-2025:brighton-hove-albion:liverpool,2025-05-19,2024-2025,M6_oracle_diagnostic,False,0.2674563985328563,0.21435531195644544,0.5181882895107285,H,1.318798722070245,3.7004126591077475,0.04191535556025247,major_lineup_change
eng-premier-league:2024-2025:crystal-palace:wolverhampton-wanderers,2025-05-20,2024-2025,M5_team_only,True,0.4733983658233883,0.2418367273907067,0.284764906785834,H,0.7478180339078139,4.382036520117228,0.0,goalkeeper_change|major_lineup_change|returning_player
eng-premier-league:2024-2025:crystal-palace:wolverhampton-wanderers,2025-05-20,2024-2025,M6_deployable,True,0.46840923446080146,0.23310005972219217,0.29849070581704373,H,0.7584129325494066,4.417729554015131,-0.004989131362586829,goalkeeper_change|major_lineup_change|returning_player
eng-premier-league:2024-2025:crystal-palace:wolverhampton-wanderers,2025-05-20,2024-2025,M6_oracle_diagnostic,False,0.43802224588361915,0.2374856478908027,0.32449210622561575,H,0.8254855802068153,4.486258500761928,-0.035376119939769135,goalkeeper_change|major_lineup_change|returning_player
eng-premier-league:2024-2025:manchester-city:bournemouth,2025-05-20,2024-2025,M5_team_only,True,0.5704754687944267,0.22088580027779364,0.20863873092770868,H,0.5612851100884257,2.8054808980845114,0.0,
eng-premier-league:2024-2025:manchester-city:bournemouth,2025-05-20,2024-2025,M6_deployable,True,0.5755627920587887,0.21052181525759034,0.21391539268365828,H,0.5524069480687527,2.8283341942587237,0.005087323264362009,
eng-premier-league:2024-2025:manchester-city:bournemouth,2025-05-20,2024-2025,M6_oracle_diagnostic,False,0.568164687834458,0.21737087430557975,0.21446443785999947,H,0.565343958915917,2.8241053297132552,-0.002310780959968728,
eng-premier-league:2024-2025:bournemouth:leicester-city,2025-05-25,2024-2025,M5_team_only,True,0.6619169266932623,0.19174358973555877,0.14633948357110915,H,0.41261521929821204,2.212870722598069,0.0,promoted_team
eng-premier-league:2024-2025:bournemouth:leicester-city,2025-05-25,2024-2025,M6_deployable,True,0.6495382136013506,0.1896558597000383,0.16080592669863736,H,0.4314936091882833,2.255881665028631,-0.012378713091911742,promoted_team
eng-premier-league:2024-2025:bournemouth:leicester-city,2025-05-25,2024-2025,M6_oracle_diagnostic,False,0.6693493116485805,0.18441139286628253,0.14623929548516332,H,0.40144921513862725,2.225020248781728,0.007432384955318172,promoted_team
eng-premier-league:2024-2025:fulham:manchester-city,2025-05-25,2024-2025,M5_team_only,True,0.2521604887618942,0.2309533825574541,0.5168861286805818,A,0.6599326827359261,2.484468647635323,0.0,major_lineup_change
eng-premier-league:2024-2025:fulham:manchester-city,2025-05-25,2024-2025,M6_deployable,True,0.2584014690066197,0.2211580171635697,0.5204405138298367,A,0.6530796840484546,2.4956229269435317,0.006240980244725525,major_lineup_change
eng-premier-league:2024-2025:fulham:manchester-city,2025-05-25,2024-2025,M6_oracle_diagnostic,False,0.24892982334329916,0.22269973168122947,0.528370444975496,A,0.6379576409499512,2.473418926452322,-0.0032306654185950134,major_lineup_change
eng-premier-league:2024-2025:ipswich-town:west-ham-united,2025-05-25,2024-2025,M5_team_only,True,0.2709449175472097,0.23587709991391068,0.49317798253880996,A,0.7068851507427528,2.9453047953173996,0.0,goalkeeper_change|major_lineup_change|promoted_team
eng-premier-league:2024-2025:ipswich-town:west-ham-united,2025-05-25,2024-2025,M6_deployable,True,0.28830933988711493,0.2286089870173662,0.48308167309554495,A,0.7275695441886753,2.985109363043266,0.01736442233990526,goalkeeper_change|major_lineup_change|promoted_team
eng-premier-league:2024-2025:ipswich-town:west-ham-united,2025-05-25,2024-2025,M6_oracle_diagnostic,False,0.2820014056648096,0.23058680851240707,0.4874117858228095,A,0.7186459570763918,2.9712512989784243,0.011056488117599905,goalkeeper_change|major_lineup_change|promoted_team
eng-premier-league:2024-2025:liverpool:crystal-palace,2025-05-25,2024-2025,M5_team_only,True,0.6141337539636901,0.20214840259743477,0.18371784343880548,D,1.5987531849921994,2.3764072711598696,0.0,major_lineup_change
eng-premier-league:2024-2025:liverpool:crystal-palace,2025-05-25,2024-2025,M6_deployable,True,0.5894023793649961,0.20117421715048484,0.2094234034845452,D,1.6035839943431969,2.380496540837474,-0.02473137459869401,major_lineup_change
eng-premier-league:2024-2025:liverpool:crystal-palace,2025-05-25,2024-2025,M6_oracle_diagnostic,False,0.6194410471436177,0.1978970458792483,0.18266190697716192,D,1.620008353825868,2.396931247113274,0.005307293179927619,major_lineup_change
eng-premier-league:2024-2025:manchester-united:aston-villa,2025-05-25,2024-2025,M5_team_only,True,0.3176739243580028,0.24513021688907735,0.43719585875285005,H,1.146729817379792,3.0182659821721307,0.0,goalkeeper_change
eng-premier-league:2024-2025:manchester-united:aston-villa,2025-05-25,2024-2025,M6_deployable,True,0.30733154777574023,0.2308311452739808,0.46183730695030484,H,1.1798281539508548,3.049922426587147,-0.010342376582262558,goalkeeper_change
eng-premier-league:2024-2025:manchester-united:aston-villa,2025-05-25,2024-2025,M6_oracle_diagnostic,False,0.28647825898351925,0.23235999403707208,0.48116174697943426,H,1.2500926305810238,3.132834428446956,-0.03119566537448354,goalkeeper_change
eng-premier-league:2024-2025:newcastle-united:everton,2025-05-25,2024-2025,M5_team_only,True,0.5423361696956721,0.23235824129689822,0.22530558900735975,A,1.490297624894858,2.7446314306099944,0.0,major_lineup_change
eng-premier-league:2024-2025:newcastle-united:everton,2025-05-25,2024-2025,M6_deployable,True,0.5469093029188838,0.22287638457347952,0.23021431250766283,A,1.4687446103974533,2.756923812266128,0.004573133223211734,major_lineup_change
eng-premier-league:2024-2025:newcastle-united:everton,2025-05-25,2024-2025,M6_oracle_diagnostic,False,0.5792639442998792,0.2179643228047733,0.2027717328953744,A,1.5956744011250783,2.8408078591893355,0.03692777460420704,major_lineup_change
eng-premier-league:2024-2025:nottingham-forest:chelsea,2025-05-25,2024-2025,M5_team_only,True,0.3574299097396245,0.2447783103410441,0.3977917799192618,A,0.9218265766288029,2.4797889453625204,0.0,
eng-premier-league:2024-2025:nottingham-forest:chelsea,2025-05-25,2024-2025,M6_deployable,True,0.35514519153391766,0.2319826460638093,0.4128721624022992,A,0.8846172680715514,2.5032960485601334,-0.0022847182057068594,
eng-premier-league:2024-2025:nottingham-forest:chelsea,2025-05-25,2024-2025,M6_oracle_diagnostic,False,0.36975122016354184,0.241470084060735,0.38877869577574997,A,0.9447450027126016,2.5020615689779158,0.01232131042391732,
eng-premier-league:2024-2025:southampton:arsenal,2025-05-25,2024-2025,M5_team_only,True,0.05649065517587196,0.12490391791320105,0.8186054269108572,A,0.2001530854431742,2.5918614782951486,0.0,major_lineup_change|promoted_team|returning_player
eng-premier-league:2024-2025:southampton:arsenal,2025-05-25,2024-2025,M6_deployable,True,0.06978065023753158,0.13333471807399394,0.7968846316885005,A,0.22704536388360616,2.5996914112064555,0.01328999506165962,major_lineup_change|promoted_team|returning_player
eng-premier-league:2024-2025:southampton:arsenal,2025-05-25,2024-2025,M6_oracle_diagnostic,False,0.07609862202413918,0.1409157446964095,0.782985633279477,A,0.24464093146173888,2.569574543492933,0.019607966848267225,major_lineup_change|promoted_team|returning_player
eng-premier-league:2024-2025:tottenham-hotspur:brighton-hove-albion,2025-05-25,2024-2025,M5_team_only,True,0.4308276374646443,0.22690495658459833,0.34226740595068766,A,1.0721629586905932,4.1725111296733814,0.0,goalkeeper_change|major_lineup_change|returning_player
eng-premier-league:2024-2025:tottenham-hotspur:brighton-hove-albion,2025-05-25,2024-2025,M6_deployable,True,0.407733532479306,0.21494240853282293,0.3773240589878973,A,0.974650887843161,3.9541385733730796,-0.023094104985338315,goalkeeper_change|major_lineup_change|returning_player
eng-premier-league:2024-2025:tottenham-hotspur:brighton-hove-albion,2025-05-25,2024-2025,M6_oracle_diagnostic,False,0.3663077851339142,0.2201258002462563,0.41356641461985616,A,0.8829371616482348,3.8323369730611914,-0.0645198523307301,goalkeeper_change|major_lineup_change|returning_player
eng-premier-league:2024-2025:wolverhampton-wanderers:brentford,2025-05-25,2024-2025,M5_team_only,True,0.33917574232375663,0.23479889043301186,0.42602536724316187,D,1.4490259166227861,2.2408230139235736,0.0,goalkeeper_change|major_lineup_change
eng-premier-league:2024-2025:wolverhampton-wanderers:brentford,2025-05-25,2024-2025,M6_deployable,True,0.34384275593207186,0.2233266569481391,0.43283058711981504,D,1.499119749974141,2.2888699465023907,0.004667013608315229,goalkeeper_change|major_lineup_change
eng-premier-league:2024-2025:wolverhampton-wanderers:brentford,2025-05-25,2024-2025,M6_oracle_diagnostic,False,0.35384931846242834,0.23102417175287823,0.4151265097847183,D,1.4652329343118375,2.2551132298559984,0.014673576138671707,goalkeeper_change|major_lineup_change
