season_id,model_id,origin,as_of,competition_id,team_id,promoted,entry_cohort,actual_points,mean_points,rank_rps,trps,actual_rank,rank_error,rank_sd,rank_pit,rank_coverage_50,rank_width_50,rank_coverage_80,rank_width_80,rank_coverage_90,rank_width_90,rank_coverage_95,rank_width_95,points_error,points_sd,points_crps,pit,coverage_50,width_50,coverage_80,width_80,coverage_90,width_90,coverage_95,width_95,title_probability,title_observed,title_brier,relegation_probability,relegation_observed,relegation_brier,automatic_promotion_probability,automatic_promotion_observed,automatic_promotion_brier,playoff_qualification_probability,playoff_qualification_observed,playoff_qualification_brier,promotion_probability,promotion_observed,promotion_brier
2016-2017,retained,preseason,2016-08-05,eng-championship,aston-villa,True,relegated_from_pl,62.0,63.07875,0.12019200815217389,0.12019200815217389,13.0,-0.3727499999999999,8.365901471897693,0.5159497691888388,1.0,17,1.0,23,1.0,23,1.0,23,1.0787499999999994,21.701245319969544,5.293268937499997,0.4975490550390945,1,31,1,57,1,72,1,83,0.112,0.0,0.012544000000000001,0.2335,0.0,0.05452225000000001,0.175,0.0,0.030624999999999996,0.16025,0.0,0.0256800625,1.175,0.0,1.3806250000000002
2016-2017,retained,preseason,2016-08-05,eng-championship,barnsley,False,promoted_from_lower,58.0,54.281,0.10495688858695652,0.10495688858695652,14.0,2.5542500000000032,6.188986745623229,0.30749215520319434,1.0,10,1.0,17,1.0,19,1.0,21,-3.7190000000000083,13.32827967143547,3.631595749999999,0.6323904862219109,1,18,1,35,1,44,1,52,0.0065,0.0,4.225e-05,0.28275,0.0,0.0799475625,0.017499999999999998,0.0,0.00030624999999999994,0.07150000000000001,0.0,0.005112250000000001,0.017499999999999998,0.0,0.00030624999999999994
2016-2017,retained,preseason,2016-08-05,eng-championship,birmingham-city,False,incumbent,53.0,62.1715,0.15306906521739136,0.15306906521739136,19.0,-6.1080000000000005,5.997194010535261,0.8193677349573604,0.0,10,1.0,16,1.0,19,1.0,21,9.171500000000002,11.471337661755056,5.357405124999994,0.23280833857854982,0,16,1,30,1,38,1,46,0.01275,0.0,0.00016256249999999997,0.0815,0.0,0.006642250000000001,0.03075,0.0,0.0009455625,0.14225,0.0,0.020235062499999998,0.03075,0.0,0.0009455625
2016-2017,retained,preseason,2016-08-05,eng-championship,blackburn-rovers,False,incumbent,51.0,64.35,0.300825116847826,0.300825116847826,22.0,-10.25525,5.968508811880904,0.9580346065442457,0.0,9,0.0,16,1.0,19,1.0,21,13.349999999999994,11.541577015295614,8.263015875000024,0.12274893587153239,0,15,1,30,1,38,1,45,0.01825,0.0,0.00033306249999999997,0.0615,1.0,0.88078225,0.04725,0.0,0.0022325625,0.18224999999999997,0.0,0.03321506249999999,0.04725,0.0,0.0022325625
2016-2017,retained,preseason,2016-08-05,eng-championship,brentford,False,incumbent,64.0,69.30775,0.07274966304347824,0.07274966304347824,10.0,-0.6750000000000007,5.832827359008665,0.5963623999446509,1.0,9,1.0,16,1.0,18,1.0,21,5.307749999999999,11.834442950029375,3.722221812499999,0.3199490809514572,1,17,1,31,1,38,1,46,0.04475,0.0,0.0020025625,0.02625,0.0,0.0006890624999999999,0.1175,0.0,0.013806249999999999,0.26925,0.0,0.0724955625,0.1175,0.0,0.013806249999999999
2016-2017,retained,preseason,2016-08-05,eng-championship,brighton-hove-albion,False,incumbent,93.0,75.3265,0.09511372010869565,0.09511372010869565,2.0,4.64225,4.905279292507206,0.20855947884806664,0.0,7,1.0,13,1.0,16,1.0,17,-17.673500000000004,11.61175687611483,11.73552575,0.933683803033705,0,15,0,30,1,39,1,46,0.109,0.0,0.011881,0.007500000000000001,0.0,5.625000000000001e-05,0.22075,1.0,0.6072305625000001,0.36550000000000005,0.0,0.13359025000000002,0.22075,1.0,0.6072305625000001
2016-2017,retained,preseason,2016-08-05,eng-championship,bristol-city,False,incumbent,54.0,55.58975,0.06700880163043478,0.06700880163043478,17.0,-0.8817499999999967,5.819215319740283,0.46716415764878083,1.0,9,1.0,15,1.0,19,1.0,20,1.5897499999999951,11.848457491905856,2.887954312499991,0.46289717223165555,1,17,1,31,1,39,1,46,0.0025,0.0,6.25e-06,0.22,0.0,0.0484,0.010750000000000001,0.0,0.00011556250000000002,0.06675,0.0,0.0044555625,0.010750000000000001,0.0,0.00011556250000000002
2016-2017,retained,preseason,2016-08-05,eng-championship,burton-albion,False,promoted_from_lower,52.0,63.46675,0.1841142527173913,0.1841142527173913,20.0,-7.41675,8.271672710975695,0.7280126033642241,1.0,17,1.0,23,1.0,23,1.0,23,11.466749999999998,21.77714155800756,7.124883437499992,0.3158009318974389,1,30,1,58,1,73,1,86,0.113,0.0,0.012769,0.22375,0.0,0.0500640625,0.17725000000000002,0.0,0.03141756250000001,0.14675,0.0,0.021535562499999997,0.17725000000000002,0.0,0.03141756250000001
2016-2017,retained,preseason,2016-08-05,eng-championship,cardiff-city,False,incumbent,62.0,64.38625,0.07212723369565217,0.07212723369565217,12.0,-0.2370000000000001,6.017543601836217,0.5338506688791264,1.0,10,1.0,16,1.0,19,1.0,21,2.3862499999999898,11.57195147490258,2.947999437499991,0.4117035816810307,1,16,1,30,1,38,1,45,0.02075,0.0,0.00043056250000000006,0.0615,0.0,0.00378225,0.0485,0.0,0.00235225,0.18175000000000002,0.0,0.03303306250000001,0.0485,0.0,0.00235225
2016-2017,retained,preseason,2016-08-05,eng-championship,derby-county,False,incumbent,67.0,75.12575,0.09201485326086957,0.09201485326086957,9.0,-2.234,5.154633255625467,0.7415638547566316,1.0,7,1.0,14,1.0,16,1.0,19,8.125749999999982,11.942149594503496,5.055506937500015,0.23583652104032862,1,16,1,30,1,40,1,47,0.109,0.0,0.011881,0.01025,0.0,0.00010506250000000001,0.224,0.0,0.050176000000000005,0.36875,0.0,0.1359765625,0.224,0.0,0.050176000000000005
2016-2017,retained,preseason,2016-08-05,eng-championship,fulham,False,incumbent,80.0,55.2425,0.31922538043478255,0.31922538043478255,6.0,10.329,5.681043830142484,0.06517611835844168,0.0,9,0.0,15,1.0,18,1.0,20,-24.7575,11.705797441866146,18.344415875000006,0.9812608471971198,0,16,0,30,0,39,0,46,0.00325,0.0,1.05625e-05,0.22325,0.0,0.049840562500000005,0.0105,0.0,0.00011025000000000001,0.055249999999999994,1.0,0.8925525625,0.0105,0.0,0.00011025000000000001
2016-2017,retained,preseason,2016-08-05,eng-championship,huddersfield-town,False,incumbent,81.0,56.66925,0.3288818559782608,0.3288818559782608,5.0,10.670250000000001,5.75326124363391,0.048143315785548355,0.0,9,0.0,16,1.0,19,1.0,20,-24.330750000000002,11.457829394675938,18.0651330625,0.9798977706191998,0,15,0,29,0,38,0,45,0.00475,0.0,2.25625e-05,0.18,0.0,0.0324,0.0125,0.0,0.00015625000000000003,0.07175000000000001,1.0,0.8616480625,0.0125,1.0,0.97515625
2016-2017,retained,preseason,2016-08-05,eng-championship,ipswich-town,False,incumbent,55.0,65.4045,0.12973957336956526,0.12973957336956526,16.0,-4.752749999999999,5.976505453649315,0.7568535266143577,1.0,10,1.0,17,1.0,20,1.0,21,10.404499999999999,11.559622820403787,6.179816250000009,0.19151554495952075,0,16,1,29,1,38,1,45,0.0205,0.0,0.00042025000000000005,0.05374999999999999,0.0,0.0028890624999999993,0.05525000000000001,0.0,0.003052562500000001,0.20525,0.0,0.04212756249999999,0.05525000000000001,0.0,0.003052562500000001
2016-2017,retained,preseason,2016-08-05,eng-championship,leeds-united,False,incumbent,75.0,58.28475,0.21905008423913042,0.21905008423913042,7.0,7.816750000000001,5.87866221495163,0.10987850983962127,0.0,10,1.0,16,1.0,19,1.0,21,-16.715249999999997,11.386051441895912,11.023549312499995,0.9222439667158174,0,16,0,29,1,38,1,44,0.00325,0.0,1.05625e-05,0.14375000000000002,0.0,0.020664062500000004,0.012249999999999999,0.0,0.00015006249999999997,0.0975,0.0,0.00950625,0.012249999999999999,0.0,0.00015006249999999997
2016-2017,retained,preseason,2016-08-05,eng-championship,newcastle-united,True,relegated_from_pl,94.0,63.44925,0.2916789293478261,0.2916789293478261,1.0,11.505999999999998,8.391749757946789,0.09629533582340559,0.0,17,1.0,23,1.0,23,1.0,23,-30.550749999999994,22.099285609211446,19.8474220625,0.9103576665171363,0,31,0,58,1,73,1,86,0.11975,1.0,0.7748400625,0.23049999999999998,0.0,0.05313024999999999,0.181,1.0,0.6707609999999999,0.14975,0.0,0.0224250625,0.181,1.0,0.6707609999999999
2016-2017,retained,preseason,2016-08-05,eng-championship,norwich-city,True,relegated_from_pl,70.0,78.6855,0.0954627445652174,0.0954627445652174,8.0,-2.375,4.854984551983661,0.7325139819769849,1.0,6,1.0,12,1.0,15,1.0,17,8.68549999999999,12.826070705792947,5.29362012499999,0.2457697294850223,1,17,1,33,1,42,1,49,0.18975,0.0,0.036005062500000004,0.0055,0.0,3.0249999999999997e-05,0.35,0.0,0.12249999999999998,0.3255,0.0,0.10595025000000001,0.35,0.0,0.12249999999999998
2016-2017,retained,preseason,2016-08-05,eng-championship,nottingham-forest,False,incumbent,51.0,61.2415,0.1982027500000001,0.1982027500000001,21.0,-7.659500000000001,6.046863629188276,0.8864255005486984,0.0,9,1.0,17,1.0,20,1.0,21,10.241500000000002,11.645736462328177,6.096972750000005,0.19232454344418964,0,16,1,30,1,39,1,45,0.00725,0.0,5.2562500000000004e-05,0.10350000000000001,0.0,0.010712250000000001,0.02775,0.0,0.0007700625,0.13275,0.0,0.0176225625,0.02775,0.0,0.0007700625
2016-2017,retained,preseason,2016-08-05,eng-championship,preston-north-end,False,incumbent,62.0,61.38575,0.08568349999999998,0.08568349999999998,11.0,2.258000000000001,6.0804963613178815,0.3806456838141161,1.0,10,1.0,16,1.0,20,1.0,21,-0.6142499999999984,11.697390603784248,2.802436187499998,0.5147275320328493,1,17,1,29,1,38,1,45,0.007,0.0,4.9000000000000005e-05,0.0965,0.0,0.009312250000000001,0.02825,0.0,0.0007980625,0.14150000000000001,0.0,0.020022250000000005,0.02825,0.0,0.0007980625
2016-2017,retained,preseason,2016-08-05,eng-championship,queens-park-rangers,False,incumbent,53.0,65.11475,0.1737418831521739,0.1737418831521739,18.0,-6.565750000000001,6.067056694765593,0.8429349425636228,0.0,10,1.0,17,1.0,20,1.0,21,12.11475,12.000274265094944,7.250721687499977,0.15339596886548587,0,16,1,31,1,40,1,47,0.02425,0.0,0.0005880625,0.055749999999999994,0.0,0.0031080624999999993,0.0595,0.0,0.0035402499999999996,0.195,0.0,0.038025,0.0595,0.0,0.0035402499999999996
2016-2017,retained,preseason,2016-08-05,eng-championship,reading,False,incumbent,85.0,57.87325,0.3795760597826086,0.3795760597826086,3.0,12.054499999999999,5.8934734876810975,0.016659777396258953,0.0,9,0.0,16,0.0,19,1.0,21,-27.12675,11.421282083789894,20.741931562500007,0.9893264680022943,0,16,0,30,0,37,0,45,0.00475,0.0,2.25625e-05,0.1525,0.0,0.02325625,0.015,0.0,0.000225,0.08499999999999999,1.0,0.837225,0.015,0.0,0.000225
2016-2017,retained,preseason,2016-08-05,eng-championship,rotherham-united,False,incumbent,23.0,54.3275,0.17831597554347825,0.17831597554347825,24.0,-7.232750000000003,5.581718143860365,0.946134458568676,0.0,8,0.0,15,1.0,18,1.0,19,31.3275,11.37432388100497,24.893063875000003,0.0009860711034620775,0,16,0,29,0,37,0,45,0.0035,0.0,1.2250000000000001e-05,0.2425,1.0,0.5738062500000001,0.0095,0.0,9.025e-05,0.048,0.0,0.002304,0.0095,0.0,9.025e-05
2016-2017,retained,preseason,2016-08-05,eng-championship,sheffield-wednesday,False,incumbent,81.0,69.98625,0.10974949728260869,0.10974949728260869,4.0,5.010750000000002,5.60590175061069,0.22822523258740954,1.0,9,1.0,15,1.0,18,1.0,20,-11.013750000000002,11.575170017649848,6.603760812499999,0.8184535663947625,0,16,1,30,1,38,1,46,0.0435,0.0,0.0018922499999999998,0.01975,0.0,0.0003900625,0.1105,0.0,0.01221025,0.29225,1.0,0.5009100625,0.1105,0.0,0.01221025
2016-2017,retained,preseason,2016-08-05,eng-championship,wigan-athletic,False,promoted_from_lower,42.0,56.86475,0.18268251630434787,0.18268251630434787,23.0,-7.568000000000001,6.1348493054027005,0.8985704178610652,0.0,10,1.0,17,1.0,20,1.0,21,14.86475,12.53435109758379,9.161653312499999,0.1170637746342048,0,17,1,32,1,41,1,49,0.0065,0.0,4.225e-05,0.20299999999999999,1.0,0.635209,0.01775,0.0,0.00031506249999999997,0.08675000000000001,0.0,0.007525562500000001,0.01775,0.0,0.00031506249999999997
2016-2017,retained,preseason,2016-08-05,eng-championship,wolverhampton-wanderers,False,incumbent,58.0,62.958,0.08752814673913044,0.08752814673913044,15.0,-2.5075000000000003,6.0909723156487905,0.6411750632348708,1.0,9,1.0,17,1.0,19,1.0,21,4.957999999999998,11.75728438033205,3.5570352500000118,0.34413931590087643,1,16,1,30,1,39,1,46,0.0135,0.0,0.00018224999999999998,0.08125,0.0,0.006601562500000001,0.041,0.0,0.0016810000000000002,0.15875,0.0,0.0252015625,0.041,0.0,0.0016810000000000002
2016-2017,generic,preseason,2016-08-05,eng-championship,aston-villa,True,relegated_from_pl,62.0,69.80375,0.1256309673913043,0.1256309673913043,13.0,-3.703500000000002,6.530358929645445,0.7266278613213747,1.0,10,1.0,17,1.0,21,1.0,22,7.803749999999994,13.672828381044647,5.003104937499984,0.28515314265855535,1,19,1,35,1,45,1,53,0.088,0.0,0.007743999999999999,0.05175,0.0,0.0026780625,0.16799999999999998,0.0,0.028223999999999996,0.25775000000000003,0.0,0.06643506250000002,1.168,0.0,1.3642239999999999
2016-2017,generic,preseason,2016-08-05,eng-championship,barnsley,False,promoted_from_lower,58.0,53.67575,0.11287657065217388,0.11287657065217388,14.0,2.9100000000000037,6.25335110160944,0.29631434166883835,1.0,9,1.0,17,1.0,19,1.0,21,-4.324249999999999,13.353617934383925,3.7693936874999947,0.6373535600072611,1,19,1,34,1,44,1,53,0.00775,0.0,6.0062499999999996e-05,0.31575,0.0,0.09969806249999999,0.02175,0.0,0.00047306249999999996,0.063,0.0,0.003969,0.02175,0.0,0.00047306249999999996
2016-2017,generic,preseason,2016-08-05,eng-championship,birmingham-city,False,incumbent,53.0,61.596,0.1419842391304348,0.1419842391304348,19.0,-5.7415,6.1771496460746365,0.7919653693514699,0.0,10,1.0,17,1.0,20,1.0,22,8.596000000000004,11.580491526701273,5.085878124999992,0.24372301358417767,0,15,1,30,1,38,1,45,0.017,0.0,0.00028900000000000003,0.106,0.0,0.011236,0.0395,0.0,0.00156025,0.12725,0.0,0.0161925625,0.0395,0.0,0.00156025
2016-2017,generic,preseason,2016-08-05,eng-championship,blackburn-rovers,False,incumbent,51.0,63.89875,0.28733202989130435,0.28733202989130435,22.0,-10.022749999999998,6.1262331360714635,0.9503913875330282,0.0,10,0.0,17,1.0,19,1.0,21,12.898749999999993,11.49710826414625,7.895267312500012,0.13635106349037773,0,16,1,30,1,38,1,44,0.02175,0.0,0.00047306249999999996,0.07,1.0,0.8649,0.049,0.0,0.0024010000000000004,0.1765,0.0,0.031152249999999996,0.049,0.0,0.0024010000000000004
2016-2017,generic,preseason,2016-08-05,eng-championship,brentford,False,incumbent,64.0,69.5195,0.07704920652173915,0.07704920652173915,10.0,-0.7824999999999989,5.992594909552955,0.5984839358018009,1.0,9,1.0,16,1.0,20,1.0,21,5.519499999999994,11.994545416563312,3.823942499999987,0.31451671036101064,1,16,1,31,1,39,1,47,0.06325,0.0,0.0040005625,0.032,0.0,0.001024,0.13125,0.0,0.0172265625,0.27549999999999997,0.0,0.07590024999999999,0.13125,0.0,0.0172265625
2016-2017,generic,preseason,2016-08-05,eng-championship,brighton-hove-albion,False,incumbent,93.0,75.51425,0.0879790733695652,0.0879790733695652,2.0,4.50625,5.062949825694504,0.24790044869004577,1.0,7,1.0,13,1.0,16,1.0,18,-17.485749999999996,11.738879713903708,11.517955687499992,0.9312642195386062,0,17,0,31,1,37,1,45,0.13275,0.0,0.0176225625,0.0085,0.0,7.225000000000001e-05,0.262,1.0,0.544644,0.33625,0.0,0.11306406249999999,0.262,1.0,0.544644
2016-2017,generic,preseason,2016-08-05,eng-championship,bristol-city,False,incumbent,54.0,55.884,0.06799558695652172,0.06799558695652172,17.0,-0.8770000000000024,5.922910686478398,0.4607876714605353,1.0,9,1.0,16,1.0,19,1.0,21,1.8840000000000003,11.726595584397034,2.8214058749999946,0.4481308151535633,1,16,1,30,1,39,1,47,0.005,0.0,2.5e-05,0.22299999999999998,0.0,0.04972899999999999,0.01625,0.0,0.00026406250000000003,0.0625,0.0,0.00390625,0.01625,0.0,0.00026406250000000003
2016-2017,generic,preseason,2016-08-05,eng-championship,burton-albion,False,promoted_from_lower,52.0,62.65175,0.17752302173913048,0.17752302173913048,20.0,-7.137499999999999,8.541433939918988,0.6948012100061556,1.0,18,1.0,23,1.0,23,1.0,23,10.651750000000007,21.99537387582898,6.958060062499998,0.33784043299586736,1,31,1,57,1,72,1,85,0.1285,0.0,0.01651225,0.25775,0.0,0.06643506249999999,0.187,0.0,0.034969,0.1345,0.0,0.018090250000000002,0.187,0.0,0.034969
2016-2017,generic,preseason,2016-08-05,eng-championship,cardiff-city,False,incumbent,62.0,64.1985,0.07561862771739132,0.07561862771739132,12.0,-0.10474999999999923,6.227622133487227,0.5146663026925282,1.0,10,1.0,17,1.0,20,1.0,21,2.1984999999999957,11.736677457866856,2.917902874999996,0.42159098931487765,1,16,1,31,1,38,1,46,0.02325,0.0,0.0005405625,0.06525,0.0,0.0042575625,0.0605,0.0,0.00366025,0.18324999999999997,0.0,0.03358056249999999,0.0605,0.0,0.00366025
2016-2017,generic,preseason,2016-08-05,eng-championship,derby-county,False,incumbent,67.0,74.75875,0.09025221467391305,0.09025221467391305,9.0,-2.17675,5.221303423236386,0.7249918961651847,1.0,7,1.0,14,1.0,16,1.0,18,7.758749999999992,11.754958461751364,4.740732937499993,0.25004785743947955,1,16,1,31,1,39,1,45,0.12575,0.0,0.0158130625,0.0095,0.0,9.025e-05,0.24725,0.0,0.0611325625,0.32975,0.0,0.1087350625,0.24725,0.0,0.0611325625
2016-2017,generic,preseason,2016-08-05,eng-championship,fulham,False,incumbent,80.0,55.3015,0.3201787989130435,0.3201787989130435,6.0,10.393,5.921152843830329,0.08154536051606132,0.0,9,0.0,16,1.0,19,1.0,21,-24.698500000000003,11.768224069501736,18.213546875,0.9787474572263383,0,16,0,30,0,39,1,47,0.00625,0.0,3.906250000000001e-05,0.24175000000000002,0.0,0.05844306250000001,0.014750000000000001,0.0,0.00021756250000000004,0.0675,1.0,0.86955625,0.014750000000000001,0.0,0.00021756250000000004
2016-2017,generic,preseason,2016-08-05,eng-championship,huddersfield-town,False,incumbent,81.0,56.584,0.3293293695652174,0.3293293695652174,5.0,10.776,5.96769000535383,0.054278984206993515,0.0,10,0.0,16,1.0,19,1.0,21,-24.416000000000004,11.524536606736081,18.06820950000001,0.9804562738405598,0,16,0,30,0,38,0,44,0.00525,0.0,2.7562500000000002e-05,0.20575,0.0,0.0423330625,0.013250000000000001,0.0,0.00017556250000000005,0.07600000000000001,1.0,0.853776,0.013250000000000001,1.0,0.9736755625
2016-2017,generic,preseason,2016-08-05,eng-championship,ipswich-town,False,incumbent,55.0,65.15325,0.12611477989130435,0.12611477989130435,16.0,-4.645250000000001,6.073623501461051,0.7462636726368811,1.0,10,1.0,17,1.0,20,1.0,21,10.153249999999986,11.444704646145308,6.015236187499996,0.19323732603827165,0,16,1,29,1,38,1,45,0.02475,0.0,0.0006125625,0.056499999999999995,0.0,0.0031922499999999993,0.06275,0.0,0.0039375625,0.19324999999999998,0.0,0.03734556249999999,0.06275,0.0,0.0039375625
2016-2017,generic,preseason,2016-08-05,eng-championship,leeds-united,False,incumbent,75.0,58.09125,0.22563810054347827,0.22563810054347827,7.0,8.01325,6.068531489372038,0.11086592845672129,0.0,10,1.0,17,1.0,19,1.0,21,-16.908749999999998,11.562652093594272,11.195647437500014,0.9269490736155089,0,16,0,30,1,37,1,45,0.01,0.0,0.0001,0.16875,0.0,0.028476562500000004,0.02425,0.0,0.0005880625,0.0865,0.0,0.007482249999999999,0.02425,0.0,0.0005880625
2016-2017,generic,preseason,2016-08-05,eng-championship,newcastle-united,True,relegated_from_pl,94.0,69.8925,0.19518592119565212,0.19518592119565212,1.0,8.22725,6.634953461592628,0.07398055027768947,0.0,11,0.0,18,1.0,21,1.0,22,-24.1075,14.010850928833694,16.582065374999985,0.9643105332393428,0,20,0,36,0,46,1,55,0.092,1.0,0.824464,0.061,0.0,0.003721,0.17775000000000002,1.0,0.6760950625,0.25875,0.0,0.06695156249999999,0.17775000000000002,1.0,0.6760950625
2016-2017,generic,preseason,2016-08-05,eng-championship,norwich-city,True,relegated_from_pl,70.0,69.5765,0.07700609510869563,0.07700609510869563,8.0,1.3707499999999992,6.511704418775472,0.47430660954069226,1.0,10,1.0,17,1.0,21,1.0,22,-0.42349999999999,13.676444996781877,3.241090124999995,0.5120374096397121,1,19,1,35,1,45,1,54,0.0955,0.0,0.00912025,0.051250000000000004,0.0,0.0026265625000000004,0.16975,0.0,0.028815062500000006,0.24525,0.0,0.0601475625,0.16975,0.0,0.028815062500000006
2016-2017,generic,preseason,2016-08-05,eng-championship,nottingham-forest,False,incumbent,51.0,60.79,0.18326973097826085,0.18326973097826085,21.0,-7.315250000000001,6.165984709476662,0.8699997719269648,0.0,10,1.0,17,1.0,20,1.0,22,9.79,11.602172210409567,5.722525375000006,0.2024204670033048,0,15,1,30,1,38,1,45,0.0155,0.0,0.00024024999999999999,0.11925,0.0,0.014220562499999999,0.0335,0.0,0.0011222500000000002,0.12025,0.0,0.014460062499999999,0.0335,0.0,0.0011222500000000002
2016-2017,generic,preseason,2016-08-05,eng-championship,preston-north-end,False,incumbent,62.0,61.39925,0.0881735788043478,0.0881735788043478,11.0,2.319750000000001,6.261590048661762,0.38089858205295773,1.0,11,1.0,18,1.0,20,1.0,21,-0.6007499999999979,11.721640219589577,2.798118312500005,0.5078689684929746,1,16,1,31,1,38,1,45,0.013,0.0,0.000169,0.11099999999999999,0.0,0.012320999999999997,0.0395,0.0,0.00156025,0.137,0.0,0.018769000000000004,0.0395,0.0,0.00156025
2016-2017,generic,preseason,2016-08-05,eng-championship,queens-park-rangers,False,incumbent,53.0,64.904,0.17247436684782605,0.17247436684782605,18.0,-6.51375,6.208688342758074,0.8269779645935473,0.0,10,1.0,17,1.0,20,1.0,22,11.903999999999996,11.743457071918815,7.155070500000012,0.15851392442386103,0,16,1,30,1,38,1,45,0.027,0.0,0.0007289999999999999,0.063,0.0,0.003969,0.06475,0.0,0.0041925625,0.197,0.0,0.038809,0.06475,0.0,0.0041925625
2016-2017,generic,preseason,2016-08-05,eng-championship,reading,False,incumbent,85.0,56.979,0.39994555434782597,0.39994555434782597,3.0,12.549,5.957608496704026,0.015114200599664894,0.0,10,0.0,16,0.0,19,1.0,21,-28.021,11.617166565045023,21.51966687499999,0.9925294088914381,0,16,0,30,0,38,0,46,0.00575,0.0,3.30625e-05,0.19425,0.0,0.037733062500000004,0.01375,0.0,0.0001890625,0.08,1.0,0.8464,0.01375,0.0,0.0001890625
2016-2017,generic,preseason,2016-08-05,eng-championship,rotherham-united,False,incumbent,23.0,53.96225,0.16785749728260868,0.16785749728260868,24.0,-6.922250000000002,5.496244621330095,0.938387909132064,0.0,8,0.0,14,1.0,18,1.0,20,30.962250000000004,11.244435287621162,24.636712687499998,0.001722142206924155,0,15,0,28,0,37,0,45,0.0025,0.0,6.25e-06,0.2615,1.0,0.54538225,0.008,0.0,6.4e-05,0.04625,0.0,0.0021390625,0.008,0.0,6.4e-05
2016-2017,generic,preseason,2016-08-05,eng-championship,sheffield-wednesday,False,incumbent,81.0,69.97875,0.10631702445652173,0.10631702445652173,4.0,4.94875,5.764730994374325,0.23836720145074936,1.0,9,1.0,16,1.0,19,1.0,21,-11.021250000000009,11.70601548083292,6.587873562500009,0.8225947104600193,0,16,1,30,1,39,1,46,0.0575,0.0,0.00330625,0.02575,0.0,0.0006630624999999999,0.12225,0.0,0.0149450625,0.29200000000000004,1.0,0.5012639999999999,0.12225,0.0,0.0149450625
2016-2017,generic,preseason,2016-08-05,eng-championship,wigan-athletic,False,promoted_from_lower,42.0,56.76825,0.1734780027173913,0.1734780027173913,23.0,-7.40775,6.2745908183323,0.8822697605033958,0.0,10,1.0,17,1.0,20,1.0,21,14.768250000000002,12.460178246618304,8.97830056250001,0.12257007970555349,0,17,1,32,1,41,1,48,0.00975,0.0,9.50625e-05,0.21825,1.0,0.6111330625,0.02,0.0,0.0004,0.08925000000000001,0.0,0.007965562500000002,0.02,0.0,0.0004
2016-2017,generic,preseason,2016-08-05,eng-championship,wolverhampton-wanderers,False,incumbent,58.0,63.26775,0.09124490760869566,0.09124490760869566,15.0,-2.663499999999999,6.273736346866992,0.6535911501267238,1.0,10,1.0,17,1.0,20,1.0,21,5.267749999999992,11.803646044231419,3.6886005625000067,0.3359817104310147,1,16,1,31,1,39,1,46,0.02225,0.0,0.0004950625,0.0825,0.0,0.006806250000000001,0.05325,0.0,0.0028355625,0.16475,0.0,0.027142562500000002,0.05325,0.0,0.0028355625
2016-2017,mapped,preseason,2016-08-05,eng-championship,aston-villa,True,relegated_from_pl,62.0,67.667,0.11113235054347827,0.11113235054347827,13.0,-2.6892500000000013,6.955299018554127,0.6667630395445935,1.0,12,1.0,19,1.0,22,1.0,22,5.667000000000002,14.721246924089005,4.383417624999975,0.3489009413553407,1,20,1,38,1,49,1,57,0.0815,0.0,0.006642250000000001,0.08324999999999999,0.0,0.006930562499999998,0.15175,0.0,0.023028062499999998,0.22724999999999998,0.0,0.05164256249999999,1.15175,0.0,1.3265280625000002
2016-2017,mapped,preseason,2016-08-05,eng-championship,barnsley,False,promoted_from_lower,58.0,53.5255,0.11462849456521741,0.11462849456521741,14.0,3.0189999999999984,6.17362446217779,0.28593334497877737,1.0,9,1.0,17,1.0,19,1.0,21,-4.474499999999992,13.253691929043772,3.8179867499999913,0.646686327773758,1,17,1,34,1,44,1,51,0.008,0.0,6.4e-05,0.31525000000000003,0.0,0.09938256250000002,0.018500000000000003,0.0,0.0003422500000000001,0.0625,0.0,0.00390625,0.018500000000000003,0.0,0.0003422500000000001
2016-2017,mapped,preseason,2016-08-05,eng-championship,birmingham-city,False,incumbent,53.0,62.348,0.1536218260869565,0.1536218260869565,19.0,-6.167999999999999,6.236768073289241,0.8135526453612872,0.0,10,1.0,17,1.0,20,1.0,21,9.347999999999999,11.74931470341994,5.455658000000005,0.22921851584820732,0,16,1,30,1,39,1,47,0.01875,0.0,0.0003515625,0.093,0.0,0.008649,0.04375,0.0,0.0019140624999999997,0.15500000000000003,0.0,0.024025000000000008,0.04375,0.0,0.0019140624999999997
2016-2017,mapped,preseason,2016-08-05,eng-championship,blackburn-rovers,False,incumbent,51.0,64.401,0.29388953804347817,0.29388953804347817,22.0,-10.2045,6.19218699249304,0.9506273189397586,0.0,10,0.0,18,1.0,20,1.0,21,13.40100000000001,11.675302951101527,8.210873749999998,0.12535106349037772,0,16,1,30,1,39,1,46,0.02275,0.0,0.0005175625,0.06925,1.0,0.8662955625,0.05775,0.0,0.0033350625000000004,0.18449999999999997,0.0,0.03404024999999999,0.05775,0.0,0.0033350625000000004
2016-2017,mapped,preseason,2016-08-05,eng-championship,brentford,False,incumbent,64.0,69.26,0.07453962228260869,0.07453962228260869,10.0,-0.6322499999999991,5.987947055335409,0.5902150037234573,1.0,10,1.0,16,1.0,20,1.0,21,5.259999999999991,12.069647882187782,3.699944874999993,0.330721117713399,1,16,1,31,1,40,1,48,0.057,0.0,0.003249,0.03625,0.0,0.0013140625,0.1245,0.0,0.01550025,0.26449999999999996,0.0,0.06996024999999997,0.1245,0.0,0.01550025
2016-2017,mapped,preseason,2016-08-05,eng-championship,brighton-hove-albion,False,incumbent,93.0,75.59675,0.08773000000000004,0.08773000000000004,2.0,4.519,5.1634425531809685,0.2556367888938538,1.0,8,1.0,13,1.0,16,1.0,18,-17.40325,11.88009425204615,11.355433062499987,0.9269338030337048,0,16,0,31,1,39,1,46,0.1465,0.0,0.02146225,0.009,0.0,8.099999999999999e-05,0.269,1.0,0.534361,0.33125000000000004,0.0,0.10972656250000003,0.269,1.0,0.534361
2016-2017,mapped,preseason,2016-08-05,eng-championship,bristol-city,False,incumbent,54.0,55.731,0.0664097554347826,0.0664097554347826,17.0,-0.7334999999999994,5.814892754815002,0.45419491492248865,1.0,9,1.0,15,1.0,19,1.0,21,1.7310000000000088,11.593646492799408,2.753774500000005,0.45550698647851096,1,15,1,30,1,38,1,46,0.00475,0.0,2.25625e-05,0.2245,0.0,0.05040025,0.014499999999999999,0.0,0.00021024999999999996,0.05800000000000001,0.0,0.003364000000000001,0.014499999999999999,0.0,0.00021024999999999996
2016-2017,mapped,preseason,2016-08-05,eng-championship,burton-albion,False,promoted_from_lower,52.0,62.531,0.1766446902173913,0.1766446902173913,20.0,-7.128499999999999,8.425110548236148,0.7050512100061556,1.0,17,1.0,23,1.0,23,1.0,23,10.531000000000006,21.62666268752532,6.87961537500002,0.33019542201158336,1,30,1,57,1,72,1,83,0.12225,0.0,0.0149450625,0.24775,0.0,0.0613800625,0.178,0.0,0.031684,0.1365,0.0,0.018632250000000003,0.178,0.0,0.031684
2016-2017,mapped,preseason,2016-08-05,eng-championship,cardiff-city,False,incumbent,62.0,64.76025,0.07506090489130436,0.07506090489130436,12.0,-0.44624999999999915,6.221182438853566,0.5467602375391135,1.0,11,1.0,17,1.0,20,1.0,22,2.760249999999999,11.802617080016619,3.044094062500002,0.3862333760832535,1,16,1,31,1,39,1,47,0.02775,0.0,0.0007700625,0.07075000000000001,0.0,0.005005562500000001,0.06225,0.0,0.0038750625,0.19199999999999998,0.0,0.036863999999999994,0.06225,0.0,0.0038750625
2016-2017,mapped,preseason,2016-08-05,eng-championship,derby-county,False,incumbent,67.0,75.1045,0.0920444483695652,0.0920444483695652,9.0,-2.28275,5.203537492658239,0.7421402070427656,1.0,7,1.0,14,1.0,16,1.0,19,8.104500000000002,11.865120300696491,4.918418374999991,0.22818449344796982,1,16,1,31,1,39,1,47,0.13025,0.0,0.016965062500000003,0.01,0.0,0.0001,0.24525000000000002,0.0,0.06014756250000001,0.33899999999999997,0.0,0.11492099999999998,0.24525000000000002,0.0,0.06014756250000001
2016-2017,mapped,preseason,2016-08-05,eng-championship,fulham,False,incumbent,80.0,55.37075,0.32138922282608695,0.32138922282608695,6.0,10.398499999999999,5.7550150086685266,0.07013979673555824,0.0,8,0.0,15,1.0,18,1.0,20,-24.62925,11.572652869480704,18.262354937500007,0.9825108471971197,0,15,0,30,0,39,0,46,0.0035,0.0,1.2250000000000001e-05,0.2355,0.0,0.055460249999999996,0.01025,0.0,0.00010506250000000001,0.0605,1.0,0.88266025,0.01025,0.0,0.00010506250000000001
2016-2017,mapped,preseason,2016-08-05,eng-championship,huddersfield-town,False,incumbent,81.0,56.59775,0.32997791847826086,0.32997791847826086,5.0,10.781,5.9331727599994935,0.05071744012750642,0.0,10,0.0,16,1.0,19,1.0,20,-24.402250000000002,11.600170039163217,18.036184437499998,0.9817062738405598,0,16,0,30,0,38,0,44,0.0065,0.0,4.225e-05,0.20450000000000002,0.0,0.04182025,0.01575,0.0,0.0002480625,0.07125000000000001,1.0,0.8625765624999999,0.01575,1.0,0.9687480625
2016-2017,mapped,preseason,2016-08-05,eng-championship,ipswich-town,False,incumbent,55.0,65.174,0.12259230978260872,0.12259230978260872,16.0,-4.552,6.160665223821207,0.7341305620162987,1.0,10,1.0,17,1.0,20,1.0,22,10.174000000000007,11.73911086922685,5.871628999999999,0.20347068178530148,0,16,1,31,1,38,1,45,0.02925,0.0,0.0008555625000000001,0.056999999999999995,0.0,0.0032489999999999993,0.06825,0.0,0.004658062500000001,0.19174999999999998,0.0,0.03676806249999999,0.06825,0.0,0.004658062500000001
2016-2017,mapped,preseason,2016-08-05,eng-championship,leeds-united,False,incumbent,75.0,58.52025,0.21627190217391304,0.21627190217391304,7.0,7.783999999999999,6.066452340536436,0.11485963776527129,0.0,10,1.0,17,1.0,19,1.0,21,-16.479749999999996,11.635574327788895,10.753685187499997,0.9209804987857249,0,16,0,29,1,38,1,46,0.00925,0.0,8.556249999999999e-05,0.15475,0.0,0.0239475625,0.019999999999999997,0.0,0.00039999999999999986,0.09475,0.0,0.0089775625,0.019999999999999997,0.0,0.00039999999999999986
2016-2017,mapped,preseason,2016-08-05,eng-championship,newcastle-united,True,relegated_from_pl,94.0,70.28,0.1907200163043478,0.1907200163043478,1.0,8.0405,6.494024926807719,0.07016090230139573,0.0,11,0.0,17,1.0,20,1.0,22,-23.72,13.861136317055683,16.318786999999986,0.9607901998846478,0,19,0,35,0,45,1,54,0.08725,1.0,0.8331125625,0.04725,0.0,0.0022325625,0.18475,1.0,0.6646325625,0.257,0.0,0.066049,0.18475,1.0,0.6646325625
2016-2017,mapped,preseason,2016-08-05,eng-championship,norwich-city,True,relegated_from_pl,70.0,70.05975,0.07766686956521737,0.07766686956521737,8.0,1.1550000000000011,6.565095201137605,0.4939402576140587,1.0,11,1.0,17,1.0,21,1.0,22,0.059749999999993975,13.778123237128487,3.345936687500002,0.48479624971705704,1,19,1,36,1,45,1,54,0.092,0.0,0.008464,0.055,0.0,0.003025,0.17725000000000002,0.0,0.03141756250000001,0.2615,0.0,0.06838225,0.17725000000000002,0.0,0.03141756250000001
2016-2017,mapped,preseason,2016-08-05,eng-championship,nottingham-forest,False,incumbent,51.0,61.09125,0.18734120652173916,0.18734120652173916,21.0,-7.4605000000000015,6.1776564933638065,0.8780254549340915,0.0,10,1.0,17,1.0,20,1.0,22,10.091250000000002,11.594521268146433,5.863138062499995,0.19740108270938156,0,16,1,30,1,39,1,45,0.013,0.0,0.000169,0.10974999999999999,0.0,0.012045062499999997,0.03425,0.0,0.0011730625000000003,0.13225,0.0,0.0174900625,0.03425,0.0,0.0011730625000000003
2016-2017,mapped,preseason,2016-08-05,eng-championship,preston-north-end,False,incumbent,62.0,61.35875,0.08934250543478259,0.08934250543478259,11.0,2.3515000000000015,6.294676143377036,0.3791132818013637,1.0,11,1.0,17,1.0,20,1.0,22,-0.6412499999999994,11.918307280713147,2.8543085625000018,0.5131431858385551,1,17,1,31,1,39,1,46,0.017,0.0,0.00028900000000000003,0.1115,0.0,0.01243225,0.0405,0.0,0.00164025,0.13675,0.0,0.018700562500000004,0.0405,0.0,0.00164025
2016-2017,mapped,preseason,2016-08-05,eng-championship,queens-park-rangers,False,incumbent,53.0,63.953,0.1554780190217391,0.1554780190217391,18.0,-6.00775,6.212824634375253,0.8100047222643775,0.0,10,1.0,17,1.0,20,1.0,21,10.952999999999996,11.702170354254804,6.495921624999998,0.18189596886548584,0,16,1,30,1,38,1,45,0.02275,0.0,0.0005175625,0.073,0.0,0.0053289999999999995,0.0545,0.0,0.00297025,0.177,0.0,0.031328999999999996,0.0545,0.0,0.00297025
2016-2017,mapped,preseason,2016-08-05,eng-championship,reading,False,incumbent,85.0,57.0235,0.39750947554347826,0.39750947554347826,3.0,12.511750000000001,5.984468392221651,0.016659673952987057,0.0,10,0.0,16,0.0,19,1.0,21,-27.9765,11.641561224767063,21.436475750000003,0.992717645334863,0,16,0,30,0,38,0,45,0.00475,0.0,2.25625e-05,0.1955,0.0,0.038220250000000004,0.01525,0.0,0.0002325625,0.07625000000000001,1.0,0.8533140625,0.01525,0.0,0.0002325625
2016-2017,mapped,preseason,2016-08-05,eng-championship,rotherham-united,False,incumbent,23.0,53.7515,0.1640370543478262,0.1640370543478262,24.0,-6.875,5.559395200918892,0.9328031874452046,0.0,9,0.0,14,1.0,18,1.0,19,30.751500000000007,11.394461275110816,24.334778249999996,0.0030647614712827702,0,16,0,30,0,38,0,45,0.002,0.0,4e-06,0.27925,1.0,0.5194805625000001,0.006,0.0,3.6e-05,0.04925,0.0,0.0024255625,0.006,0.0,3.6e-05
2016-2017,mapped,preseason,2016-08-05,eng-championship,sheffield-wednesday,False,incumbent,81.0,69.92425,0.10874302989130434,0.10874302989130434,4.0,4.990250000000001,5.81280095457431,0.24901659009647673,1.0,9,1.0,16,1.0,19,1.0,21,-11.07575,11.789338910112814,6.662034812499991,0.8136083174518624,0,16,1,30,1,38,1,46,0.06125,0.0,0.0037515624999999997,0.02725,0.0,0.0007425625,0.13174999999999998,0.0,0.017358062499999993,0.27925,1.0,0.5194805625000001,0.13174999999999998,0.0,0.017358062499999993
2016-2017,mapped,preseason,2016-08-05,eng-championship,wigan-athletic,False,promoted_from_lower,42.0,57.00225,0.17669346467391306,0.17669346467391306,23.0,-7.50925,6.309866435789272,0.8859954372258146,0.0,10,1.0,17,1.0,20,1.0,21,15.002249999999997,12.631399167847558,9.135747187500005,0.11987779057531547,0,18,1,33,1,42,1,48,0.0075,0.0,5.625e-05,0.2165,1.0,0.61387225,0.0215,0.0,0.00046224999999999993,0.094,0.0,0.008836,0.0215,0.0,0.00046224999999999993
2016-2017,mapped,preseason,2016-08-05,eng-championship,wolverhampton-wanderers,False,incumbent,58.0,63.7155,0.0940238695652174,0.0940238695652174,15.0,-2.8610000000000007,6.220223388271518,0.6648364186879434,1.0,10,1.0,17,1.0,20,1.0,21,5.715500000000006,11.864044830916646,3.7866346250000102,0.32231051316594556,1,16,1,31,1,40,1,46,0.0245,0.0,0.0006002500000000001,0.07425,0.0,0.0055130625,0.05475,0.0,0.0029975625,0.16799999999999998,0.0,0.028223999999999996,0.05475,0.0,0.0029975625
2017-2018,retained,preseason,2017-08-04,eng-championship,aston-villa,False,incumbent,83.0,62.4875,0.2416046032608695,0.2416046032608695,4.0,8.866999999999999,6.269713789320849,0.08563364065106352,0.0,10,1.0,17,1.0,21,1.0,21,-20.512500000000003,12.07892146468384,14.123132874999998,0.9529253031718996,0,17,0,31,1,40,1,47,0.019,0.0,0.000361,0.094,0.0,0.008836,0.05025,0.0,0.0025250625000000004,0.14425000000000002,1.0,0.7323080625,1.05025,0.0,1.1030250624999998
2017-2018,retained,preseason,2017-08-04,eng-championship,barnsley,False,incumbent,41.0,59.11475,0.18068861956521745,0.18068861956521745,22.0,-7.427,6.167793041274974,0.898119636702989,0.0,10,1.0,16,1.0,19,1.0,22,18.114750000000008,11.957783341301178,11.885708062500008,0.06744523232613538,0,16,0,31,1,39,1,47,0.009,0.0,8.099999999999999e-05,0.15225,1.0,0.7186800625,0.028499999999999998,0.0,0.0008122499999999998,0.09999999999999999,0.0,0.009999999999999998,0.028499999999999998,0.0,0.0008122499999999998
2017-2018,retained,preseason,2017-08-04,eng-championship,birmingham-city,False,incumbent,46.0,55.33275,0.06947673641304349,0.06947673641304349,19.0,-2.5672500000000014,5.650528952009714,0.5706091898481914,1.0,8,1.0,15,1.0,18,1.0,20,9.332750000000004,11.48303215346452,5.444544062500008,0.21587021894991631,0,16,1,29,1,37,1,45,0.00425,0.0,1.8062500000000002e-05,0.2205,0.0,0.048620250000000004,0.011,0.0,0.00012099999999999999,0.056499999999999995,0.0,0.0031922499999999993,0.011,0.0,0.00012099999999999999
2017-2018,retained,preseason,2017-08-04,eng-championship,bolton-wanderers,False,promoted_from_lower,43.0,50.13375,0.055440005434782606,0.055440005434782606,21.0,-2.443999999999999,5.422579091170547,0.566333606743718,1.0,7,1.0,14,1.0,17,1.0,19,7.133749999999999,12.51334731147106,4.315247437499998,0.29173881246219974,1,16,1,33,1,42,1,49,0.002,0.0,4e-06,0.4035,0.0,0.16281225000000002,0.006,0.0,3.6e-05,0.03675,0.0,0.0013505624999999998,0.006,0.0,3.6e-05
2017-2018,retained,preseason,2017-08-04,eng-championship,brentford,False,incumbent,69.0,69.392,0.06919606521739129,0.06919606521739129,9.0,0.44149999999999956,5.975707301232215,0.544121860418404,1.0,10,1.0,16,1.0,19,1.0,21,0.3919999999999959,12.139927347393805,2.859295124999991,0.4762083177714067,1,17,1,31,1,40,1,47,0.0565,0.0,0.00319225,0.028249999999999997,0.0,0.0007980624999999998,0.12825,0.0,0.0164480625,0.254,0.0,0.064516,0.12825,0.0,0.0164480625
2017-2018,retained,preseason,2017-08-04,eng-championship,bristol-city,False,incumbent,67.0,58.2065,0.11989404347826092,0.11989404347826092,11.0,4.062999999999999,5.9545806737334575,0.2635629671760011,1.0,9,1.0,16,1.0,19,1.0,21,-8.793499999999995,11.602558241612062,5.3411081249999945,0.7785867402032589,0,16,1,30,1,38,1,45,0.006,0.0,3.6e-05,0.16375,0.0,0.026814062500000003,0.018500000000000003,0.0,0.0003422500000000001,0.08475,0.0,0.007182562500000001,0.018500000000000003,0.0,0.0003422500000000001
2017-2018,retained,preseason,2017-08-04,eng-championship,burton-albion,False,incumbent,41.0,56.6075,0.17420721195652175,0.17420721195652175,23.0,-7.226000000000001,5.879151639479969,0.9018981563309998,0.0,10,1.0,16,1.0,19,1.0,21,15.607500000000002,11.834227636394358,9.822257625000018,0.09759454030626312,0,17,0,30,1,38,1,46,0.004,0.0,1.6e-05,0.20224999999999999,1.0,0.6364050625,0.0125,0.0,0.00015625000000000003,0.07350000000000001,0.0,0.005402250000000002,0.0125,0.0,0.00015625000000000003
2017-2018,retained,preseason,2017-08-04,eng-championship,cardiff-city,False,incumbent,90.0,65.38975,0.2587058233695652,0.2587058233695652,2.0,9.42775,6.132232867194461,0.035898096708732424,0.0,10,0.0,17,1.0,20,1.0,21,-24.610250000000008,11.859188207356352,18.054514812499978,0.9801857805242981,0,16,0,31,0,39,0,47,0.02425,0.0,0.0005880625,0.05925,0.0,0.0035105625,0.0635,1.0,0.87703225,0.19874999999999998,0.0,0.03950156249999999,0.0635,1.0,0.87703225
2017-2018,retained,preseason,2017-08-04,eng-championship,derby-county,False,incumbent,75.0,68.399,0.09353724184782605,0.09353724184782605,6.0,3.915749999999999,5.917951667384585,0.34275044589069886,1.0,9,1.0,16,1.0,19,1.0,21,-6.600999999999999,11.80433390751041,4.231949750000003,0.7137892908462682,1,15,1,31,1,39,1,47,0.0395,0.0,0.00156025,0.03625,0.0,0.0013140625,0.09875,0.0,0.009751562500000002,0.24775,1.0,0.5658800625,0.09875,0.0,0.009751562500000002
2017-2018,retained,preseason,2017-08-04,eng-championship,fulham,False,incumbent,88.0,71.533,0.11628297010869565,0.11628297010869565,3.0,5.420249999999999,5.724870298749134,0.23450079783584366,0.0,9,1.0,15,1.0,18,1.0,20,-16.467000000000013,11.952924788519335,10.59839275000001,0.9154340150395865,0,17,0,31,1,39,1,47,0.07525,0.0,0.005662562499999999,0.01725,0.0,0.00029756250000000003,0.16,0.0,0.0256,0.29400000000000004,1.0,0.498436,0.16,1.0,0.7056
2017-2018,retained,preseason,2017-08-04,eng-championship,hull-city,True,relegated_from_pl,49.0,75.903,0.36609668478260876,0.36609668478260876,18.0,-11.192499999999999,5.629115716522445,0.9377140189745283,0.0,8,0.0,14,1.0,18,1.0,20,26.90299999999999,13.311652451893416,19.596252500000013,0.022721440177744592,0,18,0,34,0,44,1,52,0.16125,0.0,0.026001562500000002,0.01675,0.0,0.00028056250000000005,0.2945,0.0,0.08673025,0.29200000000000004,0.0,0.08526400000000002,0.2945,0.0,0.08673025
2017-2018,retained,preseason,2017-08-04,eng-championship,ipswich-town,False,incumbent,60.0,60.488,0.08199828260869566,0.08199828260869566,12.0,1.8774999999999995,6.011280541615072,0.409133372777224,1.0,10,1.0,17,1.0,19,1.0,21,0.48799999999999955,11.448705428999386,2.7333811250000073,0.4854888270325106,1,16,1,30,1,38,1,45,0.00725,0.0,5.2562500000000004e-05,0.11349999999999999,0.0,0.012882249999999998,0.024,0.0,0.000576,0.11475,0.0,0.0131675625,0.024,0.0,0.000576
2017-2018,retained,preseason,2017-08-04,eng-championship,leeds-united,False,incumbent,60.0,66.922,0.08987723913043479,0.08987723913043479,13.0,-2.3855000000000004,5.95318316113321,0.6359650048739642,1.0,9,1.0,16,1.0,19,1.0,21,6.921999999999997,11.604801420101941,4.301300125000006,0.2926315800420548,1,16,1,30,1,39,1,45,0.032,0.0,0.001024,0.0405,0.0,0.00164025,0.07150000000000001,0.0,0.005112250000000001,0.2265,0.0,0.05130225,0.07150000000000001,0.0,0.005112250000000001
2017-2018,retained,preseason,2017-08-04,eng-championship,middlesbrough,True,relegated_from_pl,76.0,75.666,0.058357065217391285,0.058357065217391285,5.0,1.8689999999999998,5.5443068998748615,0.5109671730662867,1.0,8,1.0,14,1.0,17,1.0,19,-0.3340000000000032,13.12659300808858,3.0961766250000036,0.5167280331191563,1,18,1,34,1,43,1,51,0.15875,0.0,0.0252015625,0.013249999999999998,0.0,0.00017556249999999994,0.26675,0.0,0.07115556249999999,0.31425000000000003,1.0,0.4702530625,0.26675,0.0,0.07115556249999999
2017-2018,retained,preseason,2017-08-04,eng-championship,millwall,False,promoted_from_lower,72.0,51.996,0.30448670380434784,0.30448670380434784,8.0,9.696750000000002,5.911158045383324,0.0998065033556955,0.0,9,1.0,16,1.0,18,1.0,20,-20.004000000000005,13.16229402497908,13.455036874999994,0.9234893919227769,0,18,0,34,1,43,1,52,0.00425,0.0,1.8062500000000002e-05,0.35775,0.0,0.1279850625,0.014,0.0,0.00019600000000000002,0.049,0.0,0.0024010000000000004,0.014,0.0,0.00019600000000000002
2017-2018,retained,preseason,2017-08-04,eng-championship,norwich-city,False,incumbent,60.0,74.411,0.20694232880434776,0.20694232880434776,14.0,-6.7677499999999995,5.410481488509133,0.8562466924391652,0.0,8,1.0,14,1.0,17,1.0,19,14.411000000000001,12.17105496660006,8.987068624999988,0.1188364264536544,0,17,1,31,1,40,1,48,0.11125,0.0,0.0123765625,0.0125,0.0,0.00015625000000000003,0.214,0.0,0.045795999999999996,0.33375,0.0,0.1113890625,0.214,0.0,0.045795999999999996
2017-2018,retained,preseason,2017-08-04,eng-championship,nottingham-forest,False,incumbent,53.0,59.38,0.07882870380434784,0.07882870380434784,17.0,-2.519750000000002,5.97516610124773,0.5914761879182423,1.0,10,1.0,16,1.0,19,1.0,21,6.3799999999999955,11.585728289581109,3.9895333749999793,0.3046148761433691,1,16,1,29,1,38,1,45,0.00725,0.0,5.2562500000000004e-05,0.13075,0.0,0.0170955625,0.021,0.0,0.00044100000000000004,0.10550000000000001,0.0,0.011130250000000003,0.021,0.0,0.00044100000000000004
2017-2018,retained,preseason,2017-08-04,eng-championship,preston-north-end,False,incumbent,73.0,62.603,0.14893063586956518,0.14893063586956518,7.0,5.829000000000001,6.128683300677234,0.22114680309758003,0.0,10,1.0,17,1.0,19,1.0,21,-10.396999999999998,11.724840766509367,6.237440750000006,0.8128015140264635,0,16,1,30,1,38,1,46,0.01725,0.0,0.00029756250000000003,0.08675000000000001,0.0,0.007525562500000001,0.039,0.0,0.001521,0.15075,0.0,0.022725562499999998,0.039,0.0,0.001521
2017-2018,retained,preseason,2017-08-04,eng-championship,queens-park-rangers,False,incumbent,56.0,59.0495,0.07239767119565217,0.07239767119565217,16.0,-1.3717500000000005,6.058717020747875,0.5218884091066839,1.0,10,1.0,16,1.0,19,1.0,21,3.0494999999999948,11.764270047478508,3.0629073750000035,0.40332630658320545,1,16,1,30,1,39,1,45,0.01,0.0,0.0001,0.1475,0.0,0.021756249999999998,0.02375,0.0,0.0005640625,0.0975,0.0,0.00950625,0.02375,0.0,0.0005640625
2017-2018,retained,preseason,2017-08-04,eng-championship,reading,False,incumbent,44.0,63.23525,0.195965347826087,0.195965347826087,20.0,-7.5015,6.083954121293157,0.8718224024901803,0.0,9,1.0,17,1.0,19,1.0,21,19.235250000000008,11.650811449744607,13.085467062500005,0.04668980351563354,0,16,0,30,1,39,1,45,0.015,0.0,0.000225,0.0745,0.0,0.00555025,0.042749999999999996,0.0,0.0018275624999999998,0.15825,0.0,0.0250430625,0.042749999999999996,0.0,0.0018275624999999998
2017-2018,retained,preseason,2017-08-04,eng-championship,sheffield-united,False,promoted_from_lower,69.0,56.04275,0.16850082880434786,0.16850082880434786,10.0,5.72275,6.811232079257027,0.24639023128267654,1.0,12,1.0,19,1.0,21,1.0,22,-12.957250000000002,15.07607118706661,7.805903562499973,0.8049350165998347,0,21,1,40,1,49,1,59,0.0155,0.0,0.00024024999999999999,0.27475000000000005,0.0,0.07548756250000002,0.03225,0.0,0.0010400625,0.10025,0.0,0.010050062500000002,0.03225,0.0,0.0010400625
2017-2018,retained,preseason,2017-08-04,eng-championship,sheffield-wednesday,False,incumbent,57.0,71.66325,0.19408005706521744,0.19408005706521744,15.0,-6.62125,5.662711226744658,0.850455505787838,0.0,8,1.0,15,1.0,18,1.0,20,14.663250000000005,11.854085769788407,9.201652187499999,0.10975524326630026,0,16,1,31,1,39,1,45,0.0765,0.0,0.00585225,0.02,0.0,0.0004,0.157,0.0,0.024649,0.29525,0.0,0.08717256250000001,0.157,0.0,0.024649
2017-2018,retained,preseason,2017-08-04,eng-championship,sunderland,True,relegated_from_pl,37.0,63.23625,0.2849769184782609,0.2849769184782609,24.0,-11.3875,8.45634931575086,0.9703864350540208,0.0,17,1.0,23,1.0,23,1.0,23,26.236250000000005,22.43985151326764,15.891350687499997,0.1371925194933241,0,32,1,60,1,75,1,86,0.1295,0.0,0.01677025,0.23450000000000001,1.0,0.58599025,0.1885,0.0,0.03553225,0.14175,0.0,0.020093062499999998,0.1885,0.0,0.03553225
2017-2018,retained,preseason,2017-08-04,eng-championship,wolverhampton-wanderers,False,incumbent,99.0,61.64475,0.38295204347826084,0.38295204347826084,1.0,12.281500000000001,6.037404885379148,1.3149228364301768e-05,0.0,9,0.0,16,0.0,19,0.0,21,-37.355250000000005,11.459277788652303,30.878447187499987,0.9989553499151061,0,16,0,29,0,38,0,44,0.0145,1.0,0.9712102499999999,0.09975,0.0,0.0099500625,0.03375,1.0,0.9336390625,0.13025,0.0,0.016965062500000003,0.03375,1.0,0.9336390625
2017-2018,generic,preseason,2017-08-04,eng-championship,aston-villa,False,incumbent,83.0,65.96925,0.17562895380434784,0.17562895380434784,4.0,7.11875,6.182770288268844,0.12962894379089968,0.0,10,1.0,17,1.0,20,1.0,22,-17.030750000000012,11.751736230766072,11.119387437499993,0.9281764056875442,0,16,0,30,1,39,1,45,0.03625,0.0,0.0013140625,0.056249999999999994,0.0,0.0031640624999999993,0.078,0.0,0.006084,0.20074999999999998,1.0,0.6388005625,1.078,0.0,1.1620840000000001
2017-2018,generic,preseason,2017-08-04,eng-championship,barnsley,False,incumbent,41.0,59.33375,0.1817068315217391,0.1817068315217391,22.0,-7.461500000000001,6.240434099483784,0.8893869502420518,0.0,10,1.0,18,1.0,20,1.0,22,18.333750000000002,11.951772292739683,12.121758562500002,0.06622835924720762,0,17,0,31,1,39,1,46,0.0135,0.0,0.00018224999999999998,0.14925,1.0,0.7237755625,0.03,0.0,0.0009,0.1045,0.0,0.01092025,0.03,0.0,0.0009
2017-2018,generic,preseason,2017-08-04,eng-championship,birmingham-city,False,incumbent,46.0,55.22375,0.06687966032608694,0.06687966032608694,19.0,-2.3987499999999997,5.788717339575323,0.551356612012755,1.0,8,1.0,15,1.0,19,1.0,20,9.223749999999995,11.503138090864597,5.3168368124999965,0.2180416332702026,0,16,1,30,1,37,1,44,0.0035,0.0,1.2250000000000001e-05,0.242,0.0,0.058564,0.01025,0.0,0.00010506250000000001,0.066,0.0,0.0043560000000000005,0.01025,0.0,0.00010506250000000001
2017-2018,generic,preseason,2017-08-04,eng-championship,bolton-wanderers,False,promoted_from_lower,43.0,50.20775,0.05535104347826087,0.05535104347826087,21.0,-2.3885000000000005,5.504458897112412,0.5545836067437181,1.0,7,1.0,14,1.0,17,1.0,20,7.207750000000004,12.50206342719073,4.323489812499993,0.2926921718304497,1,16,1,32,1,42,1,49,0.00425,0.0,1.8062500000000002e-05,0.41525,0.0,0.1724325625,0.009500000000000001,0.0,9.025000000000003e-05,0.03475,0.0,0.0012075625000000003,0.009500000000000001,0.0,9.025000000000003e-05
2017-2018,generic,preseason,2017-08-04,eng-championship,brentford,False,incumbent,69.0,69.6215,0.07227278532608694,0.07227278532608694,9.0,0.33474999999999966,6.113280006469522,0.5530907673974838,1.0,10,1.0,16,1.0,20,1.0,21,0.6214999999999975,12.314432092061736,2.9337871249999834,0.4689108322004014,1,17,1,31,1,40,1,48,0.069,0.0,0.0047610000000000005,0.03475,0.0,0.0012075625000000003,0.13775,0.0,0.018975062500000004,0.25925,0.0,0.06721056249999999,0.13775,0.0,0.018975062500000004
2017-2018,generic,preseason,2017-08-04,eng-championship,bristol-city,False,incumbent,67.0,57.54825,0.12916041304347822,0.12916041304347822,11.0,4.397500000000001,6.065722854697534,0.2557689367012092,1.0,10,1.0,17,1.0,20,1.0,21,-9.451749999999997,11.853888473302758,5.59824818750001,0.7922639690475037,0,17,1,31,1,39,1,46,0.00825,0.0,6.806250000000001e-05,0.1935,0.0,0.03744225,0.0195,0.0,0.00038025,0.08075,0.0,0.0065205625,0.0195,0.0,0.00038025
2017-2018,generic,preseason,2017-08-04,eng-championship,burton-albion,False,incumbent,41.0,56.21875,0.1598578152173913,0.1598578152173913,23.0,-6.948,6.057127702137375,0.8812750290150743,0.0,9,1.0,16,1.0,19,1.0,21,15.21875,12.07194675425219,9.451615187500002,0.1099465971806066,0,16,1,31,1,40,1,46,0.0085,0.0,7.225000000000001e-05,0.22849999999999998,1.0,0.59521225,0.018500000000000003,0.0,0.0003422500000000001,0.069,0.0,0.0047610000000000005,0.018500000000000003,0.0,0.0003422500000000001
2017-2018,generic,preseason,2017-08-04,eng-championship,cardiff-city,False,incumbent,90.0,64.99075,0.26613757880434774,0.26613757880434774,2.0,9.61725,6.156764770356262,0.035093246901422834,0.0,9,0.0,17,1.0,20,1.0,21,-25.00925000000001,11.474326317370444,18.631784187499992,0.9870810406990641,0,16,0,30,0,38,0,45,0.023,0.0,0.000529,0.06275,0.0,0.0039375625,0.06375,1.0,0.8765640625,0.1835,0.0,0.03367225,0.06375,1.0,0.8765640625
2017-2018,generic,preseason,2017-08-04,eng-championship,derby-county,False,incumbent,75.0,68.6615,0.09265001086956516,0.09265001086956516,6.0,3.8225,6.100491271201033,0.36152657584448455,1.0,9,1.0,17,1.0,20,1.0,21,-6.3385000000000105,11.992744379415415,4.098477124999988,0.7035566709243116,1,17,1,31,1,40,1,47,0.0555,0.0,0.00308025,0.03775,0.0,0.0014250625,0.11725,0.0,0.013747562499999998,0.24775,1.0,0.5658800625,0.11725,0.0,0.013747562499999998
2017-2018,generic,preseason,2017-08-04,eng-championship,fulham,False,incumbent,88.0,71.8495,0.11021855163043477,0.11021855163043477,3.0,5.238250000000001,5.711040792841529,0.24491003366391273,1.0,9,1.0,15,1.0,18,1.0,20,-16.150499999999994,11.717544527331654,10.47428587500001,0.9170944002582482,0,16,0,30,1,38,1,46,0.084,0.0,0.007056000000000001,0.018750000000000003,0.0,0.0003515625000000001,0.16325,0.0,0.026650562500000002,0.30725,1.0,0.47990256249999996,0.16325,1.0,0.7001505625
2017-2018,generic,preseason,2017-08-04,eng-championship,hull-city,True,relegated_from_pl,49.0,71.82075,0.28762802445652175,0.28762802445652175,18.0,-9.55125,6.307881850312353,0.8790689257838051,0.0,10,1.0,17,1.0,20,1.0,21,22.820750000000004,13.443943596932412,15.741007687499984,0.044855739045855124,0,18,0,35,1,45,1,53,0.113,0.0,0.012769,0.03725,0.0,0.0013875625,0.21075,0.0,0.0444155625,0.26275,0.0,0.0690375625,0.21075,0.0,0.0444155625
2017-2018,generic,preseason,2017-08-04,eng-championship,ipswich-town,False,incumbent,60.0,59.78025,0.091096875,0.091096875,12.0,2.2684999999999995,6.243108820932084,0.3787196219716313,1.0,11,1.0,17,1.0,20,1.0,22,-0.21974999999999767,11.90222499944863,2.7889024375,0.5098601500665395,1,16,1,31,1,39,1,46,0.013,0.0,0.000169,0.148,0.0,0.021903999999999996,0.029249999999999998,0.0,0.0008555624999999999,0.11025,0.0,0.012155062500000001,0.029249999999999998,0.0,0.0008555624999999999
2017-2018,generic,preseason,2017-08-04,eng-championship,leeds-united,False,incumbent,60.0,66.889,0.09124342934782609,0.09124342934782609,13.0,-2.3775000000000013,6.133350939739222,0.6278888846021176,1.0,10,1.0,16,1.0,19,1.0,21,6.88900000000001,11.828659222414009,4.280669125000007,0.29843184345172735,1,16,1,30,1,39,1,47,0.04175,0.0,0.0017430625000000003,0.04525,0.0,0.0020475625,0.0935,0.0,0.00874225,0.22025,0.0,0.0485100625,0.0935,0.0,0.00874225
2017-2018,generic,preseason,2017-08-04,eng-championship,middlesbrough,True,relegated_from_pl,76.0,71.8715,0.08191051630434783,0.08191051630434783,5.0,3.474,6.363750780789581,0.414628146392988,1.0,10,1.0,17,1.0,20,1.0,21,-4.128499999999988,13.596083544535905,3.6786092499999805,0.6202214955399478,1,20,1,35,1,45,1,53,0.1135,0.0,0.012882250000000001,0.039,0.0,0.001521,0.21225,0.0,0.045050062499999995,0.27049999999999996,1.0,0.5321702500000001,0.21225,0.0,0.045050062499999995
2017-2018,generic,preseason,2017-08-04,eng-championship,millwall,False,promoted_from_lower,72.0,52.3585,0.29730713858695657,0.29730713858695657,8.0,9.542749999999998,6.0912373486427205,0.11116350319200304,0.0,9,1.0,16,1.0,19,1.0,21,-19.6415,13.429984279588714,12.98264575,0.9209461616199754,0,18,0,35,1,44,1,52,0.00625,0.0,3.906250000000001e-05,0.35325,0.0,0.1247855625,0.01425,0.0,0.0002030625,0.06125,0.0,0.0037515624999999997,0.01425,0.0,0.0002030625
2017-2018,generic,preseason,2017-08-04,eng-championship,norwich-city,False,incumbent,60.0,70.92475,0.15353255434782612,0.15353255434782612,14.0,-5.254,5.97921265719827,0.7787782944858677,0.0,9,1.0,16,1.0,19,1.0,20,10.924750000000003,12.225857329345049,6.481163937500001,0.18942099703511617,0,16,1,32,1,40,1,47,0.0895,0.0,0.00801025,0.022500000000000003,0.0,0.0005062500000000001,0.17275000000000001,0.0,0.029842562500000006,0.26175000000000004,0.0,0.06851306250000001,0.17275000000000001,0.0,0.029842562500000006
2017-2018,generic,preseason,2017-08-04,eng-championship,nottingham-forest,False,incumbent,53.0,59.833,0.08186192391304348,0.08186192391304348,17.0,-2.6860000000000017,6.057549339460637,0.6025343540550073,1.0,9,1.0,16,1.0,19,1.0,22,6.832999999999998,11.42003112955477,4.242461500000004,0.2919178894817755,1,16,1,29,1,38,1,45,0.00975,0.0,9.50625e-05,0.1355,0.0,0.01836025,0.025750000000000002,0.0,0.0006630625000000001,0.10025,0.0,0.010050062500000002,0.025750000000000002,0.0,0.0006630625000000001
2017-2018,generic,preseason,2017-08-04,eng-championship,preston-north-end,False,incumbent,73.0,62.422,0.15659212771739128,0.15659212771739128,7.0,5.999749999999999,6.228623438409164,0.21492855159261476,0.0,10,1.0,17,1.0,20,1.0,21,-10.578000000000003,11.71291663079696,6.449563624999998,0.8206600703747347,0,15,1,31,1,39,1,46,0.02025,0.0,0.0004100625,0.09375,0.0,0.0087890625,0.0445,0.0,0.00198025,0.14250000000000002,0.0,0.020306250000000005,0.0445,0.0,0.00198025
2017-2018,generic,preseason,2017-08-04,eng-championship,queens-park-rangers,False,incumbent,56.0,59.1935,0.07344466032608697,0.07344466032608697,16.0,-1.3942500000000013,6.107111996475912,0.5258352714194351,1.0,10,1.0,16,1.0,19,1.0,22,3.193499999999993,11.73179686791414,3.0768011249999985,0.38755769577041654,1,16,1,30,1,39,1,47,0.00975,0.0,9.50625e-05,0.15025,0.0,0.0225750625,0.027000000000000003,0.0,0.0007290000000000002,0.093,0.0,0.008649,0.027000000000000003,0.0,0.0007290000000000002
2017-2018,generic,preseason,2017-08-04,eng-championship,reading,False,incumbent,44.0,63.22125,0.18977568206521747,0.18977568206521747,20.0,-7.412750000000001,6.285450456212347,0.8592090661280533,0.0,10,1.0,17,1.0,21,1.0,21,19.221250000000005,11.831749593255429,12.949216812500024,0.04895485263672516,0,16,0,31,1,39,1,47,0.021,0.0,0.00044100000000000004,0.08700000000000001,0.0,0.007569000000000001,0.054000000000000006,0.0,0.0029160000000000006,0.15475,0.0,0.0239475625,0.054000000000000006,0.0,0.0029160000000000006
2017-2018,generic,preseason,2017-08-04,eng-championship,sheffield-united,False,promoted_from_lower,69.0,56.0955,0.17268161141304353,0.17268161141304353,10.0,5.790750000000001,6.842840377905946,0.23999216122524325,0.0,11,1.0,19,1.0,21,1.0,22,-12.904499999999999,14.873949702415967,7.831658499999996,0.8136590232397684,0,20,1,38,1,49,1,58,0.02075,0.0,0.00043056250000000006,0.27925,0.0,0.0779805625,0.0405,0.0,0.00164025,0.0935,0.0,0.00874225,0.0405,0.0,0.00164025
2017-2018,generic,preseason,2017-08-04,eng-championship,sheffield-wednesday,False,incumbent,57.0,71.823,0.19844053804347817,0.19844053804347817,15.0,-6.746,5.831250637727725,0.8460299070915859,0.0,9,1.0,16,1.0,18,1.0,20,14.823000000000008,12.071212490880939,9.281082000000001,0.11038561721061663,0,16,1,31,1,40,1,47,0.10075,0.0,0.010150562500000002,0.024249999999999997,0.0,0.0005880624999999998,0.18625000000000003,0.0,0.03468906250000001,0.2815,0.0,0.07924224999999999,0.18625000000000003,0.0,0.03468906250000001
2017-2018,generic,preseason,2017-08-04,eng-championship,sunderland,True,relegated_from_pl,37.0,71.65425,0.5123507961956523,0.5123507961956523,24.0,-15.37425,6.397826735501674,0.9977762707641299,0.0,10,0.0,18,0.0,20,0.0,21,34.654250000000005,13.845566327799668,26.856125937499982,0.004912834632888273,0,19,0,37,0,46,0,54,0.121,0.0,0.014641,0.038,1.0,0.925444,0.20575,0.0,0.0423330625,0.2625,0.0,0.06890625,0.20575,0.0,0.0423330625
2017-2018,generic,preseason,2017-08-04,eng-championship,wolverhampton-wanderers,False,incumbent,99.0,61.6035,0.384805260869565,0.384805260869565,1.0,12.388000000000002,6.150768732443125,1.2695806696567225e-05,0.0,9,0.0,17,0.0,20,0.0,22,-37.3965,11.633541496466155,30.842209125000004,0.9984553499151061,0,15,0,30,0,38,0,45,0.014,1.0,0.972196,0.108,0.0,0.011663999999999999,0.03575,1.0,0.9297780625000001,0.13175,0.0,0.0173580625,0.03575,1.0,0.9297780625000001
2017-2018,mapped,preseason,2017-08-04,eng-championship,aston-villa,False,incumbent,83.0,64.7235,0.1969763967391304,0.1969763967391304,4.0,7.7265,6.261644971570969,0.11621849534798649,0.0,11,1.0,17,1.0,20,1.0,22,-18.2765,11.940018749985278,12.170974874999995,0.9371979051406649,0,16,0,30,1,40,1,47,0.028,0.0,0.0007840000000000001,0.0645,0.0,0.00416025,0.067,0.0,0.004489000000000001,0.1865,1.0,0.66178225,1.067,0.0,1.1384889999999999
2017-2018,mapped,preseason,2017-08-04,eng-championship,barnsley,False,incumbent,41.0,59.2905,0.18425221467391306,0.18425221467391306,22.0,-7.52725,6.2568568337065225,0.8901464303797133,0.0,10,1.0,17,1.0,20,1.0,22,18.290499999999994,12.103557731097085,12.105997250000007,0.07168860694192093,0,16,0,31,1,40,1,47,0.0115,0.0,0.00013225,0.15375,1.0,0.7161390624999999,0.02725,0.0,0.0007425625,0.1075,0.0,0.011556249999999999,0.02725,0.0,0.0007425625
2017-2018,mapped,preseason,2017-08-04,eng-championship,birmingham-city,False,incumbent,46.0,55.3645,0.0698166820652174,0.0698166820652174,19.0,-2.5082500000000003,5.759724988009411,0.5591235688228718,1.0,8,1.0,15,1.0,19,1.0,20,9.364500000000007,11.559634066439994,5.462141374999993,0.21912021894991632,0,16,1,29,1,38,1,46,0.00375,0.0,1.40625e-05,0.23925000000000002,0.0,0.05724056250000001,0.01275,0.0,0.00016256249999999997,0.057,0.0,0.003249,0.01275,0.0,0.00016256249999999997
2017-2018,mapped,preseason,2017-08-04,eng-championship,bolton-wanderers,False,promoted_from_lower,43.0,50.022,0.056447605978260866,0.056447605978260866,21.0,-2.3767500000000013,5.524156898342045,0.5531397828605815,1.0,7,1.0,14,1.0,17,1.0,20,7.022000000000006,12.597559922461175,4.332010124999984,0.2955974882410872,1,17,1,33,1,41,1,50,0.003,0.0,9e-06,0.4195,0.0,0.17598024999999998,0.00825,0.0,6.806250000000001e-05,0.039,0.0,0.001521,0.00825,0.0,6.806250000000001e-05
2017-2018,mapped,preseason,2017-08-04,eng-championship,brentford,False,incumbent,69.0,69.37175,0.07151464673913045,0.07151464673913045,9.0,0.41850000000000165,6.011102873017563,0.5400401162419123,1.0,10,1.0,16,1.0,20,1.0,21,0.3717500000000058,11.85694108686975,2.873284062499997,0.47891450729787843,1,17,1,30,1,39,1,47,0.0585,0.0,0.0034222500000000004,0.03125,0.0,0.0009765625,0.126,0.0,0.015876,0.26075,0.0,0.06799056249999999,0.126,0.0,0.015876
2017-2018,mapped,preseason,2017-08-04,eng-championship,bristol-city,False,incumbent,67.0,58.4345,0.12026058967391302,0.12026058967391302,11.0,3.98025,6.093714789641865,0.27236853147695916,1.0,10,1.0,17,1.0,19,1.0,21,-8.5655,11.710047384618047,5.2327995,0.7716911978917483,0,16,1,29,1,38,1,46,0.00975,0.0,9.50625e-05,0.16125,0.0,0.026001562500000002,0.02475,0.0,0.0006125625,0.08850000000000001,0.0,0.007832250000000002,0.02475,0.0,0.0006125625
2017-2018,mapped,preseason,2017-08-04,eng-championship,burton-albion,False,incumbent,41.0,56.256,0.16284089673913044,0.16284089673913044,23.0,-6.997500000000002,6.016476855270033,0.8873927064253969,0.0,9,1.0,16,1.0,19,1.0,21,15.256,12.053276069185507,9.555983499999993,0.10201371249562324,0,16,1,31,1,39,1,48,0.00775,0.0,6.0062499999999996e-05,0.21625,1.0,0.6142640625,0.018000000000000002,0.0,0.00032400000000000007,0.069,0.0,0.0047610000000000005,0.018000000000000002,0.0,0.00032400000000000007
2017-2018,mapped,preseason,2017-08-04,eng-championship,cardiff-city,False,incumbent,90.0,65.0575,0.26439118478260865,0.26439118478260865,2.0,9.583,6.185839554983624,0.04065617972091507,0.0,11,0.0,17,1.0,20,1.0,22,-24.942499999999995,11.59308818865793,18.503238125000006,0.9838310406990641,0,16,0,30,0,39,0,45,0.02975,0.0,0.0008850624999999999,0.05875,0.0,0.0034515624999999998,0.0665,1.0,0.87142225,0.1885,0.0,0.03553225,0.0665,1.0,0.87142225
2017-2018,mapped,preseason,2017-08-04,eng-championship,derby-county,False,incumbent,75.0,68.50025,0.09145773913043477,0.09145773913043477,6.0,3.8305000000000007,6.0267130137414044,0.3547504458906989,1.0,9,1.0,17,1.0,19,1.0,21,-6.499750000000006,11.79355756069813,4.131227062499995,0.7028066709243115,1,16,1,31,1,39,1,46,0.0465,0.0,0.00216225,0.037250000000000005,0.0,0.0013875625000000003,0.1075,0.0,0.011556249999999999,0.251,1.0,0.561001,0.1075,0.0,0.011556249999999999
2017-2018,mapped,preseason,2017-08-04,eng-championship,fulham,False,incumbent,88.0,71.83275,0.11139073913043478,0.11139073913043478,3.0,5.2325,5.732010445733678,0.25111863216106345,1.0,9,1.0,15,1.0,18,1.0,20,-16.167249999999996,11.850623504166352,10.399673812499994,0.9084057187672021,0,16,0,30,1,38,1,46,0.0925,0.0,0.00855625,0.017499999999999998,0.0,0.00030624999999999994,0.17975,0.0,0.0323100625,0.2875,1.0,0.50765625,0.17975,1.0,0.6728100625
2017-2018,mapped,preseason,2017-08-04,eng-championship,hull-city,True,relegated_from_pl,49.0,67.59575,0.20905821467391308,0.20905821467391308,18.0,-7.5767500000000005,6.65647124514934,0.8164915892880503,0.0,11,1.0,18,1.0,21,1.0,22,18.59574999999998,13.481833404159094,12.007097062499984,0.08547861398506351,0,18,0,35,1,45,1,53,0.06525,0.0,0.0042575625,0.07025,0.0,0.004935062500000001,0.132,0.0,0.017424000000000002,0.219,0.0,0.047961,0.132,0.0,0.017424000000000002
2017-2018,mapped,preseason,2017-08-04,eng-championship,ipswich-town,False,incumbent,60.0,60.69975,0.08711754076086954,0.08711754076086954,12.0,1.8347499999999997,6.297336138201612,0.40230153144770014,1.0,10,1.0,17,1.0,20,1.0,22,0.6997500000000016,11.899752095632076,2.8398531874999895,0.4904958968253,1,17,1,31,1,39,1,45,0.01525,0.0,0.0002325625,0.12525,0.0,0.0156875625,0.035750000000000004,0.0,0.0012780625000000003,0.1235,0.0,0.01525225,0.035750000000000004,0.0,0.0012780625000000003
2017-2018,mapped,preseason,2017-08-04,eng-championship,leeds-united,False,incumbent,60.0,67.19975,0.09264923641304348,0.09264923641304348,13.0,-2.5692499999999985,6.052206575910971,0.6442530650098874,1.0,10,1.0,16,1.0,19,1.0,21,7.1997499999999945,11.630621218898842,4.387074937499988,0.2874907910609794,1,16,1,30,1,38,1,45,0.0435,0.0,0.0018922499999999998,0.04,0.0,0.0016,0.09025,0.0,0.0081450625,0.22699999999999998,0.0,0.05152899999999999,0.09025,0.0,0.0081450625
2017-2018,mapped,preseason,2017-08-04,eng-championship,middlesbrough,True,relegated_from_pl,76.0,76.757,0.06288008152173913,0.06288008152173913,5.0,1.6795,5.9794464417703415,0.5495201488742252,1.0,8,1.0,15,1.0,19,1.0,20,0.757000000000005,14.564595806269393,3.4941908749999886,0.47817703948907697,1,19,1,37,1,48,1,57,0.219,0.0,0.047961,0.021500000000000002,0.0,0.0004622500000000001,0.3425,0.0,0.11730625000000001,0.26625000000000004,1.0,0.5383890625,0.3425,0.0,0.11730625000000001
2017-2018,mapped,preseason,2017-08-04,eng-championship,millwall,False,promoted_from_lower,72.0,52.384,0.2964311222826087,0.2964311222826087,8.0,9.54025,6.0385329292386904,0.10778900376492667,0.0,9,1.0,16,1.0,19,1.0,20,-19.616,13.387047620741475,12.999870999999988,0.9210069292959804,0,18,0,35,1,44,1,52,0.00575,0.0,3.30625e-05,0.35824999999999996,0.0,0.12834306249999997,0.015,0.0,0.000225,0.055,0.0,0.003025,0.015,0.0,0.000225
2017-2018,mapped,preseason,2017-08-04,eng-championship,norwich-city,False,incumbent,60.0,70.98775,0.15880516847826084,0.15880516847826084,14.0,-5.349499999999999,5.926411203249399,0.792898578738223,0.0,9,1.0,16,1.0,19,1.0,21,10.987750000000005,12.121287057796296,6.605328312500005,0.18272629483064498,0,16,1,32,1,40,1,48,0.08225,0.0,0.0067650625,0.030750000000000003,0.0,0.0009455625000000002,0.15825,0.0,0.0250430625,0.28975,0.0,0.08395506250000001,0.15825,0.0,0.0250430625
2017-2018,mapped,preseason,2017-08-04,eng-championship,nottingham-forest,False,incumbent,53.0,59.073,0.07794605502717392,0.07794605502717392,17.0,-2.370375000000001,6.104645555589203,0.5781098556447123,1.0,10,1.0,16,1.0,19,1.0,21,6.073,11.62315236930154,3.890938749999995,0.31900988567080224,1,16,1,30,1,39,1,45,0.00825,0.0,6.806250000000001e-05,0.15,0.0,0.0225,0.0225,0.0,0.00050625,0.10375000000000001,0.0,0.010764062500000001,0.0225,0.0,0.00050625
2017-2018,mapped,preseason,2017-08-04,eng-championship,preston-north-end,False,incumbent,73.0,62.877,0.14603712228260865,0.14603712228260865,7.0,5.715249999999999,6.2534524414518415,0.23003965907361618,0.0,10,1.0,17,1.0,20,1.0,21,-10.123000000000005,11.868461189219099,6.0833111250000025,0.8040672299877668,0,16,1,30,1,40,1,46,0.019,0.0,0.000361,0.097,0.0,0.009409,0.0465,0.0,0.00216225,0.15050000000000002,0.0,0.022650250000000007,0.0465,0.0,0.00216225
2017-2018,mapped,preseason,2017-08-04,eng-championship,queens-park-rangers,False,incumbent,56.0,58.861,0.07250441576086955,0.07250441576086955,16.0,-1.20425,6.104672959094533,0.5121876246848718,1.0,10,1.0,17,1.0,19,1.0,21,2.861000000000004,11.701930567218385,3.0172325000000013,0.39699690194915305,1,16,1,30,1,39,1,45,0.0095,0.0,9.025e-05,0.16399999999999998,0.0,0.026895999999999993,0.02375,0.0,0.0005640625,0.09075,0.0,0.0082355625,0.02375,0.0,0.0005640625
2017-2018,mapped,preseason,2017-08-04,eng-championship,reading,False,incumbent,44.0,62.92275,0.1886170869565217,0.1886170869565217,20.0,-7.338000000000001,6.251380327575663,0.8512854305904516,0.0,10,1.0,17,1.0,20,1.0,21,18.922749999999994,11.827458832627574,12.744458937499989,0.05390868148872429,0,16,0,31,1,39,1,46,0.02,0.0,0.0004,0.09225,0.0,0.0085100625,0.0485,0.0,0.00235225,0.14875000000000002,0.0,0.022126562500000006,0.0485,0.0,0.00235225
2017-2018,mapped,preseason,2017-08-04,eng-championship,sheffield-united,False,promoted_from_lower,69.0,56.20475,0.17018567391304354,0.17018567391304354,10.0,5.676000000000002,6.948958483110976,0.2518161962539599,1.0,12,1.0,19,1.0,21,1.0,22,-12.795250000000003,15.017783705910137,7.757288437499994,0.7981457480979742,0,21,1,39,1,49,1,58,0.02125,0.0,0.0004515625000000001,0.274,0.0,0.07507600000000002,0.043,0.0,0.0018489999999999997,0.0995,0.0,0.009900250000000001,0.043,0.0,0.0018489999999999997
2017-2018,mapped,preseason,2017-08-04,eng-championship,sheffield-wednesday,False,incumbent,57.0,72.10675,0.2049772309782609,0.2049772309782609,15.0,-6.91225,5.686391644751529,0.8560504811746834,0.0,9,1.0,15,1.0,18,1.0,20,15.106749999999991,11.79308502629825,9.591954312500011,0.09709813027841824,0,16,1,30,1,38,1,45,0.0905,0.0,0.00819025,0.01825,0.0,0.00033306249999999997,0.18,0.0,0.0324,0.303,0.0,0.091809,0.18,0.0,0.0324
2017-2018,mapped,preseason,2017-08-04,eng-championship,sunderland,True,relegated_from_pl,37.0,70.4325,0.485353011548913,0.485353011548913,24.0,-14.856874999999999,6.553502135070606,0.99685423669072,0.0,11,0.0,17,0.0,21,0.0,22,33.432500000000005,13.959152687394747,25.608310374999988,0.009238503898664815,0,19,0,36,0,46,0,55,0.093,0.0,0.008649,0.053250000000000006,1.0,0.8963355625,0.1815,0.0,0.03294225,0.25775000000000003,0.0,0.06643506250000002,0.1815,0.0,0.03294225
2017-2018,mapped,preseason,2017-08-04,eng-championship,wolverhampton-wanderers,False,incumbent,99.0,61.6555,0.38191297282608694,0.38191297282608694,1.0,12.37,6.234869685887588,1.4962915035239943e-05,0.0,10,0.0,18,0.0,20,0.0,22,-37.3445,11.780505920799836,30.688169625000008,0.9994999999999998,0,15,0,30,0,39,0,45,0.0165,1.0,0.96727225,0.106,0.0,0.011236,0.042749999999999996,1.0,0.9163275625,0.13025,0.0,0.016965062500000003,0.042749999999999996,1.0,0.9163275625
2018-2019,retained,preseason,2018-08-03,eng-championship,aston-villa,False,incumbent,76.0,75.74925,0.05261891032608692,0.05261891032608692,5.0,1.7167499999999993,5.0633506137240785,0.46651525585231457,1.0,7,1.0,13,1.0,16,1.0,18,-0.2507500000000107,11.837752085489035,2.7547920625000053,0.4897437787975448,1,16,1,30,1,39,1,47,0.1175,0.0,0.013806249999999999,0.00625,0.0,3.906250000000001e-05,0.24175,0.0,0.0584430625,0.3385,1.0,0.43758224999999995,1.24175,1.0,0.058443062499999865
2018-2019,retained,preseason,2018-08-03,eng-championship,birmingham-city,False,incumbent,61.0,52.133,0.12165101902173911,0.12165101902173911,14.0,3.81475,4.994390096648439,0.19918825090519232,0.0,7,1.0,13,1.0,16,1.0,18,-8.866999999999997,11.03498124148836,5.462837625,0.8053451866215039,0,14,1,29,1,36,1,43,0.001,0.0,1e-06,0.27725,0.0,0.0768675625,0.00375,0.0,1.40625e-05,0.031,0.0,0.0009609999999999999,0.00375,0.0,1.40625e-05
2018-2019,retained,preseason,2018-08-03,eng-championship,blackburn-rovers,False,promoted_from_lower,60.0,62.17625,0.0942488586956522,0.0942488586956522,16.0,-2.9924999999999997,6.319330957466938,0.6178720788099596,1.0,10,1.0,18,1.0,20,1.0,22,2.176249999999996,13.028053804674741,3.2178548125000024,0.419204467582234,1,18,1,34,1,43,1,51,0.016,0.0,0.000256,0.10275000000000001,0.0,0.010557562500000001,0.044,0.0,0.0019359999999999998,0.14425000000000002,0.0,0.020808062500000005,0.044,0.0,0.0019359999999999998
2018-2019,retained,preseason,2018-08-03,eng-championship,bolton-wanderers,False,incumbent,32.0,46.99275,0.05712392934782609,0.05712392934782609,23.0,-3.1999999999999993,4.299244119609865,0.7701852767650342,1.0,5,1.0,10,1.0,13,1.0,15,14.992750000000001,11.132551254654075,9.466093312500005,0.08455311953108537,0,16,0,29,1,37,1,44,0.0,0.0,0.0,0.467,1.0,0.28408900000000004,0.001,0.0,1e-06,0.01175,0.0,0.0001380625,0.001,0.0,1e-06
2018-2019,retained,preseason,2018-08-03,eng-championship,brentford,False,incumbent,64.0,69.4075,0.07756047350543478,0.07756047350543478,11.0,-1.5123749999999987,5.696761962674498,0.6014869633203698,1.0,9,1.0,16,1.0,18,1.0,20,5.407499999999999,11.671437090178742,3.7342144999999984,0.339043289892776,1,16,1,30,1,39,1,46,0.04475,0.0,0.0020025625,0.02275,0.0,0.0005175625,0.10525,0.0,0.011077562499999999,0.25925,0.0,0.06721056249999999,0.10525,0.0,0.011077562499999999
2018-2019,retained,preseason,2018-08-03,eng-championship,bristol-city,False,incumbent,70.0,64.75775,0.09959757608695652,0.09959757608695652,8.0,3.7174999999999994,5.928928549915237,0.3123921310668785,1.0,9,1.0,16,1.0,20,1.0,21,-5.2422499999999985,11.651762310376057,3.7057875625000074,0.6623806718721874,1,16,1,30,1,38,1,44,0.01675,0.0,0.00028056250000000005,0.05025,0.0,0.0025250625000000004,0.053,0.0,0.002809,0.17925000000000002,0.0,0.03213056250000001,0.053,0.0,0.002809
2018-2019,retained,preseason,2018-08-03,eng-championship,derby-county,False,incumbent,74.0,73.301,0.0589909375,0.0589909375,6.0,1.7817500000000006,5.366620625449501,0.4905771108290965,1.0,8,1.0,14,1.0,17,1.0,19,-0.6989999999999981,11.86568156491653,2.798823624999998,0.5266252201634334,1,16,1,30,1,40,1,47,0.08275,0.0,0.0068475625,0.01125,0.0,0.0001265625,0.17325000000000002,0.0,0.030015562500000006,0.3255,1.0,0.45495025,0.17325000000000002,0.0,0.030015562500000006
2018-2019,retained,preseason,2018-08-03,eng-championship,hull-city,False,incumbent,62.0,68.1545,0.09717181250000001,0.09717181250000001,13.0,-2.885249999999999,5.926683932647328,0.6753932923660166,1.0,10,1.0,16,1.0,19,1.0,21,6.154500000000013,12.04832476944409,4.042684624999988,0.3114582072074562,1,16,1,32,1,40,1,47,0.0385,0.0,0.00148225,0.033999999999999996,0.0,0.0011559999999999997,0.08675,0.0,0.007525562499999999,0.24625,0.0,0.0606390625,0.08675,0.0,0.007525562499999999
2018-2019,retained,preseason,2018-08-03,eng-championship,ipswich-town,False,incumbent,31.0,61.341,0.31309960597826103,0.31309960597826103,24.0,-10.59275,5.89982181404659,0.985713346817208,0.0,9,0.0,16,0.0,20,0.0,21,30.341000000000008,11.675196743524284,23.75218262500001,0.0030599478817926874,0,16,0,30,0,38,0,46,0.009,0.0,8.099999999999999e-05,0.09025000000000001,1.0,0.8276450625,0.026749999999999996,0.0,0.0007155624999999998,0.125,0.0,0.015625,0.026749999999999996,0.0,0.0007155624999999998
2018-2019,retained,preseason,2018-08-03,eng-championship,leeds-united,False,incumbent,83.0,61.747,0.3026718288043478,0.3026718288043478,3.0,10.27175,5.896007287775347,0.051837536477367774,0.0,9,0.0,16,1.0,19,1.0,21,-21.253,11.556361494865069,15.037119249999984,0.966627027689613,0,16,0,30,0,38,1,46,0.012,0.0,0.000144,0.07975,0.0,0.0063600625,0.0275,0.0,0.00075625,0.1255,1.0,0.76475025,0.0275,0.0,0.00075625
2018-2019,retained,preseason,2018-08-03,eng-championship,middlesbrough,False,incumbent,73.0,76.84425,0.06489176358695653,0.06489176358695653,7.0,-0.7367499999999998,4.937960048187915,0.6224121311965141,1.0,7,1.0,13,1.0,15,1.0,18,3.8442500000000024,11.959619222094824,3.3428963124999855,0.3662020528100146,1,16,1,31,1,39,1,47,0.14275,0.0,0.020377562499999998,0.0075,0.0,5.625e-05,0.272,0.0,0.07398400000000001,0.34824999999999995,0.0,0.12127806249999996,0.272,0.0,0.07398400000000001
2018-2019,retained,preseason,2018-08-03,eng-championship,millwall,False,incumbent,44.0,66.61325,0.3032472255434782,0.3032472255434782,21.0,-10.222249999999999,5.88284411976894,0.9492988926597732,0.0,9,0.0,16,1.0,19,1.0,21,22.613249999999994,11.798948022493361,16.1607445625,0.026310667195757198,0,16,0,31,0,39,1,46,0.03,0.0,0.0009,0.03675,0.0,0.0013505624999999998,0.069,0.0,0.0047610000000000005,0.21575,0.0,0.0465480625,0.069,0.0,0.0047610000000000005
2018-2019,retained,preseason,2018-08-03,eng-championship,norwich-city,False,incumbent,94.0,63.975,0.3352068885869565,0.3352068885869565,1.0,11.12925,5.94104741922668,0.001119408591994406,0.0,10,0.0,16,0.0,19,0.0,21,-30.025,11.721833261056053,23.441447625,0.9950080637122236,0,16,0,30,0,39,0,46,0.01725,1.0,0.9657975625,0.057749999999999996,0.0,0.0033350624999999995,0.045,1.0,0.912025,0.1655,0.0,0.02739025,0.045,1.0,0.912025
2018-2019,retained,preseason,2018-08-03,eng-championship,nottingham-forest,False,incumbent,66.0,58.027,0.1689675360054348,0.1689675360054348,9.0,6.0866250000000015,5.659228844054197,0.18192224578732194,0.0,9,1.0,15,1.0,18,1.0,21,-7.972999999999999,11.472696762313559,4.856627749999997,0.7639550361183582,1,16,1,30,1,37,1,45,0.0035,0.0,1.2250000000000001e-05,0.14150000000000001,0.0,0.020022250000000005,0.01525,0.0,0.0002325625,0.07425000000000001,0.0,0.0055130625000000015,0.01525,0.0,0.0002325625
2018-2019,retained,preseason,2018-08-03,eng-championship,preston-north-end,False,incumbent,61.0,67.47025,0.1271874456521739,0.1271874456521739,15.0,-4.582000000000001,5.864663332195634,0.747770115103429,1.0,9,1.0,16,1.0,19,1.0,21,6.470249999999993,11.842111928938182,4.138357062499993,0.29003574531866033,1,16,1,31,1,39,1,46,0.03625,0.0,0.0013140625,0.03675,0.0,0.0013505624999999998,0.07924999999999999,0.0,0.006280562499999998,0.23049999999999998,0.0,0.05313024999999999,0.07924999999999999,0.0,0.006280562499999998
2018-2019,retained,preseason,2018-08-03,eng-championship,queens-park-rangers,False,incumbent,51.0,59.1035,0.10588292119565217,0.10588292119565217,19.0,-4.47325,5.844337810008932,0.7113736053151689,1.0,9,1.0,16,1.0,19,1.0,21,8.103499999999997,11.7671274213378,4.844763500000011,0.26112381371674626,1,16,1,30,1,39,1,45,0.00675,0.0,4.5562499999999996e-05,0.1235,0.0,0.01525225,0.01825,0.0,0.00033306249999999997,0.09375,0.0,0.0087890625,0.01825,0.0,0.00033306249999999997
2018-2019,retained,preseason,2018-08-03,eng-championship,reading,False,incumbent,47.0,55.318,0.07966912771739132,0.07966912771739132,20.0,-3.62275,5.512162228880786,0.7102278142027593,1.0,8,1.0,15,1.0,18,1.0,20,8.317999999999998,11.513595268203586,4.8651035000000045,0.23934484648955978,0,15,1,30,1,38,1,45,0.00375,0.0,1.40625e-05,0.19899999999999998,0.0,0.03960099999999999,0.00925,0.0,8.556249999999999e-05,0.056,0.0,0.0031360000000000003,0.00925,0.0,8.556249999999999e-05
2018-2019,retained,preseason,2018-08-03,eng-championship,rotherham-united,False,promoted_from_lower,40.0,46.215,0.042988328804347824,0.042988328804347824,22.0,-2.119250000000001,4.553573260363777,0.608267300893992,1.0,5,1.0,11,1.0,14,1.0,17,6.215000000000003,12.104452693120827,3.9106745000000114,0.3275831523331277,1,17,1,31,1,39,1,47,0.001,0.0,1e-06,0.50375,1.0,0.2462640625,0.002,0.0,4e-06,0.01425,0.0,0.0002030625,0.002,0.0,4e-06
2018-2019,retained,preseason,2018-08-03,eng-championship,sheffield-united,False,incumbent,89.0,65.30675,0.26474023641304345,0.26474023641304345,2.0,9.47125,5.97056726262254,0.034649120016933876,0.0,9,0.0,17,1.0,19,1.0,21,-23.693250000000006,11.90145597973206,17.1692109375,0.9774649387331521,0,16,0,31,0,39,0,46,0.025,0.0,0.0006250000000000001,0.049,0.0,0.0024010000000000004,0.056,1.0,0.891136,0.18724999999999997,0.0,0.03506256249999999,0.056,1.0,0.891136
2018-2019,retained,preseason,2018-08-03,eng-championship,sheffield-wednesday,False,incumbent,64.0,67.56525,0.07886261684782608,0.07886261684782608,12.0,-1.6317499999999985,5.830492426673754,0.6003056573307847,1.0,9,1.0,16,1.0,19,1.0,21,3.565249999999992,11.749329446291819,3.197395937500003,0.3826320426675613,1,16,1,31,1,39,1,46,0.03225,0.0,0.0010400625,0.03225,0.0,0.0010400625,0.08625,0.0,0.007439062499999999,0.21125,0.0,0.044626562499999994,0.08625,0.0,0.007439062499999999
2018-2019,retained,preseason,2018-08-03,eng-championship,stoke-city,True,relegated_from_pl,55.0,64.48525,0.14884729619565218,0.14884729619565218,17.0,-4.81875,8.306557556382788,0.6480088330971961,1.0,16,1.0,23,1.0,23,1.0,23,9.485249999999994,21.951350355672883,6.771307687499997,0.3465339734963891,1,30,1,58,1,73,1,84,0.1265,0.0,0.01600225,0.21275,0.0,0.0452625625,0.19125,0.0,0.0365765625,0.153,0.0,0.023409,0.19125,0.0,0.0365765625
2018-2019,retained,preseason,2018-08-03,eng-championship,swansea-city,True,relegated_from_pl,65.0,69.19625,0.08663343749999998,0.08663343749999998,10.0,-0.08624999999999972,6.798846294592929,0.5424595615168413,1.0,11,1.0,18,1.0,21,1.0,22,4.196249999999992,15.404730959594849,4.095130812499988,0.3985546736950656,1,21,1,41,1,51,1,60,0.09925,0.0,0.009850562500000002,0.064,0.0,0.004096,0.169,0.0,0.028561000000000003,0.22399999999999998,0.0,0.05017599999999999,0.169,0.0,0.028561000000000003
2018-2019,retained,preseason,2018-08-03,eng-championship,west-bromwich-albion,True,relegated_from_pl,80.0,65.20625,0.1869929891304347,0.1869929891304347,4.0,7.8825,8.33940607897229,0.2875484341948972,1.0,17,1.0,23,1.0,23,1.0,23,-14.793750000000003,22.01467035722997,9.084359312500004,0.7294885320405331,1,32,1,58,1,72,1,83,0.13225,0.0,0.0174900625,0.20074999999999998,0.0,0.04030056249999999,0.20650000000000002,0.0,0.04264225000000001,0.15825,1.0,0.7085430625,0.20650000000000002,0.0,0.04264225000000001
2018-2019,retained,preseason,2018-08-03,eng-championship,wigan-athletic,False,promoted_from_lower,52.0,56.75825,0.07281633423913043,0.07281633423913043,18.0,-2.396250000000002,6.01308871857883,0.587413537249255,1.0,10,1.0,16,1.0,20,1.0,21,4.758249999999997,12.63510217360746,3.5870029374999843,0.3544406047442973,1,17,1,32,1,42,1,49,0.00525,0.0,2.7562500000000002e-05,0.19324999999999998,0.0,0.03734556249999999,0.018,0.0,0.00032399999999999996,0.08174999999999999,0.0,0.006683062499999998,0.018,0.0,0.00032399999999999996
2018-2019,generic,preseason,2018-08-03,eng-championship,aston-villa,False,incumbent,76.0,76.068,0.05094463858695653,0.05094463858695653,5.0,1.49925,5.011037760534239,0.4899920903114245,1.0,7,1.0,13,1.0,16,1.0,18,0.06799999999998363,11.65385670068068,2.711353124999998,0.47672206262827344,1,16,1,30,1,39,1,45,0.144,0.0,0.020735999999999997,0.007500000000000001,0.0,5.625000000000001e-05,0.25125,0.0,0.06312656249999998,0.347,1.0,0.42640900000000004,1.25125,1.0,0.06312656249999993
2018-2019,generic,preseason,2018-08-03,eng-championship,birmingham-city,False,incumbent,61.0,51.51475,0.13150909239130434,0.13150909239130434,14.0,4.174499999999998,4.994752221081643,0.19603675089320302,0.0,7,1.0,13,1.0,16,1.0,18,-9.48525,11.108072849846637,5.738133187500004,0.8111868048853187,0,15,1,29,1,36,1,43,0.00075,0.0,5.625e-07,0.3205,0.0,0.10272025,0.003,0.0,9e-06,0.02875,0.0,0.0008265625,0.003,0.0,9e-06
2018-2019,generic,preseason,2018-08-03,eng-championship,blackburn-rovers,False,promoted_from_lower,60.0,61.8145,0.08985461956521738,0.08985461956521738,16.0,-2.7929999999999993,6.434333765045142,0.5973133092702155,1.0,11,1.0,18,1.0,21,1.0,22,1.8144999999999953,12.865849748462011,3.0881180000000006,0.43693135114025566,1,17,1,33,1,42,1,51,0.0225,0.0,0.00050625,0.10975,0.0,0.0120450625,0.05025,0.0,0.0025250625000000004,0.14350000000000002,0.0,0.020592250000000006,0.05025,0.0,0.0025250625000000004
2018-2019,generic,preseason,2018-08-03,eng-championship,bolton-wanderers,False,incumbent,32.0,46.536,0.05048479076086957,0.05048479076086957,23.0,-2.91075,4.2508569062601955,0.7319365437560601,1.0,5,1.0,10,1.0,13,1.0,15,14.536000000000001,11.019083627961084,9.080409500000002,0.09033262504043903,0,15,1,29,1,36,1,43,0.0005,0.0,2.5e-07,0.49875,1.0,0.2512515625,0.0022500000000000003,0.0,5.062500000000001e-06,0.01,0.0,0.0001,0.0022500000000000003,0.0,5.062500000000001e-06
2018-2019,generic,preseason,2018-08-03,eng-championship,brentford,False,incumbent,64.0,69.12525,0.08127980978260871,0.08127980978260871,11.0,-1.4730000000000008,5.936351657373407,0.6023462887945212,1.0,9,1.0,16,1.0,20,1.0,21,5.125249999999994,11.731477419212807,3.759650312499999,0.34479328989277597,1,17,1,30,1,39,1,45,0.05075,0.0,0.0025755625,0.0305,0.0,0.00093025,0.11875000000000001,0.0,0.014101562500000001,0.255,0.0,0.065025,0.11875000000000001,0.0,0.014101562500000001
2018-2019,generic,preseason,2018-08-03,eng-championship,bristol-city,False,incumbent,70.0,64.2335,0.1067709184782609,0.1067709184782609,8.0,4.015000000000001,6.040511153867692,0.30258512073701166,1.0,10,1.0,16,1.0,20,1.0,21,-5.766500000000008,11.613654797263436,3.903851875,0.6787595063489278,1,16,1,30,1,38,1,45,0.02175,0.0,0.00047306249999999996,0.06525,0.0,0.0042575625,0.05075,0.0,0.0025755625,0.17149999999999999,0.0,0.029412249999999994,0.05075,0.0,0.0025755625
2018-2019,generic,preseason,2018-08-03,eng-championship,derby-county,False,incumbent,74.0,72.7835,0.06325039130434783,0.06325039130434783,6.0,1.9160000000000004,5.578704509113204,0.482575137973552,1.0,9,1.0,15,1.0,18,1.0,19,-1.2164999999999964,11.938661053485017,2.8634633750000065,0.5488891265256106,1,16,1,31,1,40,1,47,0.1,0.0,0.010000000000000002,0.01325,0.0,0.0001755625,0.1875,0.0,0.03515625,0.3025,1.0,0.48650625000000003,0.1875,0.0,0.03515625
2018-2019,generic,preseason,2018-08-03,eng-championship,hull-city,False,incumbent,62.0,65.563,0.08233823369565217,0.08233823369565217,13.0,-1.6340000000000003,6.208223900601523,0.5883932923660167,1.0,10,1.0,17,1.0,20,1.0,22,3.562999999999988,12.209178145968712,3.2682763749999983,0.395418323323568,1,17,1,31,1,41,1,48,0.03825,0.0,0.0014630625,0.05925,0.0,0.0035105625,0.075,0.0,0.005625,0.19425,0.0,0.037733062500000004,0.075,0.0,0.005625
2018-2019,generic,preseason,2018-08-03,eng-championship,ipswich-town,False,incumbent,31.0,61.22175,0.30640341576086966,0.30640341576086966,24.0,-10.49675,6.003373171601113,0.9855412184656078,0.0,9,0.0,16,0.0,20,0.0,21,30.221750000000007,11.588251677345466,23.695333187500005,0.0030599478817926874,0,16,0,30,0,39,0,46,0.01325,0.0,0.0001755625,0.09275000000000001,1.0,0.8231025624999999,0.03175,0.0,0.0010080625,0.125,0.0,0.015625,0.03175,0.0,0.0010080625
2018-2019,generic,preseason,2018-08-03,eng-championship,leeds-united,False,incumbent,83.0,61.49125,0.3048534429347826,0.3048534429347826,3.0,10.38375,6.0268968746362335,0.056828698383710824,0.0,9,0.0,16,1.0,20,1.0,21,-21.508750000000006,11.687746721994792,15.229704937500001,0.9656332559159831,0,16,0,30,0,40,1,46,0.01275,0.0,0.00016256249999999997,0.0945,0.0,0.00893025,0.03375,0.0,0.0011390625,0.11850000000000001,1.0,0.77704225,0.03375,0.0,0.0011390625
2018-2019,generic,preseason,2018-08-03,eng-championship,middlesbrough,False,incumbent,73.0,75.8805,0.0632150679347826,0.0632150679347826,7.0,-0.45174999999999965,5.117486877120449,0.5970939032882564,1.0,8,1.0,13,1.0,16,1.0,18,2.880500000000012,11.792422132454384,3.047391124999999,0.3900712304262789,1,16,1,30,1,39,1,47,0.146,0.0,0.021315999999999998,0.00825,0.0,6.806250000000001e-05,0.262,0.0,0.06864400000000001,0.33275,0.0,0.1107225625,0.262,0.0,0.06864400000000001
2018-2019,generic,preseason,2018-08-03,eng-championship,millwall,False,incumbent,44.0,66.53525,0.29731986684782613,0.29731986684782613,21.0,-10.154250000000001,6.048508653998934,0.939781624416215,0.0,9,0.0,16,1.0,19,1.0,21,22.53524999999999,11.894211089328287,16.02198418749999,0.0271429702501098,0,17,0,31,0,39,1,47,0.04175,0.0,0.0017430625000000003,0.045250000000000005,0.0,0.0020475625000000003,0.08574999999999999,0.0,0.0073530624999999985,0.19775,0.0,0.0391050625,0.08574999999999999,0.0,0.0073530624999999985
2018-2019,generic,preseason,2018-08-03,eng-championship,norwich-city,False,incumbent,94.0,61.59625,0.38596510597826084,0.38596510597826084,1.0,12.39075,6.110365327662496,0.0010058454015022197,0.0,9,0.0,16,0.0,20,0.0,21,-32.403749999999995,11.746498879985475,25.771718437500006,0.9980655238920837,0,17,0,30,0,38,0,46,0.0155,1.0,0.96924025,0.096,0.0,0.009216,0.038,1.0,0.925444,0.123,0.0,0.015129,0.038,1.0,0.925444
2018-2019,generic,preseason,2018-08-03,eng-championship,nottingham-forest,False,incumbent,66.0,57.617,0.17885747282608694,0.17885747282608694,9.0,6.343,5.785659080865377,0.17722903759108102,0.0,9,1.0,15,1.0,18,1.0,21,-8.382999999999996,11.499556991467106,5.143543375000005,0.7789086474764918,0,15,1,30,1,38,1,45,0.00625,0.0,3.906250000000001e-05,0.162,0.0,0.026244,0.016,0.0,0.000256,0.0755,0.0,0.00570025,0.016,0.0,0.000256
2018-2019,generic,preseason,2018-08-03,eng-championship,preston-north-end,False,incumbent,61.0,67.28025,0.12417856521739132,0.12417856521739132,15.0,-4.494499999999999,5.947097590421735,0.7352940844302895,1.0,9,1.0,16,1.0,19,1.0,21,6.280249999999995,11.62332611335929,3.9993340624999902,0.2921071751314067,1,16,1,29,1,39,1,45,0.03625,0.0,0.0013140625,0.035500000000000004,0.0,0.0012602500000000003,0.087,0.0,0.007568999999999999,0.2155,0.0,0.046440249999999995,0.087,0.0,0.007568999999999999
2018-2019,generic,preseason,2018-08-03,eng-championship,queens-park-rangers,False,incumbent,51.0,58.55075,0.09692958695652172,0.09692958695652172,19.0,-4.116,6.001586790174745,0.6790119150571674,1.0,10,1.0,16,1.0,19,1.0,21,7.550750000000001,11.755102059850438,4.519060812500015,0.2752997947362142,1,16,1,31,1,40,1,45,0.00925,0.0,8.556249999999999e-05,0.14975,0.0,0.0224250625,0.020749999999999998,0.0,0.0004305624999999999,0.091,0.0,0.008281,0.020749999999999998,0.0,0.0004305624999999999
2018-2019,generic,preseason,2018-08-03,eng-championship,reading,False,incumbent,47.0,54.6845,0.07349432065217389,0.07349432065217389,20.0,-3.2455,5.549254882414395,0.6733988933937737,1.0,8,1.0,15,1.0,18,1.0,20,7.6845,11.426961965019398,4.564869750000011,0.2647984971014714,1,15,1,30,1,37,1,45,0.00425,0.0,1.8062500000000002e-05,0.23975,0.0,0.0574800625,0.009000000000000001,0.0,8.100000000000002e-05,0.05125,0.0,0.0026265624999999996,0.009000000000000001,0.0,8.100000000000002e-05
2018-2019,generic,preseason,2018-08-03,eng-championship,rotherham-united,False,promoted_from_lower,40.0,46.0565,0.04298673097826087,0.04298673097826087,22.0,-1.9897500000000008,4.578225085936689,0.585862010748781,1.0,6,1.0,11,1.0,14,1.0,16,6.0565,12.203946400652537,3.9258975000000014,0.33073074063176017,1,17,1,32,1,40,1,46,0.00175,0.0,3.0625000000000003e-06,0.5189999999999999,1.0,0.23136100000000015,0.003,0.0,9e-06,0.012499999999999999,0.0,0.00015624999999999998,0.003,0.0,9e-06
2018-2019,generic,preseason,2018-08-03,eng-championship,sheffield-united,False,incumbent,89.0,64.76775,0.2732851277173912,0.2732851277173912,2.0,9.78225,6.163630013028037,0.03686106066509956,0.0,10,0.0,18,1.0,20,1.0,22,-24.232250000000008,12.012443961888021,17.639368312500004,0.9774532516442029,0,16,0,31,0,40,1,47,0.0255,0.0,0.0006502499999999999,0.062,0.0,0.0038439999999999998,0.062,1.0,0.879844,0.17424999999999996,0.0,0.030363062499999986,0.062,1.0,0.879844
2018-2019,generic,preseason,2018-08-03,eng-championship,sheffield-wednesday,False,incumbent,64.0,67.113,0.07895024184782609,0.07895024184782609,12.0,-1.4452499999999997,5.984814319383685,0.5770166210424275,1.0,9,1.0,16,1.0,19,1.0,21,3.1129999999999995,11.741496114209637,3.084997124999992,0.40550263353496047,1,16,1,30,1,38,1,45,0.0395,0.0,0.00156025,0.0385,0.0,0.00148225,0.0875,0.0,0.007656249999999999,0.21575,0.0,0.0465480625,0.0875,0.0,0.007656249999999999
2018-2019,generic,preseason,2018-08-03,eng-championship,stoke-city,True,relegated_from_pl,55.0,70.10675,0.2211518016304347,0.2211518016304347,17.0,-7.7357499999999995,6.36819612900702,0.8537799761811848,0.0,10,1.0,17,1.0,20,1.0,21,15.106750000000005,13.478996788986189,9.302019062499987,0.1326278491962224,0,18,1,35,1,44,1,52,0.08975,0.0,0.0080550625,0.043250000000000004,0.0,0.0018705625000000003,0.17375000000000002,0.0,0.030189062500000006,0.2415,0.0,0.05832225,0.17375000000000002,0.0,0.030189062500000006
2018-2019,generic,preseason,2018-08-03,eng-championship,swansea-city,True,relegated_from_pl,65.0,69.85775,0.08083707880434783,0.08083707880434783,10.0,-0.6182499999999997,6.311142284681909,0.5697095615168413,1.0,10,1.0,17,1.0,20,1.0,21,4.85775000000001,13.264784767854321,3.811201937499976,0.36407516978839216,1,18,1,34,1,44,1,52,0.08425,0.0,0.007098062500000001,0.03725,0.0,0.0013875625,0.16125,0.0,0.026001562500000002,0.24375,0.0,0.059414062499999996,0.16125,0.0,0.026001562500000002
2018-2019,generic,preseason,2018-08-03,eng-championship,west-bromwich-albion,True,relegated_from_pl,80.0,70.168,0.11403776630434788,0.11403776630434788,4.0,5.2485,6.359500589668972,0.28865366471353227,1.0,10,1.0,17,1.0,20,1.0,22,-9.831999999999994,13.566255046990676,5.8327099999999845,0.7486365951846711,1,19,1,34,1,44,1,53,0.0855,0.0,0.007310250000000001,0.044,0.0,0.0019359999999999998,0.1655,0.0,0.02739025,0.2525,1.0,0.5587562500000001,0.1655,0.0,0.02739025
2018-2019,generic,preseason,2018-08-03,eng-championship,wigan-athletic,False,promoted_from_lower,52.0,56.292,0.07550364130434782,0.07550364130434782,18.0,-2.1944999999999997,6.220544168318395,0.557464489121917,1.0,10,1.0,17,1.0,20,1.0,21,4.292000000000002,12.950337292904768,3.5958125000000027,0.37946587064776066,1,18,1,33,1,42,1,51,0.01,0.0,0.0001,0.22749999999999998,0.0,0.05175624999999999,0.02425,0.0,0.0005880625,0.07700000000000001,0.0,0.005929000000000002,0.02425,0.0,0.0005880625
2018-2019,mapped,preseason,2018-08-03,eng-championship,aston-villa,False,incumbent,76.0,74.57375,0.05925384782608698,0.05925384782608698,5.0,2.1285,5.297875777139362,0.44178069954624116,1.0,8,1.0,14,1.0,17,1.0,19,-1.426249999999996,11.939286450098264,2.904213187500017,0.5292492078398626,1,16,1,31,1,39,1,47,0.1205,0.0,0.014520249999999998,0.01,0.0,0.0001,0.23075,0.0,0.0532455625,0.31425000000000003,1.0,0.4702530625,1.23075,1.0,0.0532455624999999
2018-2019,mapped,preseason,2018-08-03,eng-championship,birmingham-city,False,incumbent,61.0,51.4525,0.13000499184782607,0.13000499184782607,14.0,4.133749999999999,4.995734274108262,0.19478675089320302,0.0,7,1.0,13,1.0,16,1.0,18,-9.5475,11.07405723978344,5.768911499999997,0.8138909957534113,0,15,1,29,1,37,1,44,0.001,0.0,1e-06,0.31675000000000003,0.0,0.10033056250000003,0.0022500000000000003,0.0,5.062500000000001e-06,0.03,0.0,0.0009,0.0022500000000000003,0.0,5.062500000000001e-06
2018-2019,mapped,preseason,2018-08-03,eng-championship,blackburn-rovers,False,promoted_from_lower,60.0,61.74825,0.09150579619565216,0.09150579619565216,16.0,-2.772750000000002,6.491849307978428,0.5955533613761999,1.0,11,1.0,18,1.0,20,1.0,22,1.7482499999999987,13.139972295918284,3.1839030624999944,0.4467457191382381,1,18,1,34,1,43,1,51,0.0235,0.0,0.00055225,0.11725,0.0,0.013747562499999998,0.0495,0.0,0.00245025,0.14675000000000002,0.0,0.021535562500000004,0.0495,0.0,0.00245025
2018-2019,mapped,preseason,2018-08-03,eng-championship,bolton-wanderers,False,incumbent,32.0,46.39375,0.049711720108695664,0.049711720108695664,23.0,-2.90175,4.2193123773311685,0.7375516505567938,1.0,5,1.0,10,1.0,13,1.0,15,14.393749999999997,11.077644647554823,8.958243812500001,0.0944061232039878,0,15,1,29,1,36,1,43,0.0,0.0,0.0,0.5075,1.0,0.24255625000000003,0.00075,0.0,5.625e-07,0.009999999999999998,0.0,9.999999999999996e-05,0.00075,0.0,5.625e-07
2018-2019,mapped,preseason,2018-08-03,eng-championship,brentford,False,incumbent,64.0,68.9525,0.07640021195652173,0.07640021195652173,11.0,-1.3405000000000005,5.805046059248798,0.5958462887945213,1.0,9,1.0,16,1.0,18,1.0,21,4.952500000000001,11.742603789194286,3.5291107499999876,0.3532609352672975,1,16,1,30,1,39,1,46,0.04775,0.0,0.0022800625,0.02825,0.0,0.0007980625,0.1115,0.0,0.01243225,0.23775,0.0,0.056525062499999994,0.1115,0.0,0.01243225
2018-2019,mapped,preseason,2018-08-03,eng-championship,bristol-city,False,incumbent,70.0,63.61325,0.11217550271739127,0.11217550271739127,8.0,4.279250000000001,6.128194631169934,0.2890924402971892,1.0,10,1.0,17,1.0,19,1.0,21,-6.386749999999992,11.881295149835308,4.123200437499998,0.6993414084070605,1,16,1,31,1,39,1,47,0.0215,0.0,0.00046224999999999993,0.073,0.0,0.0053289999999999995,0.048,0.0,0.002304,0.16425,0.0,0.026978062500000004,0.048,0.0,0.002304
2018-2019,mapped,preseason,2018-08-03,eng-championship,derby-county,False,incumbent,74.0,72.84825,0.05912096195652173,0.05912096195652173,6.0,1.798,5.446163420243649,0.4912446543204495,1.0,8,1.0,14,1.0,17,1.0,19,-1.1517499999999927,11.69282779901851,2.7504261874999996,0.5430835639807396,1,16,1,31,1,39,1,45,0.092,0.0,0.008464,0.01425,0.0,0.0002030625,0.17825,0.0,0.0317730625,0.32149999999999995,1.0,0.4603622500000001,0.17825,0.0,0.0317730625
2018-2019,mapped,preseason,2018-08-03,eng-championship,hull-city,False,incumbent,62.0,64.39675,0.07578546467391305,0.07578546467391305,13.0,-1.1062499999999993,6.122128791319241,0.5651738261148919,1.0,10,1.0,17,1.0,20,1.0,22,2.3967499999999973,11.991302658072643,3.030135312499997,0.4235379749752324,1,16,1,31,1,39,1,47,0.02525,0.0,0.0006375625000000001,0.0645,0.0,0.00416025,0.059500000000000004,0.0,0.0035402500000000004,0.17225000000000001,0.0,0.029670062500000004,0.059500000000000004,0.0,0.0035402500000000004
2018-2019,mapped,preseason,2018-08-03,eng-championship,ipswich-town,False,incumbent,31.0,60.43725,0.2911305353260869,0.2911305353260869,24.0,-10.09175,5.920500987036486,0.9855412184656078,0.0,10,0.0,17,0.0,19,0.0,21,29.43724999999999,11.45046123252247,22.981926062500005,0.0030599478817926874,0,16,0,29,0,38,0,44,0.0115,0.0,0.00013225,0.10475,1.0,0.8014725625,0.025750000000000002,0.0,0.0006630625000000001,0.108,0.0,0.011663999999999999,0.025750000000000002,0.0,0.0006630625000000001
2018-2019,mapped,preseason,2018-08-03,eng-championship,leeds-united,False,incumbent,83.0,61.56,0.3014459538043478,0.3014459538043478,3.0,10.31525,6.077282899248643,0.05877082854533974,0.0,9,0.0,16,1.0,20,1.0,21,-21.439999999999998,11.821924547213115,15.133848124999998,0.9648770276896129,0,15,0,31,0,38,1,47,0.01775,0.0,0.00031506249999999997,0.09625,0.0,0.0092640625,0.038,0.0,0.001444,0.12375,1.0,0.7678140625000001,0.038,0.0,0.001444
2018-2019,mapped,preseason,2018-08-03,eng-championship,middlesbrough,False,incumbent,73.0,76.879,0.06568656250000002,0.06568656250000002,7.0,-0.7912499999999998,4.943498097248546,0.6130365015750745,1.0,7,1.0,13,1.0,15,1.0,18,3.879000000000005,11.910031863937224,3.3378694999999956,0.36911301162784127,1,16,1,31,1,38,1,46,0.16975,0.0,0.028815062500000006,0.003,0.0,9e-06,0.29675,0.0,0.08806056250000001,0.31399999999999995,0.0,0.09859599999999996,0.29675,0.0,0.08806056250000001
2018-2019,mapped,preseason,2018-08-03,eng-championship,millwall,False,incumbent,44.0,65.75775,0.2821443260869565,0.2821443260869565,21.0,-9.774500000000002,5.971905035246291,0.9396596802074509,0.0,10,0.0,17,1.0,19,1.0,21,21.757749999999987,11.706475342198436,15.35603993749999,0.028307576358814996,0,16,0,30,0,38,1,46,0.029,0.0,0.0008410000000000001,0.0445,0.0,0.00198025,0.06825,0.0,0.004658062500000001,0.19074999999999998,0.0,0.03638556249999999,0.06825,0.0,0.004658062500000001
2018-2019,mapped,preseason,2018-08-03,eng-championship,norwich-city,False,incumbent,94.0,61.66425,0.38194012228260876,0.38194012228260876,1.0,12.284749999999999,6.085570428275397,0.0010707386532120406,0.0,10,0.0,16,0.0,20,0.0,21,-32.335750000000004,11.711789869080643,25.718009687499993,0.9977499999999999,0,17,0,30,0,38,0,45,0.0165,1.0,0.96727225,0.09400000000000001,0.0,0.008836000000000002,0.035250000000000004,1.0,0.9307425625,0.13375,0.0,0.0178890625,0.035250000000000004,1.0,0.9307425625
2018-2019,mapped,preseason,2018-08-03,eng-championship,nottingham-forest,False,incumbent,66.0,57.457,0.18026735326086957,0.18026735326086957,9.0,6.407,5.7371030145884605,0.17427376797298622,0.0,9,1.0,15,1.0,18,1.0,21,-8.543000000000006,11.280432216896656,5.178350625000016,0.779279400421367,0,15,1,29,1,37,1,44,0.00625,0.0,3.906250000000001e-05,0.1615,0.0,0.02608225,0.015000000000000001,0.0,0.00022500000000000005,0.07100000000000001,0.0,0.005041000000000001,0.015000000000000001,0.0,0.00022500000000000005
2018-2019,mapped,preseason,2018-08-03,eng-championship,preston-north-end,False,incumbent,61.0,66.91975,0.1210454429347826,0.1210454429347826,15.0,-4.33225,5.983590889883766,0.725036960749513,1.0,9,1.0,16,1.0,19,1.0,21,5.919750000000008,11.759243595465655,3.8988506874999906,0.31066431724375887,1,16,1,30,1,38,1,45,0.03475,0.0,0.0012075625000000003,0.033999999999999996,0.0,0.0011559999999999997,0.078,0.0,0.006084,0.2195,0.0,0.04818025,0.078,0.0,0.006084
2018-2019,mapped,preseason,2018-08-03,eng-championship,queens-park-rangers,False,incumbent,51.0,58.07925,0.09346089945652178,0.09346089945652178,19.0,-3.9472500000000004,5.84756081092792,0.6817379017341768,1.0,9,1.0,16,1.0,19,1.0,21,7.079250000000002,11.48929803937125,4.301285062500016,0.2850218516778104,1,16,1,30,1,39,1,45,0.00575,0.0,3.30625e-05,0.14950000000000002,0.0,0.022350250000000006,0.01525,0.0,0.0002325625,0.08725,0.0,0.007612562499999999,0.01525,0.0,0.0002325625
2018-2019,mapped,preseason,2018-08-03,eng-championship,reading,False,incumbent,47.0,54.10275,0.06931079891304347,0.06931079891304347,20.0,-3.0020000000000024,5.371777731812812,0.6648461954162375,1.0,7,1.0,14,1.0,18,1.0,19,7.10275,11.22807607907517,4.305763062500014,0.2792644958132365,1,16,1,29,1,37,1,44,0.00225,0.0,5.062499999999999e-06,0.242,0.0,0.058564,0.0052499999999999995,0.0,2.7562499999999996e-05,0.0455,0.0,0.00207025,0.0052499999999999995,0.0,2.7562499999999996e-05
2018-2019,mapped,preseason,2018-08-03,eng-championship,rotherham-united,False,promoted_from_lower,40.0,45.5935,0.04033186141304348,0.04033186141304348,22.0,-1.865750000000002,4.55820435451286,0.579484642323375,1.0,6,1.0,11,1.0,14,1.0,16,5.593500000000006,12.113701240743888,3.70688112499999,0.34203053680308787,1,17,1,32,1,39,1,47,0.00125,0.0,1.5625e-06,0.535,1.0,0.2162249999999999,0.002,0.0,4e-06,0.01525,0.0,0.0002325625,0.002,0.0,4e-06
2018-2019,mapped,preseason,2018-08-03,eng-championship,sheffield-united,False,incumbent,89.0,64.75425,0.27270091576086947,0.27270091576086947,2.0,9.70625,6.059864762311119,0.03793887614910709,0.0,9,0.0,16,1.0,20,1.0,22,-24.24575,11.843114325949067,17.770139312500003,0.9770879908849939,0,16,0,31,0,38,1,46,0.0265,0.0,0.00070225,0.055749999999999994,0.0,0.0031080624999999993,0.06325,1.0,0.8775005625,0.17425000000000002,0.0,0.030363062500000006,0.06325,1.0,0.8775005625
2018-2019,mapped,preseason,2018-08-03,eng-championship,sheffield-wednesday,False,incumbent,64.0,67.39775,0.07828633152173914,0.07828633152173914,12.0,-1.6159999999999997,5.899834234959487,0.59449967993187,1.0,10,1.0,16,1.0,19,1.0,21,3.397750000000002,11.771556606392375,3.112513687499993,0.3873575350570606,1,16,1,31,1,39,1,46,0.03725,0.0,0.0013875625,0.03775,0.0,0.0014250625,0.08474999999999999,0.0,0.007182562499999999,0.21525,0.0,0.0463325625,0.08474999999999999,0.0,0.007182562499999999
2018-2019,mapped,preseason,2018-08-03,eng-championship,stoke-city,True,relegated_from_pl,55.0,68.91325,0.2015848125,0.2015848125,17.0,-7.21325,6.35242272188336,0.8473359714174218,0.0,11,1.0,17,1.0,20,1.0,22,13.913250000000005,13.24661180972327,8.482706562499992,0.1379397625970001,0,18,1,34,1,43,1,51,0.0675,0.0,0.00455625,0.0445,0.0,0.00198025,0.133,0.0,0.017689000000000003,0.24925,0.0,0.0621255625,0.133,0.0,0.017689000000000003
2018-2019,mapped,preseason,2018-08-03,eng-championship,swansea-city,True,relegated_from_pl,65.0,72.60625,0.09478016032608697,0.09478016032608697,10.0,-1.8492500000000014,6.099551166889249,0.6587904206056768,1.0,9,1.0,17,1.0,19,1.0,21,7.606250000000003,13.63252401199059,4.943013187500001,0.2795423760390697,1,19,1,34,1,45,1,54,0.10975,0.0,0.0120450625,0.02675,0.0,0.0007155624999999999,0.20500000000000002,0.0,0.04202500000000001,0.294,0.0,0.08643599999999999,0.20500000000000002,0.0,0.04202500000000001
2018-2019,mapped,preseason,2018-08-03,eng-championship,west-bromwich-albion,True,relegated_from_pl,80.0,73.80625,0.07713410054347823,0.07713410054347823,4.0,3.6652500000000003,5.860263853914771,0.37462136944742713,1.0,9,1.0,16,1.0,18,1.0,20,-6.193749999999994,13.252894436216566,4.1839444374999895,0.6587994391981821,1,18,1,33,1,43,1,51,0.1235,0.0,0.01525225,0.02175,0.0,0.00047306249999999996,0.23349999999999999,0.0,0.054522249999999994,0.2895,1.0,0.50481025,0.23349999999999999,0.0,0.054522249999999994
2018-2019,mapped,preseason,2018-08-03,eng-championship,wigan-athletic,False,promoted_from_lower,52.0,56.0925,0.0715154347826087,0.0715154347826087,18.0,-2.1135,6.046041494234058,0.5663293889429721,1.0,9,1.0,16,1.0,20,1.0,21,4.092500000000001,12.684141427388768,3.450414749999985,0.3721635661510789,1,18,1,33,1,42,1,49,0.00925,0.0,8.556249999999999e-05,0.21749999999999997,0.0,0.04730624999999999,0.020499999999999997,0.0,0.0004202499999999999,0.07225000000000001,0.0,0.005220062500000002,0.020499999999999997,0.0,0.0004202499999999999
2019-2020,retained,preseason,2019-08-02,eng-championship,barnsley,False,promoted_from_lower,49.0,54.2725,0.10567008152173911,0.10567008152173911,22.0,-5.166,6.0595333153634865,0.7177637469156276,1.0,9,1.0,16,1.0,19,1.0,21,5.272500000000001,12.707409010101154,3.7559856249999877,0.3435522400229724,1,18,1,33,1,42,1,50,0.00725,0.0,5.2562500000000004e-05,0.28625,1.0,0.5094390625,0.01625,0.0,0.00026406250000000003,0.0625,0.0,0.00390625,1.01625,0.0,1.0327640625000003
2019-2020,retained,preseason,2019-08-02,eng-championship,birmingham-city,False,incumbent,50.0,60.23725,0.16762440217391303,0.16762440217391303,21.0,-6.902999999999999,6.102179200908475,0.8302812203306918,0.0,10,1.0,17,1.0,19,1.0,22,10.237250000000003,11.433436160555583,5.943811562499996,0.20313764592043282,0,16,1,29,1,37,1,44,0.01,0.0,0.0001,0.12675,0.0,0.0160655625,0.027500000000000004,0.0,0.0007562500000000002,0.112,0.0,0.012544000000000001,0.027500000000000004,0.0,0.0007562500000000002
2019-2020,retained,preseason,2019-08-02,eng-championship,blackburn-rovers,False,incumbent,63.0,60.9955,0.09258002717391302,0.09258002717391302,11.0,2.716000000000001,6.129546802170614,0.3429996075693983,1.0,10,1.0,17,1.0,20,1.0,22,-2.0045,11.781807151282013,2.857229999999996,0.5828939250766634,1,16,1,30,1,39,1,46,0.015,0.0,0.000225,0.11599999999999999,0.0,0.013455999999999997,0.0335,0.0,0.0011222500000000002,0.11850000000000001,0.0,0.014042250000000003,0.0335,0.0,0.0011222500000000002
2019-2020,retained,preseason,2019-08-02,eng-championship,brentford,False,incumbent,81.0,70.03625,0.1371485679347826,0.1371485679347826,3.0,6.09375,5.836262582980653,0.1570468182781801,0.0,9,1.0,16,1.0,19,1.0,21,-10.963750000000005,11.711850235445294,6.49781068750001,0.8177185432144751,0,16,1,30,1,38,1,46,0.05375,0.0,0.0028890624999999997,0.026249999999999996,0.0,0.0006890624999999998,0.12675,0.0,0.0160655625,0.28174999999999994,1.0,0.5158830625,0.12675,0.0,0.0160655625
2019-2020,retained,preseason,2019-08-02,eng-championship,bristol-city,False,incumbent,63.0,64.81075,0.07576877173913042,0.07576877173913042,12.0,-0.3514999999999997,6.245354093244033,0.5368549193393438,1.0,11,1.0,17,1.0,20,1.0,22,1.8107499999999987,11.91131539493015,2.934696687500007,0.4297391872646268,1,16,1,30,1,40,1,48,0.0275,0.0,0.00075625,0.0655,0.0,0.004290250000000001,0.065,0.0,0.0042250000000000005,0.18974999999999997,0.0,0.03600506249999999,0.065,0.0,0.0042250000000000005
2019-2020,retained,preseason,2019-08-02,eng-championship,cardiff-city,True,relegated_from_pl,73.0,72.4315,0.07439594565217388,0.07439594565217388,5.0,3.118500000000001,5.962085017005377,0.3663412532684724,1.0,9,1.0,16,1.0,19,1.0,21,-0.5685000000000002,12.78367348417504,3.019655374999995,0.5171429471991763,1,17,1,33,1,42,1,50,0.1015,0.0,0.01030225,0.026250000000000002,0.0,0.0006890625000000001,0.20175,0.0,0.040703062500000005,0.2915,1.0,0.50197225,0.20175,0.0,0.040703062500000005
2019-2020,retained,preseason,2019-08-02,eng-championship,charlton-athletic,False,promoted_from_lower,48.0,53.23425,0.1155318125,0.1155318125,23.0,-5.84975,6.334483004752637,0.7928226613243196,1.0,10,1.0,17,1.0,20,1.0,21,5.234250000000003,14.047806837278907,3.9245439374999957,0.366139409113611,1,19,1,35,1,46,1,55,0.00925,0.0,8.556249999999999e-05,0.34850000000000003,1.0,0.42445225,0.0225,0.0,0.00050625,0.06325,0.0,0.0040005625,0.0225,0.0,0.00050625
2019-2020,retained,preseason,2019-08-02,eng-championship,derby-county,False,incumbent,64.0,71.89925,0.08491352989130437,0.08491352989130437,10.0,-1.7787499999999987,5.715618814922842,0.6703115726275672,1.0,9,1.0,15,1.0,18,1.0,20,7.899249999999995,11.880871156506158,4.809450562500018,0.2598697930766096,1,16,1,30,1,39,1,46,0.0875,0.0,0.007656249999999999,0.01875,0.0,0.0003515625,0.1785,0.0,0.031862249999999995,0.28850000000000003,0.0,0.08323225000000002,0.1785,0.0,0.031862249999999995
2019-2020,retained,preseason,2019-08-02,eng-championship,fulham,True,relegated_from_pl,81.0,76.09475,0.05931919293478259,0.05931919293478259,4.0,2.63825,5.596551343238084,0.39862391089371785,1.0,8,1.0,14,1.0,17,1.0,19,-4.905249999999995,13.204270992277461,3.800137812499992,0.6305330855111548,1,18,1,34,1,44,1,52,0.177,0.0,0.031328999999999996,0.0165,0.0,0.00027225000000000003,0.297,0.0,0.088209,0.30824999999999997,1.0,0.47851806250000006,0.297,1.0,0.494209
2019-2020,retained,preseason,2019-08-02,eng-championship,huddersfield-town,True,relegated_from_pl,51.0,60.53075,0.1253600135869565,0.1253600135869565,19.0,-5.18375,6.823561089160117,0.7335727080395414,1.0,12,1.0,19,1.0,22,1.0,23,9.530749999999998,13.79217366615937,5.612759312500007,0.2505719800216612,1,19,1,35,1,45,1,53,0.02675,0.0,0.0007155624999999999,0.16375,0.0,0.026814062500000003,0.05375,0.0,0.0028890624999999997,0.1395,0.0,0.019460250000000005,0.05375,0.0,0.0028890624999999997
2019-2020,retained,preseason,2019-08-02,eng-championship,hull-city,False,incumbent,45.0,63.65725,0.35036841847826095,0.35036841847826095,24.0,-11.71,6.338012306709415,0.9819547885569578,0.0,11,0.0,17,0.0,21,0.0,21,18.657249999999998,12.08394688988246,12.439520187500001,0.06936892429351947,0,16,0,31,1,40,1,48,0.0235,0.0,0.00055225,0.09275,1.0,0.8231025625,0.054,0.0,0.0029159999999999998,0.16775,0.0,0.028140062500000004,0.054,0.0,0.0029159999999999998
2019-2020,retained,preseason,2019-08-02,eng-championship,leeds-united,False,incumbent,93.0,68.84375,0.2301772038043478,0.2301772038043478,1.0,8.65475,5.900512896138776,0.04799281427894384,0.0,9,0.0,16,1.0,19,1.0,21,-24.15625,11.627073403806309,17.711192187499993,0.9829949182514566,0,16,0,30,0,38,0,46,0.05125,1.0,0.9001265625,0.03125,0.0,0.0009765625,0.11374999999999999,1.0,0.7854390625000001,0.248,0.0,0.061503999999999996,0.11374999999999999,1.0,0.7854390625000001
2019-2020,retained,preseason,2019-08-02,eng-championship,luton-town,False,promoted_from_lower,51.0,63.34375,0.18700908967391308,0.18700908967391308,20.0,-7.446249999999999,8.521303359081873,0.6948010455185378,1.0,17,1.0,23,1.0,23,1.0,23,12.34375,21.966829219017935,7.798954062499989,0.31222013038630697,1,32,1,57,1,72,1,85,0.131,0.0,0.017161000000000003,0.24425000000000002,0.0,0.05965806250000001,0.19025,0.0,0.0361950625,0.14875,0.0,0.0221265625,0.19025,0.0,0.0361950625
2019-2020,retained,preseason,2019-08-02,eng-championship,middlesbrough,False,incumbent,53.0,68.353,0.22934965489130438,0.22934965489130438,18.0,-8.07775,5.95535094998607,0.8802498471375332,0.0,9,1.0,16,1.0,19,1.0,21,15.352999999999994,11.63049401358343,9.75422600000002,0.10389736447643277,0,16,1,30,1,39,1,45,0.04575,0.0,0.0020930625,0.0335,0.0,0.0011222500000000002,0.09925,0.0,0.009850562500000002,0.24475,0.0,0.0599025625,0.09925,0.0,0.009850562500000002
2019-2020,retained,preseason,2019-08-02,eng-championship,millwall,False,incumbent,68.0,57.989,0.19868790489130433,0.19868790489130433,8.0,7.158250000000001,5.990885321678258,0.16208356446585642,0.0,9,1.0,17,1.0,20,1.0,21,-10.010999999999996,11.65246235780232,5.974304874999999,0.8122919270402607,0,16,1,30,1,38,1,45,0.00625,0.0,3.906250000000001e-05,0.17225,0.0,0.029670062499999997,0.018750000000000003,0.0,0.0003515625000000001,0.0815,0.0,0.006642250000000001,0.018750000000000003,0.0,0.0003515625000000001
2019-2020,retained,preseason,2019-08-02,eng-championship,nottingham-forest,False,incumbent,70.0,62.426,0.15206200000000003,0.15206200000000003,7.0,5.881,6.265607632145505,0.22160180398271695,0.0,10,1.0,17,1.0,20,1.0,21,-7.573999999999998,11.86290537768889,4.728157249999992,0.74368723621848,1,16,1,30,1,39,1,46,0.01875,0.0,0.0003515625,0.0905,0.0,0.00819025,0.04475,0.0,0.0020025625,0.15025,0.0,0.0225750625,0.04475,0.0,0.0020025625
2019-2020,retained,preseason,2019-08-02,eng-championship,preston-north-end,False,incumbent,66.0,64.04975,0.09318912228260869,0.09318912228260869,9.0,3.07625,6.303525675167826,0.365286324762794,1.0,10,1.0,17,1.0,20,1.0,21,-1.9502500000000111,12.007821406795655,2.9554220624999825,0.5643939634958766,1,16,1,32,1,40,1,47,0.024,0.0,0.000576,0.07825,0.0,0.0061230625,0.058750000000000004,0.0,0.0034515625000000006,0.17099999999999999,0.0,0.029240999999999996,0.058750000000000004,0.0,0.0034515625000000006
2019-2020,retained,preseason,2019-08-02,eng-championship,queens-park-rangers,False,incumbent,58.0,54.61,0.10182847010869563,0.10182847010869563,14.0,2.8217500000000015,5.664404376234098,0.27033060956654775,1.0,9,1.0,15,1.0,18,1.0,20,-3.3900000000000006,11.491187928147376,3.152501625000002,0.6332661468738122,1,16,1,29,1,38,1,45,0.00325,0.0,1.05625e-05,0.255,0.0,0.065025,0.0085,0.0,7.225000000000001e-05,0.05625000000000001,0.0,0.003164062500000001,0.0085,0.0,7.225000000000001e-05
2019-2020,retained,preseason,2019-08-02,eng-championship,reading,False,incumbent,56.0,54.083,0.0893218777173913,0.0893218777173913,15.0,2.108249999999998,5.567318199770874,0.31070529586312984,1.0,9,1.0,14,1.0,18,1.0,19,-1.9170000000000016,11.47478152297463,2.891180875000007,0.5518615327490046,1,16,1,30,1,37,1,44,0.002,0.0,4e-06,0.27325,0.0,0.07466556249999999,0.00725,0.0,5.2562500000000004e-05,0.0465,0.0,0.00216225,0.00725,0.0,5.2562500000000004e-05
2019-2020,retained,preseason,2019-08-02,eng-championship,sheffield-wednesday,False,incumbent,56.0,64.63,0.13832175000000002,0.13832175000000002,17.0,-5.233499999999999,6.224425897221365,0.7683621447594005,1.0,10,1.0,18,1.0,20,1.0,21,8.629999999999995,11.818548980310569,5.184643500000009,0.24470097484908793,0,16,1,31,1,39,1,46,0.02225,0.0,0.0004950625,0.06625,0.0,0.004389062500000001,0.0595,0.0,0.0035402499999999996,0.188,0.0,0.035344,0.0595,0.0,0.0035402499999999996
2019-2020,retained,preseason,2019-08-02,eng-championship,stoke-city,False,incumbent,56.0,58.5685,0.07180884510869565,0.07180884510869565,16.0,-1.086750000000002,6.148473342017512,0.5172371023567465,1.0,10,1.0,17,1.0,19,1.0,22,2.5685000000000002,11.888662992532003,2.964297874999988,0.4320298352767285,1,16,1,31,1,39,1,46,0.01,0.0,0.0001,0.16699999999999998,0.0,0.027888999999999994,0.026000000000000002,0.0,0.0006760000000000002,0.09525,0.0,0.0090725625,0.026000000000000002,0.0,0.0006760000000000002
2019-2020,retained,preseason,2019-08-02,eng-championship,swansea-city,False,incumbent,70.0,64.71325,0.14200800271739128,0.14200800271739128,6.0,5.770250000000001,6.233736033671942,0.20121518242570924,0.0,10,1.0,17,1.0,20,1.0,22,-5.286749999999998,11.992957284902669,3.752706437500011,0.6844680311314219,1,17,1,31,1,40,1,47,0.02625,0.0,0.0006890624999999999,0.06825,0.0,0.004658062500000001,0.06625,0.0,0.004389062500000001,0.17825000000000002,1.0,0.6752730625,0.06625,0.0,0.004389062500000001
2019-2020,retained,preseason,2019-08-02,eng-championship,west-bromwich-albion,False,incumbent,83.0,73.4545,0.11680798097826091,0.11680798097826091,2.0,5.60525,5.6994668555488595,0.1743226232551836,0.0,8,1.0,15,1.0,18,1.0,20,-9.545500000000004,12.295667112849145,5.638812499999997,0.779666565163001,0,17,1,31,1,40,1,48,0.1155,0.0,0.013340250000000001,0.02075,0.0,0.00043056250000000006,0.21650000000000003,1.0,0.61387225,0.30525,0.0,0.09317756250000002,0.21650000000000003,1.0,0.61387225
2019-2020,retained,preseason,2019-08-02,eng-championship,wigan-athletic,False,incumbent,59.0,56.0555,0.10629372554347827,0.10629372554347827,13.0,3.144750000000002,5.80291284076368,0.276409579480859,1.0,9,1.0,15,1.0,19,1.0,21,-2.944500000000005,11.514834768679922,3.0258300000000027,0.5943720481967161,1,15,1,29,1,37,1,45,0.00475,0.0,2.25625e-05,0.21225000000000002,0.0,0.04505006250000001,0.013999999999999999,0.0,0.00019599999999999997,0.063,0.0,0.003969,0.013999999999999999,0.0,0.00019599999999999997
2019-2020,generic,preseason,2019-08-02,eng-championship,barnsley,False,promoted_from_lower,49.0,54.2005,0.10415592391304346,0.10415592391304346,22.0,-5.134,6.139628979018195,0.7003979009108527,1.0,9,1.0,17,1.0,19,1.0,21,5.200499999999998,12.906347265977312,3.7948850000000096,0.34405686722940465,1,18,1,33,1,43,1,50,0.00675,0.0,4.5562499999999996e-05,0.304,1.0,0.48441599999999996,0.017499999999999998,0.0,0.00030624999999999994,0.06675,0.0,0.0044555625,1.0175,0.0,1.03530625
2019-2020,generic,preseason,2019-08-02,eng-championship,birmingham-city,False,incumbent,50.0,60.47725,0.17294261956521736,0.17294261956521736,21.0,-7.042,6.15298594180094,0.8354114783162307,0.0,10,1.0,17,1.0,20,1.0,22,10.477250000000005,11.613159881681643,6.177346437500003,0.1941658816339576,0,15,1,30,1,38,1,46,0.013,0.0,0.000169,0.121,0.0,0.014641,0.03525,0.0,0.0012425624999999997,0.1065,0.0,0.01134225,0.03525,0.0,0.0012425624999999997
2019-2020,generic,preseason,2019-08-02,eng-championship,blackburn-rovers,False,incumbent,63.0,60.86875,0.09617342663043477,0.09617342663043477,11.0,2.7452499999999986,6.270394918783027,0.34872641746475486,1.0,10,1.0,17,1.0,20,1.0,22,-2.1312500000000014,11.666984333472811,2.940979687500005,0.577273243429554,1,16,1,30,1,38,1,45,0.01375,0.0,0.0001890625,0.1215,0.0,0.01476225,0.0335,0.0,0.0011222500000000002,0.129,0.0,0.016641,0.0335,0.0,0.0011222500000000002
2019-2020,generic,preseason,2019-08-02,eng-championship,brentford,False,incumbent,81.0,69.52725,0.1434509402173913,0.1434509402173913,3.0,6.339,6.038508011090157,0.1620199184637948,0.0,10,1.0,16,1.0,19,1.0,21,-11.472750000000005,11.88329741433328,6.848092562499991,0.8241816915009771,0,17,1,31,1,39,1,47,0.061,0.0,0.003721,0.031000000000000003,0.0,0.0009610000000000002,0.13374999999999998,0.0,0.017889062499999994,0.27225,1.0,0.5296200625,0.13374999999999998,0.0,0.017889062499999994
2019-2020,generic,preseason,2019-08-02,eng-championship,bristol-city,False,incumbent,63.0,64.6205,0.07540287500000002,0.07540287500000002,12.0,-0.15749999999999886,6.250935429997657,0.5229227928143717,1.0,10,1.0,18,1.0,20,1.0,22,1.6204999999999927,11.828376040268587,2.8512875000000006,0.4464466300476566,1,15,1,30,1,40,1,46,0.0305,0.0,0.00093025,0.06925,0.0,0.004795562500000001,0.06875,0.0,0.004726562500000001,0.16725,0.0,0.027972562500000003,0.06875,0.0,0.004726562500000001
2019-2020,generic,preseason,2019-08-02,eng-championship,cardiff-city,True,relegated_from_pl,73.0,69.65625,0.10157954619565215,0.10157954619565215,5.0,4.460750000000001,6.610632302397404,0.3053271879150612,1.0,10,1.0,18,1.0,21,1.0,22,-3.34375,13.590606533098514,3.5082223125,0.5914812148274556,1,19,1,35,1,45,1,52,0.09725,0.0,0.0094575625,0.058499999999999996,0.0,0.0034222499999999995,0.16899999999999998,0.0,0.028560999999999996,0.24599999999999997,1.0,0.568516,0.16899999999999998,0.0,0.028560999999999996
2019-2020,generic,preseason,2019-08-02,eng-championship,charlton-athletic,False,promoted_from_lower,48.0,53.5925,0.11946622282608697,0.11946622282608697,23.0,-5.967500000000001,6.356055675495614,0.8054846804081289,0.0,9,1.0,17,1.0,20,1.0,21,5.592500000000001,13.822606257504408,4.034366875,0.3552471732372847,1,19,1,36,1,46,1,53,0.0115,0.0,0.00013225,0.3365,1.0,0.44023225,0.0225,0.0,0.00050625,0.0685,0.0,0.004692250000000001,0.0225,0.0,0.00050625
2019-2020,generic,preseason,2019-08-02,eng-championship,derby-county,False,incumbent,64.0,71.824,0.0867243179347826,0.0867243179347826,10.0,-1.7962500000000006,5.767732304597709,0.6776617470892894,1.0,9,1.0,15,1.0,19,1.0,20,7.823999999999998,11.840503536589988,4.842202875000004,0.26401692854363135,1,16,1,31,1,39,1,47,0.08725,0.0,0.007612562499999999,0.01975,0.0,0.0003900625,0.17925,0.0,0.032130562499999994,0.29475,0.0,0.0868775625,0.17925,0.0,0.032130562499999994
2019-2020,generic,preseason,2019-08-02,eng-championship,fulham,True,relegated_from_pl,81.0,70.1775,0.1120637445652174,0.1120637445652174,4.0,5.221,6.5381311550014045,0.25335816768838876,1.0,10,1.0,17,1.0,20,1.0,22,-10.822500000000005,13.657415339294621,6.449889875,0.7799258810453543,0,18,1,35,1,46,1,53,0.096,0.0,0.009216,0.049499999999999995,0.0,0.0024502499999999997,0.18075000000000002,0.0,0.03267056250000001,0.24725,1.0,0.5666325624999999,0.18075000000000002,1.0,0.6711705625
2019-2020,generic,preseason,2019-08-02,eng-championship,huddersfield-town,True,relegated_from_pl,51.0,69.8525,0.2767019538043478,0.2767019538043478,19.0,-9.55975,6.635053122432405,0.8984453991399376,0.0,11,1.0,18,1.0,21,1.0,22,18.852500000000006,13.870354853067026,12.111618999999997,0.08755765105422053,0,19,0,35,1,46,1,55,0.09275,0.0,0.008602562499999999,0.056249999999999994,0.0,0.0031640624999999993,0.16999999999999998,0.0,0.028899999999999995,0.2505,0.0,0.06275025,0.16999999999999998,0.0,0.028899999999999995
2019-2020,generic,preseason,2019-08-02,eng-championship,hull-city,False,incumbent,45.0,62.8885,0.3305002499999999,0.3305002499999999,24.0,-11.252500000000001,6.3361852679668385,0.9813465230026976,0.0,11,0.0,17,0.0,21,0.0,21,17.888499999999993,11.946048206415375,11.798455749999992,0.06848674467961119,0,16,0,30,1,39,1,46,0.0185,0.0,0.00034224999999999994,0.097,1.0,0.815409,0.0505,0.0,0.0025502500000000004,0.15799999999999997,0.0,0.024963999999999993,0.0505,0.0,0.0025502500000000004
2019-2020,generic,preseason,2019-08-02,eng-championship,leeds-united,False,incumbent,93.0,68.443,0.23310895380434776,0.23310895380434776,1.0,8.82925,6.080591619036753,0.049397482013937316,0.0,9,0.0,17,1.0,20,1.0,21,-24.556999999999988,11.708917584473811,18.075529374999988,0.9829949182514564,0,17,0,29,0,39,0,46,0.05275,1.0,0.8972825625,0.03825,0.0,0.0014630625,0.11299999999999999,1.0,0.786769,0.25175000000000003,0.0,0.06337806250000001,0.11299999999999999,1.0,0.786769
2019-2020,generic,preseason,2019-08-02,eng-championship,luton-town,False,promoted_from_lower,51.0,62.42975,0.17728711413043483,0.17728711413043483,20.0,-7.1265,8.546870640766713,0.6803481658431578,1.0,18,1.0,23,1.0,23,1.0,23,11.429749999999999,21.706290906958287,7.451327687499983,0.31764962465782914,1,31,1,57,1,70,1,83,0.1245,0.0,0.01550025,0.25525,0.0,0.06515256249999998,0.18225,0.0,0.033215062499999996,0.13924999999999998,0.0,0.019390562499999996,0.18225,0.0,0.033215062499999996
2019-2020,generic,preseason,2019-08-02,eng-championship,middlesbrough,False,incumbent,53.0,68.13875,0.22730634510869574,0.22730634510869574,18.0,-8.04825,6.063697051923026,0.8724068795108788,0.0,10,1.0,17,1.0,19,1.0,21,15.138750000000002,11.69925204607115,9.57780506250001,0.10148552335732457,0,16,1,30,1,38,1,46,0.0485,0.0,0.00235225,0.035,0.0,0.0012250000000000002,0.1075,0.0,0.011556249999999999,0.23675,0.0,0.05605056249999999,0.1075,0.0,0.011556249999999999
2019-2020,generic,preseason,2019-08-02,eng-championship,millwall,False,incumbent,68.0,57.81575,0.20661966576086954,0.20661966576086954,8.0,7.353249999999999,6.047930591326259,0.1613905576799768,0.0,9,1.0,17,1.0,20,1.0,21,-10.184249999999999,11.519887236318764,6.113389812500011,0.8097479642359035,0,16,1,30,1,38,1,46,0.0075,0.0,5.625e-05,0.1775,0.0,0.03150625,0.0195,0.0,0.00038025,0.0805,0.0,0.006480250000000001,0.0195,0.0,0.00038025
2019-2020,generic,preseason,2019-08-02,eng-championship,nottingham-forest,False,incumbent,70.0,62.573,0.15130309239130435,0.15130309239130435,7.0,5.8885000000000005,6.220777101777559,0.2215748006814344,0.0,10,1.0,17,1.0,20,1.0,21,-7.427000000000007,11.53031530358125,4.585800875000006,0.7460186191745375,1,15,1,29,1,38,1,45,0.01875,0.0,0.0003515625,0.08950000000000001,0.0,0.008010250000000002,0.0455,0.0,0.00207025,0.14550000000000002,0.0,0.021170250000000005,0.0455,0.0,0.00207025
2019-2020,generic,preseason,2019-08-02,eng-championship,preston-north-end,False,incumbent,66.0,64.40275,0.09334013315217392,0.09334013315217392,9.0,2.96725,6.366920561582342,0.37377531227191735,1.0,10,1.0,18,1.0,20,1.0,22,-1.5972500000000025,12.035449407375696,2.9394381874999986,0.5603335371492899,1,17,1,31,1,39,1,47,0.029,0.0,0.0008410000000000001,0.076,0.0,0.005776,0.06825,0.0,0.004658062500000001,0.175,0.0,0.030624999999999996,0.06825,0.0,0.004658062500000001
2019-2020,generic,preseason,2019-08-02,eng-championship,queens-park-rangers,False,incumbent,58.0,54.31025,0.10834192934782606,0.10834192934782606,14.0,3.0660000000000025,5.709609794022705,0.2582962108833231,1.0,9,1.0,15,1.0,18,1.0,20,-3.6897499999999965,11.651759306538219,3.3051450625000047,0.6464803375251241,1,16,1,30,1,38,1,45,0.0045,0.0,2.0249999999999998e-05,0.27825,0.0,0.0774230625,0.009999999999999998,0.0,9.999999999999996e-05,0.055499999999999994,0.0,0.0030802499999999992,0.009999999999999998,0.0,9.999999999999996e-05
2019-2020,generic,preseason,2019-08-02,eng-championship,reading,False,incumbent,56.0,53.7375,0.09421501902173912,0.09421501902173912,15.0,2.3042499999999997,5.598364219796708,0.29765395522820365,1.0,8,1.0,14,1.0,18,1.0,20,-2.262500000000003,11.56996515768306,2.9696201250000014,0.5678200453843648,1,16,1,29,1,38,1,45,0.00475,0.0,2.25625e-05,0.29125,0.0,0.08482656250000001,0.00925,0.0,8.556249999999999e-05,0.043750000000000004,0.0,0.0019140625000000004,0.00925,0.0,8.556249999999999e-05
2019-2020,generic,preseason,2019-08-02,eng-championship,sheffield-wednesday,False,incumbent,56.0,64.496,0.13478422010869565,0.13478422010869565,17.0,-5.111750000000001,6.2989095832135895,0.7580259383250065,1.0,10,1.0,18,1.0,20,1.0,21,8.49600000000001,11.877835829813444,5.131987250000006,0.2511933487145016,1,17,1,31,1,40,1,47,0.0245,0.0,0.0006002500000000001,0.07725,0.0,0.0059675625,0.0645,0.0,0.00416025,0.17824999999999996,0.0,0.03177306249999999,0.0645,0.0,0.00416025
2019-2020,generic,preseason,2019-08-02,eng-championship,stoke-city,False,incumbent,56.0,62.396,0.09461915489130436,0.09461915489130436,16.0,-3.0482499999999995,6.381921492583563,0.6388291903520336,1.0,10,1.0,18,1.0,21,1.0,22,6.396000000000001,12.020365385461458,4.155605374999995,0.31372228447722417,1,17,1,31,1,39,1,47,0.022,0.0,0.00048399999999999995,0.10375,0.0,0.0107640625,0.0525,0.0,0.0027562499999999996,0.14625000000000002,0.0,0.021389062500000007,0.0525,0.0,0.0027562499999999996
2019-2020,generic,preseason,2019-08-02,eng-championship,swansea-city,False,incumbent,70.0,65.31725,0.13224280163043478,0.13224280163043478,6.0,5.454750000000001,6.283705311159968,0.22201490981002317,1.0,10,1.0,18,1.0,20,1.0,22,-4.682749999999999,11.839345524035526,3.5250945625000014,0.6559781799821225,1,16,1,31,1,40,1,46,0.03325,0.0,0.0011055625000000002,0.0655,0.0,0.004290250000000001,0.07175000000000001,0.0,0.005148062500000002,0.20149999999999998,1.0,0.63760225,0.07175000000000001,0.0,0.005148062500000002
2019-2020,generic,preseason,2019-08-02,eng-championship,west-bromwich-albion,False,incumbent,83.0,71.36,0.14493645108695657,0.14493645108695657,2.0,6.462999999999999,5.901409238478552,0.14373498401974294,0.0,10,1.0,15,1.0,19,1.0,21,-11.64,12.157072015909094,6.965794249999985,0.8243943309243542,0,17,1,31,1,39,1,47,0.09525,0.0,0.0090725625,0.025,0.0,0.0006250000000000001,0.1785,1.0,0.67486225,0.27375,0.0,0.0749390625,0.1785,1.0,0.67486225
2019-2020,generic,preseason,2019-08-02,eng-championship,wigan-athletic,False,incumbent,59.0,56.20525,0.1071042554347826,0.1071042554347826,13.0,3.152000000000001,5.906809290979352,0.28182314340016007,1.0,9,1.0,16,1.0,19,1.0,21,-2.7947500000000005,11.675620858759503,3.0544593124999944,0.5892289058972043,1,16,1,30,1,39,1,46,0.0065,0.0,4.225e-05,0.22325,0.0,0.049840562500000005,0.01675,0.0,0.00028056250000000005,0.0655,0.0,0.004290250000000001,0.01675,0.0,0.00028056250000000005
2019-2020,mapped,preseason,2019-08-02,eng-championship,barnsley,False,promoted_from_lower,49.0,54.58875,0.10699014130434778,0.10699014130434778,22.0,-5.2315000000000005,6.1839637571706385,0.7112902402946087,1.0,10,1.0,17,1.0,19,1.0,21,5.5887500000000045,12.823537867433464,3.894132937500008,0.3373153000287155,1,17,1,33,1,43,1,50,0.00725,0.0,5.2562500000000004e-05,0.29275,1.0,0.5002025625,0.01825,0.0,0.00033306249999999997,0.07175000000000001,0.0,0.005148062500000002,1.01825,0.0,1.0368330625000002
2019-2020,mapped,preseason,2019-08-02,eng-championship,birmingham-city,False,incumbent,50.0,60.526,0.1701919239130435,0.1701919239130435,21.0,-7.019500000000001,6.23025840154323,0.8323799304029978,0.0,10,1.0,17,1.0,20,1.0,22,10.525999999999996,11.614789020899174,6.165266249999992,0.19429529319894578,0,15,1,30,1,38,1,44,0.014,0.0,0.00019600000000000002,0.12775,0.0,0.0163200625,0.03475,0.0,0.0012075625000000003,0.118,0.0,0.013923999999999999,0.03475,0.0,0.0012075625000000003
2019-2020,mapped,preseason,2019-08-02,eng-championship,blackburn-rovers,False,incumbent,63.0,61.3435,0.09212104347826086,0.09212104347826086,11.0,2.481,6.376334291738475,0.3743950166401418,1.0,11,1.0,18,1.0,20,1.0,22,-1.6565000000000012,12.098512625525503,2.9414710000000044,0.5572818801353352,1,16,1,31,1,39,1,47,0.016,0.0,0.000256,0.125,0.0,0.015625,0.041999999999999996,0.0,0.0017639999999999997,0.128,0.0,0.016384,0.041999999999999996,0.0,0.0017639999999999997
2019-2020,mapped,preseason,2019-08-02,eng-championship,brentford,False,incumbent,81.0,70.66725,0.12684277717391304,0.12684277717391304,3.0,5.798499999999999,5.92822888812502,0.18914050746855765,0.0,9,1.0,16,1.0,19,1.0,21,-10.332750000000004,11.858373726506514,6.126430937500003,0.7902553949279731,0,16,1,31,1,39,1,47,0.07675,0.0,0.0058905625,0.026,0.0,0.000676,0.15575,0.0,0.0242580625,0.274,1.0,0.527076,0.15575,0.0,0.0242580625
2019-2020,mapped,preseason,2019-08-02,eng-championship,bristol-city,False,incumbent,63.0,65.4395,0.07634948097826087,0.07634948097826087,12.0,-0.5957499999999989,6.281706132691977,0.5511672780153982,1.0,10,1.0,17,1.0,20,1.0,22,2.4394999999999953,11.836969196124489,2.950443124999988,0.41834554877411934,1,15,1,31,1,39,1,46,0.034,0.0,0.0011560000000000001,0.066,0.0,0.0043560000000000005,0.07625000000000001,0.0,0.0058140625000000015,0.19174999999999998,0.0,0.03676806249999999,0.07625000000000001,0.0,0.0058140625000000015
2019-2020,mapped,preseason,2019-08-02,eng-championship,cardiff-city,True,relegated_from_pl,73.0,69.37575,0.10535496739130436,0.10535496739130436,5.0,4.601000000000001,6.516463688228455,0.2893247865132593,1.0,11,1.0,17,1.0,20,1.0,22,-3.6242499999999893,13.310468133672083,3.532400187500002,0.6086406677627016,1,18,1,35,1,44,1,53,0.0845,0.0,0.007140250000000001,0.0485,0.0,0.00235225,0.1605,0.0,0.025760250000000002,0.23875,1.0,0.5795015625,0.1605,0.0,0.025760250000000002
2019-2020,mapped,preseason,2019-08-02,eng-championship,charlton-athletic,False,promoted_from_lower,48.0,54.12075,0.12347609239130437,0.12347609239130437,23.0,-6.1910000000000025,6.5752961150050115,0.8070205699120336,0.0,10,1.0,18,1.0,21,1.0,22,6.120750000000001,14.240019994280203,4.1145856875,0.3492825147630804,1,19,1,36,1,47,1,57,0.017,0.0,0.00028900000000000003,0.33125,1.0,0.44722656250000004,0.0325,0.0,0.0010562500000000001,0.07500000000000001,0.0,0.0056250000000000015,0.0325,0.0,0.0010562500000000001
2019-2020,mapped,preseason,2019-08-02,eng-championship,derby-county,False,incumbent,64.0,72.463,0.08997824999999995,0.08997824999999995,10.0,-2.0515,5.671582473172721,0.6934608166267714,1.0,9,1.0,16,1.0,18,1.0,20,8.463000000000008,11.84411799164463,5.0636322499999995,0.25121831770108083,1,16,1,31,1,39,1,47,0.1,0.0,0.010000000000000002,0.0145,0.0,0.00021025000000000001,0.194,0.0,0.037636,0.29625,0.0,0.0877640625,0.194,0.0,0.037636
2019-2020,mapped,preseason,2019-08-02,eng-championship,fulham,True,relegated_from_pl,81.0,64.17375,0.20385853532608691,0.20385853532608691,4.0,8.11175,6.924396142444481,0.14231263369649716,0.0,12,1.0,19,1.0,21,1.0,23,-16.82625,13.73464819125339,10.559995187499997,0.878534675097622,0,19,1,36,1,45,1,53,0.04925,0.0,0.0024255625,0.11674999999999999,0.0,0.013630562499999999,0.0965,0.0,0.009312250000000001,0.17725000000000002,1.0,0.6769175624999999,0.0965,1.0,0.81631225
2019-2020,mapped,preseason,2019-08-02,eng-championship,huddersfield-town,True,relegated_from_pl,51.0,62.8405,0.1531814483695652,0.1531814483695652,19.0,-6.18275,7.127962712970656,0.7631095657374767,1.0,13,1.0,20,1.0,22,1.0,23,11.840499999999999,14.60029313918046,6.869515874999983,0.2066777518307724,0,20,1,38,1,48,1,57,0.04525,0.0,0.0020475625,0.14650000000000002,0.0,0.021462250000000006,0.08975,0.0,0.0080550625,0.16075,0.0,0.0258405625,0.08975,0.0,0.0080550625
2019-2020,mapped,preseason,2019-08-02,eng-championship,hull-city,False,incumbent,45.0,63.2775,0.3401051630434784,0.3401051630434784,24.0,-11.469999999999999,6.329660338438391,0.9809410126331916,0.0,11,0.0,17,0.0,21,0.0,21,18.277500000000003,11.88290763028982,12.125682125000004,0.06623674467961119,0,16,0,31,1,39,1,46,0.02325,0.0,0.0005405625,0.0885,1.0,0.83083225,0.056,0.0,0.0031360000000000003,0.15425000000000003,0.0,0.023793062500000007,0.056,0.0,0.0031360000000000003
2019-2020,mapped,preseason,2019-08-02,eng-championship,leeds-united,False,incumbent,93.0,69.003,0.2235429673913044,0.2235429673913044,1.0,8.5755,6.035958892338482,0.05688904326723587,0.0,10,0.0,17,1.0,20,1.0,21,-23.997,11.901932238086387,17.51626612500001,0.97722704927144,0,16,0,31,0,40,0,46,0.06075,1.0,0.8821905624999999,0.0335,0.0,0.0011222500000000002,0.12675,1.0,0.7625655625,0.2465,0.0,0.06076225,0.12675,1.0,0.7625655625
2019-2020,mapped,preseason,2019-08-02,eng-championship,luton-town,False,promoted_from_lower,51.0,62.8605,0.17717966644021735,0.17717966644021735,20.0,-7.1728749999999994,8.656066614483452,0.6705746056808478,1.0,18,1.0,23,1.0,23,1.0,23,11.860500000000002,22.268846843741144,7.503596374999999,0.3269003424245685,1,31,1,58,1,73,1,86,0.138,0.0,0.019044000000000002,0.25575,0.0,0.06540806249999999,0.1965,0.0,0.03861225,0.13275,0.0,0.0176225625,0.1965,0.0,0.03861225
2019-2020,mapped,preseason,2019-08-02,eng-championship,middlesbrough,False,incumbent,53.0,69.62775,0.2556783315217391,0.2556783315217391,18.0,-8.724,5.890443446804323,0.9001899550486848,0.0,9,1.0,16,1.0,19,1.0,21,16.627750000000006,11.665876732483504,10.836883187500003,0.08063749687717595,0,16,0,30,1,38,1,46,0.05775,0.0,0.0033350625000000004,0.027,0.0,0.0007289999999999999,0.1235,0.0,0.01525225,0.271,0.0,0.073441,0.1235,0.0,0.01525225
2019-2020,mapped,preseason,2019-08-02,eng-championship,millwall,False,incumbent,68.0,58.59275,0.19357924456521738,0.19357924456521738,8.0,6.970000000000001,6.100090163268081,0.1755704274251818,0.0,10,1.0,17,1.0,19,1.0,21,-9.40724999999999,11.617546962999546,5.709966687500002,0.8025316251804785,0,16,1,30,1,38,1,45,0.01,0.0,0.0001,0.16649999999999998,0.0,0.027722249999999993,0.02325,0.0,0.0005405625,0.093,0.0,0.008649,0.02325,0.0,0.0005405625
2019-2020,mapped,preseason,2019-08-02,eng-championship,nottingham-forest,False,incumbent,70.0,62.9845,0.14390657880434785,0.14390657880434785,7.0,5.65475,6.262152380571715,0.23392027865523593,0.0,10,1.0,17,1.0,21,1.0,21,-7.015500000000003,11.719972685548376,4.413414125000002,0.73153617257002,1,16,1,30,1,38,1,46,0.022,0.0,0.00048399999999999995,0.09275,0.0,0.008602562499999999,0.05075,0.0,0.0025755625,0.15225,0.0,0.023180062499999998,0.05075,0.0,0.0025755625
2019-2020,mapped,preseason,2019-08-02,eng-championship,preston-north-end,False,incumbent,66.0,64.6965,0.09111247010869565,0.09111247010869565,9.0,2.783249999999999,6.339737331901063,0.385394806026479,1.0,11,1.0,18,1.0,20,1.0,22,-1.3034999999999997,11.846302703797502,2.8854035000000122,0.5498507173893501,1,16,1,31,1,39,1,46,0.0265,0.0,0.00070225,0.07150000000000001,0.0,0.005112250000000001,0.06475,0.0,0.0041925625,0.18925000000000003,0.0,0.03581556250000001,0.06475,0.0,0.0041925625
2019-2020,mapped,preseason,2019-08-02,eng-championship,queens-park-rangers,False,incumbent,58.0,55.0415,0.1021851086956522,0.1021851086956522,14.0,2.7064999999999984,5.813979510627811,0.27779429984536613,1.0,9,1.0,15,1.0,19,1.0,20,-2.958500000000001,11.665880924730887,3.065230625000006,0.6271967128958668,1,16,1,30,1,39,1,45,0.0035,0.0,1.2250000000000001e-05,0.252,0.0,0.063504,0.0105,0.0,0.00011025000000000001,0.0635,0.0,0.00403225,0.0105,0.0,0.00011025000000000001
2019-2020,mapped,preseason,2019-08-02,eng-championship,reading,False,incumbent,56.0,54.57575,0.08896508423913044,0.08896508423913044,15.0,1.9322499999999998,5.728931832156846,0.3253046255456667,1.0,9,1.0,15,1.0,18,1.0,20,-1.4242500000000007,11.665880247006651,2.861531312500003,0.5368911665808903,1,15,1,30,1,38,1,46,0.00325,0.0,1.05625e-05,0.27225,0.0,0.0741200625,0.0105,0.0,0.00011025000000000001,0.05325,0.0,0.0028355625,0.0105,0.0,0.00011025000000000001
2019-2020,mapped,preseason,2019-08-02,eng-championship,sheffield-wednesday,False,incumbent,56.0,65.46225,0.1473492717391304,0.1473492717391304,17.0,-5.5815,6.259101992298895,0.7793880026689456,0.0,10,1.0,17,1.0,20,1.0,22,9.462249999999997,11.842722446190319,5.593826937499994,0.2246993406773909,0,16,1,31,1,39,1,46,0.0355,0.0,0.0012602499999999999,0.0605,0.0,0.00366025,0.07525,0.0,0.005662562499999999,0.19124999999999998,0.0,0.03657656249999999,0.07525,0.0,0.005662562499999999
2019-2020,mapped,preseason,2019-08-02,eng-championship,stoke-city,False,incumbent,56.0,62.76825,0.09449107336956523,0.09449107336956523,16.0,-3.200750000000001,6.266095230484453,0.6428818354985937,1.0,10,1.0,17,1.0,21,1.0,21,6.768250000000002,11.747278065045537,4.13921556249999,0.2998924272570507,1,15,1,30,1,39,1,46,0.025,0.0,0.0006250000000000001,0.08950000000000001,0.0,0.008010250000000002,0.052000000000000005,0.0,0.0027040000000000007,0.14200000000000002,0.0,0.020164000000000005,0.052000000000000005,0.0,0.0027040000000000007
2019-2020,mapped,preseason,2019-08-02,eng-championship,swansea-city,False,incumbent,70.0,65.9195,0.12662805434782606,0.12662805434782606,6.0,5.189499999999999,6.23258291160254,0.23537340974183132,1.0,10,1.0,17,1.0,20,1.0,22,-4.080500000000001,11.797818431811875,3.422751874999988,0.6461048714572393,1,16,1,30,1,39,1,46,0.031,0.0,0.0009609999999999999,0.05424999999999999,0.0,0.002943062499999999,0.0795,0.0,0.00632025,0.20224999999999999,1.0,0.6364050625,0.0795,0.0,0.00632025
2019-2020,mapped,preseason,2019-08-02,eng-championship,west-bromwich-albion,False,incumbent,83.0,73.19575,0.11816380706521738,0.11816380706521738,2.0,5.63775,5.693243797476092,0.1723858215973481,0.0,8,1.0,15,1.0,18,1.0,20,-9.804249999999996,12.136059160102178,5.812531187500007,0.7917807919260268,0,16,1,32,1,40,1,47,0.114,0.0,0.012996,0.017750000000000002,0.0,0.0003150625000000001,0.21425,1.0,0.6174030625,0.3045,0.0,0.09272024999999999,0.21425,1.0,0.6174030625
2019-2020,mapped,preseason,2019-08-02,eng-championship,wigan-athletic,False,incumbent,59.0,56.52375,0.10509025611413042,0.10509025611413042,13.0,2.979375000000001,6.002203729412639,0.28885505817442536,1.0,9,1.0,16,1.0,19,1.0,21,-2.476249999999993,11.763117611309513,3.0190201874999856,0.58210555519716,1,17,1,31,1,39,1,45,0.0055,0.0,3.0249999999999997e-05,0.22325,0.0,0.049840562500000005,0.01625,0.0,0.00026406250000000003,0.07275,0.0,0.0052925624999999995,0.01625,0.0,0.00026406250000000003
2020-2021,retained,preseason,2020-09-11,eng-championship,barnsley,False,incumbent,78.0,55.62275,0.3512907364130435,0.3512907364130435,5.0,11.173749999999998,5.713016798286174,0.0460145001716272,0.0,9,0.0,15,1.0,19,1.0,20,-22.377249999999997,11.737266821432492,16.087912937500008,0.9609946819834921,0,15,0,30,0,39,1,47,0.00225,0.0,5.062499999999999e-06,0.21375,0.0,0.045689062499999995,0.008749999999999999,0.0,7.656249999999998e-05,0.065,1.0,0.874225,1.00875,0.0,1.0175765625000002
2020-2021,retained,preseason,2020-09-11,eng-championship,birmingham-city,False,incumbent,52.0,53.389,0.06094176086956522,0.06094176086956522,18.0,-0.8270000000000017,5.44670276405827,0.5057949831298508,1.0,8,1.0,14,1.0,17,1.0,19,1.389000000000003,11.60522205733264,2.805029375000002,0.4600001547892162,1,16,1,30,1,39,1,45,0.002,0.0,4e-06,0.27825,0.0,0.0774230625,0.006,0.0,3.6e-05,0.041249999999999995,0.0,0.0017015624999999995,0.006,0.0,3.6e-05
2020-2021,retained,preseason,2020-09-11,eng-championship,blackburn-rovers,False,incumbent,57.0,63.83775,0.09550903260869564,0.09550903260869564,15.0,-2.9265000000000008,6.110940823637552,0.6678873122933866,1.0,10,1.0,17,1.0,19,1.0,21,6.837750000000007,12.034302012892148,4.371145687499999,0.2789818026247048,1,17,1,31,1,39,1,46,0.01675,0.0,0.00028056250000000005,0.07300000000000001,0.0,0.005329000000000001,0.0445,0.0,0.00198025,0.17575000000000002,0.0,0.030888062500000008,0.0445,0.0,0.00198025
2020-2021,retained,preseason,2020-09-11,eng-championship,bournemouth,True,relegated_from_pl,77.0,72.81975,0.07382584782608696,0.07382584782608696,6.0,2.3885000000000005,6.446554719383061,0.44839869566133206,1.0,10,1.0,18,1.0,20,1.0,21,-4.180250000000001,15.30623271538428,4.067725937499967,0.5937448393161625,1,21,1,39,1,51,1,59,0.11425,0.0,0.0130530625,0.044500000000000005,0.0,0.0019802500000000002,0.22125,0.0,0.048951562500000004,0.27225,1.0,0.5296200625,0.22125,0.0,0.048951562500000004
2020-2021,retained,preseason,2020-09-11,eng-championship,brentford,False,incumbent,87.0,82.66,0.031621668478260874,0.031621668478260874,3.0,1.3010000000000002,3.8928009196464184,0.5501462705471424,1.0,5,1.0,9,1.0,12,1.0,14,-4.340000000000003,11.776625153243181,3.3166308750000137,0.6453208647993122,1,16,1,31,1,39,1,46,0.25175,0.0,0.06337806249999998,0.0015,0.0,2.25e-06,0.4325,0.0,0.18705625,0.36174999999999996,1.0,0.4073630625,0.4325,1.0,0.32205625000000004
2020-2021,retained,preseason,2020-09-11,eng-championship,bristol-city,False,incumbent,51.0,61.16425,0.13814792391304345,0.13814792391304345,19.0,-5.5945,5.971395963256833,0.7762114944191905,0.0,9,1.0,16,1.0,20,1.0,20,10.164250000000003,11.584138808625353,6.033260312499991,0.18626500745195151,0,16,1,30,1,38,1,45,0.00875,0.0,7.656250000000001e-05,0.0995,0.0,0.009900250000000001,0.02325,0.0,0.0005405625,0.13325,0.0,0.017755562500000002,0.02325,0.0,0.0005405625
2020-2021,retained,preseason,2020-09-11,eng-championship,cardiff-city,False,incumbent,68.0,71.7675,0.06263402717391306,0.06263402717391306,8.0,0.31349999999999945,5.532604969632298,0.5608888974143168,1.0,8,1.0,15,1.0,18,1.0,20,3.7675000000000125,12.034095053222739,3.3469141250000005,0.3783085595441047,1,17,1,31,1,39,1,46,0.0635,0.0,0.00403225,0.018,0.0,0.00032399999999999996,0.14525,0.0,0.021097562499999997,0.31075,0.0,0.09656556250000002,0.14525,0.0,0.021097562499999997
2020-2021,retained,preseason,2020-09-11,eng-championship,coventry-city,False,promoted_from_lower,55.0,61.93875,0.10850799184782609,0.10850799184782609,16.0,-2.9897499999999972,7.238138223155178,0.6193004874778394,1.0,13,1.0,20,1.0,22,1.0,23,6.938749999999999,15.71265408635664,4.9324243125,0.34324650521575784,1,22,1,41,1,52,1,61,0.03775,0.0,0.0014250625,0.1685,0.0,0.028392250000000004,0.07425,0.0,0.0055130625,0.17125,0.0,0.029326562500000004,0.07425,0.0,0.0055130625
2020-2021,retained,preseason,2020-09-11,eng-championship,derby-county,False,incumbent,44.0,66.7005,0.34798375543478277,0.34798375543478277,22.0,-11.306999999999999,5.878201340546273,0.9594336777039663,0.0,9,0.0,16,0.0,19,1.0,21,22.700500000000005,11.778297829058323,16.255028874999986,0.02288756639603394,0,16,0,30,0,40,1,46,0.02525,0.0,0.0006375625000000001,0.0415,1.0,0.91872225,0.0695,0.0,0.004830250000000001,0.219,0.0,0.047961,0.0695,0.0,0.004830250000000001
2020-2021,retained,preseason,2020-09-11,eng-championship,huddersfield-town,False,incumbent,49.0,55.385,0.08487878532608695,0.08487878532608695,20.0,-3.7402499999999996,5.726061468190855,0.6931555218186682,1.0,9,1.0,15,1.0,19,1.0,20,6.384999999999998,11.719760023140406,3.9664298750000153,0.3082202161793948,1,16,1,29,1,38,1,46,0.0025,0.0,6.25e-06,0.22025,0.0,0.0485100625,0.00925,0.0,8.556249999999999e-05,0.06,0.0,0.0036,0.00925,0.0,8.556249999999999e-05
2020-2021,retained,preseason,2020-09-11,eng-championship,luton-town,False,incumbent,62.0,51.8455,0.1776527201086957,0.1776527201086957,12.0,5.853249999999996,5.376775468391813,0.17405803910593548,0.0,8,1.0,14,1.0,17,1.0,19,-10.154499999999999,11.644296017793431,6.208892374999994,0.799360989516145,0,16,1,30,1,38,1,45,0.00125,0.0,1.5625e-06,0.329,0.0,0.108241,0.0034999999999999996,0.0,1.2249999999999998e-05,0.03725,0.0,0.0013875625,0.0034999999999999996,0.0,1.2249999999999998e-05
2020-2021,retained,preseason,2020-09-11,eng-championship,middlesbrough,False,incumbent,64.0,60.78475,0.10479406521739128,0.10479406521739128,10.0,3.6180000000000003,6.062225333984213,0.30062065255363324,1.0,10,1.0,17,1.0,19,1.0,22,-3.2152499999999975,11.740694929922164,3.1513099375000078,0.6206743696031537,1,16,1,31,1,38,1,45,0.01075,0.0,0.00011556249999999998,0.1105,0.0,0.01221025,0.02575,0.0,0.0006630624999999999,0.13,0.0,0.016900000000000002,0.02575,0.0,0.0006630624999999999
2020-2021,retained,preseason,2020-09-11,eng-championship,millwall,False,incumbent,62.0,64.72225,0.06995677445652172,0.06995677445652172,11.0,0.6502499999999998,5.980921746478548,0.46322484058561253,1.0,9,1.0,16,1.0,19,1.0,21,2.7222500000000025,11.654595871908215,2.9625749375000137,0.41806390695703866,1,16,1,30,1,39,1,46,0.01675,0.0,0.00028056250000000005,0.06125,0.0,0.0037515624999999997,0.04925,0.0,0.0024255625,0.183,0.0,0.033489,0.04925,0.0,0.0024255625
2020-2021,retained,preseason,2020-09-11,eng-championship,norwich-city,True,relegated_from_pl,97.0,74.695,0.14134879076086956,0.14134879076086956,1.0,6.35075,5.654752376320293,0.043560835677570776,0.0,8,1.0,15,1.0,18,1.0,20,-22.304999999999993,13.548541434412783,15.185999999999993,0.9561517359611273,0,19,0,35,1,45,1,52,0.113,1.0,0.786769,0.01825,0.0,0.00033306249999999997,0.22975,1.0,0.5932850625,0.3185,0.0,0.10144225,0.22975,1.0,0.5932850625
2020-2021,retained,preseason,2020-09-11,eng-championship,nottingham-forest,False,incumbent,52.0,64.444,0.13641249456521742,0.13641249456521742,17.0,-5.189499999999999,6.072486290639115,0.7649473098832038,1.0,10,1.0,16,1.0,20,1.0,21,12.444000000000003,12.067388449867684,7.456554875000003,0.14968110413682015,0,17,1,31,1,40,1,48,0.019,0.0,0.000361,0.063,0.0,0.003969,0.052250000000000005,0.0,0.0027300625000000003,0.18374999999999997,0.0,0.03376406249999999,0.052250000000000005,0.0,0.0027300625000000003
2020-2021,retained,preseason,2020-09-11,eng-championship,preston-north-end,False,incumbent,61.0,64.6715,0.07821526086956522,0.07821526086956522,13.0,-1.3045000000000009,6.0190347855781665,0.5891554328192944,1.0,10,1.0,16,1.0,19,1.0,21,3.671500000000009,11.772386663289648,3.1899366250000023,0.38895351221861185,1,17,1,30,1,38,1,47,0.01625,0.0,0.00026406250000000003,0.058249999999999996,0.0,0.0033930624999999994,0.04975,0.0,0.0024750625000000003,0.1895,0.0,0.03591025,0.04975,0.0,0.0024750625000000003
2020-2021,retained,preseason,2020-09-11,eng-championship,queens-park-rangers,False,incumbent,68.0,57.97275,0.16599266576086957,0.16599266576086957,9.0,6.050250000000002,5.907175715813777,0.17669521532075383,0.0,10,1.0,16,1.0,18,1.0,21,-10.027249999999995,11.774867618682597,6.051315062500024,0.7941665284925463,0,16,1,30,1,39,1,45,0.005,0.0,2.5e-05,0.16125,0.0,0.026001562500000002,0.013750000000000002,0.0,0.00018906250000000005,0.0865,0.0,0.007482249999999999,0.013750000000000002,0.0,0.00018906250000000005
2020-2021,retained,preseason,2020-09-11,eng-championship,reading,False,incumbent,70.0,60.497,0.1791764565217391,0.1791764565217391,7.0,6.779,5.998679771416374,0.1540311529930841,0.0,10,1.0,17,1.0,19,1.0,22,-9.502999999999993,11.809995385265822,5.701605874999992,0.7992713858399924,0,16,1,29,1,39,1,46,0.009,0.0,8.099999999999999e-05,0.11374999999999999,0.0,0.012939062499999997,0.026000000000000002,0.0,0.0006760000000000002,0.11549999999999999,0.0,0.013340249999999998,0.026000000000000002,0.0,0.0006760000000000002
2020-2021,retained,preseason,2020-09-11,eng-championship,rotherham-united,False,promoted_from_lower,42.0,50.0125,0.11470031249999998,0.11470031249999998,24.0,-5.576750000000004,5.441792851395577,0.9899764062750318,0.0,8,1.0,14,1.0,17,1.0,19,8.012500000000003,12.729938874558668,4.789295000000013,0.2663083806156499,1,17,1,33,1,43,1,50,0.00275,0.0,7.562499999999999e-06,0.38975,1.0,0.37240506250000005,0.0072499999999999995,0.0,5.256249999999999e-05,0.035500000000000004,0.0,0.0012602500000000003,0.0072499999999999995,0.0,5.256249999999999e-05
2020-2021,retained,preseason,2020-09-11,eng-championship,sheffield-wednesday,False,incumbent,47.0,59.05625,0.15725165217391304,0.15725165217391304,21.0,-6.501999999999999,5.932705622226675,0.8233474746967285,0.0,9,1.0,16,1.0,19,1.0,21,12.056250000000006,11.749493007679098,7.1851726874999935,0.15979571345524948,0,16,1,30,1,39,1,46,0.00725,0.0,5.2562500000000004e-05,0.13175,0.0,0.0173580625,0.016,0.0,0.000256,0.09974999999999999,0.0,0.009950062499999999,0.016,0.0,0.000256
2020-2021,retained,preseason,2020-09-11,eng-championship,stoke-city,False,incumbent,60.0,61.99525,0.07366357880434783,0.07366357880434783,14.0,-0.9247499999999995,6.049924581141488,0.5644839486618851,1.0,10,1.0,16,1.0,20,1.0,21,1.9952499999999986,11.803886115915384,2.9028389375000003,0.42784096271425465,1,16,1,30,1,39,1,46,0.0105,0.0,0.00011025000000000001,0.09125,0.0,0.008326562499999999,0.028499999999999998,0.0,0.0008122499999999998,0.14100000000000001,0.0,0.019881000000000003,0.028499999999999998,0.0,0.0008122499999999998
2020-2021,retained,preseason,2020-09-11,eng-championship,swansea-city,False,incumbent,80.0,68.4155,0.13563785054347827,0.13563785054347827,4.0,5.90625,5.86787533418187,0.1521734262715046,0.0,9,1.0,16,1.0,19,1.0,21,-11.584499999999991,12.166711131197287,6.977000499999995,0.8262167174113291,0,17,1,31,1,40,1,49,0.038,0.0,0.001444,0.035,0.0,0.0012250000000000002,0.08975,0.0,0.0080550625,0.256,1.0,0.553536,0.08975,0.0,0.0080550625
2020-2021,retained,preseason,2020-09-11,eng-championship,watford,True,relegated_from_pl,91.0,71.22875,0.15406288315217387,0.15406288315217387,2.0,7.078749999999999,6.641690179276657,0.13677773321041947,0.0,11,1.0,18,1.0,21,1.0,22,-19.77125000000001,15.441645748996446,12.472190062499974,0.897445302281441,0,22,1,40,1,51,1,60,0.10275,0.0,0.0105575625,0.051250000000000004,0.0,0.0026265625000000004,0.1915,1.0,0.6536722500000001,0.25975,0.0,0.06747006249999998,0.1915,1.0,0.6536722500000001
2020-2021,retained,preseason,2020-09-11,eng-championship,wycombe-wanderers,False,promoted_from_lower,43.0,63.96125,0.2626728994565219,0.2626728994565219,23.0,-10.58075,8.389843826764595,0.8214614771725701,0.0,17,1.0,23,1.0,23,1.0,23,20.961249999999993,22.414621309259275,12.122635562499982,0.18229077192720292,0,32,1,59,1,75,1,86,0.123,0.0,0.015129,0.227,1.0,0.597529,0.1825,0.0,0.033306249999999996,0.15375,0.0,0.0236390625,0.1825,0.0,0.033306249999999996
2020-2021,generic,preseason,2020-09-11,eng-championship,barnsley,False,incumbent,78.0,55.79075,0.34999363586956517,0.34999363586956517,5.0,11.1995,5.858088404078586,0.05003642390916757,0.0,9,0.0,16,1.0,19,1.0,20,-22.209249999999997,11.788064490725356,15.888198937499993,0.9641215812751022,0,17,0,30,0,39,1,46,0.00575,0.0,3.30625e-05,0.22975,0.0,0.05278506250000001,0.01225,0.0,0.00015006250000000002,0.06425,1.0,0.8756280625,1.01225,0.0,1.0246500625000001
2020-2021,generic,preseason,2020-09-11,eng-championship,birmingham-city,False,incumbent,52.0,53.56425,0.060802402173913014,0.060802402173913014,18.0,-0.7665000000000006,5.547024224753304,0.49588968571163833,1.0,8,1.0,14,1.0,18,1.0,20,1.5642500000000013,11.463479922671825,2.756834312499997,0.4666885187199328,1,15,1,30,1,38,1,45,0.00225,0.0,5.062499999999999e-06,0.28025,0.0,0.0785400625,0.0075,0.0,5.625e-05,0.049,0.0,0.0024010000000000004,0.0075,0.0,5.625e-05
2020-2021,generic,preseason,2020-09-11,eng-championship,blackburn-rovers,False,incumbent,57.0,64.0715,0.09716173369565216,0.09716173369565216,15.0,-2.945499999999999,6.17292716221405,0.6666947707462649,1.0,10,1.0,17,1.0,19,1.0,21,7.0715,11.836717777745653,4.46877687500001,0.2731794845984578,1,16,1,31,1,39,1,46,0.01725,0.0,0.00029756250000000003,0.0735,0.0,0.005402249999999999,0.044,0.0,0.0019359999999999998,0.1875,0.0,0.03515625,0.044,0.0,0.0019359999999999998
2020-2021,generic,preseason,2020-09-11,eng-championship,bournemouth,True,relegated_from_pl,77.0,70.5795,0.08103922554347828,0.08103922554347828,6.0,3.053750000000001,6.283976522672567,0.3867000115012499,1.0,10,1.0,17,1.0,20,1.0,21,-6.420500000000004,13.423437702392038,4.3984957499999835,0.668222390923001,1,19,1,35,1,45,1,52,0.07925,0.0,0.0062805625000000006,0.03925,0.0,0.0015405625,0.16575,0.0,0.027473062500000003,0.26625,1.0,0.5383890625000001,0.16575,0.0,0.027473062500000003
2020-2021,generic,preseason,2020-09-11,eng-championship,brentford,False,incumbent,87.0,82.698,0.03356135054347826,0.03356135054347826,3.0,1.2127499999999998,3.89743344234382,0.5584484143829171,1.0,5,1.0,9,1.0,11,1.0,14,-4.3019999999999925,11.884603316897033,3.401916750000006,0.6356065545731955,1,16,1,30,1,39,1,45,0.28825,0.0,0.0830880625,0.0025,0.0,6.25e-06,0.46399999999999997,0.0,0.21529599999999996,0.32425000000000004,1.0,0.45663806249999994,0.46399999999999997,1.0,0.287296
2020-2021,generic,preseason,2020-09-11,eng-championship,bristol-city,False,incumbent,51.0,61.78075,0.1416524483695652,0.1416524483695652,19.0,-5.777749999999999,6.225420061128405,0.7709764896784344,0.0,10,1.0,18,1.0,20,1.0,22,10.780749999999998,11.97627569144515,6.349295437500008,0.18026000799721625,0,16,1,31,1,40,1,46,0.0145,0.0,0.00021025000000000001,0.102,0.0,0.010403999999999998,0.0365,0.0,0.0013322499999999999,0.14350000000000002,0.0,0.020592250000000006,0.0365,0.0,0.0013322499999999999
2020-2021,generic,preseason,2020-09-11,eng-championship,cardiff-city,False,incumbent,68.0,71.19125,0.06491705163043476,0.06491705163043476,8.0,0.6222500000000011,5.770403360034721,0.5374532976656324,1.0,9,1.0,15,1.0,19,1.0,20,3.1912499999999966,12.271559535670272,3.1858634374999912,0.40179216834434733,1,17,1,31,1,40,1,48,0.06775,0.0,0.0045900625,0.022500000000000003,0.0,0.0005062500000000001,0.14775,0.0,0.021830062499999997,0.28600000000000003,0.0,0.08179600000000002,0.14775,0.0,0.021830062499999997
2020-2021,generic,preseason,2020-09-11,eng-championship,coventry-city,False,promoted_from_lower,55.0,61.761,0.10437712771739129,0.10437712771739129,16.0,-2.84225,7.196100675886907,0.6101217313843663,1.0,13,1.0,20,1.0,22,1.0,23,6.761000000000003,15.526183658581397,4.767020749999983,0.35145777484773927,1,21,1,40,1,51,1,59,0.038,0.0,0.001444,0.16725,0.0,0.027972562500000003,0.0765,0.0,0.00585225,0.161,0.0,0.025921000000000003,0.0765,0.0,0.00585225
2020-2021,generic,preseason,2020-09-11,eng-championship,derby-county,False,incumbent,44.0,67.20075,0.3506419347826088,0.3506419347826088,22.0,-11.4845,6.0877138360800105,0.9582099784843595,0.0,10,0.0,16,0.0,19,1.0,21,23.20075,12.05547383712063,16.583629187499994,0.022637566396033936,0,16,0,31,0,39,1,47,0.03675,0.0,0.0013505624999999998,0.04275,1.0,0.9163275625,0.087,0.0,0.007568999999999999,0.227,0.0,0.051529000000000005,0.087,0.0,0.007568999999999999
2020-2021,generic,preseason,2020-09-11,eng-championship,huddersfield-town,False,incumbent,49.0,58.3615,0.11678890760869562,0.11678890760869562,20.0,-5.078000000000001,6.028218310579006,0.7740564077897949,1.0,10,1.0,17,1.0,19,1.0,21,9.3615,11.849823532441317,5.470265124999999,0.21800880705120246,0,16,1,31,1,39,1,46,0.0055,0.0,3.0249999999999997e-05,0.15949999999999998,0.0,0.02544024999999999,0.02175,0.0,0.00047306249999999996,0.0925,0.0,0.00855625,0.02175,0.0,0.00047306249999999996
2020-2021,generic,preseason,2020-09-11,eng-championship,luton-town,False,incumbent,62.0,52.08575,0.17731155706521742,0.17731155706521742,12.0,5.83925,5.374700869583348,0.1727664931781128,0.0,8,1.0,14,1.0,17,1.0,19,-9.914250000000003,11.719509244738024,5.997470687500003,0.7985463785549846,0,16,1,30,1,39,1,45,0.0015,0.0,2.25e-06,0.32225000000000004,0.0,0.10384506250000003,0.00575,0.0,3.30625e-05,0.034749999999999996,0.0,0.0012075624999999997,0.00575,0.0,3.30625e-05
2020-2021,generic,preseason,2020-09-11,eng-championship,middlesbrough,False,incumbent,64.0,61.25475,0.10324230163043478,0.10324230163043478,10.0,3.45425,6.098024839035998,0.3073706525536333,1.0,10,1.0,17,1.0,20,1.0,21,-2.7452499999999986,11.682844364173478,3.0495745625000046,0.607260856673865,1,16,1,29,1,38,1,46,0.01,0.0,0.0001,0.10324999999999998,0.0,0.010660562499999996,0.03075,0.0,0.0009455625,0.1335,0.0,0.01782225,0.03075,0.0,0.0009455625
2020-2021,generic,preseason,2020-09-11,eng-championship,millwall,False,incumbent,62.0,64.864,0.07190114402173912,0.07190114402173912,11.0,0.6262499999999989,6.0868761230618125,0.46058440691260993,1.0,10,1.0,17,1.0,20,1.0,21,2.8640000000000043,11.865833472622139,3.0252988750000105,0.4158619469161137,1,16,1,30,1,39,1,47,0.02125,0.0,0.0004515625000000001,0.058249999999999996,0.0,0.0033930624999999994,0.057499999999999996,0.0,0.0033062499999999993,0.19299999999999998,0.0,0.03724899999999999,0.057499999999999996,0.0,0.0033062499999999993
2020-2021,generic,preseason,2020-09-11,eng-championship,norwich-city,True,relegated_from_pl,97.0,70.066,0.204650152173913,0.204650152173913,1.0,8.3125,6.372428402893202,0.028719312017513474,0.0,10,0.0,17,1.0,20,1.0,22,-26.933999999999997,13.660019912137756,19.3658355,0.9802510211536043,0,19,0,36,0,45,0,52,0.0745,1.0,0.85655025,0.04675,0.0,0.0021855625,0.15675,1.0,0.7110705625,0.25575,0.0,0.06540806249999999,0.15675,1.0,0.7110705625
2020-2021,generic,preseason,2020-09-11,eng-championship,nottingham-forest,False,incumbent,52.0,64.97875,0.1447520923913044,0.1447520923913044,17.0,-5.437999999999999,6.140778126589495,0.7761865667005564,0.0,10,1.0,17,1.0,20,1.0,21,12.978749999999991,12.056442196498102,7.875420187499995,0.13945484740467343,0,16,1,32,1,40,1,46,0.0235,0.0,0.00055225,0.067,0.0,0.004489000000000001,0.0585,0.0,0.0034222500000000004,0.19524999999999998,0.0,0.03812256249999999,0.0585,0.0,0.0034222500000000004
2020-2021,generic,preseason,2020-09-11,eng-championship,preston-north-end,False,incumbent,61.0,65.094,0.07971375543478261,0.07971375543478261,13.0,-1.5085000000000015,6.112890294287965,0.5981864260636927,1.0,10,1.0,17,1.0,20,1.0,21,4.093999999999994,11.85580718466693,3.314854375000019,0.3683421744131466,1,16,1,31,1,39,1,47,0.0245,0.0,0.0006002500000000001,0.059,0.0,0.0034809999999999997,0.062,0.0,0.0038439999999999998,0.19724999999999998,0.0,0.03890756249999999,0.062,0.0,0.0038439999999999998
2020-2021,generic,preseason,2020-09-11,eng-championship,queens-park-rangers,False,incumbent,68.0,57.967,0.1688681875,0.1688681875,9.0,6.09825,5.937684476081564,0.17412051436320675,0.0,9,1.0,17,1.0,19,1.0,21,-10.033000000000001,11.573457175796694,6.070474375000005,0.8001862100441132,0,16,1,30,1,39,1,45,0.00425,0.0,1.8062500000000002e-05,0.1635,0.0,0.026732250000000003,0.015,0.0,0.000225,0.0875,0.0,0.007656249999999999,0.015,0.0,0.000225
2020-2021,generic,preseason,2020-09-11,eng-championship,reading,False,incumbent,70.0,60.682,0.17565496739130437,0.17565496739130437,7.0,6.708,6.101453597299581,0.16105189883746843,0.0,10,1.0,17,1.0,19,1.0,22,-9.317999999999998,11.775520200823403,5.558167874999999,0.7832713858399923,0,16,1,30,1,38,1,45,0.01,0.0,0.0001,0.11574999999999999,0.0,0.013398062499999999,0.026750000000000003,0.0,0.0007155625000000002,0.11950000000000001,0.0,0.014280250000000003,0.026750000000000003,0.0,0.0007155625000000002
2020-2021,generic,preseason,2020-09-11,eng-championship,rotherham-united,False,promoted_from_lower,42.0,50.36075,0.11372845380434782,0.11372845380434782,24.0,-5.606749999999998,5.547982014886133,0.989933813100563,0.0,8,1.0,14,1.0,17,1.0,19,8.360749999999996,12.763702810607116,4.8476566875,0.2614144375755605,1,17,1,33,1,42,1,50,0.003,0.0,9e-06,0.39825,1.0,0.3621030625,0.00875,0.0,7.656250000000001e-05,0.038,0.0,0.001444,0.00875,0.0,7.656250000000001e-05
2020-2021,generic,preseason,2020-09-11,eng-championship,sheffield-wednesday,False,incumbent,47.0,59.13075,0.15454147826086959,0.15454147826086959,21.0,-6.4864999999999995,6.07048743924242,0.8103165612131934,0.0,10,1.0,16,1.0,19,1.0,21,12.130749999999999,11.770584286155891,7.212322437500019,0.16098629669816283,0,16,1,30,1,39,1,46,0.007,0.0,4.9000000000000005e-05,0.144,0.0,0.020735999999999997,0.022,0.0,0.00048399999999999995,0.103,0.0,0.010608999999999999,0.022,0.0,0.00048399999999999995
2020-2021,generic,preseason,2020-09-11,eng-championship,stoke-city,False,incumbent,60.0,63.4375,0.08002248097826087,0.08002248097826087,14.0,-1.6682500000000005,6.164105120575086,0.6078981663214,1.0,10,1.0,17,1.0,19,1.0,21,3.4375,11.965892935757031,3.145117499999996,0.38720340048654384,1,16,1,31,1,40,1,47,0.019,0.0,0.000361,0.07875,0.0,0.0062015625000000005,0.0475,0.0,0.00225625,0.16150000000000003,0.0,0.02608225000000001,0.0475,0.0,0.00225625
2020-2021,generic,preseason,2020-09-11,eng-championship,swansea-city,False,incumbent,80.0,69.1785,0.12445890489130434,0.12445890489130434,4.0,5.530749999999999,5.871503592564684,0.17902608862318475,0.0,9,1.0,16,1.0,18,1.0,21,-10.8215,12.061722005998979,6.481973000000008,0.8155692843020614,0,16,1,31,1,39,1,47,0.0475,0.0,0.00225625,0.028749999999999998,0.0,0.0008265624999999998,0.11025,0.0,0.012155062500000001,0.259,1.0,0.5490809999999999,0.11025,0.0,0.012155062500000001
2020-2021,generic,preseason,2020-09-11,eng-championship,watford,True,relegated_from_pl,91.0,69.81975,0.17123628260869567,0.17123628260869567,2.0,7.369499999999999,6.304837012167722,0.09739315595558329,0.0,10,1.0,17,1.0,20,1.0,21,-21.18025,13.431744486011487,14.17826831250001,0.9492035956002718,0,18,0,34,1,44,1,51,0.0695,0.0,0.004830250000000001,0.04475,0.0,0.0020025625,0.14225,1.0,0.7357350625000001,0.27,0.0,0.0729,0.14225,1.0,0.7357350625000001
2020-2021,generic,preseason,2020-09-11,eng-championship,wycombe-wanderers,False,promoted_from_lower,43.0,63.5185,0.25272079891304344,0.25272079891304344,23.0,-10.424499999999998,8.557061396881524,0.8100553392380937,0.0,18,1.0,23,1.0,23,1.0,23,20.518500000000003,22.632159811869478,11.806135124999997,0.1943291986908133,0,32,1,58,1,73,1,87,0.12925,0.0,0.0167055625,0.2505,1.0,0.56175025,0.19325,0.0,0.0373455625,0.15075,0.0,0.022725562499999998,0.19325,0.0,0.0373455625
2020-2021,mapped,preseason,2020-09-11,eng-championship,barnsley,False,incumbent,78.0,55.42725,0.3567791168478261,0.3567791168478261,5.0,11.311250000000001,5.73187346663375,0.04586386465113025,0.0,9,0.0,15,1.0,19,1.0,20,-22.57275,11.631603820518476,16.249927562500005,0.9695569920543311,0,16,0,31,0,38,1,45,0.00325,0.0,1.05625e-05,0.2235,0.0,0.049952250000000004,0.0085,0.0,7.225000000000001e-05,0.06475,1.0,0.8746925624999999,1.0085,0.0,1.01707225
2020-2021,mapped,preseason,2020-09-11,eng-championship,birmingham-city,False,incumbent,52.0,53.8025,0.062331024456521736,0.062331024456521736,18.0,-0.8897499999999994,5.546268559806674,0.49532909087521326,1.0,9,1.0,14,1.0,18,1.0,19,1.8024999999999949,11.559952151717583,2.8104406249999956,0.4657131731476461,1,16,1,30,1,38,1,45,0.0015,0.0,2.25e-06,0.2715,0.0,0.07371225,0.00625,0.0,3.906250000000001e-05,0.04525,0.0,0.0020475625,0.00625,0.0,3.906250000000001e-05
2020-2021,mapped,preseason,2020-09-11,eng-championship,blackburn-rovers,False,incumbent,57.0,64.12525,0.09550787771739128,0.09550787771739128,15.0,-3.0237499999999997,6.119124605488926,0.6751806847829384,1.0,10,1.0,16,1.0,20,1.0,21,7.125249999999994,11.963133470688188,4.394937562500002,0.2723420713071281,1,16,1,31,1,39,1,46,0.0205,0.0,0.00042025000000000005,0.06775,0.0,0.0045900625,0.05550000000000001,0.0,0.003080250000000001,0.16899999999999998,0.0,0.028560999999999996,0.05550000000000001,0.0,0.003080250000000001
2020-2021,mapped,preseason,2020-09-11,eng-championship,bournemouth,True,relegated_from_pl,77.0,74.36475,0.061569059782608695,0.061569059782608695,6.0,1.4165,5.787920848629497,0.5024315916592762,1.0,8,1.0,15,1.0,18,1.0,20,-2.635249999999985,13.256892827412464,3.2982121875000034,0.5527162555725565,1,19,1,34,1,43,1,52,0.119,0.0,0.014160999999999998,0.022000000000000002,0.0,0.0004840000000000001,0.23199999999999998,0.0,0.05382399999999999,0.3205,1.0,0.46172024999999994,0.23199999999999998,0.0,0.05382399999999999
2020-2021,mapped,preseason,2020-09-11,eng-championship,brentford,False,incumbent,87.0,82.73625,0.03247796739130437,0.03247796739130437,3.0,1.1745,3.863295193225597,0.5689048681499895,1.0,5,1.0,9,1.0,11,1.0,14,-4.263750000000002,11.721206675829071,3.325309062499998,0.637506588889759,1,16,1,30,1,39,1,45,0.27875,0.0,0.0777015625,0.001,0.0,1e-06,0.46699999999999997,0.0,0.21808899999999998,0.32625,1.0,0.45393906250000005,0.46699999999999997,1.0,0.28408900000000004
2020-2021,mapped,preseason,2020-09-11,eng-championship,bristol-city,False,incumbent,51.0,61.5455,0.13941801902173914,0.13941801902173914,19.0,-5.67075,6.059029991467281,0.7803231784686301,0.0,10,1.0,16,1.0,20,1.0,21,10.545500000000004,11.707644073424849,6.185411625000011,0.18201250772458388,0,16,1,30,1,40,1,46,0.0105,0.0,0.00011025000000000001,0.099,0.0,0.009801,0.03075,0.0,0.0009455625,0.134,0.0,0.017956000000000003,0.03075,0.0,0.0009455625
2020-2021,mapped,preseason,2020-09-11,eng-championship,cardiff-city,False,incumbent,68.0,71.18675,0.0647443152173913,0.0647443152173913,8.0,0.6099999999999994,5.7231896701053,0.5354965210767781,1.0,9,1.0,15,1.0,19,1.0,20,3.1867499999999893,12.143943940808523,3.214329687499994,0.3934016528014556,1,16,1,32,1,40,1,48,0.065,0.0,0.0042250000000000005,0.022500000000000003,0.0,0.0005062500000000001,0.14,0.0,0.019600000000000003,0.29925,0.0,0.08955056250000001,0.14,0.0,0.019600000000000003
2020-2021,mapped,preseason,2020-09-11,eng-championship,coventry-city,False,promoted_from_lower,55.0,62.262,0.1055337472826087,0.1055337472826087,16.0,-3.0277499999999993,7.1392212416691505,0.6239073533376297,1.0,12,1.0,20,1.0,22,1.0,23,7.2620000000000005,15.36246581769997,4.905083000000005,0.3345427860660143,1,21,1,40,1,51,1,60,0.0385,0.0,0.00148225,0.157,0.0,0.024649,0.08224999999999999,0.0,0.0067650624999999985,0.15975,0.0,0.0255200625,0.08224999999999999,0.0,0.0067650624999999985
2020-2021,mapped,preseason,2020-09-11,eng-championship,derby-county,False,incumbent,44.0,67.0165,0.3504676385869566,0.3504676385869566,22.0,-11.457249999999998,6.073851532388654,0.9516309335569166,0.0,9,0.0,17,0.0,19,1.0,22,23.016500000000008,12.08733749632234,16.426530250000006,0.02627154239320104,0,16,0,31,0,40,1,47,0.032,0.0,0.001024,0.049499999999999995,1.0,0.90345025,0.07925,0.0,0.0062805625000000006,0.2315,0.0,0.05359225000000001,0.07925,0.0,0.0062805625000000006
2020-2021,mapped,preseason,2020-09-11,eng-championship,huddersfield-town,False,incumbent,49.0,56.09075,0.08983639945652175,0.08983639945652175,20.0,-3.9952499999999986,5.825609619387485,0.7183755057101023,1.0,9,1.0,16,1.0,19,1.0,20,7.09075,11.73215727978022,4.339299437500003,0.2793572758268348,1,16,1,30,1,39,1,45,0.00475,0.0,2.25625e-05,0.2065,0.0,0.04264224999999999,0.01225,0.0,0.00015006250000000002,0.06725,0.0,0.0045225625000000005,0.01225,0.0,0.00015006250000000002
2020-2021,mapped,preseason,2020-09-11,eng-championship,luton-town,False,incumbent,62.0,51.601,0.18385708423913044,0.18385708423913044,12.0,6.014249999999997,5.302550983960456,0.16100865803957956,0.0,7,1.0,14,1.0,17,1.0,19,-10.399000000000001,11.768848669262425,6.259571874999993,0.8098581749012643,0,16,1,30,1,38,1,46,0.001,0.0,1e-06,0.3335,0.0,0.11122225000000001,0.00375,0.0,1.40625e-05,0.03725,0.0,0.0013875625,0.00375,0.0,1.40625e-05
2020-2021,mapped,preseason,2020-09-11,eng-championship,middlesbrough,False,incumbent,64.0,61.16,0.10262448641304352,0.10262448641304352,10.0,3.4967499999999987,6.089498291115615,0.3059511380646504,1.0,9,1.0,17,1.0,20,1.0,21,-2.8400000000000034,11.66770757261254,3.0563008750000007,0.6140221982683807,1,16,1,30,1,39,1,45,0.00975,0.0,9.50625e-05,0.11299999999999999,0.0,0.012768999999999997,0.0325,0.0,0.0010562500000000001,0.125,0.0,0.015625,0.0325,0.0,0.0010562500000000001
2020-2021,mapped,preseason,2020-09-11,eng-championship,millwall,False,incumbent,62.0,64.9955,0.07099835597826087,0.07099835597826087,11.0,0.5772499999999994,5.994583591668398,0.46455701533086063,1.0,9,1.0,16,1.0,20,1.0,21,2.9954999999999927,11.680752533548514,3.005831249999999,0.4145130669394994,1,16,1,30,1,38,1,46,0.02,0.0,0.0004,0.053,0.0,0.002809,0.05450000000000001,0.0,0.0029702500000000007,0.1915,0.0,0.03667225,0.05450000000000001,0.0,0.0029702500000000007
2020-2021,mapped,preseason,2020-09-11,eng-championship,norwich-city,True,relegated_from_pl,97.0,64.30275,0.31234776902173916,0.31234776902173916,1.0,11.01175,6.639059567250469,0.013588667766675838,0.0,12,0.0,18,0.0,21,1.0,22,-32.69725,13.572143988239294,25.1045681875,0.9913503063460812,0,18,0,35,0,44,0,52,0.03525,1.0,0.9307425625,0.0985,0.0,0.00970225,0.08074999999999999,1.0,0.8450205625,0.17250000000000001,0.0,0.029756250000000005,0.08074999999999999,1.0,0.8450205625
2020-2021,mapped,preseason,2020-09-11,eng-championship,nottingham-forest,False,incumbent,52.0,64.9225,0.14116855163043476,0.14116855163043476,17.0,-5.38325,6.082422990675673,0.7733268550758623,0.0,9,1.0,17,1.0,20,1.0,21,12.9225,11.855399350085175,7.774623249999995,0.13747859067252666,0,16,1,30,1,39,1,46,0.02325,0.0,0.0005405625,0.055999999999999994,0.0,0.0031359999999999995,0.06,0.0,0.0036,0.18474999999999997,0.0,0.03413256249999999,0.06,0.0,0.0036
2020-2021,mapped,preseason,2020-09-11,eng-championship,preston-north-end,False,incumbent,61.0,64.934,0.07920560326086959,0.07920560326086959,13.0,-1.408999999999999,6.091610542377114,0.5968914298168045,1.0,9,1.0,16,1.0,20,1.0,21,3.9339999999999975,11.938557031735451,3.260920750000002,0.379907971570163,1,16,1,30,1,39,1,47,0.024,0.0,0.000576,0.0595,0.0,0.0035402499999999996,0.055,0.0,0.003025,0.19349999999999998,0.0,0.03744224999999999,0.055,0.0,0.003025
2020-2021,mapped,preseason,2020-09-11,eng-championship,queens-park-rangers,False,incumbent,68.0,58.415,0.16125629619565215,0.16125629619565215,9.0,5.85425,6.022624588790173,0.18680599416247287,0.0,10,1.0,17,1.0,19,1.0,21,-9.585000000000008,11.866055578834949,5.804880749999989,0.7853491081046544,0,16,1,31,1,40,1,46,0.006,0.0,3.6e-05,0.15949999999999998,0.0,0.02544024999999999,0.017750000000000002,0.0,0.0003150625000000001,0.09725,0.0,0.0094575625,0.017750000000000002,0.0,0.0003150625000000001
2020-2021,mapped,preseason,2020-09-11,eng-championship,reading,False,incumbent,70.0,60.91425,0.17200908152173913,0.17200908152173913,7.0,6.608499999999999,6.173145693242627,0.17030650902510938,0.0,10,1.0,17,1.0,20,1.0,22,-9.085750000000004,12.06268614105084,5.432825687500003,0.7769705405264438,0,16,1,31,1,39,1,47,0.0085,0.0,7.225000000000001e-05,0.11875,0.0,0.0141015625,0.025750000000000002,0.0,0.0006630625000000001,0.12925,0.0,0.0167055625,0.025750000000000002,0.0,0.0006630625000000001
2020-2021,mapped,preseason,2020-09-11,eng-championship,rotherham-united,False,promoted_from_lower,42.0,50.60225,0.11949385597826087,0.11949385597826087,24.0,-5.7627500000000005,5.565605307376728,0.9909276538381662,0.0,8,1.0,14,1.0,17,1.0,19,8.602249999999998,12.703544581631538,5.027527437500012,0.2549469113585708,1,17,1,32,1,42,1,50,0.00325,0.0,1.05625e-05,0.383,1.0,0.38068900000000006,0.00825,0.0,6.806250000000001e-05,0.038000000000000006,0.0,0.0014440000000000004,0.00825,0.0,6.806250000000001e-05
2020-2021,mapped,preseason,2020-09-11,eng-championship,sheffield-wednesday,False,incumbent,47.0,59.047,0.1552533043478261,0.1552533043478261,21.0,-6.448499999999999,6.0558523553666666,0.8139066095320798,0.0,10,1.0,17,1.0,19,1.0,21,12.047000000000004,11.858131851181282,7.223998999999987,0.16211472252362213,0,16,1,31,1,39,1,46,0.006,0.0,3.6e-05,0.14900000000000002,0.0,0.022201000000000005,0.017750000000000002,0.0,0.0003150625000000001,0.104,0.0,0.010816,0.017750000000000002,0.0,0.0003150625000000001
2020-2021,mapped,preseason,2020-09-11,eng-championship,stoke-city,False,incumbent,60.0,63.73675,0.08071280163043479,0.08071280163043479,14.0,-1.7787499999999987,6.072626979940395,0.6174791498941224,1.0,10,1.0,17,1.0,19,1.0,21,3.7367500000000007,11.75576239286504,3.1961405624999992,0.37638880678192554,1,16,1,31,1,38,1,45,0.017,0.0,0.00028900000000000003,0.068,0.0,0.0046240000000000005,0.045,0.0,0.002025,0.16925,0.0,0.028645562500000003,0.045,0.0,0.002025
2020-2021,mapped,preseason,2020-09-11,eng-championship,swansea-city,False,incumbent,80.0,69.285,0.1200407635869565,0.1200407635869565,4.0,5.395249999999999,5.778453723748249,0.18059409061471698,0.0,9,1.0,16,1.0,18,1.0,21,-10.715000000000003,11.765257115762495,6.349349499999998,0.8158192843020614,0,16,1,30,1,38,1,46,0.03975,0.0,0.0015800625,0.0295,0.0,0.0008702499999999999,0.10250000000000001,0.0,0.010506250000000002,0.27925,1.0,0.5194805625000001,0.10250000000000001,0.0,0.010506250000000002
2020-2021,mapped,preseason,2020-09-11,eng-championship,watford,True,relegated_from_pl,91.0,72.81375,0.12937510869565214,0.12937510869565214,2.0,6.0280000000000005,5.8428773733495385,0.13106529151923993,0.0,9,1.0,15,1.0,19,1.0,20,-18.18625,13.165240633482549,11.728635437499982,0.919889022270564,0,18,0,34,1,43,1,52,0.09675,0.0,0.0093605625,0.0235,0.0,0.00055225,0.18625,1.0,0.6621890625,0.3135,0.0,0.09828225,0.18625,1.0,0.6621890625
2020-2021,mapped,preseason,2020-09-11,eng-championship,wycombe-wanderers,False,promoted_from_lower,43.0,64.0495,0.26352828260869576,0.26352828260869576,23.0,-10.651499999999999,8.508939284658224,0.8127559043116178,0.0,17,1.0,23,1.0,23,1.0,23,21.049499999999995,22.58166401640942,12.240847374999984,0.18525469032718508,0,32,1,59,1,74,1,87,0.13575,0.0,0.0184280625,0.23500000000000001,1.0,0.585225,0.1965,0.0,0.03861225,0.1475,0.0,0.021756249999999998,0.1965,0.0,0.03861225
2021-2022,retained,preseason,2021-08-06,eng-championship,barnsley,False,incumbent,30.0,64.396,0.38239527717391303,0.38239527717391303,24.0,-12.303999999999998,6.102342501040072,0.9859452377515758,0.0,9,0.0,16,0.0,20,0.0,21,34.396,11.611596961658632,27.826589500000004,0.00075,0,16,0,30,0,39,0,46,0.023,0.0,0.000529,0.06575,1.0,0.8728230625,0.05625,0.0,0.0031640625,0.18825,0.0,0.0354380625,1.05625,0.0,1.1156640624999998
2021-2022,retained,preseason,2021-08-06,eng-championship,birmingham-city,False,incumbent,47.0,50.75475,0.059820951086956516,0.059820951086956516,21.0,-2.6325000000000003,5.1057265643588865,0.6394173390371466,1.0,8,1.0,13,1.0,16,1.0,18,3.7547500000000014,11.162710353561092,3.145992562499999,0.3602967450952076,1,15,1,29,1,38,1,43,0.0005,0.0,2.5e-07,0.3605,0.0,0.12996025,0.00175,0.0,3.0625000000000003e-06,0.028,0.0,0.0007840000000000001,0.00175,0.0,3.0625000000000003e-06
2021-2022,retained,preseason,2021-08-06,eng-championship,blackburn-rovers,False,incumbent,69.0,66.95925,0.07673676358695652,0.07673676358695652,8.0,2.3632500000000007,5.931635477463193,0.3727505904276437,1.0,10,1.0,16,1.0,19,1.0,21,-2.0407500000000027,11.598969326517766,2.882730187499998,0.5628143326471993,1,16,1,30,1,38,1,45,0.0395,0.0,0.00156025,0.037000000000000005,0.0,0.0013690000000000004,0.08474999999999999,0.0,0.007182562499999999,0.22725,0.0,0.0516425625,0.08474999999999999,0.0,0.007182562499999999
2021-2022,retained,preseason,2021-08-06,eng-championship,blackpool,False,promoted_from_lower,60.0,56.47075,0.08480012500000002,0.08480012500000002,16.0,-0.5264999999999986,6.871448009699265,0.44414918997318675,1.0,12,1.0,19,1.0,21,1.0,22,-3.5292500000000047,14.913874226286744,3.929328937499996,0.5915845346501151,1,20,1,39,1,49,1,59,0.02075,0.0,0.00043056250000000006,0.2585,0.0,0.06682225,0.043,0.0,0.0018489999999999997,0.0985,0.0,0.00970225,0.043,0.0,0.0018489999999999997
2021-2022,retained,preseason,2021-08-06,eng-championship,bournemouth,False,incumbent,88.0,77.42675,0.06963096739130437,0.06963096739130437,2.0,3.8125,4.802483081698466,0.2600726887745226,1.0,6,1.0,12,1.0,15,1.0,17,-10.573250000000002,11.926907999875743,6.226289062499989,0.8052460127989557,0,17,1,31,1,39,1,47,0.16675,0.0,0.027805562500000002,0.0062499999999999995,0.0,3.9062499999999994e-05,0.309,1.0,0.47748100000000004,0.352,0.0,0.12390399999999999,0.309,1.0,0.47748100000000004
2021-2022,retained,preseason,2021-08-06,eng-championship,bristol-city,False,incumbent,55.0,53.2145,0.0613355679347826,0.0613355679347826,18.0,-0.7307500000000005,5.53211120979143,0.4444788525204136,1.0,8,1.0,15,1.0,18,1.0,19,-1.785499999999999,11.312912522865188,2.856962249999998,0.5598184875422935,1,16,1,29,1,38,1,44,0.00175,0.0,3.0625000000000003e-06,0.2765,0.0,0.07645225000000001,0.00525,0.0,2.7562500000000002e-05,0.04575,0.0,0.0020930625,0.00525,0.0,2.7562500000000002e-05
2021-2022,retained,preseason,2021-08-06,eng-championship,cardiff-city,False,incumbent,53.0,73.175,0.37926240217391294,0.37926240217391294,19.0,-11.5115,5.301779677617696,0.9714856843755599,0.0,8,0.0,13,0.0,17,1.0,19,20.17500000000001,11.551682777846697,14.015790250000002,0.03762300394002847,0,16,0,29,0,38,1,45,0.0865,0.0,0.007482249999999999,0.013749999999999998,0.0,0.00018906249999999997,0.1905,0.0,0.03629025,0.32575,0.0,0.1061130625,0.1905,0.0,0.03629025
2021-2022,retained,preseason,2021-08-06,eng-championship,coventry-city,False,incumbent,64.0,58.00025,0.10315465217391305,0.10315465217391305,12.0,3.0005000000000006,6.098893321742888,0.3321765999303878,1.0,9,1.0,17,1.0,19,1.0,21,-5.999750000000006,11.803759991523886,4.168079937499993,0.6980603600905219,1,16,1,30,1,39,1,47,0.00975,0.0,9.50625e-05,0.16299999999999998,0.0,0.026568999999999992,0.0245,0.0,0.0006002500000000001,0.092,0.0,0.008464,0.0245,0.0,0.0006002500000000001
2021-2022,retained,preseason,2021-08-06,eng-championship,derby-county,False,incumbent,55.0,56.87075,0.06780303260869566,0.06780303260869566,17.0,-1.4875000000000007,5.799339940889825,0.5161654725025185,1.0,9,1.0,16,1.0,19,1.0,21,1.870750000000001,11.2605969840635,2.752334312500005,0.4397290096419968,1,15,1,29,1,38,1,43,0.00375,0.0,1.40625e-05,0.17825,0.0,0.0317730625,0.01225,0.0,0.00015006250000000002,0.07500000000000001,0.0,0.0056250000000000015,0.01225,0.0,0.00015006250000000002
2021-2022,retained,preseason,2021-08-06,eng-championship,fulham,True,relegated_from_pl,90.0,72.065,0.1685147989130435,0.1685147989130435,1.0,7.183,5.920431656560187,0.07533172753833449,0.0,9,1.0,16,1.0,19,1.0,21,-17.935000000000002,13.005816967803291,11.54921687500001,0.911162350635745,0,18,0,34,1,42,1,51,0.10275,1.0,0.8050575625,0.02525,0.0,0.0006375625000000001,0.1965,1.0,0.64561225,0.28275,0.0,0.0799475625,0.1965,1.0,0.64561225
2021-2022,retained,preseason,2021-08-06,eng-championship,huddersfield-town,False,incumbent,82.0,52.84525,0.49724008967391303,0.49724008967391303,3.0,14.45925,5.474060598632427,0.006674283242399896,0.0,8,0.0,15,0.0,17,0.0,19,-29.154749999999993,11.46253909208165,22.731114687500007,0.9918709029507782,0,16,0,30,0,38,0,44,0.0025,0.0,6.25e-06,0.2985,0.0,0.08910225,0.00625,0.0,3.906250000000001e-05,0.03950000000000001,1.0,0.92256025,0.00625,0.0,3.906250000000001e-05
2021-2022,retained,preseason,2021-08-06,eng-championship,hull-city,False,promoted_from_lower,51.0,52.63225,0.06577204347826088,0.06577204347826088,20.0,-2.567,5.742430757092332,0.5971956847451104,1.0,8,1.0,15,1.0,18,1.0,20,1.632249999999999,12.334281897925797,2.945153812499994,0.45945192604672913,1,17,1,32,1,40,1,49,0.005,0.0,2.5e-05,0.31675,0.0,0.10033056249999998,0.01025,0.0,0.00010506250000000001,0.05,0.0,0.0025000000000000005,0.01025,0.0,0.00010506250000000001
2021-2022,retained,preseason,2021-08-06,eng-championship,luton-town,False,incumbent,75.0,55.583,0.315057883152174,0.315057883152174,6.0,10.223750000000003,5.64390697456115,0.06453485886269324,0.0,9,0.0,15,1.0,18,1.0,20,-19.416999999999987,11.158409877755881,13.545390249999993,0.9549125808227866,0,15,0,29,1,37,1,43,0.004,0.0,1.6e-05,0.21125,0.0,0.044626562499999994,0.00825,0.0,6.806250000000001e-05,0.06075,1.0,0.8821905624999999,0.00825,0.0,6.806250000000001e-05
2021-2022,retained,preseason,2021-08-06,eng-championship,middlesbrough,False,incumbent,70.0,62.419,0.14343491847826087,0.14343491847826087,7.0,5.6815,6.118746419815092,0.19275130700728338,0.0,10,1.0,17,1.0,20,1.0,21,-7.581000000000003,11.680729386472404,4.658951624999997,0.7554144033087045,1,16,1,30,1,39,1,47,0.0135,0.0,0.00018224999999999998,0.08174999999999999,0.0,0.006683062499999998,0.03675,0.0,0.0013505624999999998,0.15425,0.0,0.0237930625,0.03675,0.0,0.0013505624999999998
2021-2022,retained,preseason,2021-08-06,eng-championship,millwall,False,incumbent,69.0,61.62075,0.11235632065217388,0.11235632065217388,9.0,4.121,6.089857059077824,0.2963707848512069,1.0,10,1.0,16,1.0,20,1.0,21,-7.379249999999999,11.347154684655532,4.549590812499988,0.7479721862949061,1,15,1,29,1,37,1,44,0.0135,0.0,0.00018224999999999998,0.09825,0.0,0.0096530625,0.0335,0.0,0.0011222500000000002,0.14300000000000002,0.0,0.020449000000000005,0.0335,0.0,0.0011222500000000002
2021-2022,retained,preseason,2021-08-06,eng-championship,nottingham-forest,False,incumbent,80.0,61.52325,0.25658376902173907,0.25658376902173907,4.0,9.167250000000001,6.005104281983786,0.07394536053836898,0.0,10,0.0,16,1.0,20,1.0,21,-18.476750000000003,11.2605710085013,12.596707687499986,0.9498629418170053,0,15,0,29,1,37,1,44,0.01225,0.0,0.00015006250000000002,0.09425000000000001,0.0,0.008883062500000002,0.03,0.0,0.0009,0.134,1.0,0.7499560000000001,0.03,1.0,0.9409
2021-2022,retained,preseason,2021-08-06,eng-championship,peterborough-united,False,promoted_from_lower,37.0,63.7685,0.2964504211956521,0.2964504211956521,23.0,-10.84375,7.1345872997322,0.9217201495465258,0.0,12,0.0,20,1.0,22,1.0,23,26.768500000000003,15.185203579471695,18.493695125000002,0.032736869567976425,0,20,0,39,0,51,1,59,0.05675,0.0,0.0032205625000000003,0.12725,1.0,0.7616925625,0.10625000000000001,0.0,0.011289062500000002,0.16924999999999998,0.0,0.028645562499999996,0.10625000000000001,0.0,0.011289062500000002
2021-2022,retained,preseason,2021-08-06,eng-championship,preston-north-end,False,incumbent,64.0,61.66825,0.07180959510869564,0.07180959510869564,13.0,0.07874999999999943,6.052854569333382,0.5079237933781933,1.0,10,1.0,16,1.0,20,1.0,21,-2.3317499999999995,11.400008418308294,2.922414187500001,0.5873564374788096,1,15,1,29,1,38,1,44,0.01175,0.0,0.0001380625,0.0915,0.0,0.00837225,0.03175,0.0,0.0010080625,0.14150000000000001,0.0,0.020022250000000005,0.03175,0.0,0.0010080625
2021-2022,retained,preseason,2021-08-06,eng-championship,queens-park-rangers,False,incumbent,66.0,63.714,0.0746046956521739,0.0746046956521739,11.0,1.0150000000000006,6.183872168795212,0.4836148874067393,1.0,10,1.0,17,1.0,20,1.0,21,-2.2860000000000014,11.727881479619413,2.943333124999996,0.5565515401114826,1,16,1,31,1,39,1,46,0.01925,0.0,0.0003705625,0.07425,0.0,0.0055130625,0.053000000000000005,0.0,0.0028090000000000007,0.172,0.0,0.029583999999999996,0.053000000000000005,0.0,0.0028090000000000007
2021-2022,retained,preseason,2021-08-06,eng-championship,reading,False,incumbent,47.0,64.2965,0.2947291494565217,0.2947291494565217,22.0,-10.20175,6.149922514755776,0.9589468838436005,0.0,10,0.0,17,1.0,20,1.0,21,17.29650000000001,11.953706025747833,11.314867749999983,0.07208465179698853,0,16,0,31,1,39,1,47,0.02425,0.0,0.0005880625,0.06924999999999999,1.0,0.8662955625,0.05825,0.0,0.0033930625000000002,0.1755,0.0,0.030800249999999998,0.05825,0.0,0.0033930625000000002
2021-2022,retained,preseason,2021-08-06,eng-championship,sheffield-united,True,relegated_from_pl,75.0,74.93325,0.0605373097826087,0.0605373097826087,5.0,2.074,5.805086045873912,0.44388413989066483,1.0,8,1.0,15,1.0,18,1.0,20,-0.06675000000001319,13.730178237644987,3.212561562499989,0.4961758686184469,1,18,1,36,1,46,1,54,0.163,0.0,0.026569000000000002,0.022750000000000003,0.0,0.0005175625000000001,0.27225,0.0,0.0741200625,0.30125,1.0,0.4882515625,0.27225,0.0,0.0741200625
2021-2022,retained,preseason,2021-08-06,eng-championship,stoke-city,False,incumbent,62.0,61.89925,0.07367618749999999,0.07367618749999999,14.0,-1.0037500000000001,6.069409850842172,0.5637183472630416,1.0,10,1.0,16,1.0,19,1.0,21,-0.100750000000005,11.52220028629515,2.712578812500003,0.5129911552696018,1,16,1,30,1,38,1,45,0.01625,0.0,0.00026406250000000003,0.08950000000000001,0.0,0.008010250000000002,0.03775,0.0,0.0014250625,0.13725,0.0,0.018837562500000002,0.03775,0.0,0.0014250625
2021-2022,retained,preseason,2021-08-06,eng-championship,swansea-city,False,incumbent,61.0,70.39225,0.1820165978260869,0.1820165978260869,15.0,-6.2620000000000005,5.666114718217413,0.8321903743146785,0.0,9,1.0,15,1.0,19,1.0,20,9.392250000000004,11.66307806445194,5.585548187499993,0.20848527571040112,0,15,1,30,1,39,1,46,0.0635,0.0,0.00403225,0.023999999999999997,0.0,0.0005759999999999999,0.13175,0.0,0.0173580625,0.294,0.0,0.08643599999999999,0.13175,0.0,0.0173580625
2021-2022,retained,preseason,2021-08-06,eng-championship,west-bromwich-albion,True,relegated_from_pl,67.0,75.14125,0.11166476358695653,0.11166476358695653,10.0,-3.1087499999999997,5.46291345689276,0.7473989708351545,1.0,8,1.0,14,1.0,17,1.0,19,8.14125,12.827774492775433,4.985783062499993,0.27184352861842465,1,18,1,32,1,42,1,50,0.1395,0.0,0.019460250000000005,0.016,0.0,0.000256,0.26025,0.0,0.0677300625,0.3125,0.0,0.09765625,0.26025,0.0,0.0677300625
2021-2022,generic,preseason,2021-08-06,eng-championship,barnsley,False,incumbent,30.0,64.70225,0.3882765951086958,0.3882765951086958,24.0,-12.49025,6.189257220175939,0.9854990548230544,0.0,10,0.0,17,0.0,20,0.0,22,34.70225000000001,11.714909087888817,28.077206437499992,0.00029326353619987285,0,16,0,30,0,39,0,46,0.0285,0.0,0.00081225,0.0625,1.0,0.87890625,0.06725,0.0,0.0045225625000000005,0.19175000000000003,0.0,0.03676806250000001,1.06725,0.0,1.1390225625000001
2021-2022,generic,preseason,2021-08-06,eng-championship,birmingham-city,False,incumbent,47.0,51.4675,0.05931690489130436,0.05931690489130436,21.0,-2.78575,5.246412768501922,0.6544084643938956,1.0,7,1.0,14,1.0,16,1.0,18,4.467500000000001,11.118225746493907,3.197052000000011,0.33655457339443906,1,15,1,29,1,36,1,43,0.002,0.0,4e-06,0.34550000000000003,0.0,0.11937025000000002,0.004,0.0,1.6e-05,0.03125,0.0,0.0009765625,0.004,0.0,1.6e-05
2021-2022,generic,preseason,2021-08-06,eng-championship,blackburn-rovers,False,incumbent,69.0,67.013,0.07755180434782608,0.07755180434782608,8.0,2.3644999999999996,6.013579612011468,0.3797516731097287,1.0,10,1.0,16,1.0,19,1.0,21,-1.9869999999999948,11.539663383305426,2.8615199999999854,0.5543240067294849,1,16,1,30,1,38,1,45,0.0395,0.0,0.00156025,0.04025,0.0,0.0016200625000000002,0.087,0.0,0.007568999999999999,0.23074999999999998,0.0,0.05324556249999999,0.087,0.0,0.007568999999999999
2021-2022,generic,preseason,2021-08-06,eng-championship,blackpool,False,promoted_from_lower,60.0,56.9285,0.08531947282608696,0.08531947282608696,16.0,-0.6844999999999999,6.914655432485411,0.45007362288636094,1.0,12,1.0,19,1.0,21,1.0,22,-3.0715000000000003,14.712915678070068,3.799536374999997,0.5805829396567167,1,20,1,38,1,49,1,57,0.01975,0.0,0.0003900625,0.256,0.0,0.065536,0.0455,0.0,0.00207025,0.1015,0.0,0.01030225,0.0455,0.0,0.00207025
2021-2022,generic,preseason,2021-08-06,eng-championship,bournemouth,False,incumbent,88.0,76.125,0.07891625543478262,0.07891625543478262,2.0,4.2125,5.095178480681516,0.24884186590243726,1.0,7,1.0,13,1.0,16,1.0,18,-11.875,11.855858256575102,7.049811250000011,0.8368306751993038,0,16,1,30,1,39,1,47,0.167,0.0,0.027889000000000004,0.008,0.0,6.4e-05,0.29175,1.0,0.5016180625,0.33525000000000005,0.0,0.11239256250000003,0.29175,1.0,0.5016180625
2021-2022,generic,preseason,2021-08-06,eng-championship,bristol-city,False,incumbent,55.0,53.78025,0.06291808967391303,0.06291808967391303,18.0,-0.9502500000000005,5.641611023236181,0.47007425107279716,1.0,9,1.0,14,1.0,18,1.0,20,-1.2197499999999906,11.478695916239788,2.7690310625000016,0.5278007223065967,1,15,1,30,1,38,1,45,0.00425,0.0,1.8062500000000002e-05,0.27525,0.0,0.07576256249999999,0.00975,0.0,9.50625e-05,0.048,0.0,0.002304,0.00975,0.0,9.50625e-05
2021-2022,generic,preseason,2021-08-06,eng-championship,cardiff-city,False,incumbent,53.0,72.678,0.3658405570652174,0.3658405570652174,19.0,-11.31025,5.508629134140363,0.9634916936410187,0.0,8,0.0,15,1.0,18,1.0,19,19.677999999999997,11.818706189765443,13.445111374999996,0.04445982271882066,0,16,0,30,0,38,1,46,0.1065,0.0,0.01134225,0.01525,0.0,0.0002325625,0.2015,0.0,0.040602250000000006,0.29525,0.0,0.08717256250000001,0.2015,0.0,0.040602250000000006
2021-2022,generic,preseason,2021-08-06,eng-championship,coventry-city,False,incumbent,64.0,58.98275,0.09529652989130434,0.09529652989130434,12.0,2.47325,6.2508626954605235,0.36649406763804593,1.0,10,1.0,17,1.0,19,1.0,22,-5.017249999999997,12.011076239767192,3.723697062500004,0.6596497092502464,1,16,1,31,1,39,1,47,0.00875,0.0,7.656250000000001e-05,0.1565,0.0,0.02449225,0.028,0.0,0.0007840000000000001,0.11,0.0,0.0121,0.028,0.0,0.0007840000000000001
2021-2022,generic,preseason,2021-08-06,eng-championship,derby-county,False,incumbent,55.0,56.99275,0.0688166168478261,0.0688166168478261,17.0,-1.45275,5.991516288678518,0.5020667631116988,1.0,10,1.0,16,1.0,20,1.0,21,1.992750000000001,11.585322500366573,2.7952643124999996,0.4425645972273444,1,16,1,30,1,38,1,45,0.00725,0.0,5.2562500000000004e-05,0.187,0.0,0.034969,0.02075,0.0,0.00043056250000000006,0.07625000000000001,0.0,0.0058140625000000015,0.02075,0.0,0.00043056250000000006
2021-2022,generic,preseason,2021-08-06,eng-championship,fulham,True,relegated_from_pl,90.0,71.6735,0.16945957065217399,0.16945957065217399,1.0,7.314,6.115505212163588,0.0764314607870693,0.0,10,1.0,17,1.0,19,1.0,21,-18.32650000000001,13.021459125228631,11.85421212500001,0.9199931570348151,0,18,0,33,1,43,1,51,0.10425,1.0,0.8023680625,0.03175,0.0,0.0010080625,0.20575,1.0,0.6308330625,0.27,0.0,0.0729,0.20575,1.0,0.6308330625
2021-2022,generic,preseason,2021-08-06,eng-championship,huddersfield-town,False,incumbent,82.0,54.14175,0.4722463586956522,0.4722463586956522,3.0,13.979500000000002,5.648502434274062,0.010997546665180769,0.0,9,0.0,15,0.0,18,0.0,20,-27.858249999999998,11.34751765530682,21.536412437499997,0.9889941470725402,0,16,0,29,0,38,0,44,0.00425,0.0,1.8062500000000002e-05,0.262,0.0,0.06864400000000001,0.01025,0.0,0.00010506250000000001,0.050749999999999997,1.0,0.9010755625,0.01025,0.0,0.00010506250000000001
2021-2022,generic,preseason,2021-08-06,eng-championship,hull-city,False,promoted_from_lower,51.0,52.4035,0.06539684239130435,0.06539684239130435,20.0,-2.403500000000001,5.820797861977342,0.5733049471225594,1.0,9,1.0,16,1.0,18,1.0,20,1.403499999999994,12.523924614512817,3.0069367500000057,0.4698679573418467,1,17,1,32,1,41,1,48,0.00325,0.0,1.05625e-05,0.33899999999999997,0.0,0.11492099999999998,0.01,0.0,0.0001,0.05125,0.0,0.0026265624999999996,0.01,0.0,0.0001
2021-2022,generic,preseason,2021-08-06,eng-championship,luton-town,False,incumbent,75.0,55.83775,0.3112656385869565,0.3112656385869565,6.0,10.16525,5.812739667101908,0.0716525763681185,0.0,9,0.0,15,1.0,19,1.0,20,-19.16225,11.278604742498072,13.269841312499999,0.9516250734752605,0,15,0,28,1,37,1,44,0.004,0.0,1.6e-05,0.227,0.0,0.051529000000000005,0.013,0.0,0.000169,0.06275,1.0,0.8784375625,0.013,0.0,0.000169
2021-2022,generic,preseason,2021-08-06,eng-championship,middlesbrough,False,incumbent,70.0,62.747,0.14084039402173912,0.14084039402173912,7.0,5.56025,6.197489002612268,0.20673325229586811,1.0,11,1.0,17,1.0,20,1.0,21,-7.253,11.62688655659803,4.5418089999999935,0.7417390381811244,1,16,1,30,1,38,1,45,0.019,0.0,0.000361,0.08725,0.0,0.007612562499999999,0.04525,0.0,0.0020475625,0.15975,0.0,0.0255200625,0.04525,0.0,0.0020475625
2021-2022,generic,preseason,2021-08-06,eng-championship,millwall,False,incumbent,69.0,61.64525,0.1140987690217391,0.1140987690217391,9.0,4.152750000000001,6.212158838721045,0.30561377852663085,1.0,10,1.0,16,1.0,20,1.0,22,-7.354749999999996,11.494363942276232,4.524719812499995,0.7415882150986264,1,16,1,29,1,38,1,45,0.01525,0.0,0.0002325625,0.09875,0.0,0.009751562500000002,0.036500000000000005,0.0,0.0013322500000000003,0.14025,0.0,0.019670062500000005,0.036500000000000005,0.0,0.0013322500000000003
2021-2022,generic,preseason,2021-08-06,eng-championship,nottingham-forest,False,incumbent,80.0,61.91675,0.24872560054347817,0.24872560054347817,4.0,9.005749999999999,6.146073294185483,0.08991781227983595,0.0,10,1.0,17,1.0,20,1.0,22,-18.08325,11.502557082557773,12.1933796875,0.9350333095441308,0,16,0,30,1,39,1,46,0.01725,0.0,0.00029756250000000003,0.09175,0.0,0.0084180625,0.04075,0.0,0.0016605625000000001,0.13825,1.0,0.7426130625,0.04075,1.0,0.9201605625
2021-2022,generic,preseason,2021-08-06,eng-championship,peterborough-united,False,promoted_from_lower,37.0,64.87175,0.31732767663043476,0.31732767663043476,23.0,-11.358249999999998,7.214388881776474,0.9217227834100677,0.0,13,0.0,20,1.0,22,1.0,23,27.87174999999999,15.381638467260244,19.568098437500005,0.03095966376958743,0,21,0,40,0,50,1,60,0.0745,0.0,0.00555025,0.125,1.0,0.765625,0.12175,0.0,0.0148230625,0.19125000000000003,0.0,0.036576562500000014,0.12175,0.0,0.0148230625
2021-2022,generic,preseason,2021-08-06,eng-championship,preston-north-end,False,incumbent,64.0,61.95075,0.07319429347826084,0.07319429347826084,13.0,0.03449999999999953,6.170640951311298,0.5073814733144524,1.0,10,1.0,17,1.0,20,1.0,21,-2.0492500000000007,11.597901725635547,2.899176062500006,0.5808538688194932,1,16,1,30,1,39,1,46,0.01775,0.0,0.00031506249999999997,0.09125000000000001,0.0,0.008326562500000002,0.04375,0.0,0.0019140624999999997,0.1385,0.0,0.019182250000000005,0.04375,0.0,0.0019140624999999997
2021-2022,generic,preseason,2021-08-06,eng-championship,queens-park-rangers,False,incumbent,66.0,63.925,0.07383313043478261,0.07383313043478261,11.0,1.0070000000000014,6.150768325989851,0.48525664182022216,1.0,10,1.0,17,1.0,20,1.0,21,-2.075000000000003,11.594734796449638,2.8500586250000106,0.5542634187342821,1,16,1,29,1,38,1,45,0.02275,0.0,0.0005175625,0.07050000000000001,0.0,0.004970250000000001,0.05025,0.0,0.0025250625000000004,0.177,0.0,0.031328999999999996,0.05025,0.0,0.0025250625000000004
2021-2022,generic,preseason,2021-08-06,eng-championship,reading,False,incumbent,47.0,65.13875,0.3146678451086956,0.3146678451086956,22.0,-10.68625,6.168736575466649,0.9653143464100506,0.0,10,0.0,17,1.0,20,1.0,22,18.138749999999987,11.77769070902696,12.125484687500004,0.06397728291750479,0,16,0,30,1,39,1,46,0.02975,0.0,0.0008850624999999999,0.06075,1.0,0.8821905624999999,0.069,0.0,0.0047610000000000005,0.1935,0.0,0.03744225,0.069,0.0,0.0047610000000000005
2021-2022,generic,preseason,2021-08-06,eng-championship,sheffield-united,True,relegated_from_pl,75.0,71.75225,0.0753558641304348,0.0753558641304348,5.0,3.2200000000000006,6.076314672562638,0.36048666732010826,1.0,9,1.0,17,1.0,19,1.0,21,-3.2477499999999964,12.906969820120445,3.2955774374999933,0.5860819310155186,1,17,1,33,1,43,1,50,0.1065,0.0,0.01134225,0.03025,0.0,0.0009150625,0.20450000000000002,0.0,0.04182025,0.28600000000000003,1.0,0.5097959999999999,0.20450000000000002,0.0,0.04182025
2021-2022,generic,preseason,2021-08-06,eng-championship,stoke-city,False,incumbent,62.0,62.34625,0.07650906249999999,0.07650906249999999,14.0,-1.2352499999999988,6.195515106712274,0.5759184322040742,1.0,10,1.0,17,1.0,20,1.0,21,0.3462499999999977,11.631266523362793,2.7421703124999945,0.49381808993531023,1,16,1,29,1,38,1,45,0.017,0.0,0.00028900000000000003,0.09,0.0,0.0081,0.042749999999999996,0.0,0.0018275624999999998,0.15625,0.0,0.0244140625,0.042749999999999996,0.0,0.0018275624999999998
2021-2022,generic,preseason,2021-08-06,eng-championship,swansea-city,False,incumbent,61.0,70.8965,0.18843014402173908,0.18843014402173908,15.0,-6.5082499999999985,5.705868201904072,0.8439038936960146,0.0,8,1.0,15,1.0,18,1.0,20,9.896500000000003,11.743010165626188,5.8029867500000085,0.1993409312308515,0,16,1,30,1,39,1,46,0.07825,0.0,0.0061230625,0.021,0.0,0.00044100000000000004,0.1635,0.0,0.026732250000000003,0.27925,0.0,0.0779805625,0.1635,0.0,0.026732250000000003
2021-2022,generic,preseason,2021-08-06,eng-championship,west-bromwich-albion,True,relegated_from_pl,67.0,71.563,0.08960342391304348,0.08960342391304348,10.0,-1.6240000000000006,6.080964068303643,0.6560913330470549,1.0,9,1.0,17,1.0,19,1.0,21,4.562999999999988,12.817274710327466,3.6825408749999937,0.36313715704794525,1,17,1,33,1,43,1,51,0.10275,0.0,0.0105575625,0.027499999999999997,0.0,0.0007562499999999999,0.1875,0.0,0.03515625,0.28525,0.0,0.0813675625,0.1875,0.0,0.03515625
2021-2022,mapped,preseason,2021-08-06,eng-championship,barnsley,False,incumbent,30.0,64.98875,0.39505070923913044,0.39505070923913044,24.0,-12.63775,6.1788773201529095,0.9866145121443578,0.0,10,0.0,17,0.0,20,0.0,22,34.98874999999998,11.725021255311225,28.36693131249999,0.0005432635361998729,0,16,0,30,0,39,0,46,0.029,0.0,0.0008410000000000001,0.06175,1.0,0.8803130625,0.07525,0.0,0.005662562499999999,0.18725,0.0,0.0350625625,1.07525,0.0,1.1561625625
2021-2022,mapped,preseason,2021-08-06,eng-championship,birmingham-city,False,incumbent,47.0,51.43675,0.06294415217391305,0.06294415217391305,21.0,-2.8575000000000017,5.210056981454234,0.6584158176697321,1.0,7,1.0,14,1.0,16,1.0,19,4.4367500000000035,11.241997128513242,3.266867687500011,0.3339647164784128,1,15,1,29,1,37,1,44,0.0015,0.0,2.25e-06,0.3415,0.0,0.11662225000000002,0.0045000000000000005,0.0,2.0250000000000004e-05,0.03125,0.0,0.0009765625,0.0045000000000000005,0.0,2.0250000000000004e-05
2021-2022,mapped,preseason,2021-08-06,eng-championship,blackburn-rovers,False,incumbent,69.0,67.6045,0.07389847554347828,0.07389847554347828,8.0,2.100249999999999,6.065121592969097,0.40049950774555865,1.0,10,1.0,17,1.0,19,1.0,21,-1.3954999999999984,11.804345799323231,2.8639164999999975,0.5338114304225136,1,16,1,31,1,39,1,47,0.04575,0.0,0.0020930625,0.045500000000000006,0.0,0.0020702500000000005,0.10325000000000001,0.0,0.010660562500000002,0.23074999999999998,0.0,0.05324556249999999,0.10325000000000001,0.0,0.010660562500000002
2021-2022,mapped,preseason,2021-08-06,eng-championship,blackpool,False,promoted_from_lower,60.0,57.093,0.08714884239130435,0.08714884239130435,16.0,-0.8425000000000011,6.950301702084594,0.4672927090781138,1.0,13,1.0,19,1.0,21,1.0,22,-2.9070000000000036,14.789636608111776,3.778637874999985,0.5655853321468144,1,20,1,38,1,48,1,57,0.02,0.0,0.0004,0.2505,0.0,0.06275025,0.0435,0.0,0.0018922499999999998,0.1105,0.0,0.01221025,0.0435,0.0,0.0018922499999999998
2021-2022,mapped,preseason,2021-08-06,eng-championship,bournemouth,False,incumbent,88.0,77.51275,0.06545471467391309,0.06545471467391309,2.0,3.6572500000000003,4.800184625355571,0.2843306535085761,1.0,6,1.0,12,1.0,15,1.0,17,-10.487249999999989,11.70663646986187,6.172396562500002,0.8050552897721168,0,16,1,31,1,39,1,46,0.1915,0.0,0.03667225,0.004750000000000001,0.0,2.2562500000000006e-05,0.33299999999999996,1.0,0.4448890000000001,0.33975,0.0,0.1154300625,0.33299999999999996,1.0,0.4448890000000001
2021-2022,mapped,preseason,2021-08-06,eng-championship,bristol-city,False,incumbent,55.0,53.5175,0.06264171195652175,0.06264171195652175,18.0,-0.8344999999999985,5.6122285903195355,0.45290431146645965,1.0,9,1.0,14,1.0,18,1.0,19,-1.4824999999999946,11.3615885222974,2.8217716249999976,0.546331811469066,1,16,1,29,1,37,1,43,0.00325,0.0,1.05625e-05,0.27775,0.0,0.0771450625,0.008,0.0,6.4e-05,0.04625,0.0,0.0021390625,0.008,0.0,6.4e-05
2021-2022,mapped,preseason,2021-08-06,eng-championship,cardiff-city,False,incumbent,53.0,73.1115,0.3781285652173914,0.3781285652173914,19.0,-11.548,5.4529071145582515,0.9649293038929073,0.0,8,0.0,15,0.0,17,1.0,19,20.111500000000007,11.719772512723955,13.864440500000011,0.041745183847893455,0,16,0,30,0,38,1,45,0.10125,0.0,0.010251562500000002,0.015,0.0,0.000225,0.21125,0.0,0.044626562499999994,0.31525000000000003,0.0,0.09938256250000002,0.21125,0.0,0.044626562499999994
2021-2022,mapped,preseason,2021-08-06,eng-championship,coventry-city,False,incumbent,64.0,58.433,0.09800711141304348,0.09800711141304348,12.0,2.755750000000001,6.193713905041142,0.3547029937772556,1.0,10,1.0,17,1.0,20,1.0,21,-5.566999999999993,11.974076624107598,3.8837416250000105,0.6756686449655629,1,16,1,31,1,40,1,48,0.01,0.0,0.0001,0.1655,0.0,0.02739025,0.02175,0.0,0.00047306249999999996,0.10325000000000001,0.0,0.010660562500000002,0.02175,0.0,0.00047306249999999996
2021-2022,mapped,preseason,2021-08-06,eng-championship,derby-county,False,incumbent,55.0,57.28575,0.07121083967391303,0.07121083967391303,17.0,-1.6072499999999987,5.951974247046101,0.5222080552016433,1.0,9,1.0,16,1.0,20,1.0,21,2.28575,11.498221468448937,2.8542754374999992,0.4352918206772433,1,16,1,29,1,38,1,44,0.0055,0.0,3.0249999999999997e-05,0.18,0.0,0.0324,0.015,0.0,0.000225,0.08324999999999999,0.0,0.006930562499999998,0.015,0.0,0.000225
2021-2022,mapped,preseason,2021-08-06,eng-championship,fulham,True,relegated_from_pl,90.0,76.02075,0.11034987771739127,0.11034987771739127,1.0,5.47975,5.482662668585402,0.12866879010197277,0.0,8,1.0,14,1.0,17,1.0,19,-13.979250000000008,12.925026864092004,8.410418937499994,0.8579199314385347,0,18,1,33,1,42,1,51,0.1755,1.0,0.67980025,0.016,0.0,0.000256,0.3075,1.0,0.47955625,0.3065,0.0,0.09394224999999999,0.3075,1.0,0.47955625
2021-2022,mapped,preseason,2021-08-06,eng-championship,huddersfield-town,False,incumbent,82.0,53.41525,0.4860192554347826,0.4860192554347826,3.0,14.242999999999999,5.541295065235202,0.007957138737333159,0.0,8,0.0,15,0.0,17,0.0,19,-28.58475,11.363090135940135,22.23808893750001,0.9918697323652861,0,15,0,29,0,37,0,44,0.004,0.0,1.6e-05,0.28250000000000003,0.0,0.07980625000000002,0.0072499999999999995,0.0,5.256249999999999e-05,0.04225,1.0,0.9172850625,0.0072499999999999995,0.0,5.256249999999999e-05
2021-2022,mapped,preseason,2021-08-06,eng-championship,hull-city,False,promoted_from_lower,51.0,52.1585,0.06425495652173911,0.06425495652173911,20.0,-2.3709999999999987,5.7622789762384805,0.5775612421715798,1.0,8,1.0,15,1.0,18,1.0,20,1.1584999999999965,12.36636073184023,2.9370668749999975,0.4783679573418468,1,16,1,32,1,41,1,48,0.00425,0.0,1.8062500000000002e-05,0.34025,0.0,0.11577006249999999,0.01,0.0,0.0001,0.04975,0.0,0.0024750625000000003,0.01,0.0,0.0001
2021-2022,mapped,preseason,2021-08-06,eng-championship,luton-town,False,incumbent,75.0,56.03525,0.30457195652173913,0.30457195652173913,6.0,10.011,5.78985137978515,0.07388992100710044,0.0,9,0.0,16,1.0,19,1.0,20,-18.964749999999995,11.255287976657906,13.067586187499995,0.9524167646336805,0,16,0,29,1,37,1,44,0.005,0.0,2.5e-05,0.20425,0.0,0.04171806249999999,0.01125,0.0,0.0001265625,0.067,1.0,0.870489,0.01125,0.0,0.0001265625
2021-2022,mapped,preseason,2021-08-06,eng-championship,middlesbrough,False,incumbent,70.0,62.6675,0.14051241847826085,0.14051241847826085,7.0,5.5555,6.207368182249221,0.20622422494016046,1.0,11,1.0,17,1.0,19,1.0,21,-7.332499999999996,11.645533210205533,4.548019749999993,0.745368474156446,1,16,1,29,1,38,1,46,0.0185,0.0,0.00034224999999999994,0.084,0.0,0.007056000000000001,0.04425,0.0,0.0019580624999999997,0.16025,0.0,0.0256800625,0.04425,0.0,0.0019580624999999997
2021-2022,mapped,preseason,2021-08-06,eng-championship,millwall,False,incumbent,69.0,61.4965,0.11439483423913044,0.11439483423913044,9.0,4.155750000000001,6.204110890167906,0.2991945696646772,1.0,10,1.0,16,1.0,20,1.0,22,-7.503499999999995,11.605623109079493,4.645128499999997,0.7479653087107166,1,15,1,30,1,38,1,46,0.015,0.0,0.000225,0.09775,0.0,0.009555062500000001,0.04,0.0,0.0016,0.13749999999999998,0.0,0.018906249999999996,0.04,0.0,0.0016
2021-2022,mapped,preseason,2021-08-06,eng-championship,nottingham-forest,False,incumbent,80.0,62.129,0.24181493478260868,0.24181493478260868,4.0,8.8155,6.053342857463139,0.08742768359041453,0.0,10,1.0,17,1.0,19,1.0,21,-17.871000000000002,11.221936508464125,12.062377125000005,0.9406085005444541,0,15,0,29,1,37,1,45,0.01425,0.0,0.0002030625,0.08875000000000001,0.0,0.007876562500000002,0.0365,0.0,0.0013322499999999999,0.14875,1.0,0.7246265625,0.0365,1.0,0.92833225
2021-2022,mapped,preseason,2021-08-06,eng-championship,peterborough-united,False,promoted_from_lower,37.0,65.083,0.3242066603260869,0.3242066603260869,23.0,-11.51175,7.187096906088021,0.9285724322282621,0.0,13,0.0,20,1.0,22,1.0,23,28.083,15.327919330424466,19.77252899999999,0.031007037683182713,0,20,0,40,0,51,1,60,0.06525,0.0,0.0042575625,0.11725,1.0,0.7792475625,0.1245,0.0,0.01550025,0.198,0.0,0.039204,0.1245,0.0,0.01550025
2021-2022,mapped,preseason,2021-08-06,eng-championship,preston-north-end,False,incumbent,64.0,61.67225,0.0732404402173913,0.0732404402173913,13.0,0.0940000000000012,6.129695261593353,0.5008306816111951,1.0,10,1.0,16,1.0,20,1.0,21,-2.3277500000000018,11.501688134247946,2.9374424375000014,0.5802460264933191,1,16,1,30,1,38,1,45,0.013,0.0,0.000169,0.0945,0.0,0.00893025,0.0355,0.0,0.0012602499999999999,0.1365,0.0,0.018632250000000003,0.0355,0.0,0.0012602499999999999
2021-2022,mapped,preseason,2021-08-06,eng-championship,queens-park-rangers,False,incumbent,66.0,64.08525,0.07376919565217392,0.07376919565217392,11.0,0.8205000000000009,6.178088680975694,0.49709380972921097,1.0,10,1.0,17,1.0,20,1.0,21,-1.914749999999998,11.640531879493306,2.8964431875000045,0.5446927925266822,1,16,1,30,1,38,1,46,0.02375,0.0,0.0005640625,0.07125000000000001,0.0,0.005076562500000001,0.0535,0.0,0.0028622499999999998,0.1825,0.0,0.033306249999999996,0.0535,0.0,0.0028622499999999998
2021-2022,mapped,preseason,2021-08-06,eng-championship,reading,False,incumbent,47.0,64.81025,0.30934071195652174,0.30934071195652174,22.0,-10.523,6.092451969445471,0.9675362201466792,0.0,10,0.0,17,1.0,20,1.0,21,17.810249999999996,11.581223810008163,11.832186812499998,0.05464421327690248,0,16,0,30,1,38,1,45,0.024,0.0,0.000576,0.0545,1.0,0.89397025,0.0615,0.0,0.00378225,0.19074999999999998,0.0,0.03638556249999999,0.0615,0.0,0.00378225
2021-2022,mapped,preseason,2021-08-06,eng-championship,sheffield-united,True,relegated_from_pl,75.0,67.5415,0.12136610869565216,0.12136610869565216,5.0,5.2925,6.496032924023708,0.24094991509958152,1.0,10,1.0,18,1.0,21,1.0,22,-7.458500000000001,13.385767731064213,4.862861500000004,0.7056962774931179,1,19,1,34,1,44,1,52,0.065,0.0,0.0042250000000000005,0.0555,0.0,0.00308025,0.1195,0.0,0.01428025,0.23875,1.0,0.5795015625,0.1195,0.0,0.01428025
2021-2022,mapped,preseason,2021-08-06,eng-championship,stoke-city,False,incumbent,62.0,62.69675,0.07847666847826087,0.07847666847826087,14.0,-1.4149999999999991,6.178371549202913,0.584015289385868,1.0,10,1.0,17,1.0,19,1.0,21,0.6967499999999944,11.568352926735075,2.751999812500017,0.48868341660676873,1,16,1,30,1,38,1,45,0.018,0.0,0.00032399999999999996,0.08199999999999999,0.0,0.006723999999999998,0.04475,0.0,0.0020025625,0.15700000000000003,0.0,0.024649000000000008,0.04475,0.0,0.0020025625
2021-2022,mapped,preseason,2021-08-06,eng-championship,swansea-city,False,incumbent,61.0,71.21275,0.1962734402173913,0.1962734402173913,15.0,-6.6875,5.626397048733763,0.8548336146240106,0.0,8,1.0,15,1.0,18,1.0,20,10.21275,11.633378161028721,6.044178437500009,0.1863921880131738,0,16,1,30,1,39,1,45,0.0805,0.0,0.006480250000000001,0.01875,0.0,0.0003515625,0.15925,0.0,0.0253605625,0.2945,0.0,0.08673025,0.15925,0.0,0.0253605625
2021-2022,mapped,preseason,2021-08-06,eng-championship,west-bromwich-albion,True,relegated_from_pl,67.0,68.297,0.07748985869565217,0.07748985869565217,10.0,-0.14499999999999957,6.335651110975099,0.5552205006572554,1.0,11,1.0,17,1.0,21,1.0,22,1.296999999999997,12.908400017043165,3.0870936250000005,0.467942556054589,1,17,1,33,1,43,1,51,0.06625,0.0,0.004389062500000001,0.050499999999999996,0.0,0.0025502499999999996,0.12925,0.0,0.0167055625,0.2425,0.0,0.05880625,0.12925,0.0,0.0167055625
2022-2023,retained,preseason,2022-07-29,eng-championship,birmingham-city,False,incumbent,53.0,48.5055,0.09393670652173915,0.09393670652173915,17.0,2.359499999999997,4.7615921444407645,0.25879397270575033,1.0,6,1.0,12,1.0,14,1.0,17,-4.494500000000002,11.114876056438955,3.432577000000003,0.6497136237620365,1,15,1,29,1,36,1,43,0.00025,0.0,6.25e-08,0.4465,0.0,0.19936225000000002,0.003,0.0,9e-06,0.015,0.0,0.000225,1.003,0.0,1.0060089999999997
2022-2023,retained,preseason,2022-07-29,eng-championship,blackburn-rovers,False,incumbent,69.0,65.88925,0.10081836413043474,0.10081836413043474,7.0,4.006499999999999,5.963217063800378,0.29057305020050384,1.0,10,1.0,17,1.0,19,1.0,21,-3.11075000000001,11.44360015194082,3.1215903124999835,0.6108665787004417,1,16,1,30,1,38,1,44,0.0255,0.0,0.0006502499999999999,0.0435,0.0,0.0018922499999999998,0.0675,0.0,0.00455625,0.2105,0.0,0.044310249999999995,0.0675,0.0,0.00455625
2022-2023,retained,preseason,2022-07-29,eng-championship,blackpool,False,incumbent,44.0,59.28425,0.2673569184782609,0.2673569184782609,24.0,-9.6835,6.157907741270568,0.9915856188866927,0.0,11,0.0,16,0.0,19,1.0,21,15.28425,11.8010784226485,9.594299562499996,0.1009386630260996,0,17,1,31,1,39,1,45,0.00875,0.0,7.656250000000001e-05,0.14275,1.0,0.7348775625,0.02375,0.0,0.0005640625,0.10975,0.0,0.0120450625,0.02375,0.0,0.0005640625
2022-2023,retained,preseason,2022-07-29,eng-championship,bristol-city,False,incumbent,59.0,55.56325,0.08995124456521741,0.08995124456521741,14.0,2.160499999999999,5.814098360881075,0.34899672849792807,1.0,9,1.0,16,1.0,19,1.0,20,-3.4367500000000035,11.575685700531956,3.1764323124999994,0.6226349861893322,1,15,1,30,1,38,1,44,0.00525,0.0,2.7562500000000002e-05,0.21799999999999997,0.0,0.04752399999999999,0.011,0.0,0.00012099999999999999,0.06175,0.0,0.0038130625,0.011,0.0,0.00012099999999999999
2022-2023,retained,preseason,2022-07-29,eng-championship,burnley,True,relegated_from_pl,101.0,70.90575,0.18334765217391308,0.18334765217391308,1.0,8.0175,6.769098444401588,0.03799174804623025,0.0,11,1.0,19,1.0,21,1.0,22,-30.094250000000002,15.268427127163426,21.65534043749998,0.9785213171503084,0,21,0,39,0,51,0,59,0.117,1.0,0.779689,0.06,0.0,0.0036,0.203,1.0,0.6352089999999999,0.258,0.0,0.066564,0.203,1.0,0.6352089999999999
2022-2023,retained,preseason,2022-07-29,eng-championship,cardiff-city,False,incumbent,49.0,59.7805,0.2034978451086957,0.2034978451086957,22.0,-7.901250000000001,5.9785866588601015,0.8798501789825945,0.0,10,1.0,16,1.0,19,1.0,21,10.780499999999996,11.29031973639365,6.458120625000009,0.17720787416615424,0,16,1,29,1,37,1,44,0.00675,0.0,4.5562499999999996e-05,0.124,1.0,0.7673760000000001,0.0195,0.0,0.00038025,0.10874999999999999,0.0,0.011826562499999997,0.0195,0.0,0.00038025
2022-2023,retained,preseason,2022-07-29,eng-championship,coventry-city,False,incumbent,70.0,61.329,0.22263989402173923,0.22263989402173923,5.0,8.27225,6.11057525422116,0.11878948373438214,0.0,10,1.0,17,1.0,20,1.0,22,-8.670999999999992,11.58841054674885,5.206384500000008,0.7695898703949579,0,16,1,30,1,38,1,45,0.008,0.0,6.4e-05,0.10525000000000001,0.0,0.011077562500000002,0.027,0.0,0.0007289999999999999,0.14650000000000002,1.0,0.72846225,0.027,0.0,0.0007289999999999999
2022-2023,retained,preseason,2022-07-29,eng-championship,huddersfield-town,False,incumbent,53.0,66.04625,0.19223724728260866,0.19223724728260866,18.0,-7.068750000000001,6.098362357018481,0.8351453946607407,0.0,10,1.0,17,1.0,20,1.0,22,13.046249999999986,11.766121320872905,7.9417839374999994,0.1278016829741332,0,16,1,30,1,39,1,46,0.028,0.0,0.0007840000000000001,0.05449999999999999,0.0,0.0029702499999999994,0.07475,0.0,0.0055875625,0.20875,0.0,0.0435765625,0.07475,0.0,0.0055875625
2022-2023,retained,preseason,2022-07-29,eng-championship,hull-city,False,incumbent,58.0,54.33875,0.08548490760869566,0.08548490760869566,15.0,1.8100000000000023,5.694110992947011,0.3452366285748404,1.0,9,1.0,15,1.0,18,1.0,20,-3.6612500000000026,11.516596651680564,3.2215725625000005,0.624502122105257,1,16,1,29,1,38,1,45,0.00325,0.0,1.05625e-05,0.25475000000000003,0.0,0.06489756250000002,0.00975,0.0,9.50625e-05,0.053750000000000006,0.0,0.0028890625000000006,0.00975,0.0,9.50625e-05
2022-2023,retained,preseason,2022-07-29,eng-championship,luton-town,False,incumbent,80.0,62.257,0.2803264483695652,0.2803264483695652,3.0,9.80825,6.001165048346863,0.06129994967956162,0.0,10,0.0,16,1.0,19,1.0,21,-17.743000000000002,11.444953079851398,11.963771250000011,0.943641583820302,0,15,0,29,1,38,1,46,0.01175,0.0,0.0001380625,0.08775000000000001,0.0,0.007700062500000001,0.0345,0.0,0.0011902500000000001,0.13975,1.0,0.7400300625,0.0345,1.0,0.93219025
2022-2023,retained,preseason,2022-07-29,eng-championship,middlesbrough,False,incumbent,75.0,65.63475,0.17594585054347828,0.17594585054347828,4.0,7.12425,6.140790823460771,0.16651386516332572,0.0,10,1.0,17,1.0,20,1.0,21,-9.365250000000003,11.842797069843764,5.5988926874999905,0.7820513479480257,0,16,1,31,1,39,1,47,0.025,0.0,0.0006250000000000001,0.052250000000000005,0.0,0.0027300625000000003,0.07400000000000001,0.0,0.005476000000000002,0.19849999999999998,1.0,0.64240225,0.07400000000000001,0.0,0.005476000000000002
2022-2023,retained,preseason,2022-07-29,eng-championship,millwall,False,incumbent,68.0,66.289,0.08240768206521736,0.08240768206521736,8.0,2.7967499999999994,6.008696983331744,0.3617048900537072,1.0,9,1.0,16,1.0,19,1.0,22,-1.7110000000000127,11.719214094810283,2.8632882499999965,0.5730859854738624,1,16,1,30,1,39,1,45,0.0305,0.0,0.00093025,0.04700000000000001,0.0,0.0022090000000000005,0.07300000000000001,0.0,0.005329000000000001,0.218,0.0,0.047524,0.07300000000000001,0.0,0.005329000000000001
2022-2023,retained,preseason,2022-07-29,eng-championship,norwich-city,True,relegated_from_pl,62.0,80.372,0.2664767608695652,0.2664767608695652,13.0,-7.931,4.704969606703108,0.9149764549451621,0.0,6,0.0,11,1.0,14,1.0,17,18.371999999999986,13.022811370821586,11.95343262499997,0.08562451971533827,0,18,0,34,1,42,1,51,0.254,0.0,0.064516,0.005,0.0,2.5e-05,0.40875,0.0,0.1670765625,0.31325,0.0,0.09812556249999999,0.40875,0.0,0.1670765625
2022-2023,retained,preseason,2022-07-29,eng-championship,preston-north-end,False,incumbent,63.0,60.80725,0.08051127717391304,0.08051127717391304,12.0,1.5474999999999994,6.114960649914274,0.39227875772186077,1.0,11,1.0,17,1.0,20,1.0,22,-2.1927499999999966,11.625084835711952,2.9286035625000046,0.5794546976934665,1,16,1,30,1,38,1,46,0.01025,0.0,0.00010506250000000001,0.11024999999999999,0.0,0.012155062499999997,0.028249999999999997,0.0,0.0007980624999999998,0.131,0.0,0.017161000000000003,0.028249999999999997,0.0,0.0007980624999999998
2022-2023,retained,preseason,2022-07-29,eng-championship,queens-park-rangers,False,incumbent,50.0,62.19925,0.2149068423913044,0.2149068423913044,21.0,-8.1485,6.153978205193775,0.8732185269434781,0.0,10,1.0,17,1.0,20,1.0,21,12.199250000000006,11.6749539372753,7.3001326875,0.14673967025412826,0,16,1,30,1,38,1,46,0.0165,0.0,0.00027225000000000003,0.09375,0.0,0.0087890625,0.03825,0.0,0.0014630625,0.14650000000000002,0.0,0.021462250000000006,0.03825,0.0,0.0014630625
2022-2023,retained,preseason,2022-07-29,eng-championship,reading,False,incumbent,50.0,51.19925,0.0550631847826087,0.0550631847826087,20.0,-1.8044999999999973,5.220802596344742,0.507219710738306,1.0,8,1.0,14,1.0,16,1.0,19,1.1992499999999993,11.257288724977254,2.661754187500007,0.47619342623846644,1,16,1,29,1,38,1,44,0.00075,0.0,5.625e-07,0.34225,0.0,0.1171350625,0.00275,0.0,7.562499999999999e-06,0.034,0.0,0.0011560000000000001,0.00275,0.0,7.562499999999999e-06
2022-2023,retained,preseason,2022-07-29,eng-championship,rotherham-united,False,promoted_from_lower,50.0,54.6365,0.07341140217391304,0.07341140217391304,19.0,-2.4695,6.1051674628956745,0.5839097521771406,1.0,10,1.0,17,1.0,19,1.0,21,4.636499999999998,12.622415289872219,3.5429052500000022,0.36540898701762753,1,17,1,32,1,41,1,49,0.004,0.0,1.6e-05,0.27075,0.0,0.07330556249999999,0.0135,0.0,0.00018224999999999998,0.07175000000000001,0.0,0.005148062500000002,0.0135,0.0,0.00018224999999999998
2022-2023,retained,preseason,2022-07-29,eng-championship,sheffield-united,False,incumbent,91.0,74.6,0.10052495652173916,0.10052495652173916,2.0,4.954,5.2475121724489595,0.15735739907095914,0.0,7,1.0,14,1.0,17,1.0,19,-16.400000000000006,11.940058626321731,10.538731249999994,0.9255035945062535,0,16,0,31,1,39,1,47,0.108,0.0,0.011663999999999999,0.011000000000000001,0.0,0.00012100000000000003,0.22125,1.0,0.6064515625,0.34850000000000003,0.0,0.12145225000000003,0.22125,1.0,0.6064515625
2022-2023,retained,preseason,2022-07-29,eng-championship,stoke-city,False,incumbent,53.0,63.88,0.10923796195652175,0.10923796195652175,16.0,-3.9674999999999994,6.071692000587645,0.7236766286821059,1.0,10,1.0,16,1.0,19,1.0,21,10.880000000000003,11.489368999209661,6.402644999999997,0.1674079017900028,0,15,1,30,1,38,1,45,0.01675,0.0,0.00028056250000000005,0.06775,0.0,0.0045900625,0.04975,0.0,0.0024750625000000003,0.17375,0.0,0.030189062499999995,0.04975,0.0,0.0024750625000000003
2022-2023,retained,preseason,2022-07-29,eng-championship,sunderland,False,promoted_from_lower,69.0,57.3015,0.25758604076086955,0.25758604076086955,6.0,9.16725,6.863219174520074,0.1486102564761358,0.0,11,1.0,19,1.0,21,1.0,22,-11.698499999999996,14.606919516106057,7.189987749999995,0.7922643613474679,0,20,1,38,1,48,1,56,0.0175,0.0,0.00030625000000000004,0.24225000000000002,0.0,0.05868506250000001,0.03875000000000001,0.0,0.0015015625000000005,0.1155,1.0,0.78234025,0.03875000000000001,0.0,0.0015015625000000005
2022-2023,retained,preseason,2022-07-29,eng-championship,swansea-city,False,incumbent,66.0,61.27725,0.09912604076086957,0.09912604076086957,10.0,3.29725,6.102613574322071,0.299027686744362,1.0,10,1.0,17,1.0,20,1.0,22,-4.722749999999998,11.549951620569672,3.4749595625000094,0.651999660675372,1,16,1,30,1,38,1,45,0.00975,0.0,9.50625e-05,0.10400000000000001,0.0,0.010816000000000003,0.0295,0.0,0.0008702499999999999,0.14150000000000001,0.0,0.020022250000000005,0.0295,0.0,0.0008702499999999999
2022-2023,retained,preseason,2022-07-29,eng-championship,watford,True,relegated_from_pl,63.0,78.547,0.17690183695652173,0.17690183695652173,11.0,-5.3835,4.962250270794491,0.8497964578556838,0.0,6,1.0,12,1.0,15,1.0,18,15.546999999999997,12.839968496846089,9.782565375000004,0.1103247325119293,0,17,1,33,1,42,1,50,0.20325,0.0,0.041310562499999995,0.0052499999999999995,0.0,2.7562499999999996e-05,0.351,0.0,0.12320099999999999,0.335,0.0,0.11222500000000002,0.351,0.0,0.12320099999999999
2022-2023,retained,preseason,2022-07-29,eng-championship,west-bromwich-albion,False,incumbent,66.0,68.01425,0.06865222282608693,0.06865222282608693,9.0,0.9474999999999998,5.890563958569672,0.4990523862929102,1.0,9,1.0,16,1.0,18,1.0,21,2.014250000000004,11.706154233457715,2.8605311874999977,0.4405518059328068,1,16,1,30,1,38,1,45,0.043,0.0,0.0018489999999999997,0.03325,0.0,0.0011055625000000002,0.096,0.0,0.009216,0.2475,0.0,0.06125625,0.096,0.0,0.009216
2022-2023,retained,preseason,2022-07-29,eng-championship,wigan-athletic,False,promoted_from_lower,45.0,65.9165,0.3528540760869564,0.3528540760869564,23.0,-11.911000000000001,6.691119413072823,0.9667389451021496,0.0,12,0.0,19,1.0,21,1.0,22,20.9165,13.765719296498823,13.83130312500002,0.061116084348623013,0,19,0,36,1,46,1,53,0.04625,0.0,0.0021390625,0.07825,1.0,0.8496230625,0.1015,0.0,0.01030225,0.21275,0.0,0.0452625625,0.1015,0.0,0.01030225
2022-2023,generic,preseason,2022-07-29,eng-championship,birmingham-city,False,incumbent,53.0,49.06875,0.09309764402173912,0.09309764402173912,17.0,2.3617500000000007,4.775446255325255,0.25858430713887187,1.0,6,1.0,12,1.0,15,1.0,17,-3.9312499999999986,10.958445302026195,3.184765812500004,0.6319571000198847,1,15,1,28,1,36,1,43,0.0005,0.0,2.5e-07,0.4475,0.0,0.20025625,0.00325,0.0,1.05625e-05,0.01875,0.0,0.0003515625,1.00325,0.0,1.0065105625
2022-2023,generic,preseason,2022-07-29,eng-championship,blackburn-rovers,False,incumbent,69.0,66.17675,0.0995095217391304,0.0995095217391304,7.0,3.878,6.135031866257909,0.30376424796937035,1.0,10,1.0,17,1.0,20,1.0,22,-2.8232500000000016,11.561012474584567,2.995846562499996,0.5944368036132773,1,16,1,30,1,39,1,45,0.0415,0.0,0.0017222500000000003,0.05225,0.0,0.0027300625,0.0835,0.0,0.006972250000000001,0.20825,0.0,0.0433680625,0.0835,0.0,0.006972250000000001
2022-2023,generic,preseason,2022-07-29,eng-championship,blackpool,False,incumbent,44.0,59.917,0.27108288315217394,0.27108288315217394,24.0,-9.87275,6.33770916321505,0.9909213256409056,0.0,11,0.0,17,0.0,20,1.0,22,15.917000000000002,12.013684322471605,10.050465125000006,0.09080381623410594,0,16,0,30,1,39,1,48,0.0145,0.0,0.00021025000000000001,0.14525000000000002,1.0,0.7305975625,0.03625,0.0,0.0013140625,0.11649999999999999,0.0,0.013572249999999998,0.03625,0.0,0.0013140625
2022-2023,generic,preseason,2022-07-29,eng-championship,bristol-city,False,incumbent,59.0,55.61925,0.09371206793478262,0.09371206793478262,14.0,2.281749999999999,5.931346131992298,0.3320408189453732,1.0,9,1.0,16,1.0,19,1.0,21,-3.380749999999999,11.627414993776561,3.155725937499998,0.6273939393565261,1,15,1,30,1,38,1,45,0.00575,0.0,3.30625e-05,0.23225,0.0,0.053940062500000004,0.016,0.0,0.000256,0.07125000000000001,0.0,0.005076562500000001,0.016,0.0,0.000256
2022-2023,generic,preseason,2022-07-29,eng-championship,burnley,True,relegated_from_pl,101.0,73.2635,0.1441298695652174,0.1441298695652174,1.0,6.5695,5.898107302347085,0.04326837971931778,0.0,8,1.0,16,1.0,18,1.0,20,-27.736499999999992,12.664539776478259,20.66880149999999,0.9887447024801644,0,17,0,33,0,42,0,49,0.13325,1.0,0.7512555624999999,0.0215,0.0,0.00046224999999999993,0.24625000000000002,1.0,0.5681390625,0.28425,0.0,0.0807980625,0.24625000000000002,1.0,0.5681390625
2022-2023,generic,preseason,2022-07-29,eng-championship,cardiff-city,False,incumbent,49.0,60.5595,0.21224288315217393,0.21224288315217393,22.0,-8.238750000000001,6.206790510199293,0.8796983334650632,0.0,10,1.0,17,1.0,20,1.0,22,11.5595,11.487839646774322,6.955298000000006,0.16424577802638402,0,15,1,29,1,38,1,45,0.0125,0.0,0.00015625000000000003,0.1245,1.0,0.76650025,0.03275,0.0,0.0010725625000000002,0.11975,0.0,0.014340062499999999,0.03275,0.0,0.0010725625000000002
2022-2023,generic,preseason,2022-07-29,eng-championship,coventry-city,False,incumbent,70.0,61.4865,0.2228885380434783,0.2228885380434783,5.0,8.308499999999999,6.327347607805343,0.13071760107488137,0.0,11,1.0,18,1.0,20,1.0,22,-8.5135,11.68575276779378,5.137484999999992,0.7676678815039615,0,16,1,31,1,39,1,46,0.01725,0.0,0.00029756250000000003,0.11075000000000002,0.0,0.012265562500000004,0.04075,0.0,0.0016605625000000001,0.14200000000000002,1.0,0.736164,0.04075,0.0,0.0016605625000000001
2022-2023,generic,preseason,2022-07-29,eng-championship,huddersfield-town,False,incumbent,53.0,66.7435,0.20455306793478267,0.20455306793478267,18.0,-7.454750000000001,6.186594575168152,0.8406668108717348,0.0,10,1.0,17,1.0,19,1.0,22,13.743499999999997,11.718519861740218,8.447893375000001,0.12053308476632969,0,16,1,30,1,38,1,46,0.041,0.0,0.0016810000000000002,0.049,0.0,0.0024010000000000004,0.08775,0.0,0.0077000624999999994,0.23099999999999998,0.0,0.05336099999999999,0.08775,0.0,0.0077000624999999994
2022-2023,generic,preseason,2022-07-29,eng-championship,hull-city,False,incumbent,58.0,54.6095,0.08682979891304343,0.08682979891304343,15.0,1.7809999999999988,5.824091259587199,0.3483124536830483,1.0,9,1.0,15,1.0,19,1.0,20,-3.390500000000003,11.652746875737067,3.170578250000008,0.620119425928688,1,15,1,30,1,38,1,46,0.0045,0.0,2.0249999999999998e-05,0.258,0.0,0.066564,0.013250000000000001,0.0,0.00017556250000000005,0.057499999999999996,0.0,0.0033062499999999993,0.013250000000000001,0.0,0.00017556250000000005
2022-2023,generic,preseason,2022-07-29,eng-championship,luton-town,False,incumbent,80.0,62.80375,0.2676453423913044,0.2676453423913044,3.0,9.648499999999999,6.323048928325638,0.08038962782619002,0.0,11,0.0,17,1.0,20,1.0,21,-17.196250000000006,11.634871547958749,11.393111687499994,0.9317147026068248,0,16,0,30,1,38,1,45,0.0245,0.0,0.0006002500000000001,0.08549999999999999,0.0,0.007310249999999999,0.051250000000000004,0.0,0.0026265625000000004,0.15775,1.0,0.7093850625,0.051250000000000004,1.0,0.9001265625
2022-2023,generic,preseason,2022-07-29,eng-championship,middlesbrough,False,incumbent,75.0,66.14525,0.16484232065217388,0.16484232065217388,4.0,6.8345,6.181068657602826,0.18363136542993813,0.0,10,1.0,17,1.0,19,1.0,22,-8.854749999999996,11.463884700985961,5.3086711874999954,0.7735464917687744,0,16,1,30,1,37,1,44,0.03675,0.0,0.0013505624999999998,0.0475,0.0,0.00225625,0.07974999999999999,0.0,0.006360062499999998,0.21875,1.0,0.6103515625,0.07974999999999999,0.0,0.006360062499999998
2022-2023,generic,preseason,2022-07-29,eng-championship,millwall,False,incumbent,68.0,66.0305,0.08658654347826085,0.08658654347826085,8.0,2.9415000000000013,6.172485540687803,0.34903104549529324,1.0,10,1.0,17,1.0,20,1.0,22,-1.9695000000000107,11.60112364169954,2.840628249999992,0.5782549573174663,1,16,1,30,1,38,1,45,0.03925,0.0,0.0015405625,0.05525,0.0,0.0030525625,0.08125,0.0,0.006601562500000001,0.206,0.0,0.042435999999999995,0.08125,0.0,0.006601562500000001
2022-2023,generic,preseason,2022-07-29,eng-championship,norwich-city,True,relegated_from_pl,62.0,72.7865,0.16237226086956522,0.16237226086956522,13.0,-5.2455,5.9942664063252975,0.7935580305887776,0.0,9,1.0,16,1.0,19,1.0,21,10.786500000000004,12.815963395312894,6.480708749999999,0.2112870108910766,0,18,1,33,1,43,1,50,0.1275,0.0,0.01625625,0.02525,0.0,0.0006375625000000001,0.23275,0.0,0.05417256250000001,0.2905,0.0,0.08439024999999999,0.23275,0.0,0.05417256250000001
2022-2023,generic,preseason,2022-07-29,eng-championship,preston-north-end,False,incumbent,63.0,61.68675,0.0791193097826087,0.0791193097826087,12.0,1.2304999999999993,6.254787746198907,0.4194507607291737,1.0,10,1.0,18,1.0,20,1.0,22,-1.3132499999999965,11.59358117397295,2.80417918749999,0.5391437955090328,1,15,1,31,1,38,1,45,0.01625,0.0,0.00026406250000000003,0.10899999999999999,0.0,0.011880999999999997,0.0395,0.0,0.00156025,0.134,0.0,0.017956000000000003,0.0395,0.0,0.00156025
2022-2023,generic,preseason,2022-07-29,eng-championship,queens-park-rangers,False,incumbent,50.0,62.3935,0.21309117391304344,0.21309117391304344,21.0,-8.1495,6.279940266435661,0.8641801558413044,0.0,10,1.0,18,1.0,20,1.0,22,12.393500000000003,11.5859465625386,7.473779625000008,0.14288116427337372,0,16,1,30,1,37,1,44,0.01925,0.0,0.0003705625,0.1,0.0,0.010000000000000002,0.04325,0.0,0.0018705624999999998,0.14700000000000002,0.0,0.021609000000000007,0.04325,0.0,0.0018705624999999998
2022-2023,generic,preseason,2022-07-29,eng-championship,reading,False,incumbent,50.0,51.893,0.056748203804347835,0.056748203804347835,20.0,-1.8667499999999997,5.3620886264122865,0.5086313022166575,1.0,8,1.0,14,1.0,17,1.0,19,1.8930000000000007,11.215660970268313,2.73583975000001,0.4496246503182003,1,15,1,29,1,37,1,44,0.002,0.0,4e-06,0.35325000000000006,0.0,0.12478556250000004,0.005,0.0,2.5e-05,0.03775,0.0,0.0014250625,0.005,0.0,2.5e-05
2022-2023,generic,preseason,2022-07-29,eng-championship,rotherham-united,False,promoted_from_lower,50.0,55.00175,0.07390203260869567,0.07390203260869567,19.0,-2.5440000000000005,6.1318483347193125,0.5895769818128672,1.0,10,1.0,17,1.0,19,1.0,21,5.001749999999994,12.420215253267553,3.6705934374999876,0.35011212987397283,1,17,1,32,1,41,1,49,0.00775,0.0,6.0062499999999996e-05,0.26425,0.0,0.0698280625,0.018000000000000002,0.0,0.00032400000000000007,0.068,0.0,0.0046240000000000005,0.018000000000000002,0.0,0.00032400000000000007
2022-2023,generic,preseason,2022-07-29,eng-championship,sheffield-united,False,incumbent,91.0,74.3365,0.09786471467391308,0.09786471467391308,2.0,4.91075,5.344930723358348,0.1813954904186195,0.0,7,1.0,14,1.0,17,1.0,19,-16.6635,11.648573635857739,10.87269387500001,0.9240589100252579,0,15,0,30,1,39,1,45,0.12975,0.0,0.0168350625,0.01125,0.0,0.0001265625,0.24825,1.0,0.5651280625,0.32475,0.0,0.1054625625,0.24825,1.0,0.5651280625
2022-2023,generic,preseason,2022-07-29,eng-championship,stoke-city,False,incumbent,53.0,64.007,0.11320424728260871,0.11320424728260871,16.0,-4.037749999999999,6.287871256434884,0.7132139867419582,1.0,10,1.0,18,1.0,20,1.0,22,11.007000000000005,11.640294283221536,6.551659250000001,0.17487368928880204,0,16,1,30,1,38,1,46,0.02775,0.0,0.0007700625,0.077,0.0,0.005929,0.06275,0.0,0.0039375625,0.17275000000000001,0.0,0.029842562500000006,0.06275,0.0,0.0039375625
2022-2023,generic,preseason,2022-07-29,eng-championship,sunderland,False,promoted_from_lower,69.0,60.41,0.2080443342391304,0.2080443342391304,6.0,7.816749999999999,7.044903791926473,0.19468262675884876,0.0,12,1.0,20,1.0,22,1.0,23,-8.589999999999996,14.35415967585703,5.469061250000012,0.7424690462219807,1,19,1,37,1,48,1,56,0.03825,0.0,0.0014630625,0.182,0.0,0.033124,0.06825,0.0,0.004658062500000001,0.13225,1.0,0.7529900625,0.06825,0.0,0.004658062500000001
2022-2023,generic,preseason,2022-07-29,eng-championship,swansea-city,False,incumbent,66.0,62.3315,0.09388811141304344,0.09388811141304344,10.0,2.8882499999999993,6.210576618760934,0.32475762460125296,1.0,10,1.0,17,1.0,20,1.0,21,-3.6685000000000016,11.521571409751363,3.178568250000003,0.6317979856810079,1,15,1,30,1,37,1,45,0.02175,0.0,0.00047306249999999996,0.08975,0.0,0.0080550625,0.0485,0.0,0.00235225,0.13975,0.0,0.019530062500000004,0.0485,0.0,0.00235225
2022-2023,generic,preseason,2022-07-29,eng-championship,watford,True,relegated_from_pl,63.0,72.70925,0.11603641644021737,0.11603641644021737,11.0,-3.168875,6.018044220041508,0.719017607741048,1.0,9,1.0,16,1.0,19,1.0,21,9.709249999999997,12.812268122292009,5.842701312499992,0.22107004115479975,0,18,1,33,1,43,1,50,0.12725,0.0,0.0161925625,0.026,0.0,0.000676,0.23125,0.0,0.053476562500000005,0.29025,0.0,0.08424506250000001,0.23125,0.0,0.053476562500000005
2022-2023,generic,preseason,2022-07-29,eng-championship,west-bromwich-albion,False,incumbent,66.0,67.81575,0.0721883858695652,0.0721883858695652,9.0,1.0664999999999996,6.142603499331534,0.4934740196158053,1.0,10,1.0,17,1.0,19,1.0,21,1.8157500000000084,11.762729357487572,2.8782453125000043,0.44244654881555756,1,16,1,30,1,39,1,45,0.0485,0.0,0.00235225,0.044750000000000005,0.0,0.0020025625000000004,0.10600000000000001,0.0,0.011236000000000003,0.237,0.0,0.056169,0.10600000000000001,0.0,0.011236000000000003
2022-2023,generic,preseason,2022-07-29,eng-championship,wigan-athletic,False,promoted_from_lower,45.0,66.12975,0.3501706392663044,0.3501706392663044,23.0,-11.939125,6.850340811549087,0.9643466154366279,0.0,12,0.0,19,1.0,22,1.0,23,21.129749999999987,13.751705891906647,14.049099812500012,0.05994398645733858,0,18,0,36,1,46,1,54,0.06275,0.0,0.0039375625,0.08825,1.0,0.8312880625,0.1245,0.0,0.01550025,0.19424999999999998,0.0,0.03773306249999999,0.1245,0.0,0.01550025
2022-2023,mapped,preseason,2022-07-29,eng-championship,birmingham-city,False,incumbent,53.0,49.4005,0.0889774429347826,0.0889774429347826,17.0,2.119250000000001,4.96649065613739,0.28487791241785515,1.0,7,1.0,12,1.0,15,1.0,18,-3.599499999999999,11.251915381391738,3.1900762499999917,0.6172456892298054,1,15,1,29,1,37,1,44,0.001,0.0,1e-06,0.435,0.0,0.189225,0.00325,0.0,1.05625e-05,0.02475,0.0,0.0006125625,1.00325,0.0,1.0065105625
2022-2023,mapped,preseason,2022-07-29,eng-championship,blackburn-rovers,False,incumbent,69.0,66.788,0.0916262309782609,0.0916262309782609,7.0,3.5417500000000004,6.246619640853763,0.3349642117622973,1.0,10,1.0,17,1.0,20,1.0,22,-2.211999999999989,11.779051574723663,2.9440045000000117,0.5645870847543217,1,16,1,30,1,39,1,46,0.04,0.0,0.0016,0.053500000000000006,0.0,0.0028622500000000006,0.09,0.0,0.0081,0.23199999999999998,0.0,0.05382399999999999,0.09,0.0,0.0081
2022-2023,mapped,preseason,2022-07-29,eng-championship,blackpool,False,incumbent,44.0,60.00825,0.2735289456521739,0.2735289456521739,24.0,-9.94,6.348810912289009,0.9901463168541533,0.0,10,0.0,17,0.0,20,1.0,22,16.008250000000004,12.00159080861783,10.162498812500006,0.09286214491208855,0,16,0,31,1,39,1,46,0.01275,0.0,0.00016256249999999997,0.14975,1.0,0.7229250625,0.032,0.0,0.001024,0.1235,0.0,0.01525225,0.032,0.0,0.001024
2022-2023,mapped,preseason,2022-07-29,eng-championship,bristol-city,False,incumbent,59.0,55.99075,0.09124740760869567,0.09124740760869567,14.0,2.0809999999999995,5.9644730697690305,0.3491046079013345,1.0,9,1.0,16,1.0,19,1.0,20,-3.0092499999999944,11.68037518393566,3.112656937500004,0.6107063819664074,1,16,1,30,1,38,1,45,0.0045,0.0,2.0249999999999998e-05,0.22625,0.0,0.0511890625,0.013250000000000001,0.0,0.00017556250000000005,0.07325000000000001,0.0,0.005365562500000001,0.013250000000000001,0.0,0.00017556250000000005
2022-2023,mapped,preseason,2022-07-29,eng-championship,burnley,True,relegated_from_pl,101.0,79.7465,0.07060110597826093,0.07060110597826093,1.0,4.049250000000001,4.722321932852524,0.08710501208035268,1.0,6,1.0,11,1.0,14,1.0,17,-21.253500000000003,12.586271797081135,14.53215337500001,0.9572607221106374,0,17,0,33,0,41,1,49,0.26825,1.0,0.5354580625,0.0035,0.0,1.2250000000000001e-05,0.42174999999999996,1.0,0.3343730625000001,0.292,0.0,0.08526399999999999,0.42174999999999996,1.0,0.3343730625000001
2022-2023,mapped,preseason,2022-07-29,eng-championship,cardiff-city,False,incumbent,49.0,61.07425,0.219365125,0.219365125,22.0,-8.460999999999999,6.295314050942971,0.8856863415790798,0.0,11,1.0,17,1.0,20,1.0,22,12.074250000000006,11.621068665897297,7.188238062500004,0.15145787416615425,0,16,1,30,1,38,1,45,0.01325,0.0,0.0001755625,0.118,1.0,0.7779240000000001,0.034999999999999996,0.0,0.0012249999999999997,0.1295,0.0,0.01677025,0.034999999999999996,0.0,0.0012249999999999997
2022-2023,mapped,preseason,2022-07-29,eng-championship,coventry-city,False,incumbent,70.0,61.756,0.21931967934782612,0.21931967934782612,5.0,8.201,6.287217110932309,0.1275674785228687,0.0,11,1.0,17,1.0,20,1.0,22,-8.244,11.662288111687173,5.0195746249999935,0.7630378629889556,1,16,1,30,1,39,1,45,0.01975,0.0,0.0003900625,0.106,0.0,0.011236,0.042249999999999996,0.0,0.0017850624999999998,0.13925,1.0,0.7408905625,0.042249999999999996,0.0,0.0017850624999999998
2022-2023,mapped,preseason,2022-07-29,eng-championship,huddersfield-town,False,incumbent,53.0,66.72475,0.2031575869565218,0.2031575869565218,18.0,-7.3965,6.223366271560754,0.8396227405918909,0.0,10,1.0,17,1.0,20,1.0,22,13.72475,11.836067228496972,8.433749187500002,0.11671231357474728,0,16,1,30,1,39,1,46,0.04175,0.0,0.0017430625000000003,0.052250000000000005,0.0,0.0027300625000000003,0.096,0.0,0.009216,0.21525,0.0,0.0463325625,0.096,0.0,0.009216
2022-2023,mapped,preseason,2022-07-29,eng-championship,hull-city,False,incumbent,58.0,55.5635,0.08127800815217391,0.08127800815217391,15.0,1.34225,5.85995861226852,0.37658497835842464,1.0,9,1.0,16,1.0,19,1.0,20,-2.4364999999999952,11.504106560267946,2.9595121250000123,0.5901794045500791,1,15,1,30,1,38,1,44,0.00525,0.0,2.7562500000000002e-05,0.236,0.0,0.055695999999999996,0.011,0.0,0.00012099999999999999,0.0625,0.0,0.00390625,0.011,0.0,0.00012099999999999999
2022-2023,mapped,preseason,2022-07-29,eng-championship,luton-town,False,incumbent,80.0,63.0095,0.2613171684782608,0.2613171684782608,3.0,9.4835,6.292752001310713,0.08412851391949899,0.0,11,0.0,17,1.0,20,1.0,21,-16.990499999999997,11.577107140818901,11.146467124999994,0.9320071777529154,0,16,0,30,1,38,1,44,0.023,0.0,0.000529,0.08750000000000001,0.0,0.007656250000000002,0.0535,0.0,0.0028622499999999998,0.16075,1.0,0.7043405625,0.0535,1.0,0.89586225
2022-2023,mapped,preseason,2022-07-29,eng-championship,middlesbrough,False,incumbent,75.0,66.38925,0.16168682880434782,0.16168682880434782,4.0,6.761749999999999,6.261707988839786,0.19739113821376503,0.0,11,1.0,17,1.0,20,1.0,22,-8.610749999999996,11.92676546417762,5.235065812500001,0.7620319232310213,1,17,1,31,1,39,1,46,0.0365,0.0,0.0013322499999999999,0.05375,0.0,0.0028890624999999997,0.09075,0.0,0.0082355625,0.2195,1.0,0.60918025,0.09075,0.0,0.0082355625
2022-2023,mapped,preseason,2022-07-29,eng-championship,millwall,False,incumbent,68.0,66.38075,0.0846853804347826,0.0846853804347826,8.0,2.737,6.1832298194390285,0.3739705296611862,1.0,10,1.0,17,1.0,19,1.0,22,-1.619250000000008,11.655761641244213,2.8693153124999977,0.5724661721219713,1,16,1,30,1,38,1,45,0.03825,0.0,0.0014630625,0.0475,0.0,0.00225625,0.08424999999999999,0.0,0.0070980624999999985,0.2225,0.0,0.04950625,0.08424999999999999,0.0,0.0070980624999999985
2022-2023,mapped,preseason,2022-07-29,eng-championship,norwich-city,True,relegated_from_pl,62.0,64.63775,0.09009980434782607,0.09009980434782607,13.0,-1.2910000000000004,6.862202197545624,0.5750232911036699,1.0,12,1.0,20,1.0,22,1.0,23,2.637750000000011,13.534032101982763,3.3720976874999895,0.43239996470295344,1,19,1,35,1,45,1,52,0.0515,0.0,0.0026522499999999997,0.10300000000000001,0.0,0.010609000000000002,0.1025,0.0,0.010506249999999998,0.1815,0.0,0.03294225,0.1025,0.0,0.010506249999999998
2022-2023,mapped,preseason,2022-07-29,eng-championship,preston-north-end,False,incumbent,63.0,61.79925,0.07923597282608698,0.07923597282608698,12.0,1.1614999999999984,6.247793030342795,0.4163131583233234,1.0,10,1.0,18,1.0,20,1.0,22,-1.2007499999999993,11.582398259320044,2.809359562500018,0.5436101487856833,1,16,1,30,1,38,1,45,0.016,0.0,0.000256,0.1035,0.0,0.01071225,0.037250000000000005,0.0,0.0013875625000000003,0.14175000000000001,0.0,0.020093062500000005,0.037250000000000005,0.0,0.0013875625000000003
2022-2023,mapped,preseason,2022-07-29,eng-championship,queens-park-rangers,False,incumbent,50.0,62.467,0.21280640489130437,0.21280640489130437,21.0,-8.20725,6.3269896030813895,0.8720707649086956,0.0,10,1.0,17,1.0,21,1.0,21,12.466999999999999,11.67421993111317,7.384604749999987,0.14013116427337374,0,16,1,30,1,38,1,45,0.02225,0.0,0.0004950625,0.08975,0.0,0.0080550625,0.0545,0.0,0.00297025,0.14775000000000002,0.0,0.021830062500000007,0.0545,0.0,0.00297025
2022-2023,mapped,preseason,2022-07-29,eng-championship,reading,False,incumbent,50.0,52.01375,0.058407940217391305,0.058407940217391305,20.0,-1.9959999999999987,5.365816247319693,0.5173053362601283,1.0,7,1.0,14,1.0,17,1.0,19,2.0137500000000017,11.28824879852938,2.8184388124999913,0.44513415161904957,1,16,1,29,1,37,1,43,0.001,0.0,1e-06,0.3425,0.0,0.11730625000000001,0.0045000000000000005,0.0,2.0250000000000004e-05,0.037,0.0,0.0013689999999999998,0.0045000000000000005,0.0,2.0250000000000004e-05
2022-2023,mapped,preseason,2022-07-29,eng-championship,rotherham-united,False,promoted_from_lower,50.0,55.10575,0.07467731521739131,0.07467731521739131,19.0,-2.5975,6.276901604294909,0.5922186325934531,1.0,10,1.0,17,1.0,20,1.0,21,5.1057500000000005,12.758196069096131,3.655713687499996,0.3480368311733267,1,17,1,33,1,42,1,51,0.00925,0.0,8.556249999999999e-05,0.27099999999999996,0.0,0.07344099999999998,0.024,0.0,0.000576,0.07400000000000001,0.0,0.005476000000000002,0.024,0.0,0.000576
2022-2023,mapped,preseason,2022-07-29,eng-championship,sheffield-united,False,incumbent,91.0,73.71375,0.10773650000000001,0.10773650000000001,2.0,5.243,5.45847515337388,0.1692872211849807,0.0,8,1.0,15,1.0,17,1.0,19,-17.286249999999995,11.962307926880163,11.292715562499996,0.9285488526581661,0,17,0,31,1,40,1,46,0.122,0.0,0.014884,0.01375,0.0,0.0001890625,0.23049999999999998,1.0,0.5921302500000001,0.31275,0.0,0.09781256249999998,0.23049999999999998,1.0,0.5921302500000001
2022-2023,mapped,preseason,2022-07-29,eng-championship,stoke-city,False,incumbent,53.0,64.21725,0.11551870108695651,0.11551870108695651,16.0,-4.132999999999999,6.379170087088132,0.7171334428131044,1.0,11,1.0,18,1.0,20,1.0,22,11.217250000000007,11.962129928967501,6.630465937499992,0.1805315843783022,0,17,1,31,1,39,1,46,0.02625,0.0,0.0006890624999999999,0.0785,0.0,0.00616225,0.0665,0.0,0.004422250000000001,0.18824999999999997,0.0,0.03543806249999999,0.0665,0.0,0.004422250000000001
2022-2023,mapped,preseason,2022-07-29,eng-championship,sunderland,False,promoted_from_lower,69.0,60.8825,0.1978028668478262,0.1978028668478262,6.0,7.562750000000001,7.162545807008846,0.2104721078897005,0.0,13,1.0,20,1.0,22,1.0,23,-8.1175,14.680776333355126,5.278066499999998,0.7277190462219808,1,20,1,38,1,48,1,57,0.0385,0.0,0.00148225,0.184,0.0,0.033856,0.07675,0.0,0.0058905625,0.14025,1.0,0.7391700625,0.07675,0.0,0.0058905625
2022-2023,mapped,preseason,2022-07-29,eng-championship,swansea-city,False,incumbent,66.0,62.56525,0.09232888043478256,0.09232888043478256,10.0,2.7394999999999996,6.306832782784081,0.34523756245814397,1.0,10,1.0,17,1.0,21,1.0,21,-3.434750000000001,11.730163785621238,3.183356187499996,0.614311792825475,1,16,1,30,1,39,1,46,0.019,0.0,0.000361,0.09625,0.0,0.0092640625,0.05075,0.0,0.0025755625,0.15050000000000002,0.0,0.022650250000000007,0.05075,0.0,0.0025755625
2022-2023,mapped,preseason,2022-07-29,eng-championship,watford,True,relegated_from_pl,63.0,70.10025,0.09494735054347828,0.09494735054347828,11.0,-1.9442500000000003,6.25920457706089,0.6525765810438117,1.0,10,1.0,17,1.0,20,1.0,21,7.100249999999988,12.751752818240321,4.539489937499998,0.28173358025004686,1,18,1,32,1,42,1,51,0.079,0.0,0.006241,0.037,0.0,0.0013689999999999998,0.1585,0.0,0.025122250000000002,0.27725,0.0,0.0768675625,0.1585,0.0,0.025122250000000002
2022-2023,mapped,preseason,2022-07-29,eng-championship,west-bromwich-albion,False,incumbent,66.0,67.26175,0.07203420108695655,0.07203420108695655,9.0,1.2914999999999992,6.091841080494468,0.48277253907503725,1.0,10,1.0,16,1.0,19,1.0,21,1.2617499999999922,11.585237888688345,2.7544353125000027,0.46569654881555755,1,16,1,30,1,38,1,45,0.04125,0.0,0.0017015625000000002,0.039999999999999994,0.0,0.0015999999999999994,0.096,0.0,0.009216,0.23199999999999998,0.0,0.05382399999999999,0.096,0.0,0.009216
2022-2023,mapped,preseason,2022-07-29,eng-championship,wigan-athletic,False,promoted_from_lower,45.0,66.95,0.36975194021739133,0.36975194021739133,23.0,-12.348500000000001,6.791579179395614,0.9677123956463553,0.0,11,0.0,19,0.0,21,1.0,22,21.94999999999999,13.763647772302226,14.728490875000006,0.05089867169632956,0,18,0,36,1,45,1,54,0.06975,0.0,0.004865062500000001,0.07175000000000001,1.0,0.8616480625,0.12525,0.0,0.0156875625,0.22225,0.0,0.0493950625,0.12525,0.0,0.0156875625
2023-2024,retained,preseason,2023-08-04,eng-championship,birmingham-city,False,incumbent,50.0,53.3435,0.09757941032608698,0.09757941032608698,22.0,-4.71875,5.496694319088519,0.7809233053381472,1.0,8,1.0,14,1.0,18,1.0,20,3.343499999999999,11.288423616696885,2.9387803750000057,0.403435156373706,1,15,1,29,1,38,1,45,0.0025,0.0,6.25e-06,0.27849999999999997,1.0,0.52056225,0.00625,0.0,3.906250000000001e-05,0.04425,0.0,0.0019580624999999997,1.00625,0.0,1.0125390625000001
2023-2024,retained,preseason,2023-08-04,eng-championship,blackburn-rovers,False,incumbent,53.0,63.133,0.16673147554347825,0.16673147554347825,19.0,-6.58825,6.227616874655987,0.8115279497056864,0.0,10,1.0,17,1.0,19,1.0,21,10.132999999999996,11.840811247545497,5.856935749999996,0.21019952792746796,0,16,1,31,1,38,1,46,0.02,0.0,0.0004,0.07775,0.0,0.0060450625,0.04975,0.0,0.0024750625000000003,0.166,0.0,0.027556000000000004,0.04975,0.0,0.0024750625000000003
2023-2024,retained,preseason,2023-08-04,eng-championship,bristol-city,False,incumbent,62.0,60.467,0.09345398369565217,0.09345398369565217,11.0,2.7375000000000007,6.085235718523975,0.350001671540791,1.0,10,1.0,17,1.0,19,1.0,22,-1.5330000000000013,11.49364654928974,2.7972192499999986,0.5656394143344776,1,15,1,29,1,37,1,44,0.011,0.0,0.00012099999999999999,0.1115,0.0,0.01243225,0.028999999999999998,0.0,0.0008409999999999998,0.11674999999999999,0.0,0.013630562499999999,0.028999999999999998,0.0,0.0008409999999999998
2023-2024,retained,preseason,2023-08-04,eng-championship,cardiff-city,False,incumbent,62.0,56.32275,0.11682684510869562,0.11682684510869562,12.0,3.8222500000000004,5.842957721693697,0.26947047286200343,1.0,9,1.0,16,1.0,19,1.0,21,-5.677250000000001,11.466149416325429,3.8202849374999976,0.6920668283862084,1,16,1,30,1,37,1,46,0.00525,0.0,2.7562500000000002e-05,0.1985,0.0,0.03940225000000001,0.015,0.0,0.000225,0.06425,0.0,0.0041280625,0.015,0.0,0.000225
2023-2024,retained,preseason,2023-08-04,eng-championship,coventry-city,False,incumbent,64.0,67.511,0.06744289130434779,0.06744289130434779,9.0,1.0785000000000018,5.865052237619031,0.4608122935575597,1.0,9,1.0,16,1.0,19,1.0,21,3.5109999999999957,11.499081658984773,3.067823499999996,0.38606157940362595,1,15,1,29,1,37,1,45,0.03675,0.0,0.0013505624999999998,0.0365,0.0,0.0013322499999999999,0.0875,0.0,0.007656249999999999,0.24125,0.0,0.0582015625,0.0875,0.0,0.007656249999999999
2023-2024,retained,preseason,2023-08-04,eng-championship,huddersfield-town,False,incumbent,45.0,60.039,0.24392767391304354,0.24392767391304354,23.0,-9.030000000000001,6.0763969587248,0.946825190439102,0.0,10,0.0,17,1.0,19,1.0,22,15.039000000000001,11.481876109765338,9.486549750000005,0.09412353284710977,0,16,1,30,1,38,1,45,0.00875,0.0,7.656250000000001e-05,0.1215,1.0,0.77176225,0.0265,0.0,0.00070225,0.11775000000000001,0.0,0.013865062500000002,0.0265,0.0,0.00070225
2023-2024,retained,preseason,2023-08-04,eng-championship,hull-city,False,incumbent,70.0,58.038,0.22541662499999995,0.22541662499999995,7.0,8.0075,5.949533069913974,0.12498388062054866,0.0,9,1.0,17,1.0,19,1.0,21,-11.962000000000003,11.436610336983595,7.317706749999997,0.8509792389608024,0,16,1,30,1,37,1,45,0.0055,0.0,3.0249999999999997e-05,0.16475,0.0,0.027142562500000002,0.019,0.0,0.000361,0.08375,0.0,0.007014062500000001,0.019,0.0,0.000361
2023-2024,retained,preseason,2023-08-04,eng-championship,ipswich-town,False,promoted_from_lower,96.0,56.10725,0.43313861413043475,0.43313861413043475,2.0,13.7225,6.707830778276984,0.018376451180735404,0.0,11,0.0,19,0.0,21,1.0,22,-39.89275000000001,14.199744625784648,31.920953812499995,0.9953275621703558,0,19,0,37,0,46,0,55,0.01575,0.0,0.0002480625,0.26025000000000004,0.0,0.06773006250000002,0.0325,1.0,0.93605625,0.10124999999999999,0.0,0.010251562499999999,0.0325,1.0,0.93605625
2023-2024,retained,preseason,2023-08-04,eng-championship,leeds-united,True,relegated_from_pl,90.0,75.323,0.0746346983695652,0.0746346983695652,3.0,3.9857499999999995,5.908430158468492,0.3465452266146944,1.0,8,1.0,15,1.0,18,1.0,21,-14.677000000000007,14.16625112723899,8.819626749999987,0.8556297640622059,0,19,1,37,1,47,1,56,0.17,0.0,0.028900000000000006,0.02525,0.0,0.0006375625000000001,0.29000000000000004,0.0,0.08410000000000002,0.29325,1.0,0.49949556249999993,0.29000000000000004,0.0,0.08410000000000002
2023-2024,retained,preseason,2023-08-04,eng-championship,leicester-city,True,relegated_from_pl,97.0,67.3405,0.24083269565217386,0.24083269565217386,1.0,9.577,7.049331244877063,0.01563196882359018,0.0,13,0.0,19,1.0,22,1.0,23,-29.65950000000001,15.209127514423699,21.346673249999995,0.9722643655728265,0,21,0,40,0,50,1,59,0.08375,1.0,0.8395140624999999,0.086,0.0,0.007395999999999999,0.15625,1.0,0.7119140625,0.20500000000000002,0.0,0.04202500000000001,0.15625,1.0,0.7119140625
2023-2024,retained,preseason,2023-08-04,eng-championship,middlesbrough,False,incumbent,69.0,75.7545,0.07871546195652171,0.07871546195652171,8.0,-1.5705,5.071294681834216,0.6840898520421569,1.0,7,1.0,13,1.0,16,1.0,18,6.754500000000007,11.854460331453303,4.265555874999979,0.2909517870123558,1,16,1,31,1,39,1,47,0.1365,0.0,0.018632250000000003,0.00875,0.0,7.656250000000001e-05,0.266,0.0,0.07075600000000001,0.343,0.0,0.11764900000000002,0.266,0.0,0.07075600000000001
2023-2024,retained,preseason,2023-08-04,eng-championship,millwall,False,incumbent,59.0,66.2695,0.08860878532608697,0.08860878532608697,13.0,-2.2052499999999995,6.046868812658333,0.642092285475793,1.0,10,1.0,17,1.0,19,1.0,21,7.269499999999994,11.603054328494718,4.418404125,0.28599145721438923,1,16,1,29,1,38,1,45,0.02775,0.0,0.0007700625,0.042,0.0,0.0017640000000000002,0.07775,0.0,0.0060450625,0.217,0.0,0.047089,0.07775,0.0,0.0060450625
2023-2024,retained,preseason,2023-08-04,eng-championship,norwich-city,False,incumbent,73.0,67.759,0.0949224402173913,0.0949224402173913,6.0,4.0235,6.027972109258635,0.3109601270585066,1.0,9,1.0,16,1.0,19,1.0,21,-5.241,11.901109990248809,3.6773168750000043,0.6575808669575948,1,16,1,30,1,39,1,47,0.03975,0.0,0.0015800625,0.04175,0.0,0.0017430625000000003,0.09575,0.0,0.0091680625,0.25025,1.0,0.5621250625,0.09575,0.0,0.0091680625
2023-2024,retained,preseason,2023-08-04,eng-championship,plymouth-argyle,False,promoted_from_lower,51.0,64.4435,0.22500082608695648,0.22500082608695648,21.0,-8.952,8.481815607521776,0.743153855756197,1.0,17,1.0,23,1.0,23,1.0,23,13.4435,21.656657354033193,8.255424499999991,0.2798613334857722,1,30,1,57,1,71,1,83,0.134,0.0,0.017956000000000003,0.22725,0.0,0.0516425625,0.1995,0.0,0.03980025,0.16475,0.0,0.027142562500000002,0.1995,0.0,0.03980025
2023-2024,retained,preseason,2023-08-04,eng-championship,preston-north-end,False,incumbent,63.0,56.7025,0.15977120923913046,0.15977120923913046,10.0,5.63175,5.945766724107161,0.19231012091905872,0.0,10,1.0,16,1.0,19,1.0,21,-6.297499999999999,11.574670351677408,4.170131625000001,0.723962553060562,1,16,1,30,1,38,1,45,0.00475,0.0,2.25625e-05,0.19525,0.0,0.038122562500000005,0.012750000000000001,0.0,0.00016256250000000003,0.0815,0.0,0.006642250000000001,0.012750000000000001,0.0,0.00016256250000000003
2023-2024,retained,preseason,2023-08-04,eng-championship,queens-park-rangers,False,incumbent,56.0,51.26425,0.06392520652173914,0.06392520652173914,18.0,0.21650000000000347,5.288395574273922,0.3985565392383259,1.0,8,1.0,14,1.0,17,1.0,19,-4.735750000000003,11.365250632410179,3.552778812500022,0.6695286170104325,1,16,1,29,1,38,1,44,0.00275,0.0,7.562499999999999e-06,0.3605,0.0,0.12996025,0.0065,0.0,4.225e-05,0.028250000000000004,0.0,0.0007980625000000003,0.0065,0.0,4.225e-05
2023-2024,retained,preseason,2023-08-04,eng-championship,rotherham-united,False,incumbent,27.0,55.9295,0.2059768913043478,0.2059768913043478,24.0,-8.006499999999999,5.77944268506921,0.9645020974301188,0.0,9,0.0,16,1.0,19,1.0,20,28.929500000000004,11.42394545461418,22.49271750000002,0.0039435034073083694,0,16,0,30,0,38,0,45,0.00475,0.0,2.25625e-05,0.198,1.0,0.643204,0.012750000000000001,0.0,0.00016256250000000003,0.0645,0.0,0.00416025,0.012750000000000001,0.0,0.00016256250000000003
2023-2024,retained,preseason,2023-08-04,eng-championship,sheffield-wednesday,False,promoted_from_lower,53.0,56.87075,0.10529280163043478,0.10529280163043478,20.0,-4.63475,6.598700056639944,0.6621411907543087,1.0,11,1.0,18,1.0,21,1.0,22,3.870750000000001,13.544114752817917,3.5172575624999975,0.41426011461456613,1,18,1,35,1,45,1,53,0.01275,0.0,0.00016256249999999997,0.23099999999999998,0.0,0.05336099999999999,0.03125,0.0,0.0009765625,0.10099999999999999,0.0,0.010200999999999998,0.03125,0.0,0.0009765625
2023-2024,retained,preseason,2023-08-04,eng-championship,southampton,True,relegated_from_pl,87.0,67.29875,0.15104251086956524,0.15104251086956524,4.0,6.6114999999999995,7.079446853391866,0.24438794137527753,1.0,13,1.0,19,1.0,22,1.0,23,-19.70125,15.48263538411662,12.521313812500004,0.8859513290786136,0,21,1,41,1,51,1,60,0.085,0.0,0.007225000000000001,0.09325,0.0,0.0086955625,0.156,0.0,0.024336,0.20675,1.0,0.6292455625,0.156,1.0,0.7123360000000001
2023-2024,retained,preseason,2023-08-04,eng-championship,stoke-city,False,incumbent,56.0,63.84825,0.13022462771739135,0.13022462771739135,17.0,-5.001750000000001,6.172094210031147,0.7692442191934192,1.0,10,1.0,17,1.0,20,1.0,21,7.848250000000007,11.689727196881028,4.646653437500004,0.2366482667500781,1,16,1,30,1,39,1,46,0.02375,0.0,0.0005640625,0.06775,0.0,0.0045900625,0.05675,0.0,0.0032205625000000003,0.17049999999999998,0.0,0.029070249999999995,0.05675,0.0,0.0032205625000000003
2023-2024,retained,preseason,2023-08-04,eng-championship,sunderland,False,incumbent,56.0,68.5685,0.1765627309782608,0.1765627309782608,16.0,-6.318249999999999,6.029010444301784,0.8066313669222586,0.0,9,1.0,17,1.0,20,1.0,21,12.5685,12.190111063891091,7.493724125000007,0.15391507268728571,0,16,1,31,1,41,1,48,0.05975,0.0,0.0035700625,0.03475,0.0,0.0012075625000000003,0.11875,0.0,0.0141015625,0.2515,0.0,0.06325225,0.11875,0.0,0.0141015625
2023-2024,retained,preseason,2023-08-04,eng-championship,swansea-city,False,incumbent,57.0,65.54875,0.09761761413043478,0.09761761413043478,14.0,-2.8629999999999995,6.174320286476885,0.6567570091929972,1.0,10,1.0,17,1.0,20,1.0,22,8.548749999999998,11.88766686265644,5.1035166875,0.24386595885037338,1,17,1,31,1,39,1,46,0.0295,0.0,0.0008702499999999999,0.055,0.0,0.003025,0.07050000000000001,0.0,0.004970250000000001,0.20700000000000002,0.0,0.042849000000000005,0.07050000000000001,0.0,0.004970250000000001
2023-2024,retained,preseason,2023-08-04,eng-championship,watford,False,incumbent,56.0,68.21475,0.1478495434782609,0.1478495434782609,15.0,-5.197500000000002,5.981638049063149,0.7970059890700641,0.0,9,1.0,17,1.0,19,1.0,21,12.214749999999995,11.83305254097606,7.371000312499998,0.16292214295044438,0,16,1,31,1,39,1,46,0.044,0.0,0.0019359999999999998,0.0375,0.0,0.00140625,0.10250000000000001,0.0,0.010506250000000002,0.26075000000000004,0.0,0.06799056250000002,0.10250000000000001,0.0,0.010506250000000002
2023-2024,retained,preseason,2023-08-04,eng-championship,west-bromwich-albion,False,incumbent,75.0,66.41825,0.13414116032608697,0.13414116032608697,5.0,5.672249999999998,6.062782359403973,0.22916154444400483,0.0,9,1.0,16,1.0,19,1.0,21,-8.58175,11.828221207666857,5.187541312499999,0.7626115899829045,1,17,1,31,1,39,1,46,0.03575,0.0,0.0012780624999999997,0.04675,0.0,0.0021855625,0.08149999999999999,0.0,0.006642249999999998,0.21975,1.0,0.6087900625,0.08149999999999999,0.0,0.006642249999999998
2023-2024,generic,preseason,2023-08-04,eng-championship,birmingham-city,False,incumbent,50.0,53.2715,0.09539319293478261,0.09539319293478261,22.0,-4.6342500000000015,5.44926388950838,0.7761625032865301,1.0,8,1.0,14,1.0,17,1.0,19,3.271500000000003,11.27383199049906,3.001437000000002,0.4050111963001934,1,16,1,29,1,37,1,44,0.00175,0.0,3.0625000000000003e-06,0.28275,1.0,0.5144475625,0.00575,0.0,3.30625e-05,0.03975,0.0,0.0015800625,1.00575,0.0,1.0115330624999999
2023-2024,generic,preseason,2023-08-04,eng-championship,blackburn-rovers,False,incumbent,53.0,62.953,0.16586273641304353,0.16586273641304353,19.0,-6.51125,6.157627257109674,0.8114806633926589,0.0,10,1.0,17,1.0,19,1.0,21,9.953000000000003,11.580254358173658,5.879743249999992,0.2060034285512217,0,16,1,30,1,38,1,46,0.01775,0.0,0.00031506249999999997,0.0795,0.0,0.00632025,0.0465,0.0,0.00216225,0.153,0.0,0.023409,0.0465,0.0,0.00216225
2023-2024,generic,preseason,2023-08-04,eng-championship,bristol-city,False,incumbent,62.0,59.93275,0.10246821739130434,0.10246821739130434,11.0,3.1034999999999986,6.144858643614188,0.3191777316027063,1.0,10,1.0,17,1.0,20,1.0,22,-2.0672500000000014,11.680056825097214,2.9336238125000076,0.5960641721539163,1,16,1,30,1,39,1,46,0.014,0.0,0.00019600000000000002,0.1255,0.0,0.01575025,0.0325,0.0,0.0010562500000000001,0.114,0.0,0.012996,0.0325,0.0,0.0010562500000000001
2023-2024,generic,preseason,2023-08-04,eng-championship,cardiff-city,False,incumbent,62.0,55.9165,0.12396554347826086,0.12396554347826086,12.0,4.0685,5.849556201114748,0.2555417896175094,1.0,9,1.0,16,1.0,19,1.0,20,-6.083500000000001,11.381740980623308,4.0018627499999955,0.7034526220615052,1,16,1,30,1,37,1,45,0.00375,0.0,1.40625e-05,0.212,0.0,0.044944,0.01175,0.0,0.0001380625,0.06875,0.0,0.004726562500000001,0.01175,0.0,0.0001380625
2023-2024,generic,preseason,2023-08-04,eng-championship,coventry-city,False,incumbent,64.0,67.30475,0.07305813043478261,0.07305813043478261,9.0,1.2809999999999988,6.10631140706073,0.4508534595610329,1.0,10,1.0,16,1.0,19,1.0,21,3.3047500000000127,11.74239657980857,3.141726937499997,0.401229392834215,1,16,1,31,1,38,1,45,0.04175,0.0,0.0017430625000000003,0.04275,0.0,0.0018275625000000002,0.09425,0.0,0.0088830625,0.23725,0.0,0.05628756249999999,0.09425,0.0,0.0088830625
2023-2024,generic,preseason,2023-08-04,eng-championship,huddersfield-town,False,incumbent,45.0,59.82475,0.23629910597826087,0.23629910597826087,23.0,-8.85375,6.070738088362897,0.9487735556098424,0.0,10,0.0,17,1.0,19,1.0,22,14.824749999999995,11.387648459515248,9.332496937499997,0.09929919637423545,0,16,1,30,1,38,1,45,0.01,0.0,0.0001,0.12425,1.0,0.7669380625,0.027500000000000004,0.0,0.0007562500000000002,0.1105,0.0,0.01221025,0.027500000000000004,0.0,0.0007562500000000002
2023-2024,generic,preseason,2023-08-04,eng-championship,hull-city,False,incumbent,70.0,57.558,0.23691245923913043,0.23691245923913043,7.0,8.271250000000002,5.966043365372062,0.11862218658952123,0.0,9,1.0,16,1.0,20,1.0,21,-12.442,11.554788444623295,7.650628875000001,0.8639792389608025,0,15,1,29,1,39,1,45,0.00875,0.0,7.656250000000001e-05,0.17225,0.0,0.029670062499999997,0.02075,0.0,0.00043056250000000006,0.07675,0.0,0.0058905625,0.02075,0.0,0.00043056250000000006
2023-2024,generic,preseason,2023-08-04,eng-championship,ipswich-town,False,promoted_from_lower,96.0,56.654,0.4187855135869566,0.4187855135869566,2.0,13.46375,6.800712163994298,0.01814567104191631,0.0,12,0.0,19,0.0,21,1.0,22,-39.346000000000004,14.322195502086961,31.27977862499999,0.996,0,20,0,38,0,47,0,55,0.0145,0.0,0.00021025000000000001,0.259,0.0,0.067081,0.03775,1.0,0.9259250625,0.103,0.0,0.010608999999999999,0.03775,1.0,0.9259250625
2023-2024,generic,preseason,2023-08-04,eng-championship,leeds-united,True,relegated_from_pl,90.0,72.63675,0.09737665760869568,0.09737665760869568,3.0,4.838,5.801832124424146,0.2598297172157418,1.0,9,1.0,16,1.0,18,1.0,20,-17.363249999999994,12.425308826644914,11.160979812499992,0.9256338075135836,0,17,0,32,1,40,1,48,0.10225,0.0,0.010455062499999999,0.01975,0.0,0.0003900625,0.20725,0.0,0.04295256249999999,0.3,1.0,0.49,0.20725,0.0,0.04295256249999999
2023-2024,generic,preseason,2023-08-04,eng-championship,leicester-city,True,relegated_from_pl,97.0,72.941,0.15367351358695655,0.15367351358695655,1.0,6.66725,5.649028893314319,0.020064915206399338,0.0,8,1.0,15,1.0,18,1.0,20,-24.058999999999997,12.250633412195468,17.334053999999995,0.9780501524572143,0,16,0,32,0,41,1,48,0.1075,1.0,0.79655625,0.017,0.0,0.00028900000000000003,0.20825,1.0,0.6268680625,0.30725,0.0,0.09440256250000001,0.20825,1.0,0.6268680625
2023-2024,generic,preseason,2023-08-04,eng-championship,middlesbrough,False,incumbent,69.0,75.231,0.07598957065217392,0.07598957065217392,8.0,-1.3449999999999998,5.183336280813738,0.6673908240431851,1.0,8,1.0,13,1.0,16,1.0,19,6.2309999999999945,11.819079448078856,4.068921625000002,0.3069372230354267,1,16,1,31,1,40,1,46,0.135,0.0,0.018225,0.0075,0.0,5.625e-05,0.258,0.0,0.066564,0.32599999999999996,0.0,0.10627599999999997,0.258,0.0,0.066564
2023-2024,generic,preseason,2023-08-04,eng-championship,millwall,False,incumbent,59.0,65.6605,0.08566852173913041,0.08566852173913041,13.0,-1.9224999999999994,6.174827426738338,0.6262976437778811,1.0,10,1.0,17,1.0,20,1.0,22,6.660499999999999,11.914727850437878,4.192440499999999,0.30723323817901443,1,16,1,30,1,40,1,48,0.03675,0.0,0.0013505624999999998,0.056749999999999995,0.0,0.0032205624999999995,0.079,0.0,0.006241,0.204,0.0,0.04161599999999999,0.079,0.0,0.006241
2023-2024,generic,preseason,2023-08-04,eng-championship,norwich-city,False,incumbent,73.0,65.633,0.12390362228260869,0.12390362228260869,6.0,5.142250000000001,6.167699322883696,0.25035257490482415,1.0,10,1.0,17,1.0,20,1.0,22,-7.367000000000019,11.861083888077008,4.610554374999999,0.7202002792149517,1,17,1,30,1,40,1,46,0.03125,0.0,0.0009765625,0.056499999999999995,0.0,0.0031922499999999993,0.0755,0.0,0.00570025,0.20375,1.0,0.6340140625,0.0755,0.0,0.00570025
2023-2024,generic,preseason,2023-08-04,eng-championship,plymouth-argyle,False,promoted_from_lower,51.0,64.85875,0.22772238586956525,0.22772238586956525,21.0,-9.051,8.514011921532644,0.7500398454530681,1.0,18,1.0,23,1.0,23,1.0,23,13.85875,21.88695498322003,8.431990687499988,0.27644743514193176,1,31,1,57,1,72,1,84,0.15075,0.0,0.022725562499999998,0.21825,0.0,0.0476330625,0.211,0.0,0.044521,0.15875,0.0,0.0252015625,0.211,0.0,0.044521
2023-2024,generic,preseason,2023-08-04,eng-championship,preston-north-end,False,incumbent,63.0,56.18025,0.1694512635869565,0.1694512635869565,10.0,5.943750000000001,5.870484301784649,0.17486232594571172,0.0,9,1.0,16,1.0,19,1.0,20,-6.819749999999999,11.47413438728604,4.325571562500004,0.7344657747103157,1,16,1,30,1,38,1,44,0.0055,0.0,3.0249999999999997e-05,0.2135,0.0,0.04558225,0.01175,0.0,0.0001380625,0.07175000000000001,0.0,0.005148062500000002,0.01175,0.0,0.0001380625
2023-2024,generic,preseason,2023-08-04,eng-championship,queens-park-rangers,False,incumbent,56.0,50.90725,0.06476577717391305,0.06476577717391305,18.0,0.3879999999999981,5.252709396111687,0.38170552359939314,1.0,8,1.0,13,1.0,16,1.0,19,-5.092749999999995,11.494331100046665,3.6682478125000024,0.6756614507442193,1,16,1,30,1,38,1,45,0.00225,0.0,5.062499999999999e-06,0.3695,0.0,0.13653025,0.006500000000000001,0.0,4.225000000000001e-05,0.0285,0.0,0.00081225,0.006500000000000001,0.0,4.225000000000001e-05
2023-2024,generic,preseason,2023-08-04,eng-championship,rotherham-united,False,incumbent,27.0,55.59475,0.19701657880434786,0.19701657880434786,24.0,-7.793749999999999,5.774098279168792,0.9589555501535749,0.0,9,0.0,15,1.0,19,1.0,20,28.59474999999999,11.527771789790947,22.12788481250001,0.005649718179780994,0,15,0,29,0,38,0,45,0.003,0.0,9e-06,0.22050000000000003,1.0,0.60762025,0.01,0.0,0.0001,0.067,0.0,0.004489000000000001,0.01,0.0,0.0001
2023-2024,generic,preseason,2023-08-04,eng-championship,sheffield-wednesday,False,promoted_from_lower,53.0,56.844,0.10424878532608695,0.10424878532608695,20.0,-4.53675,6.524427134814213,0.6626275678482049,1.0,10,1.0,17,1.0,20,1.0,22,3.843999999999994,13.463679437657449,3.548527749999999,0.40255856617181596,1,18,1,34,1,44,1,52,0.01625,0.0,0.00026406250000000003,0.23399999999999999,0.0,0.05475599999999999,0.0305,0.0,0.00093025,0.093,0.0,0.008649,0.0305,0.0,0.00093025
2023-2024,generic,preseason,2023-08-04,eng-championship,southampton,True,relegated_from_pl,87.0,73.12075,0.07484377717391308,0.07484377717391308,4.0,3.558,5.614057000066886,0.3455132684638722,1.0,8,1.0,15,1.0,18,1.0,20,-13.879249999999999,12.213974350615773,8.520288937500013,0.8630303989525523,0,16,1,32,1,40,1,48,0.1155,0.0,0.013340250000000001,0.01675,0.0,0.00028056250000000005,0.21525,0.0,0.0463325625,0.30574999999999997,1.0,0.4819830625,0.21525,1.0,0.6158325625000001
2023-2024,generic,preseason,2023-08-04,eng-championship,stoke-city,False,incumbent,56.0,63.87075,0.12863072282608698,0.12863072282608698,17.0,-4.9405,6.209787415846053,0.7585709253354608,1.0,10,1.0,17,1.0,20,1.0,21,7.870749999999994,11.680241625818365,4.6976975625,0.24683053738812963,1,16,1,30,1,38,1,45,0.02325,0.0,0.0005405625,0.06999999999999999,0.0,0.004899999999999999,0.05725,0.0,0.0032775625,0.17375000000000002,0.0,0.030189062500000006,0.05725,0.0,0.0032775625
2023-2024,generic,preseason,2023-08-04,eng-championship,sunderland,False,incumbent,56.0,68.4835,0.1743961440217392,0.1743961440217392,16.0,-6.242749999999999,6.044983245427567,0.8033331095290505,0.0,9,1.0,16,1.0,20,1.0,21,12.483500000000006,12.04455178701142,7.525356874999995,0.1523251721512031,0,17,1,31,1,39,1,47,0.053,0.0,0.002809,0.039,0.0,0.001521,0.11374999999999999,0.0,0.012939062499999997,0.25375000000000003,0.0,0.06438906250000001,0.11374999999999999,0.0,0.012939062499999997
2023-2024,generic,preseason,2023-08-04,eng-championship,swansea-city,False,incumbent,57.0,65.05825,0.09369975271739131,0.09369975271739131,14.0,-2.562750000000001,6.196818735246336,0.6353697462501431,1.0,11,1.0,17,1.0,20,1.0,22,8.058250000000001,11.801858198499929,4.823987062500003,0.25077172072296694,1,16,1,30,1,38,1,45,0.026,0.0,0.000676,0.057249999999999995,0.0,0.0032775624999999997,0.06999999999999999,0.0,0.004899999999999999,0.183,0.0,0.033489,0.06999999999999999,0.0,0.004899999999999999
2023-2024,generic,preseason,2023-08-04,eng-championship,watford,False,incumbent,56.0,66.54925,0.12403236956521742,0.12403236956521742,15.0,-4.304500000000001,6.201635248061595,0.7501731548259029,1.0,9,1.0,17,1.0,20,1.0,22,10.54925,12.025517636987606,6.2586605624999905,0.19763757151748226,0,17,1,31,1,40,1,47,0.04475,0.0,0.0020025625,0.05374999999999999,0.0,0.0028890624999999993,0.088,0.0,0.007743999999999999,0.2145,0.0,0.046010249999999996,0.088,0.0,0.007743999999999999
2023-2024,generic,preseason,2023-08-04,eng-championship,west-bromwich-albion,False,incumbent,75.0,65.9625,0.14412939673913044,0.14412939673913044,5.0,5.973500000000001,6.122360472072843,0.22102696551317477,0.0,10,1.0,17,1.0,20,1.0,22,-9.037500000000009,11.615467866168801,5.481666500000017,0.7776445003379457,0,16,1,30,1,38,1,45,0.03475,0.0,0.0012075625000000003,0.052,0.0,0.002704,0.08125,0.0,0.006601562500000001,0.20625,1.0,0.6300390625000001,0.08125,0.0,0.006601562500000001
2023-2024,mapped,preseason,2023-08-04,eng-championship,birmingham-city,False,incumbent,50.0,52.799,0.08883708423913043,0.08883708423913043,22.0,-4.422249999999998,5.392305159901468,0.7731799891016249,1.0,8,1.0,14,1.0,18,1.0,19,2.7989999999999995,11.249626616025974,2.805755875000002,0.42513076894337953,1,15,1,28,1,38,1,45,0.00275,0.0,7.562499999999999e-06,0.2905,1.0,0.50339025,0.007,0.0,4.9000000000000005e-05,0.0435,0.0,0.0018922499999999998,1.007,0.0,1.0140489999999998
2023-2024,mapped,preseason,2023-08-04,eng-championship,blackburn-rovers,False,incumbent,53.0,63.18025,0.17062574456521745,0.17062574456521745,19.0,-6.6114999999999995,6.1380426644004356,0.8176630244273378,0.0,10,1.0,17,1.0,19,1.0,21,10.180250000000001,11.670315331536676,6.0362274375000045,0.19851117078966257,0,16,1,30,1,39,1,46,0.0185,0.0,0.00034224999999999994,0.0815,0.0,0.006642250000000001,0.04625,0.0,0.0021390625,0.16225,0.0,0.026325062500000003,0.04625,0.0,0.0021390625
2023-2024,mapped,preseason,2023-08-04,eng-championship,bristol-city,False,incumbent,62.0,60.08175,0.09571445652173916,0.09571445652173916,11.0,2.953999999999999,6.035137446653556,0.33441880252434397,1.0,10,1.0,17,1.0,19,1.0,21,-1.9182500000000005,11.40519911871336,2.8360926875,0.5825792205900286,1,16,1,29,1,37,1,45,0.00825,0.0,6.806250000000001e-05,0.118,0.0,0.013923999999999999,0.025,0.0,0.0006250000000000001,0.11225,0.0,0.0126000625,0.025,0.0,0.0006250000000000001
2023-2024,mapped,preseason,2023-08-04,eng-championship,cardiff-city,False,incumbent,62.0,55.61075,0.12665661413043477,0.12665661413043477,12.0,4.186,5.805807781868084,0.2507196901505452,1.0,9,1.0,16,1.0,19,1.0,20,-6.389250000000004,11.472346509650935,4.1443073125,0.7151873042826468,1,16,1,30,1,38,1,45,0.0035,0.0,1.2250000000000001e-05,0.226,0.0,0.051076,0.009,0.0,8.099999999999999e-05,0.0685,0.0,0.004692250000000001,0.009,0.0,8.099999999999999e-05
2023-2024,mapped,preseason,2023-08-04,eng-championship,coventry-city,False,incumbent,64.0,67.50425,0.06879651358695653,0.06879651358695653,9.0,1.1552499999999988,5.9347828467013,0.45632003487289213,1.0,10,1.0,16,1.0,19,1.0,21,3.504249999999999,11.681865516153659,3.149229437499989,0.38146226054501564,1,17,1,30,1,39,1,44,0.03675,0.0,0.0013505624999999998,0.036250000000000004,0.0,0.0013140625000000003,0.08925,0.0,0.007965562499999999,0.237,0.0,0.056169,0.08925,0.0,0.007965562499999999
2023-2024,mapped,preseason,2023-08-04,eng-championship,huddersfield-town,False,incumbent,45.0,59.6905,0.23713227717391297,0.23713227717391297,23.0,-8.8335,6.0285386081537204,0.9421092288781272,0.0,10,0.0,16,1.0,19,1.0,21,14.6905,11.52298614726235,9.250252250000024,0.1035166543446438,0,15,1,29,1,38,1,45,0.009,0.0,8.099999999999999e-05,0.129,1.0,0.758641,0.024,0.0,0.000576,0.10774999999999998,0.0,0.011610062499999997,0.024,0.0,0.000576
2023-2024,mapped,preseason,2023-08-04,eng-championship,hull-city,False,incumbent,70.0,57.61725,0.23438631793478257,0.23438631793478257,7.0,8.21625,5.953989077710842,0.11988105723550294,0.0,9,1.0,16,1.0,19,1.0,21,-12.382750000000001,11.552586396019725,7.6132606874999995,0.8578728062898818,0,16,1,30,1,38,1,45,0.00625,0.0,3.906250000000001e-05,0.16975,0.0,0.028815062500000006,0.019,0.0,0.000361,0.0805,0.0,0.006480250000000001,0.019,0.0,0.000361
2023-2024,mapped,preseason,2023-08-04,eng-championship,ipswich-town,False,promoted_from_lower,96.0,56.9495,0.4152968097826088,0.4152968097826088,2.0,13.3515,6.746439635096427,0.01957245500019327,0.0,11,0.0,18,0.0,21,1.0,22,-39.0505,14.181041913413836,31.05816074999999,0.9949367495604746,0,19,0,37,0,46,0,55,0.01675,0.0,0.00028056250000000005,0.24725,0.0,0.0611325625,0.03475,1.0,0.9317075625,0.10350000000000001,0.0,0.010712250000000001,0.03475,1.0,0.9317075625
2023-2024,mapped,preseason,2023-08-04,eng-championship,leeds-united,True,relegated_from_pl,90.0,73.229,0.09401497826086955,0.09401497826086955,3.0,4.678500000000001,5.707550941515985,0.2667109415266201,1.0,8,1.0,15,1.0,18,1.0,20,-16.771000000000015,12.72077273596223,10.723967500000002,0.9097730062956706,0,18,1,33,1,43,1,50,0.1105,0.0,0.01221025,0.019250000000000003,0.0,0.0003705625000000001,0.21325,0.0,0.0454755625,0.3035,1.0,0.48511225,0.21325,0.0,0.0454755625
2023-2024,mapped,preseason,2023-08-04,eng-championship,leicester-city,True,relegated_from_pl,97.0,76.86375,0.10349472554347826,0.10349472554347826,1.0,5.130750000000001,5.150403327653088,0.032943791013297516,0.0,7,1.0,13,1.0,16,1.0,18,-20.136250000000004,12.464456905036016,13.558169937500004,0.9542860409797448,0,17,0,32,1,41,1,48,0.1765,1.0,0.67815225,0.00875,0.0,7.656250000000001e-05,0.31275,1.0,0.4723125625,0.3155,0.0,0.09954025,0.31275,1.0,0.4723125625
2023-2024,mapped,preseason,2023-08-04,eng-championship,middlesbrough,False,incumbent,69.0,75.29875,0.07481836956521737,0.07481836956521737,8.0,-1.3760000000000003,5.081449005943089,0.6685981024403062,1.0,6,1.0,13,1.0,16,1.0,18,6.298749999999984,11.856749066987124,4.0394656875000114,0.30904288780005124,1,16,1,30,1,39,1,47,0.136,0.0,0.018496000000000002,0.0055,0.0,3.0249999999999997e-05,0.247,0.0,0.061009,0.33999999999999997,0.0,0.11559999999999998,0.247,0.0,0.061009
2023-2024,mapped,preseason,2023-08-04,eng-championship,millwall,False,incumbent,59.0,66.2105,0.08876854076086958,0.08876854076086958,13.0,-2.16625,6.0823606385596705,0.6457827632119105,1.0,10,1.0,17,1.0,20,1.0,21,7.210499999999996,11.612824365760469,4.43768837500001,0.28430119055674463,1,16,1,30,1,38,1,44,0.03125,0.0,0.0009765625,0.050499999999999996,0.0,0.0025502499999999996,0.07025,0.0,0.004935062500000001,0.2265,0.0,0.05130225,0.07025,0.0,0.004935062500000001
2023-2024,mapped,preseason,2023-08-04,eng-championship,norwich-city,False,incumbent,73.0,62.9135,0.16642425,0.16642425,6.0,6.5219999999999985,6.216310481306415,0.1811282140518113,0.0,10,1.0,17,1.0,20,1.0,21,-10.086500000000001,11.888713881240477,6.118551749999998,0.7976229303381468,0,16,1,30,1,41,1,46,0.0205,0.0,0.00042025000000000005,0.0855,0.0,0.007310250000000001,0.05075,0.0,0.0025755625,0.15425000000000003,1.0,0.7152930625,0.05075,0.0,0.0025755625
2023-2024,mapped,preseason,2023-08-04,eng-championship,plymouth-argyle,False,promoted_from_lower,51.0,65.4175,0.23619313586956517,0.23619313586956517,21.0,-9.2625,8.424968471751097,0.7697458866655834,0.0,17,1.0,23,1.0,23,1.0,23,14.417500000000004,21.90024414818246,8.647456749999996,0.26294985326495085,1,30,1,57,1,73,1,84,0.1475,0.0,0.021756249999999998,0.20700000000000002,0.0,0.042849000000000005,0.2155,0.0,0.046440249999999995,0.15625,0.0,0.0244140625,0.2155,0.0,0.046440249999999995
2023-2024,mapped,preseason,2023-08-04,eng-championship,preston-north-end,False,incumbent,63.0,55.94875,0.17197395380434785,0.17197395380434785,10.0,6.021249999999998,5.802912926927303,0.16381379596348036,0.0,9,1.0,16,1.0,19,1.0,20,-7.051249999999996,11.52176737473466,4.361087062499987,0.7475189129754563,1,16,1,29,1,38,1,45,0.0045,0.0,2.0249999999999998e-05,0.205,0.0,0.04202499999999999,0.013499999999999998,0.0,0.00018224999999999996,0.0645,0.0,0.00416025,0.013499999999999998,0.0,0.00018224999999999996
2023-2024,mapped,preseason,2023-08-04,eng-championship,queens-park-rangers,False,incumbent,56.0,50.82525,0.06289716304347827,0.06289716304347827,18.0,0.4815000000000005,5.1061392215645665,0.38008851838641555,1.0,7,1.0,13,1.0,16,1.0,18,-5.174750000000003,11.22511525274908,3.661345812500005,0.680012949542859,1,15,1,28,1,37,1,44,0.0015,0.0,2.25e-06,0.36424999999999996,0.0,0.13267806249999997,0.00425,0.0,1.8062500000000002e-05,0.027000000000000003,0.0,0.0007290000000000002,0.00425,0.0,1.8062500000000002e-05
2023-2024,mapped,preseason,2023-08-04,eng-championship,rotherham-united,False,incumbent,27.0,55.73,0.20040816032608696,0.20040816032608696,24.0,-7.87875,5.774647040079593,0.9621448148375874,0.0,9,0.0,15,1.0,19,1.0,20,28.729999999999997,11.420008756564068,22.29434050000001,0.003574859089890497,0,16,0,30,0,37,0,45,0.00375,0.0,1.40625e-05,0.21475,1.0,0.6166175625,0.010249999999999999,0.0,0.00010506249999999997,0.067,0.0,0.004489000000000001,0.010249999999999999,0.0,0.00010506249999999997
2023-2024,mapped,preseason,2023-08-04,eng-championship,sheffield-wednesday,False,promoted_from_lower,53.0,56.8515,0.1029550163043478,0.1029550163043478,20.0,-4.5055,6.503304525393225,0.6643775678482048,1.0,11,1.0,17,1.0,20,1.0,22,3.8515000000000015,13.407756999215044,3.4956236249999906,0.4068933563970033,1,18,1,34,1,44,1,52,0.01225,0.0,0.00015006250000000002,0.23199999999999998,0.0,0.05382399999999999,0.03075,0.0,0.0009455625,0.09375,0.0,0.0087890625,0.03075,0.0,0.0009455625
2023-2024,mapped,preseason,2023-08-04,eng-championship,southampton,True,relegated_from_pl,87.0,72.8835,0.07705945923913045,0.07705945923913045,4.0,3.7132500000000004,5.661097458753028,0.33837024749911004,1.0,8,1.0,14,1.0,18,1.0,20,-14.116500000000002,12.278759210522862,8.529451750000003,0.8697390368186995,0,17,1,31,1,41,1,48,0.09475,0.0,0.0089775625,0.017,0.0,0.00028900000000000003,0.20375,0.0,0.0415140625,0.3135,1.0,0.47128225,0.20375,1.0,0.6340140625
2023-2024,mapped,preseason,2023-08-04,eng-championship,stoke-city,False,incumbent,56.0,63.28875,0.12312281250000001,0.12312281250000001,17.0,-4.687749999999998,6.140012209881997,0.7574373946252526,1.0,10,1.0,17,1.0,19,1.0,21,7.288749999999993,11.762519859175583,4.450092312500009,0.2600079702146134,1,16,1,30,1,39,1,46,0.01925,0.0,0.0003705625,0.07824999999999999,0.0,0.006123062499999997,0.047,0.0,0.002209,0.16125,0.0,0.026001562500000002,0.047,0.0,0.002209
2023-2024,mapped,preseason,2023-08-04,eng-championship,sunderland,False,incumbent,56.0,68.19925,0.17298494021739133,0.17298494021739133,16.0,-6.156000000000001,6.081748432811077,0.7953572382256545,0.0,9,1.0,17,1.0,19,1.0,21,12.199250000000006,12.137155739196066,7.351201937500004,0.16656465187628916,0,16,1,31,1,41,1,48,0.04925,0.0,0.0024255625,0.038,0.0,0.001444,0.10775000000000001,0.0,0.011610062500000002,0.2495,0.0,0.06225025,0.10775000000000001,0.0,0.011610062500000002
2023-2024,mapped,preseason,2023-08-04,eng-championship,swansea-city,False,incumbent,57.0,65.133,0.09288823641304343,0.09288823641304343,14.0,-2.6167499999999997,6.218872039003536,0.638617273157295,1.0,10,1.0,17,1.0,20,1.0,22,8.132999999999996,12.01167394662376,4.849609375000001,0.2469743742577816,1,16,1,31,1,40,1,47,0.02675,0.0,0.0007155624999999999,0.06425,0.0,0.0041280625,0.07024999999999999,0.0,0.004935062499999999,0.20199999999999999,0.0,0.04080399999999999,0.07024999999999999,0.0,0.004935062499999999
2023-2024,mapped,preseason,2023-08-04,eng-championship,watford,False,incumbent,56.0,65.6815,0.11353676358695654,0.11353676358695654,15.0,-3.90475,6.108123888519289,0.7391539435323785,1.0,10,1.0,17,1.0,20,1.0,22,9.6815,11.747129766457848,5.783414000000009,0.2168490000998875,0,16,1,30,1,39,1,46,0.02775,0.0,0.0007700625,0.05349999999999999,0.0,0.0028622499999999993,0.0685,0.0,0.004692250000000001,0.20525,0.0,0.04212756249999999,0.0685,0.0,0.004692250000000001
2023-2024,mapped,preseason,2023-08-04,eng-championship,west-bromwich-albion,False,incumbent,75.0,65.9,0.1433694320652174,0.1433694320652174,5.0,6.01125,6.185719314477501,0.21653973742094818,0.0,10,1.0,17,1.0,20,1.0,22,-9.099999999999994,12.05263456676589,5.476280250000012,0.7722958540573319,0,16,1,32,1,40,1,47,0.03625,0.0,0.0013140625,0.058249999999999996,0.0,0.0033930624999999994,0.08024999999999999,0.0,0.006440062499999998,0.205,1.0,0.6320250000000001,0.08024999999999999,0.0,0.006440062499999998
2024-2025,retained,preseason,2024-08-09,eng-championship,blackburn-rovers,False,incumbent,66.0,57.396,0.2363456277173912,0.2363456277173912,7.0,8.263250000000001,5.830047121379037,0.11710503067241716,0.0,9,1.0,16,1.0,18,1.0,21,-8.604,11.460090924595669,5.266830125000012,0.7776050974140594,0,15,1,29,1,38,1,45,0.00325,0.0,1.05625e-05,0.16525,0.0,0.027307562500000004,0.01325,0.0,0.0001755625,0.07925,0.0,0.0062805625000000006,1.01325,0.0,1.0266755625
2024-2025,retained,preseason,2024-08-09,eng-championship,bristol-city,False,incumbent,68.0,61.4815,0.19014257065217385,0.19014257065217385,6.0,7.249500000000001,6.047871505744811,0.14011630809180875,0.0,10,1.0,16,1.0,20,1.0,21,-6.518500000000003,11.710706970546228,4.239687375000001,0.7196363930422167,1,16,1,31,1,38,1,46,0.01025,0.0,0.00010506250000000001,0.09575,0.0,0.0091680625,0.0305,0.0,0.00093025,0.13275,1.0,0.7521225625,0.0305,0.0,0.00093025
2024-2025,retained,preseason,2024-08-09,eng-championship,burnley,True,relegated_from_pl,100.0,82.88825,0.0396938315217391,0.0396938315217391,2.0,2.4764999999999997,4.311780113827698,0.31039659775033,1.0,5,1.0,10,1.0,13,1.0,15,-17.11175,13.226214951281413,10.716931562499992,0.9097386874886649,0,18,1,34,1,43,1,52,0.29425,0.0,0.0865830625,0.00275,0.0,7.562499999999999e-06,0.46425000000000005,1.0,0.2870280624999999,0.30474999999999997,0.0,0.09287256249999998,0.46425000000000005,1.0,0.2870280624999999
2024-2025,retained,preseason,2024-08-09,eng-championship,cardiff-city,False,incumbent,44.0,51.4755,0.13477666847826084,0.13477666847826084,24.0,-6.000499999999999,5.279441234638378,0.9965137545827026,0.0,7,1.0,14,1.0,17,1.0,19,7.475499999999997,11.413167822738787,4.403690499999994,0.2801546961791114,1,16,1,30,1,38,1,45,0.0005,0.0,2.5e-07,0.33299999999999996,1.0,0.4448890000000001,0.00325,0.0,1.05625e-05,0.036,0.0,0.0012959999999999998,0.00325,0.0,1.05625e-05
2024-2025,retained,preseason,2024-08-09,eng-championship,coventry-city,False,incumbent,69.0,65.91075,0.1440987038043478,0.1440987038043478,5.0,6.01975,5.933410481122977,0.1552170437898599,0.0,10,1.0,16,1.0,19,1.0,21,-3.0892499999999927,11.890428269726032,3.1297715624999976,0.606335112193862,1,16,1,30,1,40,1,47,0.02375,0.0,0.0005640625,0.04875,0.0,0.0023765625,0.063,0.0,0.003969,0.20625,1.0,0.6300390625000001,0.063,0.0,0.003969
2024-2025,retained,preseason,2024-08-09,eng-championship,derby-county,False,promoted_from_lower,50.0,56.91225,0.09490453532608696,0.09490453532608696,19.0,-3.6697500000000005,6.419749600841142,0.6257788480101298,1.0,11,1.0,17,1.0,20,1.0,21,6.91225,13.404926330924017,4.521064562499985,0.3196359610798615,1,19,1,35,1,43,1,51,0.00775,0.0,6.0062499999999996e-05,0.22425,0.0,0.0502880625,0.02475,0.0,0.0006125625,0.0955,0.0,0.00912025,0.02475,0.0,0.0006125625
2024-2025,retained,preseason,2024-08-09,eng-championship,hull-city,False,incumbent,49.0,62.788,0.23039862771739142,0.23039862771739142,21.0,-8.473749999999999,6.017292658455296,0.884389854397681,0.0,9,1.0,17,1.0,19,1.0,21,13.788000000000004,11.752980728308884,8.518551499999994,0.1241574797796864,0,16,1,31,1,39,1,45,0.01175,0.0,0.0001380625,0.08075,0.0,0.0065205625,0.0335,0.0,0.0011222500000000002,0.162,0.0,0.026244,0.0335,0.0,0.0011222500000000002
2024-2025,retained,preseason,2024-08-09,eng-championship,leeds-united,False,incumbent,100.0,79.761,0.08332123097826086,0.08332123097826086,1.0,4.13875,4.259870706664699,0.10543451223356193,0.0,5,1.0,10,1.0,13,1.0,16,-20.239000000000004,11.897116415333592,13.940936749999992,0.9551974113934905,0,16,0,30,0,39,1,46,0.18775,1.0,0.6597500625,0.0025,0.0,6.25e-06,0.33675,1.0,0.4399005625,0.37825000000000003,0.0,0.14307306250000001,0.33675,1.0,0.4399005625
2024-2025,retained,preseason,2024-08-09,eng-championship,luton-town,True,relegated_from_pl,49.0,66.927,0.3417132581521738,0.3417132581521738,22.0,-11.38525,6.332166488454011,0.9581914670536307,0.0,11,0.0,17,1.0,20,1.0,22,17.926999999999992,13.15278187304876,11.458609625000006,0.08785237425697548,0,18,0,34,1,43,1,51,0.04,0.0,0.0016,0.057499999999999996,1.0,0.88830625,0.08925,0.0,0.007965562499999999,0.23625,0.0,0.0558140625,0.08925,0.0,0.007965562499999999
2024-2025,retained,preseason,2024-08-09,eng-championship,middlesbrough,False,incumbent,64.0,70.27175,0.07447404076086955,0.07447404076086955,10.0,-1.0532499999999985,5.665016719966499,0.6272876764580874,1.0,9,1.0,15,1.0,18,1.0,20,6.271749999999997,12.055243752720225,4.10239718750001,0.30819153967815194,1,16,1,31,1,39,1,48,0.04625,0.0,0.0021390625,0.023,0.0,0.000529,0.115,0.0,0.013225,0.29275,0.0,0.08570256250000001,0.115,0.0,0.013225
2024-2025,retained,preseason,2024-08-09,eng-championship,millwall,False,incumbent,66.0,59.9905,0.15629151630434784,0.15629151630434784,8.0,5.945499999999999,5.937257763479702,0.17607880616000998,0.0,10,1.0,16,1.0,19,1.0,21,-6.009500000000003,11.590121213775117,3.9531245000000084,0.6924467913287703,1,16,1,30,1,38,1,45,0.0075,0.0,5.625e-05,0.11574999999999999,0.0,0.013398062499999999,0.020499999999999997,0.0,0.0004202499999999999,0.10949999999999999,0.0,0.011990249999999997,0.020499999999999997,0.0,0.0004202499999999999
2024-2025,retained,preseason,2024-08-09,eng-championship,norwich-city,False,incumbent,57.0,69.1795,0.11263188043478263,0.11263188043478263,13.0,-3.51,5.85759336246551,0.7239553074619612,1.0,9,1.0,15,1.0,18,1.0,21,12.179500000000004,12.244459144854051,7.263052999999996,0.15392327678688814,0,17,1,32,1,40,1,47,0.0385,0.0,0.00148225,0.029500000000000002,0.0,0.0008702500000000001,0.0995,0.0,0.009900250000000001,0.2835,0.0,0.08037224999999999,0.0995,0.0,0.009900250000000001
2024-2025,retained,preseason,2024-08-09,eng-championship,oxford-united,False,promoted_from_lower,53.0,62.92125,0.14176209239130438,0.14176209239130438,17.0,-4.2955000000000005,8.379539351897574,0.6244967147261259,1.0,17,1.0,23,1.0,23,1.0,23,9.92125,21.94020392880385,6.829159812499999,0.3482687309080886,1,31,1,57,1,73,1,84,0.103,0.0,0.010608999999999999,0.2415,0.0,0.05832225,0.16475,0.0,0.027142562500000002,0.16325,0.0,0.026650562500000002,0.16475,0.0,0.027142562500000002
2024-2025,retained,preseason,2024-08-09,eng-championship,plymouth-argyle,False,incumbent,46.0,56.256,0.17472504076086962,0.17472504076086962,23.0,-7.222749999999998,5.863201551840087,0.8896145661245226,0.0,9,1.0,16,1.0,19,1.0,20,10.256,11.779705599037694,6.003666750000014,0.19764176881853288,0,16,1,31,1,39,1,46,0.003,0.0,9e-06,0.20224999999999999,1.0,0.6364050625,0.01075,0.0,0.00011556249999999998,0.07600000000000001,0.0,0.005776000000000002,0.01075,0.0,0.00011556249999999998
2024-2025,retained,preseason,2024-08-09,eng-championship,portsmouth,False,promoted_from_lower,54.0,61.48625,0.10215992119565219,0.10215992119565219,16.0,-2.7297499999999992,7.158576320575202,0.6099503241077733,1.0,13,1.0,20,1.0,22,1.0,23,7.486249999999998,15.581665858870803,4.925616187500001,0.33357966421694635,1,22,1,40,1,51,1,61,0.036,0.0,0.0012959999999999998,0.17275000000000001,0.0,0.029842562500000006,0.076,0.0,0.005776,0.154,0.0,0.023716,0.076,0.0,0.005776
2024-2025,retained,preseason,2024-08-09,eng-championship,preston-north-end,False,incumbent,50.0,55.128,0.08322092119565218,0.08322092119565218,20.0,-3.652250000000002,5.687030854277124,0.6562833150010201,1.0,9,1.0,15,1.0,18,1.0,20,5.128,11.560671087787249,3.5099075000000024,0.34468562890567594,1,16,1,30,1,38,1,45,0.003,0.0,9e-06,0.22175,0.0,0.0491730625,0.01,0.0,0.0001,0.059000000000000004,0.0,0.0034810000000000006,0.01,0.0,0.0001
2024-2025,retained,preseason,2024-08-09,eng-championship,queens-park-rangers,False,incumbent,56.0,55.5765,0.07684017934782611,0.07684017934782611,15.0,1.0889999999999986,5.800696423706381,0.41413442408167656,1.0,9,1.0,16,1.0,19,1.0,20,-0.4235000000000042,11.722335422175908,2.790701375000001,0.5115468665215265,1,16,1,30,1,39,1,46,0.00225,0.0,5.062499999999999e-06,0.21325,0.0,0.0454755625,0.008749999999999999,0.0,7.656249999999998e-05,0.0685,0.0,0.004692250000000001,0.008749999999999999,0.0,7.656249999999998e-05
2024-2025,retained,preseason,2024-08-09,eng-championship,sheffield-united,True,relegated_from_pl,92.0,74.20025,0.08736692663043477,0.08736692663043477,3.0,4.408250000000001,5.486308589343111,0.2240076856623938,1.0,8,1.0,14,1.0,17,1.0,20,-17.799750000000003,12.915616514030603,11.494423937500017,0.9139363739550074,0,18,0,33,1,43,1,51,0.097,0.0,0.009409,0.01825,0.0,0.00033306249999999997,0.21050000000000002,0.0,0.04431025000000001,0.3195,1.0,0.46308024999999997,0.21050000000000002,0.0,0.04431025000000001
2024-2025,retained,preseason,2024-08-09,eng-championship,sheffield-wednesday,False,incumbent,58.0,52.39175,0.1673319565217391,0.1673319565217391,12.0,5.5855,5.389080603405371,0.16330350009108718,0.0,8,1.0,14,1.0,17,1.0,19,-5.608249999999998,11.507618430305204,3.8835775624999975,0.6987047262340184,1,16,1,30,1,38,1,45,0.0005,0.0,2.5e-07,0.30425,0.0,0.0925680625,0.0055,0.0,3.0249999999999997e-05,0.03775,0.0,0.0014250625,0.0055,0.0,3.0249999999999997e-05
2024-2025,retained,preseason,2024-08-09,eng-championship,stoke-city,False,incumbent,51.0,59.21775,0.09340834239130436,0.09340834239130436,18.0,-3.6260000000000012,5.90729413521961,0.686628920529311,1.0,9,1.0,16,1.0,19,1.0,21,8.217749999999995,11.440731398713108,4.804332562500014,0.23684055119699438,0,15,1,30,1,37,1,44,0.00575,0.0,3.30625e-05,0.13025,0.0,0.016965062500000003,0.017750000000000002,0.0,0.0003150625000000001,0.09974999999999999,0.0,0.009950062499999999,0.017750000000000002,0.0,0.0003150625000000001
2024-2025,retained,preseason,2024-08-09,eng-championship,sunderland,False,incumbent,76.0,61.031,0.2658478070652173,0.2658478070652173,4.0,9.409749999999999,5.997362331683822,0.07591917919945179,0.0,9,0.0,17,1.0,19,1.0,21,-14.968999999999994,11.643476242085093,9.46427749999999,0.9050648712809414,0,16,1,30,1,38,1,46,0.00875,0.0,7.656250000000001e-05,0.10375000000000001,0.0,0.010764062500000001,0.0245,0.0,0.0006002500000000001,0.126,1.0,0.763876,0.0245,1.0,0.95160025
2024-2025,retained,preseason,2024-08-09,eng-championship,swansea-city,False,incumbent,61.0,60.90425,0.08789651358695653,0.08789651358695653,11.0,2.5112500000000004,6.018377973964413,0.3391152526058503,1.0,9,1.0,17,1.0,20,1.0,22,-0.09575000000000244,11.71134415588151,2.7547889375000016,0.5237742125953738,1,16,1,30,1,38,1,46,0.01025,0.0,0.00010506250000000001,0.10575,0.0,0.011183062499999999,0.027500000000000004,0.0,0.0007562500000000002,0.1205,0.0,0.014520249999999998,0.027500000000000004,0.0,0.0007562500000000002
2024-2025,retained,preseason,2024-08-09,eng-championship,watford,False,incumbent,57.0,62.66325,0.07692647554347824,0.07692647554347824,14.0,-1.40475,6.065758603629063,0.595636627531138,1.0,9,1.0,17,1.0,19,1.0,21,5.663249999999998,11.78801719703106,3.8080011874999986,0.330004471049725,1,16,1,30,1,39,1,46,0.01225,0.0,0.00015006250000000002,0.083,0.0,0.006889000000000001,0.03425,0.0,0.0011730625000000003,0.16175,0.0,0.0261630625,0.03425,0.0,0.0011730625000000003
2024-2025,retained,preseason,2024-08-09,eng-championship,west-bromwich-albion,False,incumbent,64.0,70.34575,0.06679015217391306,0.06679015217391306,9.0,-0.07350000000000101,5.662781803142339,0.5673450801492663,1.0,9,1.0,15,1.0,18,1.0,20,6.345749999999995,12.021135842236372,4.094926312499988,0.28933670011016166,1,17,1,31,1,40,1,47,0.04675,0.0,0.0021855625,0.024499999999999997,0.0,0.0006002499999999999,0.11625,0.0,0.013514062500000002,0.29725,0.0,0.08835756250000001,0.11625,0.0,0.013514062500000002
2024-2025,generic,preseason,2024-08-09,eng-championship,blackburn-rovers,False,incumbent,66.0,57.3415,0.240497027173913,0.240497027173913,7.0,8.3835,5.945874851525215,0.12057712652461305,0.0,9,1.0,16,1.0,19,1.0,21,-8.658499999999997,11.596675288633376,5.265056874999999,0.7771201113303535,0,16,1,30,1,38,1,45,0.0065,0.0,4.225e-05,0.1815,0.0,0.03294225,0.016,0.0,0.000256,0.0785,0.0,0.00616225,1.016,0.0,1.032256
2024-2025,generic,preseason,2024-08-09,eng-championship,bristol-city,False,incumbent,68.0,61.73325,0.18846247010869566,0.18846247010869566,6.0,7.1747499999999995,6.108126753555463,0.15454273183181436,0.0,10,1.0,16,1.0,20,1.0,21,-6.266750000000002,11.500025845079653,4.124146062499997,0.7095836832723003,1,17,1,30,1,37,1,44,0.0105,0.0,0.00011025000000000001,0.09775,0.0,0.009555062500000001,0.0315,0.0,0.00099225,0.14550000000000002,1.0,0.73017025,0.0315,0.0,0.00099225
2024-2025,generic,preseason,2024-08-09,eng-championship,burnley,True,relegated_from_pl,100.0,72.65725,0.12709027989130436,0.12709027989130436,2.0,5.90325,5.721441202835174,0.10789046865681468,0.0,8,1.0,15,1.0,18,1.0,20,-27.342749999999995,12.525624632628107,20.358340937500014,0.9884556937473551,0,17,0,32,0,41,0,49,0.09825,0.0,0.0096530625,0.02225,0.0,0.0004950625,0.19975,1.0,0.6404000624999999,0.29125,0.0,0.08482656250000001,0.19975,1.0,0.6404000624999999
2024-2025,generic,preseason,2024-08-09,eng-championship,cardiff-city,False,incumbent,44.0,51.9555,0.13595057336956518,0.13595057336956518,24.0,-6.036749999999998,5.29508257135807,0.9966072003361559,0.0,7,1.0,14,1.0,17,1.0,19,7.955500000000001,11.329718432070587,4.678243500000003,0.2650471120564528,1,15,1,30,1,37,1,44,0.0015,0.0,2.25e-06,0.3325,1.0,0.44555625,0.00375,0.0,1.40625e-05,0.038,0.0,0.001444,0.00375,0.0,1.40625e-05
2024-2025,generic,preseason,2024-08-09,eng-championship,coventry-city,False,incumbent,69.0,66.44625,0.13500877173913042,0.13500877173913042,5.0,5.754000000000001,6.057514671876577,0.1767324197170981,0.0,9,1.0,17,1.0,19,1.0,22,-2.553750000000008,11.924244669474875,3.007653937500004,0.5848105704734868,1,16,1,31,1,39,1,47,0.03075,0.0,0.0009455625,0.0485,0.0,0.00235225,0.0775,0.0,0.00600625,0.21875,1.0,0.6103515625,0.0775,0.0,0.00600625
2024-2025,generic,preseason,2024-08-09,eng-championship,derby-county,False,promoted_from_lower,50.0,57.988,0.1015285788043478,0.1015285788043478,19.0,-4.09775,6.529869442607563,0.6468430322147696,1.0,11,1.0,18,1.0,21,1.0,22,7.9879999999999995,13.618383017083929,4.949268750000001,0.28020459080938326,1,18,1,35,1,45,1,54,0.0155,0.0,0.00024024999999999999,0.20325,0.0,0.041310562499999995,0.035500000000000004,0.0,0.0012602500000000003,0.098,0.0,0.009604000000000001,0.035500000000000004,0.0,0.0012602500000000003
2024-2025,generic,preseason,2024-08-09,eng-championship,hull-city,False,incumbent,49.0,62.9075,0.2261256168478262,0.2261256168478262,21.0,-8.451250000000002,6.217284249372872,0.8733503735922143,0.0,11,1.0,17,1.0,20,1.0,21,13.907499999999999,11.985947761858467,8.516443750000015,0.12220721023642948,0,16,1,30,1,39,1,46,0.016,0.0,0.000256,0.08925,0.0,0.007965562499999999,0.042749999999999996,0.0,0.0018275624999999998,0.16225,0.0,0.026325062500000003,0.042749999999999996,0.0,0.0018275624999999998
2024-2025,generic,preseason,2024-08-09,eng-championship,leeds-united,False,incumbent,100.0,78.391,0.09018332608695652,0.09018332608695652,1.0,4.518,4.6365047179960905,0.10487294359317012,0.0,6,1.0,11,1.0,14,1.0,17,-21.60900000000001,11.897967011216664,15.194636499999998,0.9639687258847168,0,17,0,30,0,39,1,47,0.18675,1.0,0.6613755625,0.0045000000000000005,0.0,2.0250000000000004e-05,0.3375,1.0,0.43890624999999994,0.3425,0.0,0.11730625000000001,0.3375,1.0,0.43890624999999994
2024-2025,generic,preseason,2024-08-09,eng-championship,luton-town,True,relegated_from_pl,49.0,73.133,0.48856229076086977,0.48856229076086977,22.0,-14.31625,5.6042159074664495,0.9879509364553816,0.0,8,0.0,14,0.0,18,0.0,20,24.13300000000001,12.347886904243982,17.375374124999997,0.026225890346365806,0,18,0,32,0,40,1,48,0.09825,0.0,0.0096530625,0.0185,1.0,0.96334225,0.1955,0.0,0.038220250000000004,0.3155,0.0,0.09954025,0.1955,0.0,0.038220250000000004
2024-2025,generic,preseason,2024-08-09,eng-championship,middlesbrough,False,incumbent,64.0,70.6795,0.07866222282608695,0.07866222282608695,10.0,-1.2515,5.839199238765534,0.6376140539347482,1.0,9,1.0,16,1.0,19,1.0,21,6.679500000000004,12.2122798751912,4.303103874999987,0.2920983837972211,1,16,1,32,1,41,1,48,0.07125,0.0,0.0050765624999999995,0.028499999999999998,0.0,0.0008122499999999998,0.143,0.0,0.020448999999999995,0.29000000000000004,0.0,0.08410000000000002,0.143,0.0,0.020448999999999995
2024-2025,generic,preseason,2024-08-09,eng-championship,millwall,False,incumbent,66.0,60.1325,0.15909693749999998,0.15909693749999998,8.0,5.995249999999999,5.92737103929727,0.1751196121080088,0.0,10,1.0,16,1.0,19,1.0,21,-5.8675,11.218932380133147,3.8837726249999998,0.6962945049194291,1,16,1,29,1,37,1,44,0.007,0.0,4.9000000000000005e-05,0.11149999999999999,0.0,0.012432249999999997,0.02025,0.0,0.0004100625,0.11325,0.0,0.0128255625,0.02025,0.0,0.0004100625
2024-2025,generic,preseason,2024-08-09,eng-championship,norwich-city,False,incumbent,57.0,68.73825,0.10695304076086956,0.10695304076086956,13.0,-3.3142499999999995,5.906902482477597,0.7055433551871774,1.0,9,1.0,16,1.0,19,1.0,21,11.738249999999994,12.003780110344408,6.997868312499998,0.15485353443992358,0,16,1,31,1,40,1,47,0.04625,0.0,0.0021390625,0.034999999999999996,0.0,0.0012249999999999997,0.10325000000000001,0.0,0.010660562500000002,0.25725,0.0,0.0661775625,0.10325000000000001,0.0,0.010660562500000002
2024-2025,generic,preseason,2024-08-09,eng-championship,oxford-united,False,promoted_from_lower,53.0,64.04375,0.14971842391304346,0.14971842391304346,17.0,-4.653499999999999,8.466991068260318,0.6404993677133316,1.0,17,1.0,23,1.0,23,1.0,23,11.043750000000003,21.99318839862697,7.1834828124999905,0.33150130897983543,1,31,1,57,1,72,1,84,0.13175,0.0,0.0173580625,0.23375,0.0,0.05463906250000001,0.195,0.0,0.038025,0.14550000000000002,0.0,0.021170250000000005,0.195,0.0,0.038025
2024-2025,generic,preseason,2024-08-09,eng-championship,plymouth-argyle,False,incumbent,46.0,56.66225,0.17701552717391303,0.17701552717391303,23.0,-7.312000000000001,5.950685338681588,0.8908709212610948,0.0,10,1.0,16,1.0,19,1.0,21,10.66225,11.853066056404984,6.266639562500003,0.18446036641995847,0,15,1,31,1,40,1,46,0.007,0.0,4.9000000000000005e-05,0.197,1.0,0.644809,0.01625,0.0,0.00026406250000000003,0.076,0.0,0.005776,0.01625,0.0,0.00026406250000000003
2024-2025,generic,preseason,2024-08-09,eng-championship,portsmouth,False,promoted_from_lower,54.0,63.1615,0.11559149728260873,0.11559149728260873,16.0,-3.542250000000001,7.253979248488378,0.6488863284292103,1.0,13,1.0,20,1.0,23,1.0,23,9.161500000000004,15.71292199910634,5.702388499999982,0.290866573790306,1,21,1,40,1,52,1,62,0.051,0.0,0.0026009999999999996,0.1485,0.0,0.02205225,0.09675,0.0,0.0093605625,0.18025000000000002,0.0,0.03249006250000001,0.09675,0.0,0.0093605625
2024-2025,generic,preseason,2024-08-09,eng-championship,preston-north-end,False,incumbent,50.0,55.72975,0.08496225815217393,0.08496225815217393,20.0,-3.7787499999999987,5.715312628150799,0.6671078757153441,1.0,9,1.0,16,1.0,19,1.0,20,5.729749999999996,11.335617095575344,3.650668812500009,0.3198330368766474,1,15,1,30,1,37,1,44,0.004,0.0,1.6e-05,0.21050000000000002,0.0,0.04431025000000001,0.0115,0.0,0.00013225,0.06474999999999999,0.0,0.004192562499999998,0.0115,0.0,0.00013225
2024-2025,generic,preseason,2024-08-09,eng-championship,queens-park-rangers,False,incumbent,56.0,55.4815,0.07625528532608696,0.07625528532608696,15.0,1.3012499999999996,5.65194642910741,0.39235824544804887,1.0,9,1.0,15,1.0,18,1.0,20,-0.5185000000000031,11.250473667806169,2.646561249999996,0.5107465048574173,1,15,1,29,1,37,1,44,0.00275,0.0,7.562499999999999e-06,0.21475,0.0,0.0461175625,0.0095,0.0,9.025e-05,0.05725000000000001,0.0,0.003277562500000001,0.0095,0.0,9.025e-05
2024-2025,generic,preseason,2024-08-09,eng-championship,sheffield-united,True,relegated_from_pl,92.0,72.78225,0.10018625543478263,0.10018625543478263,3.0,4.907,5.7695191307421805,0.2075201786165791,1.0,9,1.0,16,1.0,18,1.0,21,-19.217749999999995,12.745777141371176,12.681922687499991,0.9354140516398969,0,17,0,32,1,42,1,50,0.10325,0.0,0.010660562499999998,0.02725,0.0,0.0007425625,0.195,0.0,0.038025,0.30324999999999996,1.0,0.4854605625,0.195,0.0,0.038025
2024-2025,generic,preseason,2024-08-09,eng-championship,sheffield-wednesday,False,incumbent,58.0,52.386,0.17394222826086955,0.17394222826086955,12.0,5.747500000000002,5.356140751511297,0.15775305563507613,0.0,8,1.0,14,1.0,17,1.0,19,-5.614000000000004,11.386110134721164,3.859173875000006,0.7116737673674762,1,15,1,29,1,38,1,44,0.00125,0.0,1.5625e-06,0.3145,0.0,0.09891025,0.00625,0.0,3.906250000000001e-05,0.03225,0.0,0.0010400625,0.00625,0.0,3.906250000000001e-05
2024-2025,generic,preseason,2024-08-09,eng-championship,stoke-city,False,incumbent,51.0,58.97425,0.09169620108695654,0.09169620108695654,18.0,-3.458,6.074309508084027,0.6663698098193406,1.0,10,1.0,16,1.0,19,1.0,21,7.974249999999998,11.707842966896166,4.763099562500013,0.25957627540580186,1,16,1,30,1,38,1,45,0.008,0.0,6.4e-05,0.15,0.0,0.0225,0.02175,0.0,0.00047306249999999996,0.09875,0.0,0.009751562500000002,0.02175,0.0,0.00047306249999999996
2024-2025,generic,preseason,2024-08-09,eng-championship,sunderland,False,incumbent,76.0,61.207,0.2639468233695652,0.2639468233695652,4.0,9.408750000000001,6.111846974319628,0.08705708432953656,0.0,10,0.0,17,1.0,20,1.0,22,-14.793,11.602484690789298,9.317988250000012,0.9024016893306694,0,16,1,30,1,38,1,45,0.011,0.0,0.00012099999999999999,0.10699999999999998,0.0,0.011448999999999997,0.02725,0.0,0.0007425625,0.13425,1.0,0.7495230625,0.02725,1.0,0.9462425625
2024-2025,generic,preseason,2024-08-09,eng-championship,swansea-city,False,incumbent,61.0,60.7665,0.09136962228260867,0.09136962228260867,11.0,2.6507500000000004,6.099735603901205,0.32607306746777615,1.0,10,1.0,17,1.0,20,1.0,22,-0.23349999999999937,11.707304461318156,2.7290658750000025,0.530758770310169,1,16,1,30,1,38,1,46,0.0125,0.0,0.00015625000000000003,0.11474999999999999,0.0,0.013167562499999999,0.03075,0.0,0.0009455625,0.11925,0.0,0.014220562499999999,0.03075,0.0,0.0009455625
2024-2025,generic,preseason,2024-08-09,eng-championship,watford,False,incumbent,57.0,62.16725,0.07396082880434783,0.07396082880434783,14.0,-1.0697500000000009,6.074609858871597,0.5712138756282319,1.0,10,1.0,16,1.0,20,1.0,21,5.167249999999996,11.649518334999952,3.597166562499991,0.34000383232833575,1,16,1,30,1,38,1,45,0.013,0.0,0.000169,0.0865,0.0,0.007482249999999999,0.03725,0.0,0.0013875625,0.13975,0.0,0.019530062500000004,0.03725,0.0,0.0013875625
2024-2025,generic,preseason,2024-08-09,eng-championship,west-bromwich-albion,False,incumbent,64.0,71.083,0.07039526086956523,0.07039526086956523,9.0,-0.46199999999999974,5.729140947821061,0.5992076585783189,1.0,8,1.0,15,1.0,19,1.0,20,7.082999999999998,11.966541313178173,4.457279624999999,0.26870158557093415,1,16,1,31,1,39,1,46,0.066,0.0,0.0043560000000000005,0.022500000000000003,0.0,0.0005062500000000001,0.14650000000000002,0.0,0.021462250000000006,0.298,0.0,0.088804,0.14650000000000002,0.0,0.021462250000000006
2024-2025,mapped,preseason,2024-08-09,eng-championship,blackburn-rovers,False,incumbent,66.0,57.67125,0.23186856793478267,0.23186856793478267,7.0,8.20525,5.910424894836242,0.12368012059917863,0.0,9,1.0,16,1.0,19,1.0,21,-8.32875,11.556434287335344,4.990954062500002,0.766029379152261,0,16,1,30,1,38,1,44,0.00375,0.0,1.40625e-05,0.174,0.0,0.030275999999999997,0.013,0.0,0.000169,0.08249999999999999,0.0,0.006806249999999998,1.013,0.0,1.0261689999999999
2024-2025,mapped,preseason,2024-08-09,eng-championship,bristol-city,False,incumbent,68.0,61.88,0.18568405706521734,0.18568405706521734,6.0,7.10675,6.16387495310377,0.1533014335558289,0.0,10,1.0,16,1.0,20,1.0,22,-6.1200000000000045,11.871124630800573,4.076037000000005,0.7050107228632628,1,16,1,30,1,39,1,47,0.0135,0.0,0.00018224999999999998,0.09999999999999999,0.0,0.009999999999999998,0.04125,0.0,0.0017015625000000002,0.13275,1.0,0.7521225625,0.04125,0.0,0.0017015625000000002
2024-2025,mapped,preseason,2024-08-09,eng-championship,burnley,True,relegated_from_pl,100.0,74.088,0.10846782608695651,0.10846782608695651,2.0,5.2295,5.395028243670278,0.11834162359395624,0.0,7,1.0,14,1.0,18,1.0,19,-25.912000000000006,12.088372760632426,19.186167250000004,0.9887267156225441,0,16,0,32,0,39,0,47,0.10825,0.0,0.0117180625,0.013999999999999999,0.0,0.00019599999999999997,0.2145,1.0,0.61701025,0.333,0.0,0.11088900000000002,0.2145,1.0,0.61701025
2024-2025,mapped,preseason,2024-08-09,eng-championship,cardiff-city,False,incumbent,44.0,51.981,0.13555469021739128,0.13555469021739128,24.0,-6.054499999999997,5.341912555443041,0.9963412393455581,0.0,7,1.0,14,1.0,17,1.0,19,7.9809999999999945,11.53022718770103,4.645885875000006,0.2634738574008204,1,16,1,29,1,38,1,45,0.0015,0.0,2.25e-06,0.33025000000000004,1.0,0.44856506249999994,0.006,0.0,3.6e-05,0.03225,0.0,0.0010400625,0.006,0.0,3.6e-05
2024-2025,mapped,preseason,2024-08-09,eng-championship,coventry-city,False,incumbent,69.0,66.712,0.13157776630434787,0.13157776630434787,5.0,5.641499999999999,6.0576792379590385,0.18342668198085965,0.0,9,1.0,17,1.0,19,1.0,21,-2.2879999999999967,11.883183748474144,2.9730936249999953,0.569180203849787,1,17,1,31,1,40,1,46,0.03425,0.0,0.0011730625000000003,0.04675,0.0,0.0021855625,0.081,0.0,0.006561,0.218,1.0,0.611524,0.081,0.0,0.006561
2024-2025,mapped,preseason,2024-08-09,eng-championship,derby-county,False,promoted_from_lower,50.0,58.0595,0.10138212771739127,0.10138212771739127,19.0,-4.104749999999999,6.618479994492693,0.6432737232191258,1.0,11,1.0,18,1.0,21,1.0,22,8.0595,13.495757101770911,4.870205375000004,0.2857562254039224,1,18,1,35,1,44,1,53,0.015,0.0,0.000225,0.20450000000000002,0.0,0.04182025,0.036250000000000004,0.0,0.0013140625000000003,0.1105,0.0,0.01221025,0.036250000000000004,0.0,0.0013140625000000003
2024-2025,mapped,preseason,2024-08-09,eng-championship,hull-city,False,incumbent,49.0,62.96525,0.22694239402173916,0.22694239402173916,21.0,-8.458250000000001,6.137202696465223,0.882447268723463,0.0,11,1.0,17,1.0,19,1.0,21,13.965249999999997,11.675446134409597,8.629450937500012,0.1125515947823724,0,16,1,30,1,38,1,46,0.017,0.0,0.00028900000000000003,0.082,0.0,0.006724000000000001,0.042,0.0,0.0017640000000000002,0.1625,0.0,0.026406250000000003,0.042,0.0,0.0017640000000000002
2024-2025,mapped,preseason,2024-08-09,eng-championship,leeds-united,False,incumbent,100.0,78.70475,0.0856514510869565,0.0856514510869565,1.0,4.3705,4.602252682111229,0.10936549271630458,0.0,6,1.0,11,1.0,14,1.0,17,-21.29525000000001,11.732969676833738,14.938657187500024,0.9624800807518865,0,16,0,30,0,39,1,46,0.19475,1.0,0.6484275625,0.00525,0.0,2.7562500000000002e-05,0.34925,1.0,0.42347556249999996,0.34450000000000003,0.0,0.11868025000000001,0.34925,1.0,0.42347556249999996
2024-2025,mapped,preseason,2024-08-09,eng-championship,luton-town,True,relegated_from_pl,49.0,74.04825,0.5092034211956519,0.5092034211956519,22.0,-14.70225,5.493641318606449,0.9888061393839477,0.0,8,0.0,15,0.0,18,0.0,20,25.048249999999996,12.52936239149862,18.21319993749999,0.02626624648491213,0,16,0,32,0,42,1,50,0.1155,0.0,0.013340250000000001,0.01625,1.0,0.9677640625,0.21525,0.0,0.0463325625,0.3305,0.0,0.10923025000000001,0.21525,0.0,0.0463325625
2024-2025,mapped,preseason,2024-08-09,eng-championship,middlesbrough,False,incumbent,64.0,71.0365,0.08168785326086957,0.08168785326086957,10.0,-1.4375,5.782697791688582,0.6517256479083134,1.0,8,1.0,15,1.0,19,1.0,20,7.036500000000004,11.957828722222107,4.5272215000000084,0.2785052279162902,1,16,1,31,1,39,1,46,0.0705,0.0,0.004970249999999999,0.0215,0.0,0.00046224999999999993,0.144,0.0,0.020735999999999997,0.30125,0.0,0.09075156250000001,0.144,0.0,0.020735999999999997
2024-2025,mapped,preseason,2024-08-09,eng-championship,millwall,False,incumbent,66.0,60.3785,0.15527609782608695,0.15527609782608695,8.0,5.847999999999999,6.021951178812396,0.1834033832533422,0.0,10,1.0,17,1.0,20,1.0,22,-5.6214999999999975,11.657647178997998,3.828656750000005,0.6814506020110053,1,16,1,29,1,39,1,46,0.0105,0.0,0.00011025000000000001,0.1105,0.0,0.01221025,0.028499999999999998,0.0,0.0008122499999999998,0.1105,0.0,0.01221025,0.028499999999999998,0.0,0.0008122499999999998
2024-2025,mapped,preseason,2024-08-09,eng-championship,norwich-city,False,incumbent,57.0,67.92625,0.10161059782608695,0.10161059782608695,13.0,-2.955,6.088429600479913,0.6778179900370332,1.0,9,1.0,17,1.0,19,1.0,22,10.926249999999996,12.155731608484123,6.497992437500017,0.176777890307335,0,16,1,32,1,40,1,47,0.043,0.0,0.0018489999999999997,0.043750000000000004,0.0,0.0019140625000000004,0.1,0.0,0.010000000000000002,0.24625,0.0,0.0606390625,0.1,0.0,0.010000000000000002
2024-2025,mapped,preseason,2024-08-09,eng-championship,oxford-united,False,promoted_from_lower,53.0,64.10325,0.15018023369565225,0.15018023369565225,17.0,-4.6865000000000006,8.535468220900363,0.6397467147261259,1.0,17,1.0,23,1.0,23,1.0,23,11.103250000000003,22.05790310608649,7.228391312499969,0.328665508318405,1,32,1,58,1,72,1,84,0.141,0.0,0.019880999999999996,0.23625000000000002,0.0,0.055814062500000004,0.19949999999999998,0.0,0.039800249999999995,0.14675,0.0,0.021535562499999997,0.19949999999999998,0.0,0.039800249999999995
2024-2025,mapped,preseason,2024-08-09,eng-championship,plymouth-argyle,False,incumbent,46.0,56.70825,0.17582746739130437,0.17582746739130437,23.0,-7.342499999999999,6.045013957800263,0.889439626202564,0.0,10,1.0,16,1.0,19,1.0,21,10.70825,11.973350906805496,6.218061562500017,0.2037523960193475,0,17,1,30,1,39,1,47,0.00625,0.0,3.906250000000001e-05,0.20775000000000002,1.0,0.6276600625,0.0175,0.0,0.00030625000000000004,0.08149999999999999,0.0,0.006642249999999998,0.0175,0.0,0.00030625000000000004
2024-2025,mapped,preseason,2024-08-09,eng-championship,portsmouth,False,promoted_from_lower,54.0,63.498,0.11939819836956521,0.11939819836956521,16.0,-3.6492499999999986,7.318006862356717,0.6563543305899291,1.0,13,1.0,21,1.0,23,1.0,23,9.498000000000005,15.740902007191327,5.897507499999984,0.2866400724635669,1,22,1,41,1,52,1,60,0.05125,0.0,0.0026265624999999996,0.1525,0.0,0.02325625,0.10200000000000001,0.0,0.010404000000000002,0.17300000000000001,0.0,0.029929000000000004,0.10200000000000001,0.0,0.010404000000000002
2024-2025,mapped,preseason,2024-08-09,eng-championship,preston-north-end,False,incumbent,50.0,55.854,0.0889476847826087,0.0889476847826087,20.0,-3.8924999999999983,5.725027838360264,0.6737258589295877,1.0,9,1.0,15,1.0,19,1.0,20,5.853999999999999,11.414144032734123,3.760559124999987,0.3177005675529902,1,15,1,30,1,38,1,45,0.00275,0.0,7.562499999999999e-06,0.20825,0.0,0.0433680625,0.010249999999999999,0.0,0.00010506249999999997,0.064,0.0,0.004096,0.010249999999999999,0.0,0.00010506249999999997
2024-2025,mapped,preseason,2024-08-09,eng-championship,queens-park-rangers,False,incumbent,56.0,55.88675,0.07760315217391302,0.07760315217391302,15.0,1.1245000000000012,5.827864081290846,0.4082377262507715,1.0,9,1.0,16,1.0,19,1.0,21,-0.11325000000000074,11.47634194495354,2.743922937499999,0.5050921677195229,1,15,1,29,1,38,1,45,0.0035,0.0,1.2250000000000001e-05,0.219,0.0,0.047961,0.01475,0.0,0.00021756249999999998,0.06225,0.0,0.0038750625,0.01475,0.0,0.00021756249999999998
2024-2025,mapped,preseason,2024-08-09,eng-championship,sheffield-united,True,relegated_from_pl,92.0,66.195,0.20033744293478262,0.20033744293478262,3.0,8.02425,6.410979795436888,0.10084513634169096,0.0,10,1.0,17,1.0,20,1.0,22,-25.805000000000007,12.864679358615978,18.698038124999997,0.979160710739558,0,18,0,33,0,43,0,49,0.03925,0.0,0.0015405625,0.0645,0.0,0.00416025,0.09425,0.0,0.0088830625,0.209,1.0,0.625681,0.09425,0.0,0.0088830625
2024-2025,mapped,preseason,2024-08-09,eng-championship,sheffield-wednesday,False,incumbent,58.0,53.35,0.16031236956521736,0.16031236956521736,12.0,5.355,5.523266696439707,0.17040369454059204,0.0,8,1.0,15,1.0,18,1.0,19,-4.649999999999999,11.508214457508167,3.5292011249999904,0.6747520702823672,1,16,1,29,1,38,1,45,0.00175,0.0,3.0625000000000003e-06,0.29475,0.0,0.0868775625,0.0072499999999999995,0.0,5.256249999999999e-05,0.04675,0.0,0.0021855625,0.0072499999999999995,0.0,5.256249999999999e-05
2024-2025,mapped,preseason,2024-08-09,eng-championship,stoke-city,False,incumbent,51.0,59.41,0.09608097010869567,0.09608097010869567,18.0,-3.672749999999999,6.078787497313917,0.6724923608181324,1.0,10,1.0,16,1.0,19,1.0,21,8.409999999999997,11.605059241554951,4.960844125000006,0.2437320684339439,1,17,1,30,1,37,1,45,0.00725,0.0,5.2562500000000004e-05,0.137,0.0,0.018769000000000004,0.022,0.0,0.00048399999999999995,0.10625,0.0,0.011289062499999999,0.022,0.0,0.00048399999999999995
2024-2025,mapped,preseason,2024-08-09,eng-championship,sunderland,False,incumbent,76.0,61.657,0.25694859239130435,0.25694859239130435,4.0,9.2395,6.174393877134825,0.09236642867243286,0.0,10,0.0,17,1.0,20,1.0,21,-14.343000000000004,11.860305687460167,9.025973000000011,0.8931998061949163,0,17,1,31,1,40,1,47,0.0155,0.0,0.00024024999999999999,0.10400000000000001,0.0,0.010816000000000003,0.0375,0.0,0.00140625,0.133,1.0,0.751689,0.0375,1.0,0.92640625
2024-2025,mapped,preseason,2024-08-09,eng-championship,swansea-city,False,incumbent,61.0,61.01,0.08999014402173912,0.08999014402173912,11.0,2.5647499999999983,6.124688354316487,0.33352779974560043,1.0,9,1.0,17,1.0,20,1.0,22,0.010000000000005116,11.76957518349749,2.7198090000000024,0.5228050971657834,1,16,1,30,1,39,1,45,0.01675,0.0,0.00028056250000000005,0.11349999999999999,0.0,0.012882249999999998,0.0345,0.0,0.0011902500000000001,0.119,0.0,0.014160999999999998,0.0345,0.0,0.0011902500000000001
2024-2025,mapped,preseason,2024-08-09,eng-championship,watford,False,incumbent,57.0,62.53475,0.07552142663043478,0.07552142663043478,14.0,-1.2242499999999996,6.155401037909715,0.5780290177604579,1.0,10,1.0,17,1.0,20,1.0,21,5.5347500000000025,11.782435759956428,3.6921213125000056,0.3363992751256607,1,16,1,31,1,39,1,47,0.0175,0.0,0.00030625000000000004,0.0885,0.0,0.007832249999999999,0.04075,0.0,0.0016605625000000001,0.151,0.0,0.022801,0.04075,0.0,0.0016605625000000001
2024-2025,mapped,preseason,2024-08-09,eng-championship,west-bromwich-albion,False,incumbent,64.0,71.23375,0.0708706304347826,0.0708706304347826,9.0,-0.5295000000000005,5.705184462399091,0.6014328154364239,1.0,8,1.0,15,1.0,18,1.0,21,7.233750000000001,12.041931362431027,4.537683562500001,0.2660570759148364,1,16,1,30,1,40,1,48,0.06975,0.0,0.004865062500000001,0.025249999999999998,0.0,0.0006375624999999999,0.14875,0.0,0.0221265625,0.303,0.0,0.091809,0.14875,0.0,0.0221265625
2025-2026,retained,preseason,2025-08-08,eng-championship,birmingham-city,False,promoted_from_lower,64.0,55.04025,0.18355248097826088,0.18355248097826088,10.0,6.328250000000001,6.14853656876984,0.17623038419216125,0.0,10,1.0,16,1.0,19,1.0,21,-8.959750000000007,12.511599815271428,5.52619943749999,0.7571832355725657,0,17,1,32,1,42,1,49,0.005,0.0,2.5e-05,0.2635,0.0,0.06943225,0.018,0.0,0.00032399999999999996,0.06975,0.0,0.004865062500000001,1.018,0.0,1.036324
2025-2026,retained,preseason,2025-08-08,eng-championship,blackburn-rovers,False,incumbent,52.0,62.50925,0.25732665760869566,0.25732665760869566,22.0,-9.338000000000001,6.2268174856823935,0.9158340675292627,0.0,11,0.0,17,1.0,20,1.0,22,10.509250000000002,11.722688020991603,6.229927437499999,0.18333399459803737,0,15,1,30,1,39,1,46,0.0155,0.0,0.00024024999999999999,0.094,1.0,0.820836,0.043,0.0,0.0018489999999999997,0.16075,0.0,0.0258405625,0.043,0.0,0.0018489999999999997
2025-2026,retained,preseason,2025-08-08,eng-championship,bristol-city,False,incumbent,62.0,63.932,0.07229227717391305,0.07229227717391305,12.0,-0.08149999999999835,6.050732001171428,0.5133365918634336,1.0,10,1.0,16,1.0,19,1.0,21,1.931999999999995,11.353386102832934,2.80592299999999,0.43879560795343875,1,16,1,29,1,36,1,44,0.015,0.0,0.000225,0.06675,0.0,0.0044555625,0.04325,0.0,0.0018705624999999998,0.18075000000000002,0.0,0.03267056250000001,0.04325,0.0,0.0018705624999999998
2025-2026,retained,preseason,2025-08-08,eng-championship,charlton-athletic,False,promoted_from_lower,53.0,58.3115,0.12586537228260866,0.12586537228260866,20.0,-5.39925,6.994165385340842,0.7104210185602098,1.0,12,1.0,19,1.0,21,1.0,22,5.311500000000002,14.681500868439848,4.159120875000001,0.37321848727802753,1,20,1,37,1,47,1,57,0.023,0.0,0.000529,0.22374999999999998,0.0,0.05006406249999999,0.0485,0.0,0.00235225,0.12525,0.0,0.0156875625,0.0485,0.0,0.00235225
2025-2026,retained,preseason,2025-08-08,eng-championship,coventry-city,False,incumbent,95.0,67.3575,0.25175255163043475,0.25175255163043475,1.0,9.17175,5.930872780417736,0.017874741856162574,0.0,10,0.0,16,0.0,19,1.0,21,-27.6425,11.640605385889515,21.157171749999982,0.989493472525701,0,16,0,30,0,38,0,45,0.03275,1.0,0.9355725625,0.03975,0.0,0.0015800625,0.081,1.0,0.844561,0.24774999999999997,0.0,0.061380062499999985,0.081,1.0,0.844561
2025-2026,retained,preseason,2025-08-08,eng-championship,derby-county,False,incumbent,69.0,58.42375,0.1827912228260869,0.1827912228260869,8.0,6.7379999999999995,6.098184647909573,0.1554045131788026,0.0,10,1.0,17,1.0,19,1.0,21,-10.576249999999995,11.676480031991662,6.341938937500003,0.819078379009434,0,16,1,31,1,39,1,45,0.0095,0.0,9.025e-05,0.16275,0.0,0.026487562500000002,0.0195,0.0,0.00038025,0.0995,0.0,0.009900250000000001,0.0195,0.0,0.00038025
2025-2026,retained,preseason,2025-08-08,eng-championship,hull-city,False,incumbent,73.0,59.7605,0.22168047282608702,0.22168047282608702,6.0,8.0825,6.005680123849422,0.11144462094861794,0.0,9,1.0,16,1.0,19,1.0,21,-13.2395,11.291241727551492,8.252838749999999,0.8837474466452441,0,15,1,29,1,37,1,44,0.00875,0.0,7.656250000000001e-05,0.1305,0.0,0.01703025,0.022,0.0,0.00048399999999999995,0.10924999999999999,1.0,0.7934355625,0.022,1.0,0.956484
2025-2026,retained,preseason,2025-08-08,eng-championship,ipswich-town,True,relegated_from_pl,84.0,73.77525,0.11231522282608698,0.11231522282608698,2.0,5.497,5.711347564279379,0.1485407144931403,0.0,8,1.0,15,1.0,18,1.0,20,-10.22475,13.150218151707598,6.089737062500002,0.767123168515417,0,18,1,34,1,43,1,50,0.11775,0.0,0.013865062499999999,0.01825,0.0,0.00033306249999999997,0.23025,1.0,0.5925150625,0.29975,0.0,0.08985006250000001,0.23025,1.0,0.5925150625
2025-2026,retained,preseason,2025-08-08,eng-championship,leicester-city,True,relegated_from_pl,52.0,80.67325,0.5997717663043479,0.5997717663043479,21.0,-16.1085,4.584618604638776,0.993393315164213,0.0,6,0.0,11,0.0,14,0.0,17,28.673249999999996,13.034798979558527,21.43125481249999,0.01580703915860262,0,18,0,33,0,43,0,52,0.2525,0.0,0.06375625,0.004,0.0,1.6e-05,0.42275,0.0,0.1787175625,0.317,0.0,0.10048900000000001,0.42275,0.0,0.1787175625
2025-2026,retained,preseason,2025-08-08,eng-championship,middlesbrough,False,incumbent,80.0,67.558,0.1142862934782609,0.1142862934782609,5.0,5.0615000000000006,5.936599847555838,0.24852466147542385,1.0,9,1.0,16,1.0,19,1.0,21,-12.442000000000007,11.5138019784952,7.591382875000017,0.8624228624888193,0,15,1,30,1,38,1,45,0.03275,0.0,0.0010725625000000002,0.03725,0.0,0.0013875625,0.08675,0.0,0.007525562499999999,0.25425,1.0,0.5561430625,0.08675,0.0,0.007525562499999999
2025-2026,retained,preseason,2025-08-08,eng-championship,millwall,False,incumbent,83.0,60.98675,0.3016982608695652,0.3016982608695652,3.0,10.409500000000001,6.170803006902749,0.04640122398379003,0.0,11,0.0,17,1.0,20,1.0,22,-22.01325,11.680927807220623,15.682207312500008,0.966729954099246,0,16,0,30,0,38,1,46,0.01025,0.0,0.00010506250000000001,0.11025000000000001,0.0,0.012155062500000003,0.03125,0.0,0.0009765625,0.131,1.0,0.755161,0.03125,0.0,0.0009765625
2025-2026,retained,preseason,2025-08-08,eng-championship,norwich-city,False,incumbent,65.0,65.295,0.07994410326086959,0.07994410326086959,9.0,2.193999999999999,6.187597595189914,0.3984629064407769,1.0,10,1.0,17,1.0,20,1.0,21,0.2950000000000017,11.974200390840302,2.8143730000000016,0.5054874182494374,1,16,1,31,1,39,1,47,0.025,0.0,0.0006250000000000001,0.05925,0.0,0.0035105625,0.061,0.0,0.003721,0.21625,0.0,0.0467640625,0.061,0.0,0.003721
2025-2026,retained,preseason,2025-08-08,eng-championship,oxford-united,False,incumbent,47.0,55.446,0.15464039945652178,0.15464039945652178,23.0,-6.736249999999998,5.926692664336493,0.8892106180251694,0.0,9,1.0,16,1.0,19,1.0,21,8.445999999999998,11.751046081094227,4.920882249999987,0.2274249792953313,1,16,1,30,1,39,1,47,0.003,0.0,9e-06,0.23575000000000002,1.0,0.5840780624999999,0.013999999999999999,0.0,0.00019599999999999997,0.06925,0.0,0.004795562500000001,0.013999999999999999,0.0,0.00019599999999999997
2025-2026,retained,preseason,2025-08-08,eng-championship,portsmouth,False,incumbent,55.0,58.10225,0.08662421739130434,0.08662421739130434,18.0,-3.1050000000000004,6.1496321028172085,0.6353134726609666,1.0,10,1.0,17,1.0,20,1.0,21,3.102249999999998,11.751969832223871,3.060320437500014,0.41024201646456543,1,16,1,31,1,39,1,45,0.00625,0.0,3.906250000000001e-05,0.172,0.0,0.029583999999999996,0.018500000000000003,0.0,0.0003422500000000001,0.0995,0.0,0.009900250000000001,0.018500000000000003,0.0,0.0003422500000000001
2025-2026,retained,preseason,2025-08-08,eng-championship,preston-north-end,False,incumbent,60.0,56.1765,0.08728454076086957,0.08728454076086957,14.0,1.9107500000000002,5.906672873750501,0.36958686950952335,1.0,9,1.0,16,1.0,19,1.0,20,-3.823500000000003,11.49568822428653,3.250614625000005,0.6343138192577689,1,16,1,29,1,38,1,45,0.00325,0.0,1.05625e-05,0.21600000000000003,0.0,0.04665600000000001,0.0105,0.0,0.00011025000000000001,0.07500000000000001,0.0,0.0056250000000000015,0.0105,0.0,0.00011025000000000001
2025-2026,retained,preseason,2025-08-08,eng-championship,queens-park-rangers,False,incumbent,58.0,57.4035,0.07315138315217391,0.07315138315217391,15.0,0.3022500000000008,5.968031077122505,0.4358057432309922,1.0,9,1.0,16,1.0,20,1.0,21,-0.5964999999999989,11.49011260823844,2.7209457499999967,0.5407581097155513,1,15,1,29,1,38,1,46,0.00575,0.0,3.30625e-05,0.17149999999999999,0.0,0.029412249999999994,0.0155,0.0,0.00024024999999999999,0.07775000000000001,0.0,0.006045062500000002,0.0155,0.0,0.00024024999999999999
2025-2026,retained,preseason,2025-08-08,eng-championship,sheffield-united,False,incumbent,60.0,76.69325,0.22133127717391302,0.22133127717391302,13.0,-6.9165,4.894489529052033,0.8858116510298648,0.0,6,1.0,12,1.0,15,1.0,18,16.693250000000006,11.956385508902764,10.789665437500002,0.0740342227423244,0,16,0,31,1,39,1,46,0.15075,0.0,0.022725562499999998,0.009,0.0,8.099999999999999e-05,0.28300000000000003,0.0,0.08008900000000002,0.353,0.0,0.12460899999999998,0.28300000000000003,0.0,0.08008900000000002
2025-2026,retained,preseason,2025-08-08,eng-championship,sheffield-wednesday,False,incumbent,18.0,56.865,0.21903104076086957,0.21903104076086957,24.0,-8.47475,6.0322767208990005,0.95117596279416,0.0,10,0.0,16,1.0,19,1.0,21,38.865,11.717093282892307,32.24161037499999,0.0,0,16,0,30,0,38,0,46,0.0045,0.0,2.0249999999999998e-05,0.20600000000000002,1.0,0.630436,0.013749999999999998,0.0,0.00018906249999999997,0.08449999999999999,0.0,0.007140249999999999,0.013749999999999998,0.0,0.00018906249999999997
2025-2026,retained,preseason,2025-08-08,eng-championship,southampton,True,relegated_from_pl,80.0,71.62275,0.09101358152173913,0.09101358152173913,4.0,4.422499999999999,6.17604191614662,0.34213851362343534,1.0,10,1.0,16,1.0,20,1.0,21,-8.377250000000004,13.419423699902318,5.194612812499991,0.7405883023219022,1,19,1,35,1,44,1,51,0.095,0.0,0.009025,0.03275,0.0,0.0010725625000000002,0.187,0.0,0.034969,0.29300000000000004,1.0,0.499849,0.187,0.0,0.034969
2025-2026,retained,preseason,2025-08-08,eng-championship,stoke-city,False,incumbent,55.0,55.61875,0.06607878532608695,0.06607878532608695,17.0,-0.7977500000000006,5.804467670467293,0.4927601998595801,1.0,9,1.0,15,1.0,19,1.0,20,0.6187499999999915,11.337852461445245,2.6412260625000137,0.5010417159671285,1,15,1,29,1,38,1,44,0.00275,0.0,7.562499999999999e-06,0.22000000000000003,0.0,0.04840000000000001,0.010249999999999999,0.0,0.00010506249999999997,0.06475,0.0,0.0041925625,0.010249999999999999,0.0,0.00010506249999999997
2025-2026,retained,preseason,2025-08-08,eng-championship,swansea-city,False,incumbent,64.0,60.9135,0.08996068206521737,0.08996068206521737,11.0,2.4812499999999993,6.232908505465166,0.3765394100258359,1.0,10,1.0,17,1.0,20,1.0,22,-3.086500000000001,11.782233139350112,3.1029519999999966,0.6179914071062456,1,16,1,30,1,39,1,46,0.01325,0.0,0.0001755625,0.11825,0.0,0.013983062499999999,0.033,0.0,0.0010890000000000001,0.1375,0.0,0.018906250000000003,0.033,0.0,0.0010890000000000001
2025-2026,retained,preseason,2025-08-08,eng-championship,watford,False,incumbent,57.0,59.61575,0.0769796168478261,0.0769796168478261,16.0,-1.8182500000000008,6.0931696954458765,0.5909956749018943,1.0,10,1.0,17,1.0,19,1.0,21,2.6157500000000056,11.513474798578404,2.895836187499995,0.42803536464710673,1,15,1,30,1,38,1,46,0.00775,0.0,6.0062499999999996e-05,0.1305,0.0,0.01703025,0.02225,0.0,0.0004950625,0.11,0.0,0.0121,0.02225,0.0,0.0004950625
2025-2026,retained,preseason,2025-08-08,eng-championship,west-bromwich-albion,False,incumbent,53.0,68.315,0.2744357255434781,0.2744357255434781,19.0,-9.26775,5.976793449459333,0.896270527306876,0.0,9,1.0,16,1.0,19,1.0,21,15.314999999999998,11.913680161897917,9.714758750000001,0.10391343167071278,0,16,1,31,1,40,1,47,0.03825,0.0,0.0014630625,0.04,0.0,0.0016,0.09825,0.0,0.0096530625,0.273,0.0,0.07452900000000001,0.09825,0.0,0.0096530625
2025-2026,retained,preseason,2025-08-08,eng-championship,wrexham,False,promoted_from_lower,71.0,63.44625,0.15305387228260875,0.15305387228260875,7.0,5.44425,8.463060435652105,0.3431168761033029,1.0,17,1.0,23,1.0,23,1.0,23,-7.553750000000001,21.659123041746174,6.3801694374999975,0.6480082007169706,1,30,1,56,1,71,1,82,0.12175,0.0,0.0148230625,0.23825000000000002,0.0,0.05676306250000001,0.18675,0.0,0.0348755625,0.1515,0.0,0.02295225,0.18675,0.0,0.0348755625
2025-2026,generic,preseason,2025-08-08,eng-championship,birmingham-city,False,promoted_from_lower,64.0,55.318,0.18124093206521735,0.18124093206521735,10.0,6.26125,6.136815007599626,0.18106908016513856,0.0,10,1.0,17,1.0,19,1.0,21,-8.682000000000002,12.444170362061104,5.316756624999995,0.7519749865164165,1,17,1,32,1,41,1,47,0.007,0.0,4.9000000000000005e-05,0.253,0.0,0.064009,0.0165,0.0,0.00027225000000000003,0.0715,0.0,0.005112249999999999,1.0165,0.0,1.03327225
2025-2026,generic,preseason,2025-08-08,eng-championship,blackburn-rovers,False,incumbent,52.0,62.5625,0.2550607418478261,0.2550607418478261,22.0,-9.344249999999999,6.315753473458254,0.9101779551909994,0.0,11,1.0,18,1.0,20,1.0,21,10.562500000000007,11.734547019378295,6.264754250000008,0.18243999508912487,0,16,1,31,1,39,1,45,0.0185,0.0,0.00034224999999999994,0.1015,1.0,0.80730225,0.0455,0.0,0.00207025,0.1605,0.0,0.025760250000000002,0.0455,0.0,0.00207025
2025-2026,generic,preseason,2025-08-08,eng-championship,bristol-city,False,incumbent,62.0,64.18525,0.07434997010869562,0.07434997010869562,12.0,-0.16574999999999918,6.231233981925249,0.5112666552211822,1.0,10,1.0,18,1.0,20,1.0,22,2.1852499999999964,11.629163015346375,2.868944937500017,0.430422917390575,1,16,1,29,1,38,1,46,0.027,0.0,0.0007289999999999999,0.0675,0.0,0.00455625,0.0615,0.0,0.00378225,0.18124999999999997,0.0,0.03285156249999999,0.0615,0.0,0.00378225
2025-2026,generic,preseason,2025-08-08,eng-championship,charlton-athletic,False,promoted_from_lower,53.0,59.66825,0.14251931521739128,0.14251931521739128,20.0,-6.003500000000001,7.236296549340691,0.7259152764071015,1.0,13,1.0,19,1.0,22,1.0,23,6.6682500000000005,14.890523561564248,4.676847812499991,0.33381285779959574,1,21,1,38,1,50,1,58,0.034,0.0,0.0011560000000000001,0.20975,0.0,0.043995062499999994,0.06875,0.0,0.004726562500000001,0.1395,0.0,0.019460250000000005,0.06875,0.0,0.004726562500000001
2025-2026,generic,preseason,2025-08-08,eng-championship,coventry-city,False,incumbent,95.0,67.38575,0.24758526086956523,0.24758526086956523,1.0,9.167,6.082401746021056,0.024833610823065563,0.0,10,0.0,16,0.0,19,1.0,22,-27.61425,11.696086821561304,21.080402437500002,0.9902402087885515,0,16,0,31,0,39,0,46,0.0455,1.0,0.91107025,0.045500000000000006,0.0,0.0020702500000000005,0.096,1.0,0.8172159999999999,0.2395,0.0,0.057360249999999995,0.096,1.0,0.8172159999999999
2025-2026,generic,preseason,2025-08-08,eng-championship,derby-county,False,incumbent,69.0,58.635,0.18149737771739133,0.18149737771739133,8.0,6.68075,6.190543549438934,0.1629258698933526,0.0,10,1.0,17,1.0,19,1.0,21,-10.364999999999995,11.575244057902191,6.217471750000002,0.811783802287115,0,16,1,30,1,38,1,44,0.00725,0.0,5.2562500000000004e-05,0.16599999999999998,0.0,0.027555999999999994,0.02125,0.0,0.0004515625000000001,0.105,0.0,0.011024999999999998,0.02125,0.0,0.0004515625000000001
2025-2026,generic,preseason,2025-08-08,eng-championship,hull-city,False,incumbent,73.0,60.19425,0.21220980706521736,0.21220980706521736,6.0,7.89475,6.24573233796486,0.13452619744753241,0.0,10,1.0,17,1.0,20,1.0,22,-12.805749999999989,11.673110850904312,7.837050687500003,0.8660818455212624,0,16,1,30,1,38,1,45,0.01,0.0,0.0001,0.134,0.0,0.017956000000000003,0.027749999999999997,0.0,0.0007700624999999998,0.127,1.0,0.7621290000000001,0.027749999999999997,1.0,0.9452700625
2025-2026,generic,preseason,2025-08-08,eng-championship,ipswich-town,True,relegated_from_pl,84.0,73.405,0.11089258695652177,0.11089258695652177,2.0,5.467499999999999,5.762112785255075,0.15538017163323178,0.0,8,1.0,15,1.0,18,1.0,20,-10.594999999999999,12.600852153723572,6.270745874999997,0.7872325824403504,0,17,1,33,1,41,1,48,0.125,0.0,0.015625,0.022000000000000002,0.0,0.0004840000000000001,0.236,1.0,0.583696,0.29474999999999996,0.0,0.08687756249999998,0.236,1.0,0.583696
2025-2026,generic,preseason,2025-08-08,eng-championship,leicester-city,True,relegated_from_pl,52.0,73.1665,0.4507762907608698,0.4507762907608698,21.0,-13.45025,5.7189618758564915,0.9753506606347981,0.0,8,0.0,15,0.0,18,1.0,20,21.1665,12.43130233523423,14.56642999999999,0.04679975803673945,0,16,0,32,0,41,1,49,0.11325,0.0,0.0128255625,0.01875,0.0,0.0003515625,0.21575,0.0,0.0465480625,0.31925000000000003,0.0,0.10192056250000002,0.21575,0.0,0.0465480625
2025-2026,generic,preseason,2025-08-08,eng-championship,middlesbrough,False,incumbent,80.0,67.57575,0.11832351358695652,0.11832351358695652,5.0,5.131250000000001,6.034071878715069,0.24783753113275725,1.0,10,1.0,16,1.0,19,1.0,21,-12.42425,11.790388540565573,7.682855312499997,0.8516728624888195,0,15,1,30,1,40,1,46,0.04625,0.0,0.0021390625,0.03975,0.0,0.0015800625,0.0985,0.0,0.00970225,0.23349999999999999,1.0,0.58752225,0.0985,0.0,0.00970225
2025-2026,generic,preseason,2025-08-08,eng-championship,millwall,False,incumbent,83.0,61.29025,0.2974006929347826,0.2974006929347826,3.0,10.35725,6.273047300754235,0.05088362712185601,0.0,11,0.0,17,1.0,20,1.0,22,-21.70975,11.568038076419874,15.4664321875,0.9668218042510698,0,16,0,29,0,37,1,44,0.014,0.0,0.00019600000000000002,0.10575000000000001,0.0,0.011183062500000002,0.03375,0.0,0.0011390625,0.14275000000000002,1.0,0.7348775624999999,0.03375,0.0,0.0011390625
2025-2026,generic,preseason,2025-08-08,eng-championship,norwich-city,False,incumbent,65.0,65.285,0.08017660869565217,0.08017660869565217,9.0,2.2439999999999998,6.208257726608972,0.3954104391116196,1.0,10,1.0,17,1.0,20,1.0,22,0.2849999999999966,11.67031597687055,2.769742000000001,0.5035951626487909,1,16,1,30,1,39,1,45,0.02875,0.0,0.0008265625,0.057999999999999996,0.0,0.0033639999999999994,0.07075000000000001,0.0,0.005005562500000001,0.19999999999999998,0.0,0.039999999999999994,0.07075000000000001,0.0,0.005005562500000001
2025-2026,generic,preseason,2025-08-08,eng-championship,oxford-united,False,incumbent,47.0,55.225,0.14728427445652176,0.14728427445652176,23.0,-6.610250000000001,6.042461827558367,0.8768542858960015,0.0,10,1.0,16,1.0,19,1.0,21,8.225000000000001,11.97148173786353,4.83336574999999,0.24133414402610015,1,16,1,31,1,39,1,47,0.004,0.0,1.6e-05,0.25975000000000004,1.0,0.5479700624999999,0.017,0.0,0.00028900000000000003,0.06625,0.0,0.004389062500000001,0.017,0.0,0.00028900000000000003
2025-2026,generic,preseason,2025-08-08,eng-championship,portsmouth,False,incumbent,55.0,58.646,0.0880984429347826,0.0880984429347826,18.0,-3.271750000000001,6.261421718547633,0.6422236897022771,1.0,10,1.0,18,1.0,20,1.0,22,3.646000000000001,11.737320137067064,3.1109383750000115,0.3930426482911003,1,15,1,30,1,38,1,45,0.0105,0.0,0.00011025000000000001,0.16225,0.0,0.026325062500000003,0.028499999999999998,0.0,0.0008122499999999998,0.102,0.0,0.010403999999999998,0.028499999999999998,0.0,0.0008122499999999998
2025-2026,generic,preseason,2025-08-08,eng-championship,preston-north-end,False,incumbent,60.0,56.85225,0.0845336793478261,0.0845336793478261,14.0,1.6275000000000013,6.030194337664417,0.3986562873998874,1.0,10,1.0,16,1.0,19,1.0,21,-3.147750000000002,11.500409555207154,3.06865243749999,0.5992608921464341,1,16,1,30,1,37,1,45,0.00675,0.0,4.5562499999999996e-05,0.20350000000000001,0.0,0.041412250000000005,0.01675,0.0,0.00028056250000000005,0.078,0.0,0.006084,0.01675,0.0,0.00028056250000000005
2025-2026,generic,preseason,2025-08-08,eng-championship,queens-park-rangers,False,incumbent,58.0,57.3595,0.07485915489130435,0.07485915489130435,15.0,0.4117500000000014,6.030854992246124,0.4307595324478367,1.0,10,1.0,17,1.0,19,1.0,21,-0.640500000000003,11.4955756597919,2.7679943749999874,0.5344287726697521,1,16,1,29,1,37,1,45,0.0065,0.0,4.225e-05,0.19199999999999998,0.0,0.036863999999999994,0.017249999999999998,0.0,0.0002975624999999999,0.083,0.0,0.006889000000000001,0.017249999999999998,0.0,0.0002975624999999999
2025-2026,generic,preseason,2025-08-08,eng-championship,sheffield-united,False,incumbent,60.0,76.38025,0.22203212500000005,0.22203212500000005,13.0,-6.944999999999999,4.896475773451759,0.8817374511824374,0.0,7,1.0,13,1.0,15,1.0,17,16.38024999999999,11.592720126764899,10.646041812499995,0.07982354773925832,0,15,0,30,1,39,1,45,0.1545,0.0,0.02387025,0.00775,0.0,6.0062499999999996e-05,0.29375,0.0,0.08628906250000001,0.34550000000000003,0.0,0.11937025000000002,0.29375,0.0,0.08628906250000001
2025-2026,generic,preseason,2025-08-08,eng-championship,sheffield-wednesday,False,incumbent,18.0,57.06425,0.21985514130434777,0.21985514130434777,24.0,-8.468499999999999,5.989366222731751,0.9509896115071145,0.0,10,0.0,16,1.0,19,1.0,21,39.06425,11.41670363710559,32.61178968749999,0.0,0,16,0,30,0,38,0,45,0.00275,0.0,7.562499999999999e-06,0.19475,1.0,0.6484275625,0.0125,0.0,0.00015625000000000003,0.08650000000000001,0.0,0.007482250000000001,0.0125,0.0,0.00015625000000000003
2025-2026,generic,preseason,2025-08-08,eng-championship,southampton,True,relegated_from_pl,80.0,73.1755,0.07411838586956523,0.07411838586956523,4.0,3.5515000000000008,5.721568644174428,0.3936304610683836,1.0,8,1.0,15,1.0,18,1.0,20,-6.8245000000000005,12.463414449900958,4.3745511249999955,0.7033474403877267,1,17,1,32,1,41,1,48,0.11875,0.0,0.0141015625,0.019,0.0,0.000361,0.22425,0.0,0.0502880625,0.30725,1.0,0.47990256249999996,0.22425,0.0,0.0502880625
2025-2026,generic,preseason,2025-08-08,eng-championship,stoke-city,False,incumbent,55.0,55.77075,0.06737210326086958,0.06737210326086958,17.0,-0.838000000000001,5.8458751269591795,0.4924603905524212,1.0,9,1.0,16,1.0,19,1.0,20,0.7707499999999996,11.355645927797326,2.684542812500003,0.48269946967988775,1,15,1,29,1,37,1,44,0.00225,0.0,5.062499999999999e-06,0.22549999999999998,0.0,0.05085024999999999,0.01175,0.0,0.0001380625,0.06225,0.0,0.0038750625,0.01175,0.0,0.0001380625
2025-2026,generic,preseason,2025-08-08,eng-championship,swansea-city,False,incumbent,64.0,61.0655,0.09101266576086953,0.09101266576086953,11.0,2.4822500000000005,6.24853462321367,0.3762192519755161,1.0,11,1.0,17,1.0,20,1.0,22,-2.9345,11.532831818334992,3.0360964999999913,0.6124415980594401,1,16,1,30,1,38,1,45,0.01225,0.0,0.00015006250000000002,0.11499999999999999,0.0,0.013224999999999997,0.03375,0.0,0.0011390625,0.13825,0.0,0.019113062500000003,0.03375,0.0,0.0011390625
2025-2026,generic,preseason,2025-08-08,eng-championship,watford,False,incumbent,57.0,59.59725,0.07631000815217391,0.07631000815217391,16.0,-1.7232500000000002,6.196423116403527,0.5870776866774733,1.0,10,1.0,17,1.0,19,1.0,22,2.5972499999999954,11.627146788335477,2.888503812500004,0.4197059607190075,1,15,1,30,1,38,1,46,0.012,0.0,0.000144,0.14425000000000002,0.0,0.020808062500000005,0.03,0.0,0.0009,0.10725,0.0,0.011502562499999999,0.03,0.0,0.0009
2025-2026,generic,preseason,2025-08-08,eng-championship,west-bromwich-albion,False,incumbent,53.0,68.6095,0.28124587771739123,0.28124587771739123,19.0,-9.463750000000001,5.93230022314279,0.9076272099525388,0.0,9,0.0,16,1.0,19,1.0,21,15.609499999999997,11.62161820703124,10.031386125000015,0.08983709911944467,0,15,0,29,1,38,1,46,0.051,0.0,0.0026009999999999996,0.035250000000000004,0.0,0.0012425625000000002,0.108,0.0,0.011663999999999999,0.2615,0.0,0.06838225,0.108,0.0,0.011663999999999999
2025-2026,generic,preseason,2025-08-08,eng-championship,wrexham,False,promoted_from_lower,71.0,64.66775,0.14696294021739129,0.14696294021739129,7.0,5.0074999999999985,8.485042354048682,0.36628594603688536,1.0,18,1.0,23,1.0,23,1.0,23,-6.332250000000002,21.377438105102772,6.0339384374999945,0.627210368826039,1,29,1,56,1,70,1,83,0.14225,0.0,0.020235062499999998,0.2195,0.0,0.04818025,0.21449999999999997,0.0,0.04601024999999999,0.14775,0.0,0.021830062499999997,0.21449999999999997,0.0,0.04601024999999999
2025-2026,mapped,preseason,2025-08-08,eng-championship,birmingham-city,False,promoted_from_lower,64.0,55.942,0.17664389130434782,0.17664389130434782,10.0,6.059000000000001,6.327481252441607,0.19092347617564737,0.0,11,1.0,17,1.0,20,1.0,21,-8.058,12.53368006612583,5.061168624999999,0.7348204894828049,1,16,1,32,1,41,1,50,0.0115,0.0,0.00013225,0.2555,0.0,0.06528025,0.02375,0.0,0.0005640625,0.07775,0.0,0.0060450625,1.02375,0.0,1.0480640625
2025-2026,mapped,preseason,2025-08-08,eng-championship,blackburn-rovers,False,incumbent,52.0,62.695,0.2576456902173913,0.2576456902173913,22.0,-9.413,6.349955196692336,0.9131523596648825,0.0,11,0.0,17,1.0,20,1.0,22,10.695,11.583564865791534,6.35608525,0.17412199361586234,0,16,1,30,1,37,1,45,0.0165,0.0,0.00027225000000000003,0.09675,1.0,0.8158605624999999,0.048,0.0,0.002304,0.1615,0.0,0.02608225,0.048,0.0,0.002304
2025-2026,mapped,preseason,2025-08-08,eng-championship,bristol-city,False,incumbent,62.0,64.66475,0.07714289470108694,0.07714289470108694,12.0,-0.4788750000000004,6.286795983199629,0.533716417629625,1.0,11,1.0,17,1.0,20,1.0,22,2.664749999999998,11.41896919329849,2.9719210624999874,0.4167771324563489,1,16,1,29,1,37,1,44,0.0285,0.0,0.00081225,0.0655,0.0,0.004290250000000001,0.06975,0.0,0.004865062500000001,0.196,0.0,0.038416000000000006,0.06975,0.0,0.004865062500000001
2025-2026,mapped,preseason,2025-08-08,eng-championship,charlton-athletic,False,promoted_from_lower,53.0,59.829,0.1424491875,0.1424491875,20.0,-6.002749999999999,7.214273521117701,0.7263888950369418,1.0,13,1.0,20,1.0,22,1.0,23,6.829000000000001,14.690277703297511,4.640558499999992,0.33277415028532925,1,20,1,38,1,48,1,57,0.03175,0.0,0.0010080625,0.2105,0.0,0.044310249999999995,0.06775,0.0,0.0045900625,0.1395,0.0,0.019460250000000005,0.06775,0.0,0.0045900625
2025-2026,mapped,preseason,2025-08-08,eng-championship,coventry-city,False,incumbent,95.0,67.82225,0.23510707608695644,0.23510707608695644,1.0,8.910499999999999,6.145607354037516,0.027699027456496206,0.0,10,0.0,17,1.0,20,1.0,21,-27.177750000000003,11.718026921692065,20.655235562500007,0.9869869450514017,0,16,0,30,0,38,0,46,0.05075,1.0,0.9010755625,0.0425,0.0,0.0018062500000000003,0.11275,1.0,0.7872125624999999,0.24175,0.0,0.0584430625,0.11275,1.0,0.7872125624999999
2025-2026,mapped,preseason,2025-08-08,eng-championship,derby-county,False,incumbent,69.0,59.488,0.1715458940217391,0.1715458940217391,8.0,6.36975,6.204920220075356,0.17116079375340282,0.0,10,1.0,17,1.0,20,1.0,22,-9.512,11.430785449828022,5.763299375000008,0.798098809499131,0,15,1,29,1,38,1,45,0.00925,0.0,8.556249999999999e-05,0.14975,0.0,0.0224250625,0.027249999999999996,0.0,0.0007425624999999998,0.10750000000000001,0.0,0.011556250000000002,0.027249999999999996,0.0,0.0007425624999999998
2025-2026,mapped,preseason,2025-08-08,eng-championship,hull-city,False,incumbent,73.0,60.41475,0.21180808763586959,0.21180808763586959,6.0,7.859875000000001,6.292792701525691,0.1347419779435521,0.0,10,1.0,17,1.0,20,1.0,22,-12.585250000000002,11.550183220949355,7.722937187500004,0.8671208483312168,0,16,1,29,1,38,1,45,0.01325,0.0,0.0001755625,0.133,0.0,0.017689000000000003,0.036,0.0,0.0012959999999999998,0.1205,1.0,0.77352025,0.036,1.0,0.929296
2025-2026,mapped,preseason,2025-08-08,eng-championship,ipswich-town,True,relegated_from_pl,84.0,71.44675,0.13261303532608695,0.13261303532608695,2.0,6.248749999999999,6.109776872971713,0.1278668620840702,0.0,9,1.0,17,1.0,19,1.0,21,-12.553249999999991,12.521827519875044,7.400136437499994,0.8292729243174727,0,17,1,32,1,42,1,48,0.10125,0.0,0.010251562500000002,0.0305,0.0,0.00093025,0.1985,1.0,0.64240225,0.28974999999999995,0.0,0.08395506249999997,0.1985,1.0,0.64240225
2025-2026,mapped,preseason,2025-08-08,eng-championship,leicester-city,True,relegated_from_pl,52.0,71.61575,0.41718125271739126,0.41718125271739126,21.0,-12.84225,6.032276928117607,0.9621159151862677,0.0,9,0.0,17,0.0,19,1.0,21,19.61574999999999,12.49808393064713,13.196920937500003,0.060299758036739454,0,17,0,33,1,41,1,48,0.1035,0.0,0.01071225,0.03075,0.0,0.0009455625,0.20475,0.0,0.041922562499999996,0.28200000000000003,0.0,0.07952400000000001,0.20475,0.0,0.041922562499999996
2025-2026,mapped,preseason,2025-08-08,eng-championship,middlesbrough,False,incumbent,80.0,68.07925,0.10907515217391305,0.10907515217391305,5.0,4.827,6.151916042990184,0.2826412899716057,1.0,10,1.0,17,1.0,20,1.0,21,-11.920749999999998,11.575835582691212,7.15690918749999,0.8517962471607732,0,16,1,30,1,38,1,45,0.0535,0.0,0.0028622499999999998,0.0345,0.0,0.0011902500000000001,0.11599999999999999,0.0,0.013455999999999997,0.25225,1.0,0.5591300625,0.11599999999999999,0.0,0.013455999999999997
2025-2026,mapped,preseason,2025-08-08,eng-championship,millwall,False,incumbent,83.0,61.617,0.2905683043478261,0.2905683043478261,3.0,10.215,6.3497066861391325,0.06253402577697059,0.0,11,0.0,18,1.0,20,1.0,22,-21.382999999999996,11.657886214919067,15.110512875000008,0.9659288531883023,0,16,0,30,0,39,1,45,0.016,0.0,0.000256,0.11674999999999999,0.0,0.013630562499999999,0.04625,0.0,0.0021390625,0.14025,1.0,0.7391700625,0.04625,0.0,0.0021390625
2025-2026,mapped,preseason,2025-08-08,eng-championship,norwich-city,False,incumbent,65.0,65.5455,0.080419875,0.080419875,9.0,2.1434999999999995,6.24270836656655,0.3997376006378155,1.0,10,1.0,17,1.0,20,1.0,22,0.5455000000000041,11.565830266349234,2.7205195000000044,0.4994874182494375,1,15,1,30,1,39,1,47,0.03225,0.0,0.0010400625,0.06075,0.0,0.0036905625,0.07625,0.0,0.0058140625,0.2075,0.0,0.04305625,0.07625,0.0,0.0058140625
2025-2026,mapped,preseason,2025-08-08,eng-championship,oxford-united,False,incumbent,47.0,56.20375,0.16089663043478258,0.16089663043478258,23.0,-6.984000000000002,6.114633594909837,0.889286312625081,0.0,9,1.0,16,1.0,20,1.0,21,9.20375,11.945699474601728,5.371904062499999,0.21155819109203414,0,16,1,30,1,39,1,47,0.01125,0.0,0.0001265625,0.22675,1.0,0.5979155625,0.020999999999999998,0.0,0.00044099999999999993,0.07325000000000001,0.0,0.005365562500000001,0.020999999999999998,0.0,0.00044099999999999993
2025-2026,mapped,preseason,2025-08-08,eng-championship,portsmouth,False,incumbent,55.0,58.911,0.09368272010869566,0.09368272010869566,18.0,-3.41075,6.307220817245898,0.6484594595522662,1.0,10,1.0,17,1.0,20,1.0,22,3.9110000000000014,11.80171932389514,3.308764375000008,0.3810394891584261,1,16,1,30,1,38,1,46,0.011,0.0,0.00012099999999999999,0.17074999999999999,0.0,0.029155562499999996,0.027,0.0,0.0007289999999999999,0.1045,0.0,0.01092025,0.027,0.0,0.0007289999999999999
2025-2026,mapped,preseason,2025-08-08,eng-championship,preston-north-end,False,incumbent,60.0,57.1625,0.08517530706521736,0.08517530706521736,14.0,1.5062500000000014,6.150200072965107,0.3924450454633609,1.0,10,1.0,17,1.0,20,1.0,21,-2.8375000000000057,11.532284845164032,3.0545392499999924,0.5937344285907667,1,16,1,30,1,37,1,45,0.00675,0.0,4.5562499999999996e-05,0.20275,0.0,0.04110756250000001,0.01825,0.0,0.00033306249999999997,0.08875,0.0,0.0078765625,0.01825,0.0,0.00033306249999999997
2025-2026,mapped,preseason,2025-08-08,eng-championship,queens-park-rangers,False,incumbent,58.0,57.97525,0.07531613315217392,0.07531613315217392,15.0,0.17774999999999963,6.204728433823676,0.4420071641873089,1.0,9,1.0,17,1.0,20,1.0,21,-0.024749999999997385,11.581909921834999,2.710827312499994,0.5177175596365599,1,16,1,30,1,38,1,45,0.01175,0.0,0.0001380625,0.19125,0.0,0.0365765625,0.02475,0.0,0.0006125625,0.08725,0.0,0.007612562499999999,0.02475,0.0,0.0006125625
2025-2026,mapped,preseason,2025-08-08,eng-championship,sheffield-united,False,incumbent,60.0,74.8285,0.1999215326086957,0.1999215326086957,13.0,-6.384,5.263653104071354,0.8528637847700582,0.0,7,1.0,13,1.0,17,1.0,19,14.828500000000005,11.692308914410361,9.395160375000003,0.09247574547238446,0,16,1,30,1,38,1,45,0.1445,0.0,0.020880249999999996,0.011,0.0,0.00012099999999999999,0.2605,0.0,0.06786025000000001,0.33699999999999997,0.0,0.11356899999999998,0.2605,0.0,0.06786025000000001
2025-2026,mapped,preseason,2025-08-08,eng-championship,sheffield-wednesday,False,incumbent,18.0,57.3375,0.22342243750000004,0.22342243750000004,24.0,-8.62425,6.1186650453755025,0.9547166372480186,0.0,10,0.0,17,1.0,20,1.0,21,39.337500000000006,11.528078493400365,32.82199812500001,0.0,0,15,0,29,0,39,0,44,0.007,0.0,4.9000000000000005e-05,0.19925,1.0,0.6412005624999999,0.0195,0.0,0.00038025,0.08825,0.0,0.007788062499999999,0.0195,0.0,0.00038025
2025-2026,mapped,preseason,2025-08-08,eng-championship,southampton,True,relegated_from_pl,80.0,68.447,0.12464204891304345,0.12464204891304345,4.0,5.705500000000001,6.507823733783821,0.26609918789379633,1.0,11,1.0,18,1.0,21,1.0,22,-11.552999999999997,12.800983985616105,6.761534125,0.8224968247204584,0,17,1,33,1,42,1,50,0.07525,0.0,0.005662562499999999,0.055499999999999994,0.0,0.0030802499999999992,0.14525,0.0,0.021097562499999997,0.252,1.0,0.559504,0.14525,0.0,0.021097562499999997
2025-2026,mapped,preseason,2025-08-08,eng-championship,stoke-city,False,incumbent,55.0,56.37825,0.0694486929347826,0.0694486929347826,17.0,-1.1092500000000012,6.019536064972118,0.5132881312101573,1.0,9,1.0,16,1.0,19,1.0,21,1.3782499999999942,11.493527610681587,2.7066469375000057,0.45717326670968034,1,15,1,29,1,39,1,46,0.00525,0.0,2.7562500000000002e-05,0.21749999999999997,0.0,0.04730624999999999,0.01525,0.0,0.0002325625,0.07450000000000001,0.0,0.005550250000000001,0.01525,0.0,0.0002325625
2025-2026,mapped,preseason,2025-08-08,eng-championship,swansea-city,False,incumbent,64.0,61.95675,0.08619433152173914,0.08619433152173914,11.0,2.0389999999999997,6.343932455504235,0.3972282614464806,1.0,10,1.0,18,1.0,21,1.0,22,-2.0432500000000005,11.621160847243274,2.8467969375000104,0.5916398794806891,1,16,1,31,1,38,1,46,0.019,0.0,0.000361,0.10425,0.0,0.0108680625,0.05,0.0,0.0025000000000000005,0.13975,0.0,0.019530062500000004,0.05,0.0,0.0025000000000000005
2025-2026,mapped,preseason,2025-08-08,eng-championship,watford,False,incumbent,57.0,59.97025,0.08109597282608694,0.08109597282608694,16.0,-1.9120000000000008,6.382339383016231,0.590912221426947,1.0,11,1.0,17,1.0,20,1.0,22,2.97025,11.91869812259292,3.06155318750001,0.41416770452727214,1,16,1,31,1,40,1,47,0.0155,0.0,0.00024024999999999999,0.14400000000000002,0.0,0.020736000000000004,0.035500000000000004,0.0,0.0012602500000000003,0.1185,0.0,0.01404225,0.035500000000000004,0.0,0.0012602500000000003
2025-2026,mapped,preseason,2025-08-08,eng-championship,west-bromwich-albion,False,incumbent,53.0,69.0885,0.29107951358695655,0.29107951358695655,19.0,-9.73975,6.053967289100594,0.903268379653303,0.0,10,1.0,17,1.0,20,1.0,21,16.088499999999996,11.707889124432295,10.391888000000016,0.08925820762367176,0,16,0,30,1,38,1,46,0.06275,0.0,0.0039375625,0.0345,0.0,0.0011902500000000001,0.1325,0.0,0.017556250000000002,0.27149999999999996,0.0,0.07371224999999998,0.1325,0.0,0.017556250000000002
2025-2026,mapped,preseason,2025-08-08,eng-championship,wrexham,False,promoted_from_lower,71.0,65.24475,0.1434648152173913,0.1434648152173913,7.0,4.839,8.559619091992353,0.3777769423665222,1.0,18,1.0,23,1.0,23,1.0,23,-5.755250000000004,21.545483225899112,5.910654937499995,0.6159094396364383,1,30,1,57,1,70,1,83,0.162,0.0,0.026244,0.21575,0.0,0.0465480625,0.2235,0.0,0.049952250000000004,0.1485,0.0,0.02205225,0.2235,0.0,0.049952250000000004
