season_id,model_id,origin,as_of,match_id,appearance,log_loss,brier,score_nll
2016-2017,retained,preseason,2016-08-05,eng-championship:2016-2017:fulham:newcastle-united,1,0.9554795219462251,0.5784694930095546,2.45891464916172
2016-2017,retained,preseason,2016-08-05,eng-championship:2016-2017:blackburn-rovers:norwich-city,1,0.8871236626508997,0.5201784222301422,4.363047858577303
2016-2017,retained,preseason,2016-08-05,eng-championship:2016-2017:sheffield-wednesday:aston-villa,1,0.7293238016459965,0.402363940465045,2.1426012197185846
2016-2017,retained,preseason,2016-08-05,eng-championship:2016-2017:aston-villa:rotherham-united,2,0.6886638634299302,0.37182298492671173,3.0072898559421883
2016-2017,retained,preseason,2016-08-05,eng-championship:2016-2017:newcastle-united:huddersfield-town,2,1.2870189424371257,0.818466064172977,2.8775242226852216
2016-2017,retained,preseason,2016-08-05,eng-championship:2016-2017:norwich-city:sheffield-wednesday,2,1.3720385178208965,0.8672151829591126,2.4774828578757395
2016-2017,retained,preseason,2016-08-05,eng-championship:2016-2017:aston-villa:huddersfield-town,3,1.4494076882404767,0.9011908164472444,2.2940077775102456
2016-2017,retained,preseason,2016-08-05,eng-championship:2016-2017:norwich-city:bristol-city,3,0.47123497016225796,0.21279383695872797,2.1564468124078027
2016-2017,retained,preseason,2016-08-05,eng-championship:2016-2017:newcastle-united:reading,3,0.7452318111254667,0.41463040517435795,3.9334019409155587
2016-2017,retained,preseason,2016-08-05,eng-championship:2016-2017:bristol-city:newcastle-united,4,0.9958405830912569,0.605762688624098,2.3635132510989436
2016-2017,retained,preseason,2016-08-05,eng-championship:2016-2017:derby-county:aston-villa,4,1.4511002292037802,0.9185337333538909,2.4809460262053236
2016-2017,retained,preseason,2016-08-05,eng-championship:2016-2017:ipswich-town:norwich-city,4,1.3152530711965653,0.8054282317403364,2.082829841188052
2016-2017,retained,preseason,2016-08-05,eng-championship:2016-2017:birmingham-city:norwich-city,5,1.1830374301268012,0.7352273006770509,3.895761232203684
2016-2017,retained,preseason,2016-08-05,eng-championship:2016-2017:bristol-city:aston-villa,5,0.9580534942701271,0.5773061158786743,3.3705004986868357
2016-2017,retained,preseason,2016-08-05,eng-championship:2016-2017:newcastle-united:brighton-hove-albion,5,1.0651430545570328,0.6546928105928277,2.8482940020595713
2016-2017,retained,preseason,2016-08-05,eng-championship:2016-2017:derby-county:newcastle-united,6,1.4120393806321871,0.8994412504362361,3.2666873734194564
2016-2017,retained,preseason,2016-08-05,eng-championship:2016-2017:norwich-city:cardiff-city,6,0.611724291805955,0.3144139175557512,3.759750483064143
2016-2017,retained,preseason,2016-08-05,eng-championship:2016-2017:aston-villa:nottingham-forest,6,1.3698961026834524,0.8444637708466138,3.2210381909011985
2016-2017,retained,preseason,2016-08-05,eng-championship:2016-2017:norwich-city:wigan-athletic,7,0.5061348573186133,0.23785889363573362,2.396184668278876
2016-2017,retained,preseason,2016-08-05,eng-championship:2016-2017:queens-park-rangers:newcastle-united,7,1.2043787680958566,0.7541751747016162,7.1518545438722
2016-2017,retained,preseason,2016-08-05,eng-championship:2016-2017:aston-villa:brentford,7,1.4348166857219657,0.8712831354197571,2.270811449136244
2016-2017,retained,preseason,2016-08-05,eng-championship:2016-2017:ipswich-town:aston-villa,8,1.3730777678605206,0.8476918125617671,2.3514279736071675
2016-2017,retained,preseason,2016-08-05,eng-championship:2016-2017:newcastle-united:wolverhampton-wanderers,8,1.151851993627986,0.7182324800926361,2.9505744009885833
2016-2017,retained,preseason,2016-08-05,eng-championship:2016-2017:nottingham-forest:norwich-city,8,0.8326358730265839,0.4796153134400542,2.482766320612867
2016-2017,retained,preseason,2016-08-05,eng-championship:2016-2017:aston-villa:newcastle-united,9,1.4315909610618718,0.874972457354267,2.340694441024599
2016-2017,retained,preseason,2016-08-05,eng-championship:2016-2017:norwich-city:burton-albion,9,0.5951933603452265,0.30179304398108603,3.0272328140881033
2016-2017,retained,preseason,2016-08-05,eng-championship:2016-2017:barnsley:aston-villa,10,1.3816651052922102,0.8411945706047299,2.223809869518776
2016-2017,retained,preseason,2016-08-05,eng-championship:2016-2017:newcastle-united:norwich-city,10,1.1217517133256432,0.6983062515350664,5.622126730284535
2016-2017,generic,preseason,2016-08-05,eng-championship:2016-2017:fulham:newcastle-united,1,1.0989287247535227,0.6831801405355347,2.5780061608902276
2016-2017,generic,preseason,2016-08-05,eng-championship:2016-2017:blackburn-rovers:norwich-city,1,1.0725590523706654,0.6569514151036617,4.68112317827985
2016-2017,generic,preseason,2016-08-05,eng-championship:2016-2017:sheffield-wednesday:aston-villa,1,0.828407420841389,0.47674629870216345,2.1985416411137875
2016-2017,generic,preseason,2016-08-05,eng-championship:2016-2017:aston-villa:rotherham-united,2,0.5772810195395541,0.2887839170505301,2.7982529232090227
2016-2017,generic,preseason,2016-08-05,eng-championship:2016-2017:newcastle-united:huddersfield-town,2,1.4998463327794318,0.9563928105889308,2.908195353384259
2016-2017,generic,preseason,2016-08-05,eng-championship:2016-2017:norwich-city:sheffield-wednesday,2,1.3406546843112965,0.8243083767748416,2.4636825361563783
2016-2017,generic,preseason,2016-08-05,eng-championship:2016-2017:aston-villa:huddersfield-town,3,1.4760413090944062,0.9455007417281572,2.2532145989966903
2016-2017,generic,preseason,2016-08-05,eng-championship:2016-2017:norwich-city:bristol-city,3,0.5946208535235016,0.30142658336193473,2.1887617411600995
2016-2017,generic,preseason,2016-08-05,eng-championship:2016-2017:newcastle-united:reading,3,0.6285312803382992,0.32667478414747225,3.7922106459854463
2016-2017,generic,preseason,2016-08-05,eng-championship:2016-2017:bristol-city:newcastle-united,4,0.8800648179959747,0.5168599375788215,2.2902732864235302
2016-2017,generic,preseason,2016-08-05,eng-championship:2016-2017:derby-county:aston-villa,4,1.3894441234493076,0.8670561601675969,2.568429925542982
2016-2017,generic,preseason,2016-08-05,eng-championship:2016-2017:ipswich-town:norwich-city,4,1.3281526610750767,0.8127621100963299,2.108352741908678
2016-2017,generic,preseason,2016-08-05,eng-championship:2016-2017:birmingham-city:norwich-city,5,0.9767777923588897,0.5875389181724749,3.5331130233637946
2016-2017,generic,preseason,2016-08-05,eng-championship:2016-2017:bristol-city:aston-villa,5,1.1019585778550758,0.6818543453360562,3.4519955684558967
2016-2017,generic,preseason,2016-08-05,eng-championship:2016-2017:newcastle-united:brighton-hove-albion,5,0.9496063038473194,0.5676755466842074,2.6743693320004684
2016-2017,generic,preseason,2016-08-05,eng-championship:2016-2017:derby-county:newcastle-united,6,1.3013947767203948,0.8208665958218817,3.113382258278949
2016-2017,generic,preseason,2016-08-05,eng-championship:2016-2017:norwich-city:cardiff-city,6,0.7489854471437907,0.4170191771563547,3.7563600259842276
2016-2017,generic,preseason,2016-08-05,eng-championship:2016-2017:aston-villa:nottingham-forest,6,1.3791646129768325,0.869427635278681,3.1183100634335297
2016-2017,generic,preseason,2016-08-05,eng-championship:2016-2017:norwich-city:wigan-athletic,7,0.6318282964980778,0.329176510388219,2.418858895588079
2016-2017,generic,preseason,2016-08-05,eng-championship:2016-2017:queens-park-rangers:newcastle-united,7,1.0807036968019734,0.663886748918593,7.617600883861681
2016-2017,generic,preseason,2016-08-05,eng-championship:2016-2017:aston-villa:brentford,7,1.4164661580460642,0.8703158213313555,2.1957279063520083
2016-2017,generic,preseason,2016-08-05,eng-championship:2016-2017:ipswich-town:aston-villa,8,1.3290349060123865,0.8132996919860824,2.435277405245933
2016-2017,generic,preseason,2016-08-05,eng-championship:2016-2017:newcastle-united:wolverhampton-wanderers,8,1.3243311538579159,0.8353217014717842,3.168347857411324
2016-2017,generic,preseason,2016-08-05,eng-championship:2016-2017:nottingham-forest:norwich-city,8,1.0058448488457052,0.6086958216090832,2.5860157575964458
2016-2017,generic,preseason,2016-08-05,eng-championship:2016-2017:aston-villa:newcastle-united,9,1.385406450015649,0.851317807856719,2.1747978730661703
2016-2017,generic,preseason,2016-08-05,eng-championship:2016-2017:norwich-city:burton-albion,9,0.708896161325558,0.387482180706867,3.127194749248871
2016-2017,generic,preseason,2016-08-05,eng-championship:2016-2017:barnsley:aston-villa,10,1.3639949967359908,0.8369574611620217,2.141428557226644
2016-2017,generic,preseason,2016-08-05,eng-championship:2016-2017:newcastle-united:norwich-city,10,0.8247204401197914,0.4750307278324162,5.439818475997122
2016-2017,mapped,preseason,2016-08-05,eng-championship:2016-2017:fulham:newcastle-united,1,1.1174530856797422,0.6956646053005424,2.553825786925957
2016-2017,mapped,preseason,2016-08-05,eng-championship:2016-2017:blackburn-rovers:norwich-city,1,1.072808613454291,0.6568422379434689,4.6919731959546045
2016-2017,mapped,preseason,2016-08-05,eng-championship:2016-2017:sheffield-wednesday:aston-villa,1,0.7723236306578488,0.4350626317437447,2.256697075217401
2016-2017,mapped,preseason,2016-08-05,eng-championship:2016-2017:aston-villa:rotherham-united,2,0.5967954520620493,0.3029859711510986,2.8589385749336125
2016-2017,mapped,preseason,2016-08-05,eng-championship:2016-2017:newcastle-united:huddersfield-town,2,1.5148606497389794,0.9638007799917299,2.9209206075206446
2016-2017,mapped,preseason,2016-08-05,eng-championship:2016-2017:norwich-city:sheffield-wednesday,2,1.3366188035180115,0.822084480166496,2.45410281693359
2016-2017,mapped,preseason,2016-08-05,eng-championship:2016-2017:aston-villa:huddersfield-town,3,1.4936921255901985,0.9463234422010266,2.2805385685043316
2016-2017,mapped,preseason,2016-08-05,eng-championship:2016-2017:norwich-city:bristol-city,3,0.5951248694396798,0.3018200706650766,2.1807908827553613
2016-2017,mapped,preseason,2016-08-05,eng-championship:2016-2017:newcastle-united:reading,3,0.6264446022968467,0.325199730930254,3.8175887192591578
2016-2017,mapped,preseason,2016-08-05,eng-championship:2016-2017:bristol-city:newcastle-united,4,0.8755980466866259,0.5130311379033372,2.258342247117681
2016-2017,mapped,preseason,2016-08-05,eng-championship:2016-2017:derby-county:aston-villa,4,1.4411649372055984,0.9047343452768972,2.7177697616361574
2016-2017,mapped,preseason,2016-08-05,eng-championship:2016-2017:ipswich-town:norwich-city,4,1.3239094308577788,0.8102076035173479,2.102850421214901
2016-2017,mapped,preseason,2016-08-05,eng-championship:2016-2017:birmingham-city:norwich-city,5,0.9793317063412097,0.58922080416486,3.5384496707784896
2016-2017,mapped,preseason,2016-08-05,eng-championship:2016-2017:bristol-city:aston-villa,5,1.0402339078176202,0.6392073738723713,3.3395413991470626
2016-2017,mapped,preseason,2016-08-05,eng-championship:2016-2017:newcastle-united:brighton-hove-albion,5,0.9440094981306888,0.5629951749301163,2.655635649936282
2016-2017,mapped,preseason,2016-08-05,eng-championship:2016-2017:derby-county:newcastle-united,6,1.2919709150228307,0.8130014168182845,3.0924130295770635
2016-2017,mapped,preseason,2016-08-05,eng-championship:2016-2017:norwich-city:cardiff-city,6,0.7465985321255938,0.4151807521640635,3.767035218794944
2016-2017,mapped,preseason,2016-08-05,eng-championship:2016-2017:aston-villa:nottingham-forest,6,1.4001864739981167,0.8748227518001104,3.045449126386466
2016-2017,mapped,preseason,2016-08-05,eng-championship:2016-2017:norwich-city:wigan-athletic,7,0.6286463493533689,0.32684068846793407,2.4164131691399797
2016-2017,mapped,preseason,2016-08-05,eng-championship:2016-2017:queens-park-rangers:newcastle-united,7,1.056954824348513,0.6459421773548145,7.5760844716251405
2016-2017,mapped,preseason,2016-08-05,eng-championship:2016-2017:aston-villa:brentford,7,1.4422499271227749,0.880230296594904,2.2346121781839914
2016-2017,mapped,preseason,2016-08-05,eng-championship:2016-2017:ipswich-town:aston-villa,8,1.3679627568642403,0.8389134224962869,2.5610032846551034
2016-2017,mapped,preseason,2016-08-05,eng-championship:2016-2017:newcastle-united:wolverhampton-wanderers,8,1.3392228437016633,0.843805570205791,3.171604432784232
2016-2017,mapped,preseason,2016-08-05,eng-championship:2016-2017:nottingham-forest:norwich-city,8,1.0061177859761634,0.6086812503040763,2.5847956449127683
2016-2017,mapped,preseason,2016-08-05,eng-championship:2016-2017:aston-villa:newcastle-united,9,1.3979617949646506,0.8539969426776983,2.189288333220791
2016-2017,mapped,preseason,2016-08-05,eng-championship:2016-2017:norwich-city:burton-albion,9,0.7028555061595252,0.38282697529673393,3.1221512487173086
2016-2017,mapped,preseason,2016-08-05,eng-championship:2016-2017:barnsley:aston-villa,10,1.3923529753049437,0.8503169938662868,2.171248363134809
2016-2017,mapped,preseason,2016-08-05,eng-championship:2016-2017:newcastle-united:norwich-city,10,0.8229900791895419,0.4732624305706642,5.536516185303362
2017-2018,retained,preseason,2017-08-04,eng-championship:2017-2018:sunderland:derby-county,1,1.4000023893018536,0.8534038809858098,2.24941509938368
2017-2018,retained,preseason,2017-08-04,eng-championship:2017-2018:aston-villa:hull-city,1,1.2666618295107257,0.7746811197216114,2.0577831879616393
2017-2018,retained,preseason,2017-08-04,eng-championship:2017-2018:wolverhampton-wanderers:middlesbrough,1,1.1002424624529277,0.6762379540696193,2.2981374959782483
2017-2018,retained,preseason,2017-08-04,eng-championship:2017-2018:hull-city:burton-albion,2,0.5195818003048702,0.24731111370611558,3.6256017464402754
2017-2018,retained,preseason,2017-08-04,eng-championship:2017-2018:middlesbrough:sheffield-united,2,0.5074358417916458,0.23833819528215722,2.1079211892072514
2017-2018,retained,preseason,2017-08-04,eng-championship:2017-2018:norwich-city:sunderland,2,1.4090586714449915,0.911683951441287,3.7882290082770025
2017-2018,retained,preseason,2017-08-04,eng-championship:2017-2018:hull-city:wolverhampton-wanderers,3,1.5635649302477832,0.986876897336355,4.314531885667709
2017-2018,retained,preseason,2017-08-04,eng-championship:2017-2018:middlesbrough:burton-albion,3,0.521187458292649,0.24865693782548012,2.1795132558220587
2017-2018,retained,preseason,2017-08-04,eng-championship:2017-2018:sheffield-wednesday:sunderland,3,1.4369763003472327,0.9047362981789914,2.2868757510084157
2017-2018,retained,preseason,2017-08-04,eng-championship:2017-2018:nottingham-forest:middlesbrough,4,1.1393961317045556,0.7061376092562056,2.6458917019826202
2017-2018,retained,preseason,2017-08-04,eng-championship:2017-2018:queens-park-rangers:hull-city,4,1.1406469348189345,0.7070761300728066,2.6476564104271296
2017-2018,retained,preseason,2017-08-04,eng-championship:2017-2018:sunderland:leeds-united,4,1.0983821631693635,0.6810846451728648,2.915173729736364
2017-2018,retained,preseason,2017-08-04,eng-championship:2017-2018:hull-city:bolton-wanderers,5,0.42894410974665415,0.18384432193824635,3.1435200098826
2017-2018,retained,preseason,2017-08-04,eng-championship:2017-2018:barnsley:sunderland,5,0.8588513242930947,0.5029829610556381,3.30673035718661
2017-2018,retained,preseason,2017-08-04,eng-championship:2017-2018:middlesbrough:preston-north-end,5,1.440775024536017,0.9302472641720185,2.6063573227680417
2017-2018,retained,preseason,2017-08-04,eng-championship:2017-2018:derby-county:hull-city,6,0.9453823094597942,0.5644378118153345,5.737146568534376
2017-2018,retained,preseason,2017-08-04,eng-championship:2017-2018:bolton-wanderers:middlesbrough,6,0.7033538781283806,0.38268854360344473,3.021744514712368
2017-2018,retained,preseason,2017-08-04,eng-championship:2017-2018:sunderland:sheffield-united,6,1.323071534927782,0.8452742245234838,2.912046847151153
2017-2018,retained,preseason,2017-08-04,eng-championship:2017-2018:aston-villa:middlesbrough,7,1.2624473393881817,0.7721809572867616,2.214607739064853
2017-2018,retained,preseason,2017-08-04,eng-championship:2017-2018:sunderland:nottingham-forest,7,1.2482049777526807,0.7918131987474517,2.5608798932134182
2017-2018,retained,preseason,2017-08-04,eng-championship:2017-2018:fulham:hull-city,7,0.8705853304323251,0.5108906039351117,2.4696925347730088
2017-2018,retained,preseason,2017-08-04,eng-championship:2017-2018:hull-city:sunderland,8,1.487064118921162,0.9456488344052929,2.326643732894347
2017-2018,retained,preseason,2017-08-04,eng-championship:2017-2018:middlesbrough:queens-park-rangers,8,0.5545990949347823,0.27251904032755697,3.728672220014674
2017-2018,retained,preseason,2017-08-04,eng-championship:2017-2018:fulham:middlesbrough,9,1.391140574608085,0.8494755068044352,2.1543225264714496
2017-2018,retained,preseason,2017-08-04,eng-championship:2017-2018:reading:hull-city,9,1.366997627077327,0.8335805804316351,2.127817090230444
2017-2018,retained,preseason,2017-08-04,eng-championship:2017-2018:sunderland:cardiff-city,9,1.1284787517717059,0.7046686883779527,2.7617109893402083
2017-2018,retained,preseason,2017-08-04,eng-championship:2017-2018:hull-city:preston-north-end,10,1.5275453182683558,0.9687629652644307,2.925650175594641
2017-2018,retained,preseason,2017-08-04,eng-championship:2017-2018:ipswich-town:sunderland,10,0.85369343429387,0.49756545542434105,5.569547558570702
2017-2018,retained,preseason,2017-08-04,eng-championship:2017-2018:middlesbrough:norwich-city,10,1.2540186165160407,0.7926340493268123,2.6023287934230908
2017-2018,generic,preseason,2017-08-04,eng-championship:2017-2018:sunderland:derby-county,1,1.397514725360933,0.8688541088383328,2.170240822248666
2017-2018,generic,preseason,2017-08-04,eng-championship:2017-2018:aston-villa:hull-city,1,1.3328810666815376,0.815695458037691,2.1091269193171547
2017-2018,generic,preseason,2017-08-04,eng-championship:2017-2018:wolverhampton-wanderers:middlesbrough,1,0.9872293254318324,0.5967347778917919,2.3611692670330715
2017-2018,generic,preseason,2017-08-04,eng-championship:2017-2018:hull-city:burton-albion,2,0.5578543676238097,0.27449814747610357,3.6164215916519584
2017-2018,generic,preseason,2017-08-04,eng-championship:2017-2018:middlesbrough:sheffield-united,2,0.5484962762483713,0.26745208591243774,2.226272986322369
2017-2018,generic,preseason,2017-08-04,eng-championship:2017-2018:norwich-city:sunderland,2,1.1546149209340049,0.7285427436834306,3.4026605210797762
2017-2018,generic,preseason,2017-08-04,eng-championship:2017-2018:hull-city:wolverhampton-wanderers,3,1.4464229603903211,0.9183825740353916,4.071501407911844
2017-2018,generic,preseason,2017-08-04,eng-championship:2017-2018:middlesbrough:burton-albion,3,0.558174418434075,0.2747310220885016,2.285349928123985
2017-2018,generic,preseason,2017-08-04,eng-championship:2017-2018:sheffield-wednesday:sunderland,3,1.3677346324729243,0.8452147355745827,2.1402816333190726
2017-2018,generic,preseason,2017-08-04,eng-championship:2017-2018:nottingham-forest:middlesbrough,4,1.0261613427609495,0.6271366739076557,2.5725953783732294
2017-2018,generic,preseason,2017-08-04,eng-championship:2017-2018:queens-park-rangers:hull-city,4,1.0400261278251166,0.6367525440940726,2.5830351674682888
2017-2018,generic,preseason,2017-08-04,eng-championship:2017-2018:sunderland:leeds-united,4,1.315684625192845,0.8312785466487321,3.1740370561164597
2017-2018,generic,preseason,2017-08-04,eng-championship:2017-2018:hull-city:bolton-wanderers,5,0.46868870048202166,0.21061111427445922,3.2534074567651663
2017-2018,generic,preseason,2017-08-04,eng-championship:2017-2018:barnsley:sunderland,5,1.0307709022760578,0.6310354140013138,3.635299171094324
2017-2018,generic,preseason,2017-08-04,eng-championship:2017-2018:middlesbrough:preston-north-end,5,1.4517063405666666,0.9195104415906488,2.7414180746597356
2017-2018,generic,preseason,2017-08-04,eng-championship:2017-2018:derby-county:hull-city,6,0.8523241298458054,0.4957340836960024,5.316750270890176
2017-2018,generic,preseason,2017-08-04,eng-championship:2017-2018:bolton-wanderers:middlesbrough,6,0.7662864472653106,0.43088267807182157,3.1510240103603997
2017-2018,generic,preseason,2017-08-04,eng-championship:2017-2018:sunderland:sheffield-united,6,1.5829661033530933,1.0109708323135083,2.985590892243998
2017-2018,generic,preseason,2017-08-04,eng-championship:2017-2018:aston-villa:middlesbrough,7,1.3354957995390693,0.8172881442207246,2.4690850941103806
2017-2018,generic,preseason,2017-08-04,eng-championship:2017-2018:sunderland:nottingham-forest,7,1.5028406193296957,0.9583378114014055,2.7783311211338555
2017-2018,generic,preseason,2017-08-04,eng-championship:2017-2018:fulham:hull-city,7,0.7777209608987571,0.4407323169931597,2.444731808588511
2017-2018,generic,preseason,2017-08-04,eng-championship:2017-2018:hull-city:sunderland,8,1.423657757733595,0.8762117450265217,2.211488136881493
2017-2018,generic,preseason,2017-08-04,eng-championship:2017-2018:middlesbrough:queens-park-rangers,8,0.5961248822632552,0.3025279981151172,3.575387896384926
2017-2018,generic,preseason,2017-08-04,eng-championship:2017-2018:fulham:middlesbrough,9,1.4456350275886958,0.8883146778763502,2.230801379627138
2017-2018,generic,preseason,2017-08-04,eng-championship:2017-2018:reading:hull-city,9,1.3961661148659934,0.8495869825010902,2.171478201854627
2017-2018,generic,preseason,2017-08-04,eng-championship:2017-2018:sunderland:cardiff-city,9,1.354570609147372,0.8595370378631652,2.795281891820604
2017-2018,generic,preseason,2017-08-04,eng-championship:2017-2018:hull-city:preston-north-end,10,1.4154693878597269,0.9014452993451743,2.8381962111865406
2017-2018,generic,preseason,2017-08-04,eng-championship:2017-2018:ipswich-town:sunderland,10,1.0153478745974795,0.6173191647029773,6.044886817081812
2017-2018,generic,preseason,2017-08-04,eng-championship:2017-2018:middlesbrough:norwich-city,10,1.2223442832380436,0.777121869041547,2.771139623776172
2017-2018,mapped,preseason,2017-08-04,eng-championship:2017-2018:sunderland:derby-county,1,1.3749011051325903,0.8526058243406782,2.149580995071859
2017-2018,mapped,preseason,2017-08-04,eng-championship:2017-2018:aston-villa:hull-city,1,1.3707794828479902,0.8415814538182452,2.1434565311423643
2017-2018,mapped,preseason,2017-08-04,eng-championship:2017-2018:wolverhampton-wanderers:middlesbrough,1,1.1397932341788617,0.7019416284833374,2.2600549324437123
2017-2018,mapped,preseason,2017-08-04,eng-championship:2017-2018:hull-city:burton-albion,2,0.6049411066338461,0.3090289318221319,3.6256229295613465
2017-2018,mapped,preseason,2017-08-04,eng-championship:2017-2018:middlesbrough:sheffield-united,2,0.5102149355207642,0.24083944810072713,2.0110847786710577
2017-2018,mapped,preseason,2017-08-04,eng-championship:2017-2018:norwich-city:sunderland,2,1.184174198037295,0.7482090409897153,3.459376074618773
2017-2018,mapped,preseason,2017-08-04,eng-championship:2017-2018:hull-city:wolverhampton-wanderers,3,1.3307499460982575,0.8458227870797489,3.8817014606815947
2017-2018,mapped,preseason,2017-08-04,eng-championship:2017-2018:middlesbrough:burton-albion,3,0.5191415505458741,0.24780805701668998,2.131787829876738
2017-2018,mapped,preseason,2017-08-04,eng-championship:2017-2018:sheffield-wednesday:sunderland,3,1.3560766870376761,0.840719300232401,2.132649736626762
2017-2018,mapped,preseason,2017-08-04,eng-championship:2017-2018:nottingham-forest:middlesbrough,4,1.178847091103425,0.7313673082866852,2.7220839437438977
2017-2018,mapped,preseason,2017-08-04,eng-championship:2017-2018:queens-park-rangers:hull-city,4,0.944170424935232,0.5670196158455212,2.5227990784699785
2017-2018,mapped,preseason,2017-08-04,eng-championship:2017-2018:sunderland:leeds-united,4,1.2909732022905738,0.812449941321447,3.11820685698779
2017-2018,mapped,preseason,2017-08-04,eng-championship:2017-2018:hull-city:bolton-wanderers,5,0.5125595213824796,0.24135447560552337,3.364043967963859
2017-2018,mapped,preseason,2017-08-04,eng-championship:2017-2018:barnsley:sunderland,5,1.013935038475594,0.6174640588471267,3.5991390875902463
2017-2018,mapped,preseason,2017-08-04,eng-championship:2017-2018:middlesbrough:preston-north-end,5,1.4178085354737022,0.920489086436033,2.4574776434084846
2017-2018,mapped,preseason,2017-08-04,eng-championship:2017-2018:derby-county:hull-city,6,0.761828552928114,0.4276700918509737,4.985919686529319
2017-2018,mapped,preseason,2017-08-04,eng-championship:2017-2018:bolton-wanderers:middlesbrough,6,0.7046534794233504,0.38363850709787195,3.013238153069783
2017-2018,mapped,preseason,2017-08-04,eng-championship:2017-2018:sunderland:sheffield-united,6,1.5523646190532718,0.9890879801192172,2.9699468309708417
2017-2018,mapped,preseason,2017-08-04,eng-championship:2017-2018:aston-villa:middlesbrough,7,1.2597738762350534,0.770319459712737,2.1767259854948784
2017-2018,mapped,preseason,2017-08-04,eng-championship:2017-2018:sunderland:nottingham-forest,7,1.472211680492893,0.9361943799111045,2.7039084398668836
2017-2018,mapped,preseason,2017-08-04,eng-championship:2017-2018:fulham:hull-city,7,0.6901438573229596,0.37411257992138297,2.4206430543707045
2017-2018,mapped,preseason,2017-08-04,eng-championship:2017-2018:hull-city:sunderland,8,1.4266975594857019,0.8716273905707621,2.2192575291869003
2017-2018,mapped,preseason,2017-08-04,eng-championship:2017-2018:middlesbrough:queens-park-rangers,8,0.5479349457955165,0.2681154162996868,3.839825187947344
2017-2018,mapped,preseason,2017-08-04,eng-championship:2017-2018:fulham:middlesbrough,9,1.3600303185424722,0.8302313373049165,2.1406307099147384
2017-2018,mapped,preseason,2017-08-04,eng-championship:2017-2018:reading:hull-city,9,1.4317502908157438,0.8733307722466891,2.216516055223062
2017-2018,mapped,preseason,2017-08-04,eng-championship:2017-2018:sunderland:cardiff-city,9,1.3300645600396197,0.8409539440248428,2.7856128234359065
2017-2018,mapped,preseason,2017-08-04,eng-championship:2017-2018:hull-city:preston-north-end,10,1.3021959242878012,0.8287750919444601,2.750686740215336
2017-2018,mapped,preseason,2017-08-04,eng-championship:2017-2018:ipswich-town:sunderland,10,0.9982773103842492,0.6038645258022706,6.124094761477019
2017-2018,mapped,preseason,2017-08-04,eng-championship:2017-2018:middlesbrough:norwich-city,10,1.3776462966939165,0.8759060167903093,2.6574833423266835
2018-2019,retained,preseason,2018-08-03,eng-championship:2018-2019:sheffield-united:swansea-city,1,1.107060713874109,0.6844812296767037,2.637428006765652
2018-2019,retained,preseason,2018-08-03,eng-championship:2018-2019:west-bromwich-albion:bolton-wanderers,1,1.5863177876616696,1.011102038223027,3.1076372742451253
2018-2019,retained,preseason,2018-08-03,eng-championship:2018-2019:leeds-united:stoke-city,1,0.849273821247922,0.494732113945673,3.2542791968890064
2018-2019,retained,preseason,2018-08-03,eng-championship:2018-2019:nottingham-forest:west-bromwich-albion,2,1.3889287277809106,0.8461108860835544,2.2387218479498423
2018-2019,retained,preseason,2018-08-03,eng-championship:2018-2019:norwich-city:west-bromwich-albion,3,1.1421274039051053,0.7149802321597257,5.458412342719145
2018-2019,retained,preseason,2018-08-03,eng-championship:2018-2019:stoke-city:brentford,2,1.4028753595493026,0.8545079029141178,2.2493094848866324
2018-2019,retained,preseason,2018-08-03,eng-championship:2018-2019:swansea-city:preston-north-end,2,0.8063065584991188,0.46026558270028134,2.1686288162323786
2018-2019,retained,preseason,2018-08-03,eng-championship:2018-2019:birmingham-city:swansea-city,3,1.3452561045376832,0.8269650315077577,2.462630699830256
2018-2019,retained,preseason,2018-08-03,eng-championship:2018-2019:preston-north-end:stoke-city,3,1.4043987913558256,0.8696726213821517,3.191307250075619
2018-2019,retained,preseason,2018-08-03,eng-championship:2018-2019:west-bromwich-albion:queens-park-rangers,4,0.7169721337895358,0.3938938684994879,6.35474351786834
2018-2019,retained,preseason,2018-08-03,eng-championship:2018-2019:swansea-city:leeds-united,4,1.4086944470991158,0.8842320025106201,3.077667326372926
2018-2019,retained,preseason,2018-08-03,eng-championship:2018-2019:stoke-city:wigan-athletic,4,1.3321656278580958,0.8455271688936411,4.063584050749161
2018-2019,retained,preseason,2018-08-03,eng-championship:2018-2019:middlesbrough:west-bromwich-albion,5,0.6260616555431902,0.32476860312398675,2.1670592835756075
2018-2019,retained,preseason,2018-08-03,eng-championship:2018-2019:stoke-city:hull-city,5,0.8623658963881062,0.5060878630020587,2.7083938934643053
2018-2019,retained,preseason,2018-08-03,eng-championship:2018-2019:swansea-city:bristol-city,5,1.2889669410079951,0.8153525276651665,2.56142589626259
2018-2019,retained,preseason,2018-08-03,eng-championship:2018-2019:millwall:swansea-city,6,1.1480410327486226,0.7116550586780848,2.679356377135444
2018-2019,retained,preseason,2018-08-03,eng-championship:2018-2019:west-bromwich-albion:stoke-city,6,0.8095646070092292,0.4659735070388849,2.73148112251046
2018-2019,retained,preseason,2018-08-03,eng-championship:2018-2019:birmingham-city:west-bromwich-albion,7,1.3774419165726277,0.8396728727277893,2.219712850312674
2018-2019,retained,preseason,2018-08-03,eng-championship:2018-2019:sheffield-wednesday:stoke-city,7,1.4253900526096892,0.8813761117547068,3.1537994711194215
2018-2019,retained,preseason,2018-08-03,eng-championship:2018-2019:swansea-city:nottingham-forest,7,1.4237966916342881,0.9063908426317099,2.577505470185554
2018-2019,retained,preseason,2018-08-03,eng-championship:2018-2019:stoke-city:swansea-city,8,0.8896387618754205,0.5261282981381243,2.315127318584142
2018-2019,retained,preseason,2018-08-03,eng-championship:2018-2019:west-bromwich-albion:bristol-city,8,0.8083743536243274,0.4640225698270875,4.483377388442621
2018-2019,retained,preseason,2018-08-03,eng-championship:2018-2019:middlesbrough:swansea-city,9,1.3988127261484118,0.8814957961208088,2.5383765971490946
2018-2019,retained,preseason,2018-08-03,eng-championship:2018-2019:stoke-city:blackburn-rovers,9,1.201717208683743,0.7564597718457312,4.007263666705091
2018-2019,retained,preseason,2018-08-03,eng-championship:2018-2019:west-bromwich-albion:millwall,9,0.8664995008376178,0.5066867306927151,2.6250511816617115
2018-2019,retained,preseason,2018-08-03,eng-championship:2018-2019:preston-north-end:west-bromwich-albion,10,1.241529913916749,0.7828635549067642,4.060307516954547
2018-2019,retained,preseason,2018-08-03,eng-championship:2018-2019:rotherham-united:stoke-city,10,1.4238765303595557,0.8730463115074841,3.1334851115318205
2018-2019,retained,preseason,2018-08-03,eng-championship:2018-2019:swansea-city:queens-park-rangers,10,0.645655654483843,0.3394217087802942,2.916787705968157
2018-2019,generic,preseason,2018-08-03,eng-championship:2018-2019:sheffield-united:swansea-city,1,1.083275951511757,0.6679286972597582,2.6128090057805307
2018-2019,generic,preseason,2018-08-03,eng-championship:2018-2019:west-bromwich-albion:bolton-wanderers,1,1.8323107718557738,1.1489599164241946,3.1785151766937823
2018-2019,generic,preseason,2018-08-03,eng-championship:2018-2019:leeds-united:stoke-city,1,0.962704771655179,0.5790573116469322,3.286388582700381
2018-2019,generic,preseason,2018-08-03,eng-championship:2018-2019:nottingham-forest:west-bromwich-albion,2,1.3571990654646666,0.8281772830403542,2.1306013842745832
2018-2019,generic,preseason,2018-08-03,eng-championship:2018-2019:norwich-city:west-bromwich-albion,3,1.0131787950610582,0.6174843017703333,5.497918148989519
2018-2019,generic,preseason,2018-08-03,eng-championship:2018-2019:stoke-city:brentford,2,1.3862271870388805,0.8544468794294771,2.1597611454108216
2018-2019,generic,preseason,2018-08-03,eng-championship:2018-2019:swansea-city:preston-north-end,2,0.7794414212372187,0.44014787415116824,2.1962505031457438
2018-2019,generic,preseason,2018-08-03,eng-championship:2018-2019:birmingham-city:swansea-city,3,1.3593163040313403,0.8376319124066618,2.5321013196295517
2018-2019,generic,preseason,2018-08-03,eng-championship:2018-2019:preston-north-end:stoke-city,3,1.3547372638423547,0.8313261854982079,3.02696559971596
2018-2019,generic,preseason,2018-08-03,eng-championship:2018-2019:west-bromwich-albion:queens-park-rangers,4,0.6130977349136587,0.31509915020321905,6.9356146941302965
2018-2019,generic,preseason,2018-08-03,eng-championship:2018-2019:swansea-city:leeds-united,4,1.428160099963178,0.9006245782348012,3.0260428135140094
2018-2019,generic,preseason,2018-08-03,eng-championship:2018-2019:stoke-city:wigan-athletic,4,1.5276109752223126,0.9689531456956545,4.4638128517172495
2018-2019,generic,preseason,2018-08-03,eng-championship:2018-2019:middlesbrough:west-bromwich-albion,5,0.7084409178445681,0.3865896776443234,2.213469622102739
2018-2019,generic,preseason,2018-08-03,eng-championship:2018-2019:stoke-city:hull-city,5,0.7149449461751543,0.392345032172419,2.5472458001222393
2018-2019,generic,preseason,2018-08-03,eng-championship:2018-2019:swansea-city:bristol-city,5,1.3225794215429019,0.839562346740062,2.6560678388324854
2018-2019,generic,preseason,2018-08-03,eng-championship:2018-2019:millwall:swansea-city,6,1.1266179354833392,0.6970817392848941,2.6527045097550355
2018-2019,generic,preseason,2018-08-03,eng-championship:2018-2019:west-bromwich-albion:stoke-city,6,0.7996899013567892,0.45668656637965677,2.475187061907861
2018-2019,generic,preseason,2018-08-03,eng-championship:2018-2019:birmingham-city:west-bromwich-albion,7,1.3589509081092557,0.8369786734834729,2.132161848489196
2018-2019,generic,preseason,2018-08-03,eng-championship:2018-2019:sheffield-wednesday:stoke-city,7,1.3725334094411763,0.8415153129890409,2.9925899866847394
2018-2019,generic,preseason,2018-08-03,eng-championship:2018-2019:swansea-city:nottingham-forest,7,1.4457030738511678,0.9254502843799427,2.6556710324246313
2018-2019,generic,preseason,2018-08-03,eng-championship:2018-2019:stoke-city:swansea-city,8,0.8003372284927436,0.4571468365806978,2.3408259007086136
2018-2019,generic,preseason,2018-08-03,eng-championship:2018-2019:west-bromwich-albion:bristol-city,8,0.7068494900003653,0.3856392941895832,4.413421991597662
2018-2019,generic,preseason,2018-08-03,eng-championship:2018-2019:middlesbrough:swansea-city,9,1.4014067758470385,0.8784482335168572,2.596078137421099
2018-2019,generic,preseason,2018-08-03,eng-championship:2018-2019:stoke-city:blackburn-rovers,9,1.3746591056818203,0.871788636176972,4.037947983178203
2018-2019,generic,preseason,2018-08-03,eng-championship:2018-2019:west-bromwich-albion:millwall,9,0.7689599600333493,0.43211782788117065,2.4722255323626667
2018-2019,generic,preseason,2018-08-03,eng-championship:2018-2019:preston-north-end:west-bromwich-albion,10,1.1440587071373223,0.7103449393048744,3.936797131805475
2018-2019,generic,preseason,2018-08-03,eng-championship:2018-2019:rotherham-united:stoke-city,10,1.4206626441577006,0.8886495679934409,3.0211539387986504
2018-2019,generic,preseason,2018-08-03,eng-championship:2018-2019:swansea-city:queens-park-rangers,10,0.6179916031899004,0.3187457043388606,2.8913180563849936
2018-2019,mapped,preseason,2018-08-03,eng-championship:2018-2019:sheffield-united:swansea-city,1,1.0235992248807155,0.6200588357210614,2.6176440686842124
2018-2019,mapped,preseason,2018-08-03,eng-championship:2018-2019:west-bromwich-albion:bolton-wanderers,1,1.965957140909738,1.2062091789834226,3.3298757586479075
2018-2019,mapped,preseason,2018-08-03,eng-championship:2018-2019:leeds-united:stoke-city,1,0.9493465698443686,0.5693122088867884,3.260227724049694
2018-2019,mapped,preseason,2018-08-03,eng-championship:2018-2019:nottingham-forest:west-bromwich-albion,2,1.3076455748639468,0.8045789496959712,2.0954305709379546
2018-2019,mapped,preseason,2018-08-03,eng-championship:2018-2019:norwich-city:west-bromwich-albion,3,0.9361040690209363,0.5570476685338533,5.834945667383797
2018-2019,mapped,preseason,2018-08-03,eng-championship:2018-2019:stoke-city:brentford,2,1.3892660584402359,0.8551502365344139,2.160962636390021
2018-2019,mapped,preseason,2018-08-03,eng-championship:2018-2019:swansea-city:preston-north-end,2,0.7461917051034043,0.4147814107571615,2.012973602070799
2018-2019,mapped,preseason,2018-08-03,eng-championship:2018-2019:birmingham-city:swansea-city,3,1.3061658981676467,0.8139665391186356,2.2884701228081257
2018-2019,mapped,preseason,2018-08-03,eng-championship:2018-2019:preston-north-end:stoke-city,3,1.361543112520462,0.8362363864417942,3.0105826340815716
2018-2019,mapped,preseason,2018-08-03,eng-championship:2018-2019:west-bromwich-albion:queens-park-rangers,4,0.5693147930317419,0.28321722392956006,7.089553670992459
2018-2019,mapped,preseason,2018-08-03,eng-championship:2018-2019:swansea-city:leeds-united,4,1.3839505929204907,0.886973661304437,3.201158226701436
2018-2019,mapped,preseason,2018-08-03,eng-championship:2018-2019:stoke-city:wigan-athletic,4,1.5140643895468209,0.9613203901786733,4.441727431068321
2018-2019,mapped,preseason,2018-08-03,eng-championship:2018-2019:middlesbrough:west-bromwich-albion,5,0.7991344024347309,0.4542571830909744,2.065517836568979
2018-2019,mapped,preseason,2018-08-03,eng-championship:2018-2019:stoke-city:hull-city,5,0.7052256403466534,0.38506960849455296,2.557432213629906
2018-2019,mapped,preseason,2018-08-03,eng-championship:2018-2019:swansea-city:bristol-city,5,1.4276057162180533,0.9002544139505751,2.5579635465317265
2018-2019,mapped,preseason,2018-08-03,eng-championship:2018-2019:millwall:swansea-city,6,1.066243982445401,0.6494742550975223,2.6629499100254037
2018-2019,mapped,preseason,2018-08-03,eng-championship:2018-2019:west-bromwich-albion:stoke-city,6,0.729630967523172,0.4024873067663861,2.4567841125680774
2018-2019,mapped,preseason,2018-08-03,eng-championship:2018-2019:birmingham-city:west-bromwich-albion,7,1.3225242773667916,0.825818070820872,2.1128297559430935
2018-2019,mapped,preseason,2018-08-03,eng-championship:2018-2019:sheffield-wednesday:stoke-city,7,1.379122314380854,0.8462590814796491,2.977204375592044
2018-2019,mapped,preseason,2018-08-03,eng-championship:2018-2019:swansea-city:nottingham-forest,7,1.4069274547596922,0.915712067902873,2.430465542343535
2018-2019,mapped,preseason,2018-08-03,eng-championship:2018-2019:stoke-city:swansea-city,8,0.9055593907276269,0.5348157651956437,2.232530918714372
2018-2019,mapped,preseason,2018-08-03,eng-championship:2018-2019:west-bromwich-albion:bristol-city,8,0.6557033173434046,0.346995344890377,4.609951326438291
2018-2019,mapped,preseason,2018-08-03,eng-championship:2018-2019:middlesbrough:swansea-city,9,1.3068579810764314,0.8143436672285732,2.280417080660582
2018-2019,mapped,preseason,2018-08-03,eng-championship:2018-2019:stoke-city:blackburn-rovers,9,1.3599421158096099,0.8626450718561361,4.005552252358813
2018-2019,mapped,preseason,2018-08-03,eng-championship:2018-2019:west-bromwich-albion:millwall,9,0.7161042799665596,0.39231561083254385,2.341158729468944
2018-2019,mapped,preseason,2018-08-03,eng-championship:2018-2019:preston-north-end:west-bromwich-albion,10,1.0587486847230785,0.6452801139188915,4.079058305242317
2018-2019,mapped,preseason,2018-08-03,eng-championship:2018-2019:rotherham-united:stoke-city,10,1.4223007811743331,0.8877403961116237,3.001280348793663
2018-2019,mapped,preseason,2018-08-03,eng-championship:2018-2019:swansea-city:queens-park-rangers,10,0.591080986384505,0.29921548132553316,2.8113960456496923
2019-2020,retained,preseason,2019-08-02,eng-championship:2019-2020:barnsley:fulham,1,1.2472989239261942,0.7867321178026839,2.562158371858473
2019-2020,retained,preseason,2019-08-02,eng-championship:2019-2020:wigan-athletic:cardiff-city,1,1.1401427718418902,0.7061488986414142,3.978351032790646
2019-2020,retained,preseason,2019-08-02,eng-championship:2019-2020:huddersfield-town:derby-county,1,0.9561680440456486,0.5740551148031853,2.5254016498196403
2019-2020,retained,preseason,2019-08-02,eng-championship:2019-2020:cardiff-city:luton-town,2,0.6547597504771961,0.3464532250989384,2.5590183546201675
2019-2020,retained,preseason,2019-08-02,eng-championship:2019-2020:fulham:blackburn-rovers,2,0.5456766411065995,0.2654356170016975,2.328444945829885
2019-2020,retained,preseason,2019-08-02,eng-championship:2019-2020:queens-park-rangers:huddersfield-town,2,1.3743744961765674,0.8391242228448307,2.134938008414153
2019-2020,retained,preseason,2019-08-02,eng-championship:2019-2020:huddersfield-town:fulham,3,0.87114675076956,0.5105931141389348,2.485726554950114
2019-2020,retained,preseason,2019-08-02,eng-championship:2019-2020:reading:cardiff-city,3,1.1826770172838748,0.7367204197581202,3.890880175438358
2019-2020,retained,preseason,2019-08-02,eng-championship:2019-2020:cardiff-city:huddersfield-town,4,0.6067284117131474,0.3104280150213043,2.394719660495044
2019-2020,retained,preseason,2019-08-02,eng-championship:2019-2020:fulham:millwall,4,0.5322857718890276,0.2562405801373984,3.448791622817402
2019-2020,retained,preseason,2019-08-02,eng-championship:2019-2020:blackburn-rovers:cardiff-city,5,1.3662504516543914,0.8327538596579706,2.6259885925269097
2019-2020,retained,preseason,2019-08-02,eng-championship:2019-2020:fulham:nottingham-forest,5,1.5565551756035423,0.9879998928002816,2.9417798565443705
2019-2020,retained,preseason,2019-08-02,eng-championship:2019-2020:huddersfield-town:reading,5,1.3575695968861674,0.8587301544353851,3.1892248895129125
2019-2020,retained,preseason,2019-08-02,eng-championship:2019-2020:cardiff-city:fulham,6,1.3735771600056046,0.8415356895699027,2.135602817636266
2019-2020,retained,preseason,2019-08-02,eng-championship:2019-2020:luton-town:huddersfield-town,6,0.7483761894047936,0.41810567665704634,2.5828885393619982
2019-2020,retained,preseason,2019-08-02,eng-championship:2019-2020:derby-county:cardiff-city,7,1.3680203058960128,0.8428394185706761,2.1285911513844433
2019-2020,retained,preseason,2019-08-02,eng-championship:2019-2020:fulham:west-bromwich-albion,7,1.4779755394029763,0.9162498194758728,2.261416117587726
2019-2020,retained,preseason,2019-08-02,eng-championship:2019-2020:huddersfield-town:sheffield-wednesday,7,1.1079620699552222,0.6857359292102658,2.901391076874276
2019-2020,retained,preseason,2019-08-02,eng-championship:2019-2020:cardiff-city:middlesbrough,8,0.7620344260290681,0.42662465627058693,2.089519319289454
2019-2020,retained,preseason,2019-08-02,eng-championship:2019-2020:sheffield-wednesday:fulham,8,1.3669399555152026,0.8329488109936132,2.127744237163842
2019-2020,retained,preseason,2019-08-02,eng-championship:2019-2020:west-bromwich-albion:huddersfield-town,8,0.5709959255260189,0.28391017022497367,4.089616926346571
2019-2020,retained,preseason,2019-08-02,eng-championship:2019-2020:fulham:wigan-athletic,9,0.5045574197802994,0.23621888320234308,2.2269565903110546
2019-2020,retained,preseason,2019-08-02,eng-championship:2019-2020:huddersfield-town:millwall,9,1.363319302415927,0.846568839891092,2.127111469918602
2019-2020,retained,preseason,2019-08-02,eng-championship:2019-2020:hull-city:cardiff-city,9,1.3793966767440236,0.8400145565110235,2.937110734931727
2019-2020,retained,preseason,2019-08-02,eng-championship:2019-2020:reading:fulham,10,0.773298642036536,0.43568170302949427,4.004075753258553
2019-2020,retained,preseason,2019-08-02,eng-championship:2019-2020:stoke-city:huddersfield-town,10,1.1779527372365188,0.7302576511193873,2.3093310155506304
2019-2020,retained,preseason,2019-08-02,eng-championship:2019-2020:cardiff-city:queens-park-rangers,10,0.5271827662670688,0.252332464013507,2.71318332566013
2019-2020,generic,preseason,2019-08-02,eng-championship:2019-2020:barnsley:fulham,1,1.0947517201727013,0.6791776621283371,2.5270738273276785
2019-2020,generic,preseason,2019-08-02,eng-championship:2019-2020:wigan-athletic:cardiff-city,1,1.0623411745705547,0.6531883470744296,3.764414301103395
2019-2020,generic,preseason,2019-08-02,eng-championship:2019-2020:huddersfield-town:derby-county,1,1.1475103998528806,0.7171228868411315,2.647340035169376
2019-2020,generic,preseason,2019-08-02,eng-championship:2019-2020:cardiff-city:luton-town,2,0.6709092943273184,0.3592873305842124,2.571870866143191
2019-2020,generic,preseason,2019-08-02,eng-championship:2019-2020:fulham:blackburn-rovers,2,0.6325524755015228,0.32971580296965447,2.444971065968333
2019-2020,generic,preseason,2019-08-02,eng-championship:2019-2020:queens-park-rangers:huddersfield-town,2,1.4016245501392504,0.8554185077055468,2.179144452576507
2019-2020,generic,preseason,2019-08-02,eng-championship:2019-2020:huddersfield-town:fulham,3,1.1908433738217443,0.7523111653567576,2.6956265768334546
2019-2020,generic,preseason,2019-08-02,eng-championship:2019-2020:reading:cardiff-city,3,1.1034002560027099,0.6835636362307541,3.758767924432444
2019-2020,generic,preseason,2019-08-02,eng-championship:2019-2020:cardiff-city:huddersfield-town,4,0.7742026610325285,0.4380463948566604,2.4636899792560456
2019-2020,generic,preseason,2019-08-02,eng-championship:2019-2020:fulham:millwall,4,0.614552072406306,0.3162352317852284,3.664330324057097
2019-2020,generic,preseason,2019-08-02,eng-championship:2019-2020:blackburn-rovers:cardiff-city,5,1.405144801516551,0.85448785641354,2.7719409313377166
2019-2020,generic,preseason,2019-08-02,eng-championship:2019-2020:fulham:nottingham-forest,5,1.3825103171500246,0.8788702120220029,2.8149622799817617
2019-2020,generic,preseason,2019-08-02,eng-championship:2019-2020:huddersfield-town:reading,5,1.6069768983803492,1.0226329136941392,3.5480074136795254
2019-2020,generic,preseason,2019-08-02,eng-championship:2019-2020:cardiff-city:fulham,6,1.4474258497854118,0.8897471268813256,2.2440462972838624
2019-2020,generic,preseason,2019-08-02,eng-championship:2019-2020:luton-town:huddersfield-town,6,0.9082656495192696,0.5424006465612639,2.6608607100891737
2019-2020,generic,preseason,2019-08-02,eng-championship:2019-2020:derby-county:cardiff-city,7,1.4199158582633022,0.8800850471389536,2.1939483144532437
2019-2020,generic,preseason,2019-08-02,eng-championship:2019-2020:fulham:west-bromwich-albion,7,1.4532126123738998,0.8898933576650396,2.246029567483119
2019-2020,generic,preseason,2019-08-02,eng-championship:2019-2020:huddersfield-town:sheffield-wednesday,7,1.3188167896263903,0.8372144044235222,3.211731379607609
2019-2020,generic,preseason,2019-08-02,eng-championship:2019-2020:cardiff-city:middlesbrough,8,0.7955476299129585,0.45224047024611697,2.1922972132440908
2019-2020,generic,preseason,2019-08-02,eng-championship:2019-2020:sheffield-wednesday:fulham,8,1.3896435235192666,0.8488322886761193,2.1628115302311053
2019-2020,generic,preseason,2019-08-02,eng-championship:2019-2020:west-bromwich-albion:huddersfield-town,8,0.7424660215566332,0.413864285344308,4.185011787542768
2019-2020,generic,preseason,2019-08-02,eng-championship:2019-2020:fulham:wigan-athletic,9,0.5818817137567459,0.29201727550774315,2.3274246974883024
2019-2020,generic,preseason,2019-08-02,eng-championship:2019-2020:huddersfield-town:millwall,9,1.4484879423519694,0.9271394157431504,2.2198617524517266
2019-2020,generic,preseason,2019-08-02,eng-championship:2019-2020:hull-city:cardiff-city,9,1.424421018490663,0.8665272013332259,2.87390918379212
2019-2020,generic,preseason,2019-08-02,eng-championship:2019-2020:reading:fulham,10,0.8806624495338092,0.517587259024646,4.157393894298351
2019-2020,generic,preseason,2019-08-02,eng-championship:2019-2020:stoke-city:huddersfield-town,10,1.0561422673932421,0.646914951972811,2.3473668371644423
2019-2020,generic,preseason,2019-08-02,eng-championship:2019-2020:cardiff-city:queens-park-rangers,10,0.5506104293380605,0.2689861983817595,2.781999983809928
2019-2020,mapped,preseason,2019-08-02,eng-championship:2019-2020:barnsley:fulham,1,0.9377133777860511,0.5646322698411862,2.5771262244106348
2019-2020,mapped,preseason,2019-08-02,eng-championship:2019-2020:wigan-athletic:cardiff-city,1,1.0399962207651856,0.6366485912914277,3.7513537269257675
2019-2020,mapped,preseason,2019-08-02,eng-championship:2019-2020:huddersfield-town:derby-county,1,0.9856833039917129,0.5977593886348112,2.554438004073085
2019-2020,mapped,preseason,2019-08-02,eng-championship:2019-2020:cardiff-city:luton-town,2,0.6836125277541278,0.3690089986317591,2.572549443883611
2019-2020,mapped,preseason,2019-08-02,eng-championship:2019-2020:fulham:blackburn-rovers,2,0.7252020475275399,0.40097431443595516,2.631532962288541
2019-2020,mapped,preseason,2019-08-02,eng-championship:2019-2020:queens-park-rangers:huddersfield-town,2,1.3985591492856622,0.8512917983165599,2.179729948394052
2019-2020,mapped,preseason,2019-08-02,eng-championship:2019-2020:huddersfield-town:fulham,3,1.1661246002413483,0.7390801789304121,2.6905968058377976
2019-2020,mapped,preseason,2019-08-02,eng-championship:2019-2020:reading:cardiff-city,3,1.0807992321498532,0.6669608213832294,3.7204808189963092
2019-2020,mapped,preseason,2019-08-02,eng-championship:2019-2020:cardiff-city:huddersfield-town,4,0.6677141665582274,0.35644934448857674,2.4281297039709653
2019-2020,mapped,preseason,2019-08-02,eng-championship:2019-2020:fulham:millwall,4,0.6989239402800143,0.37987220802327765,3.852994757707794
2019-2020,mapped,preseason,2019-08-02,eng-championship:2019-2020:blackburn-rovers:cardiff-city,5,1.404956765379935,0.8548629451900149,2.777259551321232
2019-2020,mapped,preseason,2019-08-02,eng-championship:2019-2020:fulham:nottingham-forest,5,1.2099788863485275,0.7650258777635827,2.6855429313979093
2019-2020,mapped,preseason,2019-08-02,eng-championship:2019-2020:huddersfield-town:reading,5,1.4028575875295828,0.8925653602271945,3.2837865432463302
2019-2020,mapped,preseason,2019-08-02,eng-championship:2019-2020:cardiff-city:fulham,6,1.5208636941317455,0.9480058891723456,2.336866521060543
2019-2020,mapped,preseason,2019-08-02,eng-championship:2019-2020:luton-town:huddersfield-town,6,0.7828784724061425,0.44553298187253876,2.6102737758708967
2019-2020,mapped,preseason,2019-08-02,eng-championship:2019-2020:derby-county:cardiff-city,7,1.4247452299649408,0.8858244012015088,2.19734847877011
2019-2020,mapped,preseason,2019-08-02,eng-championship:2019-2020:fulham:west-bromwich-albion,7,1.4706370378972888,0.8900376312215006,2.2857709163563973
2019-2020,mapped,preseason,2019-08-02,eng-championship:2019-2020:huddersfield-town:sheffield-wednesday,7,1.1433778312722758,0.7136455324653207,2.987242870835437
2019-2020,mapped,preseason,2019-08-02,eng-championship:2019-2020:cardiff-city:middlesbrough,8,0.8245459880033502,0.4739914198696075,2.193568422783876
2019-2020,mapped,preseason,2019-08-02,eng-championship:2019-2020:sheffield-wednesday:fulham,8,1.4563149472833752,0.8997811804637246,2.2413589910260074
2019-2020,mapped,preseason,2019-08-02,eng-championship:2019-2020:west-bromwich-albion:huddersfield-town,8,0.6133511790826859,0.3154466893729917,4.113796605822389
2019-2020,mapped,preseason,2019-08-02,eng-championship:2019-2020:fulham:wigan-athletic,9,0.6628858868760701,0.35265134503793655,2.486672892710248
2019-2020,mapped,preseason,2019-08-02,eng-championship:2019-2020:huddersfield-town:millwall,9,1.3980172532932977,0.8720257533671529,2.1731802342758773
2019-2020,mapped,preseason,2019-08-02,eng-championship:2019-2020:hull-city:cardiff-city,9,1.4258696059196723,0.8681181981273928,2.8689314017333234
2019-2020,mapped,preseason,2019-08-02,eng-championship:2019-2020:reading:fulham,10,0.9995789464014398,0.6097885418471062,4.245452870242043
2019-2020,mapped,preseason,2019-08-02,eng-championship:2019-2020:stoke-city:huddersfield-town,10,1.2147812299754872,0.7609297520970236,2.4672063869841896
2019-2020,mapped,preseason,2019-08-02,eng-championship:2019-2020:cardiff-city:queens-park-rangers,10,0.5639831806539579,0.2787681914824318,2.8079179871616318
2020-2021,retained,preseason,2020-09-11,eng-championship:2020-2021:watford:middlesbrough,1,0.6799715570533107,0.36511901826993254,2.131499266300663
2020-2021,retained,preseason,2020-09-11,eng-championship:2020-2021:bournemouth:blackburn-rovers,1,0.6746267183255881,0.3613504964909992,3.575437933195549
2020-2021,retained,preseason,2020-09-11,eng-championship:2020-2021:huddersfield-town:norwich-city,1,0.7800404577041484,0.44107453829543947,2.2780715917623535
2020-2021,retained,preseason,2020-09-11,eng-championship:2020-2021:middlesbrough:bournemouth,2,1.342369818681583,0.8198168861952922,2.105959206346884
2020-2021,retained,preseason,2020-09-11,eng-championship:2020-2021:norwich-city:preston-north-end,2,1.4201410933025684,0.8974305635821879,3.0437212010311905
2020-2021,retained,preseason,2020-09-11,eng-championship:2020-2021:sheffield-wednesday:watford,2,1.3837298202158608,0.844012264731581,2.650064652607158
2020-2021,retained,preseason,2020-09-11,eng-championship:2020-2021:watford:luton-town,3,0.5214979739969904,0.24785673143350798,2.2693370445499914
2020-2021,retained,preseason,2020-09-11,eng-championship:2020-2021:bournemouth:norwich-city,3,0.859852119695238,0.502513132351998,2.339991999147318
2020-2021,retained,preseason,2020-09-11,eng-championship:2020-2021:coventry-city:bournemouth,4,0.9303559121470644,0.55568331624641,3.2829847249521196
2020-2021,retained,preseason,2020-09-11,eng-championship:2020-2021:norwich-city:derby-county,4,1.3465848441098534,0.8568359741004377,2.6774923077909705
2020-2021,retained,preseason,2020-09-11,eng-championship:2020-2021:reading:watford,4,1.0307888791188216,0.6295370163193745,2.3693244431419354
2020-2021,retained,preseason,2020-09-11,eng-championship:2020-2021:derby-county:watford,5,1.0610102524741913,0.6531452183415667,2.4354310617501187
2020-2021,retained,preseason,2020-09-11,eng-championship:2020-2021:bournemouth:queens-park-rangers,5,1.4945999387091413,0.9580434088991198,2.7934098895842787
2020-2021,retained,preseason,2020-09-11,eng-championship:2020-2021:rotherham-united:norwich-city,5,0.6876151012532864,0.3711698011678023,2.403583077989915
2020-2021,retained,preseason,2020-09-11,eng-championship:2020-2021:norwich-city:birmingham-city,6,0.49841383334827144,0.23149764006257434,2.248115661879002
2020-2021,retained,preseason,2020-09-11,eng-championship:2020-2021:cardiff-city:bournemouth,6,1.380310565243465,0.8464779825400846,2.141343337529195
2020-2021,retained,preseason,2020-09-11,eng-championship:2020-2021:watford:blackburn-rovers,6,0.7014046581371751,0.3816313536192584,2.986609826311186
2020-2021,retained,preseason,2020-09-11,eng-championship:2020-2021:norwich-city:wycombe-wanderers,7,0.6593598524641778,0.3502614841541818,2.547942931040436
2020-2021,retained,preseason,2020-09-11,eng-championship:2020-2021:watford:bournemouth,7,1.3918519062644434,0.8516551788106125,2.155181249411747
2020-2021,retained,preseason,2020-09-11,eng-championship:2020-2021:brentford:norwich-city,8,1.4219140366823346,0.8915137182034705,2.1830144192363283
2020-2021,retained,preseason,2020-09-11,eng-championship:2020-2021:wycombe-wanderers:watford,8,1.4256116738740028,0.8657366211943245,2.262873768594609
2020-2021,retained,preseason,2020-09-11,eng-championship:2020-2021:bournemouth:bristol-city,8,0.6543144331334851,0.3458978603800506,2.1895284206661696
2020-2021,retained,preseason,2020-09-11,eng-championship:2020-2021:barnsley:watford,9,1.1422628232457361,0.7093257261209234,2.395454270501427
2020-2021,retained,preseason,2020-09-11,eng-championship:2020-2021:bournemouth:derby-county,9,1.4206617858145973,0.8843208497323871,2.1820684118948956
2020-2021,retained,preseason,2020-09-11,eng-championship:2020-2021:bristol-city:norwich-city,9,0.8932291135207251,0.526974417112598,3.2054292537793976
2020-2021,retained,preseason,2020-09-11,eng-championship:2020-2021:norwich-city:millwall,10,1.4110347562969976,0.8911623534669163,2.616220723685976
2020-2021,retained,preseason,2020-09-11,eng-championship:2020-2021:sheffield-wednesday:bournemouth,10,1.088564601988957,0.6732297253141919,2.446372111403785
2020-2021,retained,preseason,2020-09-11,eng-championship:2020-2021:watford:stoke-city,10,0.6888583791391885,0.37188380750365274,3.680409478289657
2020-2021,generic,preseason,2020-09-11,eng-championship:2020-2021:watford:middlesbrough,1,0.6884589441489031,0.37152689148742996,2.1909384417988265
2020-2021,generic,preseason,2020-09-11,eng-championship:2020-2021:bournemouth:blackburn-rovers,1,0.70953445093432,0.38802585421368807,3.4820234790705547
2020-2021,generic,preseason,2020-09-11,eng-championship:2020-2021:huddersfield-town:norwich-city,1,0.9119000708867125,0.5419981625546177,2.3937603385657917
2020-2021,generic,preseason,2020-09-11,eng-championship:2020-2021:middlesbrough:bournemouth,2,1.3539357125459206,0.8253743787354766,2.1254442734426644
2020-2021,generic,preseason,2020-09-11,eng-championship:2020-2021:norwich-city:preston-north-end,2,1.3964901588650394,0.8684271445933253,3.003348693146597
2020-2021,generic,preseason,2020-09-11,eng-championship:2020-2021:sheffield-wednesday:watford,2,1.3950517971392902,0.8494231826288675,2.733719747437377
2020-2021,generic,preseason,2020-09-11,eng-championship:2020-2021:watford:luton-town,3,0.5248443786545736,0.2502022683637745,2.3317922697764955
2020-2021,generic,preseason,2020-09-11,eng-championship:2020-2021:bournemouth:norwich-city,3,0.8123625643164429,0.46698088345781874,2.412811728473071
2020-2021,generic,preseason,2020-09-11,eng-championship:2020-2021:coventry-city:bournemouth,4,0.9733399223665954,0.5888123768852345,3.2997368991208402
2020-2021,generic,preseason,2020-09-11,eng-championship:2020-2021:norwich-city:derby-county,4,1.2268150276203826,0.774375985498238,2.6207514598703234
2020-2021,generic,preseason,2020-09-11,eng-championship:2020-2021:reading:watford,4,0.9987600159085379,0.6066049155510045,2.4222990591508817
2020-2021,generic,preseason,2020-09-11,eng-championship:2020-2021:derby-county:watford,5,1.0894023112124542,0.6750077534253104,2.5047943909298604
2020-2021,generic,preseason,2020-09-11,eng-championship:2020-2021:bournemouth:queens-park-rangers,5,1.4874294481523533,0.9446989089545011,2.859600360651926
2020-2021,generic,preseason,2020-09-11,eng-championship:2020-2021:rotherham-united:norwich-city,5,0.7628360716057659,0.4285209483793126,2.4394380274729848
2020-2021,generic,preseason,2020-09-11,eng-championship:2020-2021:norwich-city:birmingham-city,6,0.5604390992279173,0.27618547189949266,2.2625394494027526
2020-2021,generic,preseason,2020-09-11,eng-championship:2020-2021:cardiff-city:bournemouth,6,1.4105728859909519,0.8675798794651811,2.185075404210414
2020-2021,generic,preseason,2020-09-11,eng-championship:2020-2021:watford:blackburn-rovers,6,0.7129652555785253,0.3905928294912596,2.9684424702802916
2020-2021,generic,preseason,2020-09-11,eng-championship:2020-2021:norwich-city:wycombe-wanderers,7,0.7158034376279808,0.39346647602085244,2.570294134044608
2020-2021,generic,preseason,2020-09-11,eng-championship:2020-2021:watford:bournemouth,7,1.4263113051571823,0.8739995802466697,2.215653722513093
2020-2021,generic,preseason,2020-09-11,eng-championship:2020-2021:brentford:norwich-city,8,1.4614503614682453,0.9318736782696823,2.2324688415065754
2020-2021,generic,preseason,2020-09-11,eng-championship:2020-2021:wycombe-wanderers:watford,8,1.439862526252451,0.8736655492463588,2.2841830501542324
2020-2021,generic,preseason,2020-09-11,eng-championship:2020-2021:bournemouth:bristol-city,8,0.6868871049423112,0.37047411584727646,2.25096033712346
2020-2021,generic,preseason,2020-09-11,eng-championship:2020-2021:barnsley:watford,9,1.1130715225293721,0.6893432752089745,2.4413820409660856
2020-2021,generic,preseason,2020-09-11,eng-championship:2020-2021:bournemouth:derby-county,9,1.4194237574488062,0.8768301568901395,2.193966549870598
2020-2021,generic,preseason,2020-09-11,eng-championship:2020-2021:bristol-city:norwich-city,9,0.9851041264717786,0.5963076940376658,3.311593726825995
2020-2021,generic,preseason,2020-09-11,eng-championship:2020-2021:norwich-city:millwall,10,1.3877440429015613,0.8629382975195088,2.5987809167175486
2020-2021,generic,preseason,2020-09-11,eng-championship:2020-2021:sheffield-wednesday:bournemouth,10,1.0275631380834553,0.6290234861398954,2.4765602021226205
2020-2021,generic,preseason,2020-09-11,eng-championship:2020-2021:watford:stoke-city,10,0.7155591096190874,0.3922491665483197,3.571084746427542
2020-2021,mapped,preseason,2020-09-11,eng-championship:2020-2021:watford:middlesbrough,1,0.6522629881157829,0.34437753505420826,2.145802121084511
2020-2021,mapped,preseason,2020-09-11,eng-championship:2020-2021:bournemouth:blackburn-rovers,1,0.6484049626337592,0.3416824824370588,3.445508668039354
2020-2021,mapped,preseason,2020-09-11,eng-championship:2020-2021:huddersfield-town:norwich-city,1,0.9900100831477532,0.6002678858178673,2.4104632201107465
2020-2021,mapped,preseason,2020-09-11,eng-championship:2020-2021:middlesbrough:bournemouth,2,1.359479499525701,0.8302163175880956,2.129278826436333
2020-2021,mapped,preseason,2020-09-11,eng-championship:2020-2021:norwich-city:preston-north-end,2,1.3706789295960737,0.8404148485361413,2.984135089324499
2020-2021,mapped,preseason,2020-09-11,eng-championship:2020-2021:sheffield-wednesday:watford,2,1.3883033132836125,0.8482880352580182,2.6972063009233196
2020-2021,mapped,preseason,2020-09-11,eng-championship:2020-2021:watford:luton-town,3,0.4899736474194211,0.2253654621089115,2.2987575685257706
2020-2021,mapped,preseason,2020-09-11,eng-championship:2020-2021:bournemouth:norwich-city,3,0.6482957606548297,0.3416388187755981,2.3529495929780513
2020-2021,mapped,preseason,2020-09-11,eng-championship:2020-2021:coventry-city:bournemouth,4,0.9102149830471653,0.5413125150591532,3.2176157685610156
2020-2021,mapped,preseason,2020-09-11,eng-championship:2020-2021:norwich-city:derby-county,4,1.088793915257875,0.6745134951426138,2.519276195537927
2020-2021,mapped,preseason,2020-09-11,eng-championship:2020-2021:reading:watford,4,1.0616154969518936,0.6523517287435369,2.4322049559856804
2020-2021,mapped,preseason,2020-09-11,eng-championship:2020-2021:derby-county:watford,5,1.031716476321635,0.6315316530409932,2.4411010037100125
2020-2021,mapped,preseason,2020-09-11,eng-championship:2020-2021:bournemouth:queens-park-rangers,5,1.525141794833063,0.9816788343592422,2.918017304408872
2020-2021,mapped,preseason,2020-09-11,eng-championship:2020-2021:rotherham-united:norwich-city,5,0.8766977934221242,0.5154584907147001,2.49270157098403
2020-2021,mapped,preseason,2020-09-11,eng-championship:2020-2021:norwich-city:birmingham-city,6,0.65031264368891,0.34297210709171366,2.279564333158569
2020-2021,mapped,preseason,2020-09-11,eng-championship:2020-2021:cardiff-city:bournemouth,6,1.4021565806059304,0.8564136343519274,2.1764065618362727
2020-2021,mapped,preseason,2020-09-11,eng-championship:2020-2021:watford:blackburn-rovers,6,0.6711289602043504,0.35870038154545136,2.934960158663986
2020-2021,mapped,preseason,2020-09-11,eng-championship:2020-2021:norwich-city:wycombe-wanderers,7,0.8179855279336694,0.4722277929988546,2.609009257665191
2020-2021,mapped,preseason,2020-09-11,eng-championship:2020-2021:watford:bournemouth,7,1.4150112124655465,0.8664164397015732,2.1998872774232527
2020-2021,mapped,preseason,2020-09-11,eng-championship:2020-2021:brentford:norwich-city,8,1.5165730226067518,0.9891551239158729,2.2875612101120906
2020-2021,mapped,preseason,2020-09-11,eng-championship:2020-2021:wycombe-wanderers:watford,8,1.4291954002217049,0.8675763302677322,2.2723787796406176
2020-2021,mapped,preseason,2020-09-11,eng-championship:2020-2021:bournemouth:bristol-city,8,0.6293965072945491,0.32725960014275,2.2492211436105354
2020-2021,mapped,preseason,2020-09-11,eng-championship:2020-2021:barnsley:watford,9,1.1780926036133834,0.7349906721123199,2.4595884510951707
2020-2021,mapped,preseason,2020-09-11,eng-championship:2020-2021:bournemouth:derby-county,9,1.4425964083015839,0.9001979791068179,2.2171426713106346
2020-2021,mapped,preseason,2020-09-11,eng-championship:2020-2021:bristol-city:norwich-city,9,1.111477290893262,0.6894429448190357,3.4597305965405623
2020-2021,mapped,preseason,2020-09-11,eng-championship:2020-2021:norwich-city:millwall,10,1.3633129379253874,0.836159913597399,2.569315687049281
2020-2021,mapped,preseason,2020-09-11,eng-championship:2020-2021:sheffield-wednesday:bournemouth,10,1.103157709065947,0.6852132085363583,2.5383354008563193
2020-2021,mapped,preseason,2020-09-11,eng-championship:2020-2021:watford:stoke-city,10,0.6750078373339519,0.3614818814957508,3.584411910527889
2021-2022,retained,preseason,2021-08-06,eng-championship:2021-2022:bournemouth:west-bromwich-albion,1,1.3490904959162062,0.8325256390652537,3.0549149517577088
2021-2022,retained,preseason,2021-08-06,eng-championship:2021-2022:sheffield-united:birmingham-city,1,1.7772216348318544,1.1073869581924787,2.7759426725259893
2021-2022,retained,preseason,2021-08-06,eng-championship:2021-2022:fulham:middlesbrough,1,1.357949519841892,0.8589992273978543,2.1282442110486453
2021-2022,retained,preseason,2021-08-06,eng-championship:2021-2022:huddersfield-town:fulham,2,0.7707399647454544,0.4332912782760319,5.240591885119526
2021-2022,retained,preseason,2021-08-06,eng-championship:2021-2022:swansea-city:sheffield-united,2,1.29411588479154,0.7914242486994703,2.3268066845625093
2021-2022,retained,preseason,2021-08-06,eng-championship:2021-2022:west-bromwich-albion:luton-town,2,0.5489027147959981,0.2687723788874093,3.8057273082977776
2021-2022,retained,preseason,2021-08-06,eng-championship:2021-2022:millwall:fulham,3,0.9474647102016109,0.5642803074605086,2.555987200049066
2021-2022,retained,preseason,2021-08-06,eng-championship:2021-2022:west-bromwich-albion:sheffield-united,3,0.8494199455587188,0.49245380938773353,4.261631881413132
2021-2022,retained,preseason,2021-08-06,eng-championship:2021-2022:blackburn-rovers:west-bromwich-albion,4,0.9689300971246609,0.5822242539549695,2.53616745386086
2021-2022,retained,preseason,2021-08-06,eng-championship:2021-2022:fulham:hull-city,4,0.532662927408269,0.25649196431510596,2.2273094808056406
2021-2022,retained,preseason,2021-08-06,eng-championship:2021-2022:sheffield-united:huddersfield-town,4,1.721754605848039,1.081802358589712,3.0958562812580386
2021-2022,retained,preseason,2021-08-06,eng-championship:2021-2022:fulham:stoke-city,5,0.697607309257949,0.378460412982331,3.008338479740507
2021-2022,retained,preseason,2021-08-06,eng-championship:2021-2022:luton-town:sheffield-united,5,1.324548744817645,0.8233876872706435,2.369596692705196
2021-2022,retained,preseason,2021-08-06,eng-championship:2021-2022:peterborough-united:west-bromwich-albion,5,0.9131872364008049,0.5405980878877652,2.214352836306529
2021-2022,retained,preseason,2021-08-06,eng-championship:2021-2022:blackpool:fulham,6,1.1903007223456699,0.7409496423139666,2.3539534325154206
2021-2022,retained,preseason,2021-08-06,eng-championship:2021-2022:sheffield-united:peterborough-united,6,0.6842899731059295,0.3683600953361924,7.0041319995304026
2021-2022,retained,preseason,2021-08-06,eng-championship:2021-2022:west-bromwich-albion:millwall,6,1.3879747194446037,0.8907338527589433,2.1584116614858235
2021-2022,retained,preseason,2021-08-06,eng-championship:2021-2022:sheffield-united:preston-north-end,7,1.3718041237594545,0.876431131111551,3.2168524564299728
2021-2022,retained,preseason,2021-08-06,eng-championship:2021-2022:west-bromwich-albion:derby-county,7,1.4355089630182623,0.9388061285019726,2.517981731497411
2021-2022,retained,preseason,2021-08-06,eng-championship:2021-2022:birmingham-city:fulham,7,0.7570773912523139,0.4228927697609413,4.151644417644058
2021-2022,retained,preseason,2021-08-06,eng-championship:2021-2022:fulham:reading,8,1.34087428044141,0.8429864935775564,2.801272277229198
2021-2022,retained,preseason,2021-08-06,eng-championship:2021-2022:hull-city:sheffield-united,8,0.7171824985499866,0.3931214275356347,3.069214231967172
2021-2022,retained,preseason,2021-08-06,eng-championship:2021-2022:preston-north-end:west-bromwich-albion,8,1.3099708969993702,0.8039377487680661,2.0804044777197177
2021-2022,retained,preseason,2021-08-06,eng-championship:2021-2022:west-bromwich-albion:queens-park-rangers,9,0.6567262546302371,0.34773110338779223,2.399308660844122
2021-2022,retained,preseason,2021-08-06,eng-championship:2021-2022:bristol-city:fulham,9,1.3426303889333064,0.8331195947326274,2.1088207943010335
2021-2022,retained,preseason,2021-08-06,eng-championship:2021-2022:sheffield-united:derby-county,9,0.5881986573104196,0.29737265941500013,2.021559012548941
2021-2022,retained,preseason,2021-08-06,eng-championship:2021-2022:cardiff-city:west-bromwich-albion,10,1.0985573503011274,0.6762307299719543,4.883397649888487
2021-2022,retained,preseason,2021-08-06,eng-championship:2021-2022:middlesbrough:sheffield-united,10,1.1100143206836635,0.6830484198499291,2.8421030999399584
2021-2022,retained,preseason,2021-08-06,eng-championship:2021-2022:fulham:swansea-city,10,0.8491433381141158,0.4915733228312082,3.3004431576535933
2021-2022,generic,preseason,2021-08-06,eng-championship:2021-2022:bournemouth:west-bromwich-albion,1,1.37878281165982,0.85695439815452,3.03209189397673
2021-2022,generic,preseason,2021-08-06,eng-championship:2021-2022:sheffield-united:birmingham-city,1,1.6822668114183044,1.0566520220086877,2.760886277261756
2021-2022,generic,preseason,2021-08-06,eng-championship:2021-2022:fulham:middlesbrough,1,1.3749184260861103,0.8657816729909669,2.148477304381899
2021-2022,generic,preseason,2021-08-06,eng-championship:2021-2022:huddersfield-town:fulham,2,0.7968171266255583,0.4533805436873882,5.190702865502744
2021-2022,generic,preseason,2021-08-06,eng-championship:2021-2022:swansea-city:sheffield-united,2,1.3178785678642062,0.8098243666472456,2.4004050921455145
2021-2022,generic,preseason,2021-08-06,eng-championship:2021-2022:west-bromwich-albion:luton-town,2,0.604958652347151,0.30951402252144533,3.7625106568020685
2021-2022,generic,preseason,2021-08-06,eng-championship:2021-2022:millwall:fulham,3,0.9626107735276056,0.5762508753689036,2.555890943627365
2021-2022,generic,preseason,2021-08-06,eng-championship:2021-2022:west-bromwich-albion:sheffield-united,3,0.850010136113943,0.49359095398695796,4.24647379412688
2021-2022,generic,preseason,2021-08-06,eng-championship:2021-2022:blackburn-rovers:west-bromwich-albion,4,1.0587977252477643,0.6489647637314793,2.5945167729078196
2021-2022,generic,preseason,2021-08-06,eng-championship:2021-2022:fulham:hull-city,4,0.5365731498107897,0.2590402935434618,2.2694339582005467
2021-2022,generic,preseason,2021-08-06,eng-championship:2021-2022:sheffield-united:huddersfield-town,4,1.5985925375666115,1.013026187573328,2.9834929321199146
2021-2022,generic,preseason,2021-08-06,eng-championship:2021-2022:fulham:stoke-city,5,0.7112505553878881,0.38857622430458405,3.042986806912424
2021-2022,generic,preseason,2021-08-06,eng-championship:2021-2022:luton-town:sheffield-united,5,1.3267325523838642,0.8172988342292018,2.423352064033861
2021-2022,generic,preseason,2021-08-06,eng-championship:2021-2022:peterborough-united:west-bromwich-albion,5,1.0010220753277395,0.606236720699754,2.2794142734423355
2021-2022,generic,preseason,2021-08-06,eng-championship:2021-2022:blackpool:fulham,6,1.1529444529530481,0.7164047078897084,2.3902946214844736
2021-2022,generic,preseason,2021-08-06,eng-championship:2021-2022:sheffield-united:peterborough-united,6,0.7363233276106238,0.40755346301937256,6.988280606103735
2021-2022,generic,preseason,2021-08-06,eng-championship:2021-2022:west-bromwich-albion:millwall,6,1.3663286660958558,0.8624313509143391,2.1424768687063827
2021-2022,generic,preseason,2021-08-06,eng-championship:2021-2022:sheffield-united:preston-north-end,7,1.3642232568330706,0.8603372122670987,3.1348651530387404
2021-2022,generic,preseason,2021-08-06,eng-championship:2021-2022:west-bromwich-albion:derby-county,7,1.406308009376668,0.9036353950806637,2.5102577180623142
2021-2022,generic,preseason,2021-08-06,eng-championship:2021-2022:birmingham-city:fulham,7,0.7668674546471201,0.43033668246862866,4.108530011058168
2021-2022,generic,preseason,2021-08-06,eng-championship:2021-2022:fulham:reading,8,1.3090896860123906,0.8242506564214548,2.771523707435146
2021-2022,generic,preseason,2021-08-06,eng-championship:2021-2022:hull-city:sheffield-united,8,0.7694736431457374,0.4328391117025093,3.097702214703958
2021-2022,generic,preseason,2021-08-06,eng-championship:2021-2022:preston-north-end:west-bromwich-albion,8,1.3119521062656465,0.8012776145064902,2.088176328283744
2021-2022,generic,preseason,2021-08-06,eng-championship:2021-2022:west-bromwich-albion:queens-park-rangers,9,0.72209354784119,0.396812730655306,2.423403455352469
2021-2022,generic,preseason,2021-08-06,eng-championship:2021-2022:bristol-city:fulham,9,1.3587292120917192,0.8400533639125184,2.1292056452372856
2021-2022,generic,preseason,2021-08-06,eng-championship:2021-2022:sheffield-united:derby-county,9,0.6293921358288882,0.32752261173131675,2.0726372146357948
2021-2022,generic,preseason,2021-08-06,eng-championship:2021-2022:cardiff-city:west-bromwich-albion,10,1.1842320623624132,0.7383341414160401,5.069885275577551
2021-2022,generic,preseason,2021-08-06,eng-championship:2021-2022:middlesbrough:sheffield-united,10,1.0296483265530325,0.6260120606024319,2.782481160080497
2021-2022,generic,preseason,2021-08-06,eng-championship:2021-2022:fulham:swansea-city,10,0.8620420767195106,0.5015680338176255,3.2791649729623797
2021-2022,mapped,preseason,2021-08-06,eng-championship:2021-2022:bournemouth:west-bromwich-albion,1,1.4411890893392594,0.9064436210763609,2.9837479663146715
2021-2022,mapped,preseason,2021-08-06,eng-championship:2021-2022:sheffield-united:birmingham-city,1,1.5891498059273204,0.9889211520187571,2.5136949694693165
2021-2022,mapped,preseason,2021-08-06,eng-championship:2021-2022:fulham:middlesbrough,1,1.3156533332887876,0.8458164761044819,2.1375196651029524
2021-2022,mapped,preseason,2021-08-06,eng-championship:2021-2022:huddersfield-town:fulham,2,0.7333644043639542,0.4053421528264784,5.400725577251999
2021-2022,mapped,preseason,2021-08-06,eng-championship:2021-2022:swansea-city:sheffield-united,2,1.2559621356281345,0.7772290717443894,2.146590902412389
2021-2022,mapped,preseason,2021-08-06,eng-championship:2021-2022:west-bromwich-albion:luton-town,2,0.6350057146593574,0.3314834831306082,3.6431705446703972
2021-2022,mapped,preseason,2021-08-06,eng-championship:2021-2022:millwall:fulham,3,0.8980021732936342,0.5268538178073752,2.6001054598694946
2021-2022,mapped,preseason,2021-08-06,eng-championship:2021-2022:west-bromwich-albion:sheffield-united,3,0.8668191756258048,0.5052826688875101,4.326204229534322
2021-2022,mapped,preseason,2021-08-06,eng-championship:2021-2022:blackburn-rovers:west-bromwich-albion,4,1.120413404357825,0.6966333833839068,2.620480678677109
2021-2022,mapped,preseason,2021-08-06,eng-championship:2021-2022:fulham:hull-city,4,0.5096488479891711,0.2412202280029936,2.111641008092276
2021-2022,mapped,preseason,2021-08-06,eng-championship:2021-2022:sheffield-united:huddersfield-town,4,1.530646679598208,0.9590643749289892,2.988186855256274
2021-2022,mapped,preseason,2021-08-06,eng-championship:2021-2022:fulham:stoke-city,5,0.6714788357284251,0.35997192507301384,2.9578330498997696
2021-2022,mapped,preseason,2021-08-06,eng-championship:2021-2022:luton-town:sheffield-united,5,1.2502642786760219,0.7664911772136378,2.1577181016464504
2021-2022,mapped,preseason,2021-08-06,eng-championship:2021-2022:peterborough-united:west-bromwich-albion,5,1.0635286830424535,0.6547635308242122,2.409907625953838
2021-2022,mapped,preseason,2021-08-06,eng-championship:2021-2022:blackpool:fulham,6,1.28625698189947,0.8001662039637567,2.2959465542672843
2021-2022,mapped,preseason,2021-08-06,eng-championship:2021-2022:sheffield-united:peterborough-united,6,0.8263014206612365,0.47445166734613836,7.582451457315285
2021-2022,mapped,preseason,2021-08-06,eng-championship:2021-2022:west-bromwich-albion:millwall,6,1.3824776934990426,0.8626580640148223,2.1510718660084422
2021-2022,mapped,preseason,2021-08-06,eng-championship:2021-2022:sheffield-united:preston-north-end,7,1.2769166694021166,0.7970234328532302,3.295940314255783
2021-2022,mapped,preseason,2021-08-06,eng-championship:2021-2022:west-bromwich-albion:derby-county,7,1.4178817910556576,0.8992765216338117,2.623467859375223
2021-2022,mapped,preseason,2021-08-06,eng-championship:2021-2022:birmingham-city:fulham,7,0.7203068668741538,0.3959874485018799,4.275005566031826
2021-2022,mapped,preseason,2021-08-06,eng-championship:2021-2022:fulham:reading,8,1.4537175216296763,0.9078350432039032,2.9457073976761103
2021-2022,mapped,preseason,2021-08-06,eng-championship:2021-2022:hull-city:sheffield-united,8,0.8537466150628202,0.4951048990518879,3.3076588210141176
2021-2022,mapped,preseason,2021-08-06,eng-championship:2021-2022:preston-north-end:west-bromwich-albion,8,1.344145138374336,0.8199029362567685,2.1126642517067475
2021-2022,mapped,preseason,2021-08-06,eng-championship:2021-2022:west-bromwich-albion:queens-park-rangers,9,0.7613681342191078,0.42695902651013284,2.42637939420319
2021-2022,mapped,preseason,2021-08-06,eng-championship:2021-2022:bristol-city:fulham,9,1.3017802367024496,0.8186690118204184,2.107654038185559
2021-2022,mapped,preseason,2021-08-06,eng-championship:2021-2022:sheffield-united:derby-county,9,0.7112154668980001,0.3890114574464749,1.9508304916839585
2021-2022,mapped,preseason,2021-08-06,eng-championship:2021-2022:cardiff-city:west-bromwich-albion,10,1.2510506193378514,0.7886066327669131,5.170687993909008
2021-2022,mapped,preseason,2021-08-06,eng-championship:2021-2022:middlesbrough:sheffield-united,10,0.9914983068360109,0.5953237360059047,2.6600779352729846
2021-2022,mapped,preseason,2021-08-06,eng-championship:2021-2022:fulham:swansea-city,10,0.8081016874144263,0.46096928747615845,3.384671277250676
2022-2023,retained,preseason,2022-07-29,eng-championship:2022-2023:huddersfield-town:burnley,1,1.0660261786036964,0.6534816858052961,2.319133623323998
2022-2023,retained,preseason,2022-07-29,eng-championship:2022-2023:cardiff-city:norwich-city,1,1.2618157527712437,0.7913821381738966,2.4570729649605103
2022-2023,retained,preseason,2022-07-29,eng-championship:2022-2023:watford:sheffield-united,1,0.7834865342276567,0.4426211926440866,2.066030900765886
2022-2023,retained,preseason,2022-07-29,eng-championship:2022-2023:burnley:luton-town,2,1.3922408562940796,0.8778343489757674,2.1567009619701363
2022-2023,retained,preseason,2022-07-29,eng-championship:2022-2023:norwich-city:wigan-athletic,2,1.4391180105220114,0.9285217730615418,2.2049720635230328
2022-2023,retained,preseason,2022-07-29,eng-championship:2022-2023:west-bromwich-albion:watford,2,1.2827115105573559,0.7839839562773682,2.062123758300297
2022-2023,retained,preseason,2022-07-29,eng-championship:2022-2023:watford:burnley,3,0.715546282449647,0.3918075381689636,2.0954958002882464
2022-2023,retained,preseason,2022-07-29,eng-championship:2022-2023:hull-city:norwich-city,3,1.405714132970235,0.8846389741720497,2.8548149555759865
2022-2023,retained,preseason,2022-07-29,eng-championship:2022-2023:birmingham-city:watford,4,1.4185147715597353,0.9119189170056156,2.18229857990095
2022-2023,retained,preseason,2022-07-29,eng-championship:2022-2023:burnley:hull-city,4,1.4338010080460377,0.9322281899633748,2.204756843858858
2022-2023,retained,preseason,2022-07-29,eng-championship:2022-2023:norwich-city:huddersfield-town,4,0.6032381115453495,0.3080661418698012,2.388343142138927
2022-2023,retained,preseason,2022-07-29,eng-championship:2022-2023:norwich-city:millwall,5,0.6165695877756784,0.3182428335884453,2.2572759952286785
2022-2023,retained,preseason,2022-07-29,eng-championship:2022-2023:burnley:blackpool,5,1.4183232653535223,0.904479728010035,4.874333473693639
2022-2023,retained,preseason,2022-07-29,eng-championship:2022-2023:preston-north-end:watford,5,1.3122396851578906,0.8097274879515085,2.366353099748425
2022-2023,retained,preseason,2022-07-29,eng-championship:2022-2023:sunderland:norwich-city,6,0.7307408456360037,0.4033611299177271,2.159303947965748
2022-2023,retained,preseason,2022-07-29,eng-championship:2022-2023:watford:queens-park-rangers,6,1.6029777790768645,1.0092470769288338,4.383365980017408
2022-2023,retained,preseason,2022-07-29,eng-championship:2022-2023:wigan-athletic:burnley,6,1.0591217296640258,0.6489222841180322,5.842168978205045
2022-2023,retained,preseason,2022-07-29,eng-championship:2022-2023:birmingham-city:norwich-city,7,0.590235057915149,0.2983366156830941,2.379465469578198
2022-2023,retained,preseason,2022-07-29,eng-championship:2022-2023:burnley:millwall,7,0.7627541025327993,0.42719081475356846,2.419479366435013
2022-2023,retained,preseason,2022-07-29,eng-championship:2022-2023:watford:middlesbrough,7,0.6378073349822697,0.33389092002145127,2.412754574681128
2022-2023,retained,preseason,2022-07-29,eng-championship:2022-2023:west-bromwich-albion:burnley,8,1.318565523555822,0.8080341019037599,2.091010607645213
2022-2023,retained,preseason,2022-07-29,eng-championship:2022-2023:norwich-city:coventry-city,8,0.5338915034896426,0.25739343908985957,2.714024923156357
2022-2023,retained,preseason,2022-07-29,eng-championship:2022-2023:rotherham-united:watford,8,1.3538685370415904,0.8509832243442131,2.126874248136111
2022-2023,retained,preseason,2022-07-29,eng-championship:2022-2023:blackburn-rovers:watford,9,1.094861820575775,0.671782315482558,2.8215314712772397
2022-2023,retained,preseason,2022-07-29,eng-championship:2022-2023:preston-north-end:burnley,9,1.3272631443554426,0.8100575649306607,2.094940572000562
2022-2023,retained,preseason,2022-07-29,eng-championship:2022-2023:norwich-city:bristol-city,9,0.4462529552429579,0.1953487565237177,3.586744967029994
2022-2023,retained,preseason,2022-07-29,eng-championship:2022-2023:burnley:bristol-city,10,0.5727506105090182,0.28526542770759966,2.386988833512723
2022-2023,retained,preseason,2022-07-29,eng-championship:2022-2023:norwich-city:west-bromwich-albion,10,1.3847702834909494,0.885964574947961,2.1553501401329767
2022-2023,retained,preseason,2022-07-29,eng-championship:2022-2023:watford:sunderland,10,1.4911092599777915,0.9856340113766265,3.2775577819249713
2022-2023,generic,preseason,2022-07-29,eng-championship:2022-2023:huddersfield-town:burnley,1,1.0434445392425762,0.6379714269902108,2.3662802687825826
2022-2023,generic,preseason,2022-07-29,eng-championship:2022-2023:cardiff-city:norwich-city,1,1.0732090931220433,0.6598875545427464,2.40799273793094
2022-2023,generic,preseason,2022-07-29,eng-championship:2022-2023:watford:sheffield-united,1,0.8644868722835549,0.5040950323255293,2.22537177082296
2022-2023,generic,preseason,2022-07-29,eng-championship:2022-2023:burnley:luton-town,2,1.4187627605665172,0.900075862388528,2.1874075180988415
2022-2023,generic,preseason,2022-07-29,eng-championship:2022-2023:norwich-city:wigan-athletic,2,1.4014535111721909,0.8769532262370486,2.1725909693066017
2022-2023,generic,preseason,2022-07-29,eng-championship:2022-2023:west-bromwich-albion:watford,2,1.3220617849253358,0.8084700974686087,2.095610770842269
2022-2023,generic,preseason,2022-07-29,eng-championship:2022-2023:watford:burnley,3,0.81595135776024,0.4686691862041195,2.327929080490742
2022-2023,generic,preseason,2022-07-29,eng-championship:2022-2023:hull-city:norwich-city,3,1.2078363296729082,0.7538781703390735,2.7007348852124617
2022-2023,generic,preseason,2022-07-29,eng-championship:2022-2023:birmingham-city:watford,4,1.4166047630506529,0.8882662290793286,2.1855622963275927
2022-2023,generic,preseason,2022-07-29,eng-championship:2022-2023:burnley:hull-city,4,1.468972308204454,0.962329207404135,2.239858425753618
2022-2023,generic,preseason,2022-07-29,eng-championship:2022-2023:norwich-city:huddersfield-town,4,0.7221485396718412,0.3969182536805651,2.4166842956458314
2022-2023,generic,preseason,2022-07-29,eng-championship:2022-2023:norwich-city:millwall,5,0.7295094943000666,0.40228379513526047,2.4141590663049923
2022-2023,generic,preseason,2022-07-29,eng-championship:2022-2023:burnley:blackpool,5,1.4464430770560746,0.9283749900458323,4.692587531087526
2022-2023,generic,preseason,2022-07-29,eng-championship:2022-2023:preston-north-end:watford,5,1.339505147312156,0.8178012698195349,2.5129387818717346
2022-2023,generic,preseason,2022-07-29,eng-championship:2022-2023:sunderland:norwich-city,6,0.917849131446908,0.5453475743401832,2.3003943320679197
2022-2023,generic,preseason,2022-07-29,eng-championship:2022-2023:watford:queens-park-rangers,6,1.4321685865277773,0.9089158840233817,4.064643892322838
2022-2023,generic,preseason,2022-07-29,eng-championship:2022-2023:wigan-athletic:burnley,6,1.0346471847637564,0.631793921933743,5.7341013217696695
2022-2023,generic,preseason,2022-07-29,eng-championship:2022-2023:birmingham-city:norwich-city,7,0.7035860563143922,0.3830139176087425,2.4062736295743044
2022-2023,generic,preseason,2022-07-29,eng-championship:2022-2023:burnley:millwall,7,0.7299894603010889,0.4026454053948858,2.414728101816613
2022-2023,generic,preseason,2022-07-29,eng-championship:2022-2023:watford:middlesbrough,7,0.7172046110288662,0.3931315387302392,2.4184054794471974
2022-2023,generic,preseason,2022-07-29,eng-championship:2022-2023:west-bromwich-albion:burnley,8,1.3229744510393715,0.8090405276682112,2.0961158313949073
2022-2023,generic,preseason,2022-07-29,eng-championship:2022-2023:norwich-city:coventry-city,8,0.638115508915147,0.33377504070468383,2.9224118403307617
2022-2023,generic,preseason,2022-07-29,eng-championship:2022-2023:rotherham-united:watford,8,1.3647855396979394,0.8411390477639025,2.1353427329500647
2022-2023,generic,preseason,2022-07-29,eng-championship:2022-2023:blackburn-rovers:watford,9,0.9494633785137333,0.5678718416356755,2.711309888160793
2022-2023,generic,preseason,2022-07-29,eng-championship:2022-2023:preston-north-end:burnley,9,1.3393773452234323,0.8176601301058228,2.1084973176322825
2022-2023,generic,preseason,2022-07-29,eng-championship:2022-2023:norwich-city:bristol-city,9,0.5390141590740263,0.26058750992678337,3.4983960020741045
2022-2023,generic,preseason,2022-07-29,eng-championship:2022-2023:burnley:bristol-city,10,0.539530659477128,0.26096369051548823,2.367127189464809
2022-2023,generic,preseason,2022-07-29,eng-championship:2022-2023:norwich-city:west-bromwich-albion,10,1.35384052739026,0.8437421626563133,2.1266747523231806
2022-2023,generic,preseason,2022-07-29,eng-championship:2022-2023:watford:sunderland,10,1.4481977466933984,0.9228070785164748,3.0940932456189625
2022-2023,mapped,preseason,2022-07-29,eng-championship:2022-2023:huddersfield-town:burnley,1,0.9097950629249678,0.5366339444922151,2.129273706768916
2022-2023,mapped,preseason,2022-07-29,eng-championship:2022-2023:cardiff-city:norwich-city,1,0.8847021663947006,0.5207663520114141,2.356683828972758
2022-2023,mapped,preseason,2022-07-29,eng-championship:2022-2023:watford:sheffield-united,1,0.9079429790386067,0.5371929937503186,2.284203096035568
2022-2023,mapped,preseason,2022-07-29,eng-championship:2022-2023:burnley:luton-town,2,1.4178562539771902,0.9277636159379435,2.202635229571673
2022-2023,mapped,preseason,2022-07-29,eng-championship:2022-2023:norwich-city:wigan-athletic,2,1.3888520491508034,0.8495737081615653,2.1625282824669716
2022-2023,mapped,preseason,2022-07-29,eng-championship:2022-2023:west-bromwich-albion:watford,2,1.3630673059684566,0.835233544563633,2.1307505366994866
2022-2023,mapped,preseason,2022-07-29,eng-championship:2022-2023:watford:burnley,3,1.0407180343676763,0.6357605493252195,2.364327754606215
2022-2023,mapped,preseason,2022-07-29,eng-championship:2022-2023:hull-city:norwich-city,3,1.0093447585124906,0.612884415950822,2.5669639577234094
2022-2023,mapped,preseason,2022-07-29,eng-championship:2022-2023:birmingham-city:watford,4,1.4261485507859044,0.8841232129026176,2.1989777020168852
2022-2023,mapped,preseason,2022-07-29,eng-championship:2022-2023:burnley:hull-city,4,1.4838236621752052,1.0022032396771234,2.277695475365823
2022-2023,mapped,preseason,2022-07-29,eng-championship:2022-2023:norwich-city:huddersfield-town,4,0.8638896562294274,0.5048610968668419,2.478343107095373
2022-2023,mapped,preseason,2022-07-29,eng-championship:2022-2023:norwich-city:millwall,5,0.872777276109114,0.5105375208797686,2.612708766174321
2022-2023,mapped,preseason,2022-07-29,eng-championship:2022-2023:burnley:blackpool,5,1.4531822306780973,0.9620177530340923,5.055205237904673
2022-2023,mapped,preseason,2022-07-29,eng-championship:2022-2023:preston-north-end:watford,5,1.3650711652854024,0.8317738105737705,2.626293743285114
2022-2023,mapped,preseason,2022-07-29,eng-championship:2022-2023:sunderland:norwich-city,6,1.0851623949447353,0.6715278469275793,2.4613268929904595
2022-2023,mapped,preseason,2022-07-29,eng-championship:2022-2023:watford:queens-park-rangers,6,1.3471214868732746,0.8561906159318105,3.907611580021558
2022-2023,mapped,preseason,2022-07-29,eng-championship:2022-2023:wigan-athletic:burnley,6,0.9101899041304874,0.5371511952677551,5.699522569622676
2022-2023,mapped,preseason,2022-07-29,eng-championship:2022-2023:birmingham-city:norwich-city,7,0.8490711805203304,0.4941359691570303,2.468661498124266
2022-2023,mapped,preseason,2022-07-29,eng-championship:2022-2023:burnley:millwall,7,0.6428279919293826,0.33814498480229105,2.240780995573112
2022-2023,mapped,preseason,2022-07-29,eng-championship:2022-2023:watford:middlesbrough,7,0.7594660865002386,0.425422151937744,2.424072638714118
2022-2023,mapped,preseason,2022-07-29,eng-championship:2022-2023:west-bromwich-albion:burnley,8,1.276441804301696,0.7816029398685227,2.070588463796888
2022-2023,mapped,preseason,2022-07-29,eng-championship:2022-2023:norwich-city:coventry-city,8,0.7724642047210195,0.4355180271913097,3.1750444912124696
2022-2023,mapped,preseason,2022-07-29,eng-championship:2022-2023:rotherham-united:watford,8,1.3822593158216592,0.8456851245677561,2.1515263773113844
2022-2023,mapped,preseason,2022-07-29,eng-championship:2022-2023:blackburn-rovers:watford,9,0.8769287414203629,0.5144993008854095,2.665776304003284
2022-2023,mapped,preseason,2022-07-29,eng-championship:2022-2023:preston-north-end:burnley,9,1.3025927253686704,0.8053731517043989,2.0902793186838755
2022-2023,mapped,preseason,2022-07-29,eng-championship:2022-2023:norwich-city:bristol-city,9,0.6608063559747418,0.35105487689972176,3.459005471470487
2022-2023,mapped,preseason,2022-07-29,eng-championship:2022-2023:burnley:bristol-city,10,0.4685744996156173,0.211222430016675,2.383490279145886
2022-2023,mapped,preseason,2022-07-29,eng-championship:2022-2023:norwich-city:west-bromwich-albion,10,1.35590664967838,0.829656494248066,2.1264819671371162
2022-2023,mapped,preseason,2022-07-29,eng-championship:2022-2023:watford:sunderland,10,1.4548135514117944,0.9158712579648413,3.0169970660095373
2023-2024,retained,preseason,2023-08-04,eng-championship:2023-2024:sheffield-wednesday:southampton,1,0.9393677029105373,0.5601379735200328,2.5618759016055614
2023-2024,retained,preseason,2023-08-04,eng-championship:2023-2024:leeds-united:cardiff-city,1,1.4454425519823768,0.9490002340183141,3.2634839981043693
2023-2024,retained,preseason,2023-08-04,eng-championship:2023-2024:leicester-city:coventry-city,1,0.8589476527829744,0.4994846400065857,2.5119525469901847
2023-2024,retained,preseason,2023-08-04,eng-championship:2023-2024:birmingham-city:leeds-united,2,1.3222930482946182,0.8303381991231842,2.4432220205774344
2023-2024,retained,preseason,2023-08-04,eng-championship:2023-2024:huddersfield-town:leicester-city,2,1.0020673668435611,0.6058752707677995,2.240955287921385
2023-2024,retained,preseason,2023-08-04,eng-championship:2023-2024:southampton:norwich-city,2,1.335139806491982,0.8200747645645086,7.189108578006203
2023-2024,retained,preseason,2023-08-04,eng-championship:2023-2024:leeds-united:west-bromwich-albion,3,1.3624792497292333,0.8578556718391006,2.1324898340736533
2023-2024,retained,preseason,2023-08-04,eng-championship:2023-2024:leicester-city:cardiff-city,3,0.6677944674405513,0.3560786796688562,2.4370283032694573
2023-2024,retained,preseason,2023-08-04,eng-championship:2023-2024:plymouth-argyle:southampton,3,1.0646822298596943,0.6558980549764746,2.7600631286264736
2023-2024,retained,preseason,2023-08-04,eng-championship:2023-2024:ipswich-town:leeds-united,4,0.7887602047803216,0.4469838211731903,5.895219775369569
2023-2024,retained,preseason,2023-08-04,eng-championship:2023-2024:rotherham-united:leicester-city,4,0.9306963466827879,0.5528912023327471,2.5533186886093393
2023-2024,retained,preseason,2023-08-04,eng-championship:2023-2024:southampton:queens-park-rangers,4,0.5937178628967601,0.30099608522740995,2.4094925449645994
2023-2024,retained,preseason,2023-08-04,eng-championship:2023-2024:leeds-united:sheffield-wednesday,5,1.4604892657800679,0.9540973322058212,2.5495370500755588
2023-2024,retained,preseason,2023-08-04,eng-championship:2023-2024:leicester-city:hull-city,5,1.3942831564279192,0.8777173148726096,2.4789542280655246
2023-2024,retained,preseason,2023-08-04,eng-championship:2023-2024:sunderland:southampton,5,0.8270864483565938,0.4762589211418121,5.26057700646541
2023-2024,retained,preseason,2023-08-04,eng-championship:2023-2024:southampton:leicester-city,6,1.1430485991090036,0.7097400978276147,4.736801346506692
2023-2024,retained,preseason,2023-08-04,eng-championship:2023-2024:millwall:leeds-united,6,0.9901495408431794,0.5962409408286458,3.540161941110781
2023-2024,retained,preseason,2023-08-04,eng-championship:2023-2024:southampton:ipswich-town,7,1.4122895916834188,0.8937536175464169,2.5370777657488355
2023-2024,retained,preseason,2023-08-04,eng-championship:2023-2024:hull-city:leeds-united,7,1.3210664520496986,0.8154943437055684,2.37476545495221
2023-2024,retained,preseason,2023-08-04,eng-championship:2023-2024:norwich-city:leicester-city,7,1.1649272486832418,0.7233684702977814,2.9126745105815246
2023-2024,retained,preseason,2023-08-04,eng-championship:2023-2024:leeds-united:watford,8,0.7370782665509896,0.40794306023185295,3.073156585687886
2023-2024,retained,preseason,2023-08-04,eng-championship:2023-2024:leicester-city:bristol-city,8,0.7279552927918289,0.40116173103603375,2.122974943101044
2023-2024,retained,preseason,2023-08-04,eng-championship:2023-2024:middlesbrough:southampton,8,0.7026296916534955,0.38233517352401314,2.4240991200411477
2023-2024,retained,preseason,2023-08-04,eng-championship:2023-2024:southampton:leeds-united,9,0.9999480228515433,0.6051862688990576,3.435663542958222
2023-2024,retained,preseason,2023-08-04,eng-championship:2023-2024:blackburn-rovers:leicester-city,9,1.0749049060694613,0.6586063112002699,4.682549676625491
2023-2024,retained,preseason,2023-08-04,eng-championship:2023-2024:stoke-city:southampton,10,1.101485028634095,0.6777486509474704,2.2904943338072528
2023-2024,retained,preseason,2023-08-04,eng-championship:2023-2024:leeds-united:queens-park-rangers,10,0.4912848981797405,0.2272500105799116,2.0697510225491245
2023-2024,retained,preseason,2023-08-04,eng-championship:2023-2024:leicester-city:preston-north-end,10,0.6714633161098773,0.35877613986864,2.9438610656685134
2023-2024,generic,preseason,2023-08-04,eng-championship:2023-2024:sheffield-wednesday:southampton,1,0.8383695455728855,0.48465251651378594,2.48094939621956
2023-2024,generic,preseason,2023-08-04,eng-championship:2023-2024:leeds-united:cardiff-city,1,1.446924665243931,0.9421329423775687,3.159469773116747
2023-2024,generic,preseason,2023-08-04,eng-championship:2023-2024:leicester-city:coventry-city,1,0.7595715529290505,0.4249397620685836,2.435794819862712
2023-2024,generic,preseason,2023-08-04,eng-championship:2023-2024:birmingham-city:leeds-united,2,1.2647758718633255,0.793340084340125,2.474502829945518
2023-2024,generic,preseason,2023-08-04,eng-championship:2023-2024:huddersfield-town:leicester-city,2,0.8996792681931993,0.5303533837676794,2.2346103884856907
2023-2024,generic,preseason,2023-08-04,eng-championship:2023-2024:southampton:norwich-city,2,1.38454013588278,0.8674650512625514,6.8279836438241786
2023-2024,generic,preseason,2023-08-04,eng-championship:2023-2024:leeds-united:west-bromwich-albion,3,1.366903213444857,0.8545244779737468,2.135459608124746
2023-2024,generic,preseason,2023-08-04,eng-championship:2023-2024:leicester-city:cardiff-city,3,0.5768934862391396,0.28877650058458826,2.383331961754157
2023-2024,generic,preseason,2023-08-04,eng-championship:2023-2024:plymouth-argyle:southampton,3,0.9687887733952877,0.5852462913274165,2.6857590320669367
2023-2024,generic,preseason,2023-08-04,eng-championship:2023-2024:ipswich-town:leeds-united,4,0.8347729842644093,0.4820315944423408,5.696509035944402
2023-2024,generic,preseason,2023-08-04,eng-championship:2023-2024:rotherham-united:leicester-city,4,0.8303099817497893,0.4781261651627267,2.471385712698649
2023-2024,generic,preseason,2023-08-04,eng-championship:2023-2024:southampton:queens-park-rangers,4,0.5008621613625325,0.23375900585095916,2.370330147493652
2023-2024,generic,preseason,2023-08-04,eng-championship:2023-2024:leeds-united:sheffield-wednesday,5,1.4545046531172967,0.9403435164480496,2.6189882626888963
2023-2024,generic,preseason,2023-08-04,eng-championship:2023-2024:leicester-city:hull-city,5,1.542009329177488,0.9728341266316904,2.653602439620667
2023-2024,generic,preseason,2023-08-04,eng-championship:2023-2024:sunderland:southampton,5,0.9158001128193078,0.5433291649511424,5.567461074521676
2023-2024,generic,preseason,2023-08-04,eng-championship:2023-2024:southampton:leicester-city,6,1.1599660451169453,0.7234740082124236,4.638506382396239
2023-2024,generic,preseason,2023-08-04,eng-championship:2023-2024:millwall:leeds-united,6,1.035849595235137,0.6304052575618994,3.6400825834504804
2023-2024,generic,preseason,2023-08-04,eng-championship:2023-2024:southampton:ipswich-town,7,1.5539578000298087,0.9851616504206944,2.703549711282343
2023-2024,generic,preseason,2023-08-04,eng-championship:2023-2024:hull-city:leeds-united,7,1.3291973537963802,0.816402425441923,2.453107913219573
2023-2024,generic,preseason,2023-08-04,eng-championship:2023-2024:norwich-city:leicester-city,7,1.0175962998545764,0.6181328089087157,2.7742090354013897
2023-2024,generic,preseason,2023-08-04,eng-championship:2023-2024:leeds-united:watford,8,0.7406204216031071,0.4107481950398561,3.1036363744021935
2023-2024,generic,preseason,2023-08-04,eng-championship:2023-2024:leicester-city:bristol-city,8,0.6361878148420652,0.3324013144768864,2.139275566893751
2023-2024,generic,preseason,2023-08-04,eng-championship:2023-2024:middlesbrough:southampton,8,0.7872715842226821,0.44666952336013915,2.437214849185449
2023-2024,generic,preseason,2023-08-04,eng-championship:2023-2024:southampton:leeds-united,9,0.8348363039759152,0.4824806336556576,3.1507209519038737
2023-2024,generic,preseason,2023-08-04,eng-championship:2023-2024:blackburn-rovers:leicester-city,9,0.9714115497021132,0.5834009328518257,4.4552504628524785
2023-2024,generic,preseason,2023-08-04,eng-championship:2023-2024:stoke-city:southampton,10,0.9891648873143063,0.5964838391311422,2.2633406167877714
2023-2024,generic,preseason,2023-08-04,eng-championship:2023-2024:leeds-united:queens-park-rangers,10,0.5073753983048256,0.2383967448743929,2.1238784483057676
2023-2024,generic,preseason,2023-08-04,eng-championship:2023-2024:leicester-city:preston-north-end,10,0.5838758258273233,0.2938119057836074,2.8088592089234075
2023-2024,mapped,preseason,2023-08-04,eng-championship:2023-2024:sheffield-wednesday:southampton,1,0.8382350800054165,0.48479474880845347,2.474007137942797
2023-2024,mapped,preseason,2023-08-04,eng-championship:2023-2024:leeds-united:cardiff-city,1,1.4962102275312057,0.972945949237233,3.078914703191926
2023-2024,mapped,preseason,2023-08-04,eng-championship:2023-2024:leicester-city:coventry-city,1,0.687400966355091,0.3707046907746461,2.402519752525688
2023-2024,mapped,preseason,2023-08-04,eng-championship:2023-2024:birmingham-city:leeds-united,2,1.2583692250183638,0.7936327845755903,2.5786687171855043
2023-2024,mapped,preseason,2023-08-04,eng-championship:2023-2024:huddersfield-town:leicester-city,2,0.818741707526787,0.46994113177295205,2.242660767522408
2023-2024,mapped,preseason,2023-08-04,eng-championship:2023-2024:southampton:norwich-city,2,1.4112312259033568,0.8915950787705709,6.7675828742734865
2023-2024,mapped,preseason,2023-08-04,eng-championship:2023-2024:leeds-united:west-bromwich-albion,3,1.4140080832285775,0.8836747192698252,2.181155484073466
2023-2024,mapped,preseason,2023-08-04,eng-championship:2023-2024:leicester-city:cardiff-city,3,0.5159655115479468,0.24450318186196066,2.3718349860232393
2023-2024,mapped,preseason,2023-08-04,eng-championship:2023-2024:plymouth-argyle:southampton,3,0.9757402034068744,0.5911381885152481,2.6854102199512404
2023-2024,mapped,preseason,2023-08-04,eng-championship:2023-2024:ipswich-town:leeds-united,4,0.8235488835017923,0.4747217908091706,5.424924126262033
2023-2024,mapped,preseason,2023-08-04,eng-championship:2023-2024:rotherham-united:leicester-city,4,0.7557545907987618,0.4222021054657559,2.4309856628782818
2023-2024,mapped,preseason,2023-08-04,eng-championship:2023-2024:southampton:queens-park-rangers,4,0.49705358200462413,0.23094804239613353,2.364515787837903
2023-2024,mapped,preseason,2023-08-04,eng-championship:2023-2024:leeds-united:sheffield-wednesday,5,1.5004002305890385,0.9678957008669525,2.788452257252862
2023-2024,mapped,preseason,2023-08-04,eng-championship:2023-2024:leicester-city:hull-city,5,1.648144777685517,1.0401735844364821,2.775951820445659
2023-2024,mapped,preseason,2023-08-04,eng-championship:2023-2024:sunderland:southampton,5,0.9124354262399764,0.5411478234633506,5.5503925845667155
2023-2024,mapped,preseason,2023-08-04,eng-championship:2023-2024:southampton:leicester-city,6,1.0670048658277114,0.6578818136482864,4.407798893158647
2023-2024,mapped,preseason,2023-08-04,eng-championship:2023-2024:millwall:leeds-united,6,1.0218335552031907,0.622541487065543,3.6127709820049443
2023-2024,mapped,preseason,2023-08-04,eng-championship:2023-2024:southampton:ipswich-town,7,1.543383040946609,0.9801101912726914,2.7187682659620567
2023-2024,mapped,preseason,2023-08-04,eng-championship:2023-2024:hull-city:leeds-united,7,1.368079219399205,0.8392670812532248,2.6081823230666963
2023-2024,mapped,preseason,2023-08-04,eng-championship:2023-2024:norwich-city:leicester-city,7,0.8859990408123655,0.5209335509076908,2.646567574570749
2023-2024,mapped,preseason,2023-08-04,eng-championship:2023-2024:leeds-united:watford,8,0.7077176792674106,0.38629346631983963,3.062747081984279
2023-2024,mapped,preseason,2023-08-04,eng-championship:2023-2024:leicester-city:bristol-city,8,0.5726628241092139,0.28535930154741995,2.1723989010092573
2023-2024,mapped,preseason,2023-08-04,eng-championship:2023-2024:middlesbrough:southampton,8,0.7826170176455894,0.44330448001992745,2.4307226800689734
2023-2024,mapped,preseason,2023-08-04,eng-championship:2023-2024:southampton:leeds-united,9,0.8190211962174394,0.4717985334031582,3.070480792702594
2023-2024,mapped,preseason,2023-08-04,eng-championship:2023-2024:blackburn-rovers:leicester-city,9,0.8918308955925471,0.524790791593806,4.254979199025345
2023-2024,mapped,preseason,2023-08-04,eng-championship:2023-2024:stoke-city:southampton,10,0.9873902023331553,0.5955809367694156,2.285456196188044
2023-2024,mapped,preseason,2023-08-04,eng-championship:2023-2024:leeds-united:queens-park-rangers,10,0.48850604774096834,0.22456895004238525,2.2326233141896914
2023-2024,mapped,preseason,2023-08-04,eng-championship:2023-2024:leicester-city:preston-north-end,10,0.5241700614859314,0.2502991102242719,2.7081019219236495
2024-2025,retained,preseason,2024-08-09,eng-championship:2024-2025:preston-north-end:sheffield-united,1,0.7880809635812528,0.4464268407793384,2.4900881647197624
2024-2025,retained,preseason,2024-08-09,eng-championship:2024-2025:luton-town:burnley,1,0.8596007275642595,0.5001922600529025,4.251355044221144
2024-2025,retained,preseason,2024-08-09,eng-championship:2024-2025:burnley:cardiff-city,2,0.3864168933936216,0.15592263960292313,3.8133913277743803
2024-2025,retained,preseason,2024-08-09,eng-championship:2024-2025:portsmouth:luton-town,2,1.34739164479628,0.822377500432658,2.4767242259938724
2024-2025,retained,preseason,2024-08-09,eng-championship:2024-2025:sheffield-united:queens-park-rangers,2,1.4565742227648397,0.9584880263647221,3.2342294747849962
2024-2025,retained,preseason,2024-08-09,eng-championship:2024-2025:norwich-city:sheffield-united,3,1.359116554046885,0.8289479795269444,2.1192144088351954
2024-2025,retained,preseason,2024-08-09,eng-championship:2024-2025:preston-north-end:luton-town,3,1.079670651192797,0.6622655513190937,2.3120864070950438
2024-2025,retained,preseason,2024-08-09,eng-championship:2024-2025:sunderland:burnley,3,1.3028800653122012,0.8179557097855666,2.453662411435319
2024-2025,retained,preseason,2024-08-09,eng-championship:2024-2025:luton-town:queens-park-rangers,4,1.4660233069715778,0.9227545263034678,2.9033911740795078
2024-2025,retained,preseason,2024-08-09,eng-championship:2024-2025:burnley:blackburn-rovers,4,1.5758799490416684,1.0581542023864785,2.336569902383397
2024-2025,retained,preseason,2024-08-09,eng-championship:2024-2025:sheffield-united:watford,4,0.6444904272485309,0.33862884766983786,2.1154110031452897
2024-2025,retained,preseason,2024-08-09,eng-championship:2024-2025:hull-city:sheffield-united,5,0.9211319239117365,0.5467377490221652,2.6602216127040235
2024-2025,retained,preseason,2024-08-09,eng-championship:2024-2025:leeds-united:burnley,5,1.107834816108858,0.6841631345597059,2.379742584883254
2024-2025,retained,preseason,2024-08-09,eng-championship:2024-2025:millwall:luton-town,5,1.0302507386301276,0.6246188502881295,2.1993815177842215
2024-2025,retained,preseason,2024-08-09,eng-championship:2024-2025:burnley:portsmouth,6,0.5205955463324956,0.24755119184219018,2.403235147592471
2024-2025,retained,preseason,2024-08-09,eng-championship:2024-2025:luton-town:sheffield-wednesday,6,0.610521106464863,0.31356436956320943,2.3997163192485997
2024-2025,retained,preseason,2024-08-09,eng-championship:2024-2025:sheffield-united:derby-county,6,0.5658250019013191,0.28052650631216447,2.102322630328632
2024-2025,retained,preseason,2024-08-09,eng-championship:2024-2025:plymouth-argyle:luton-town,7,1.0441017873218112,0.638416974350267,3.4166604640505165
2024-2025,retained,preseason,2024-08-09,eng-championship:2024-2025:oxford-united:burnley,7,1.4244279411647867,0.8785573406813976,2.4964650168685614
2024-2025,retained,preseason,2024-08-09,eng-championship:2024-2025:portsmouth:sheffield-united,7,1.3593334145842682,0.8306334406423173,2.513422086804269
2024-2025,retained,preseason,2024-08-09,eng-championship:2024-2025:burnley:plymouth-argyle,8,0.44046687898911563,0.1914520979427547,2.1893497449832466
2024-2025,retained,preseason,2024-08-09,eng-championship:2024-2025:luton-town:oxford-united,8,1.4140368811097008,0.8751484244070273,3.18652940700565
2024-2025,retained,preseason,2024-08-09,eng-championship:2024-2025:sheffield-united:swansea-city,8,0.611610292054172,0.3141122476214453,2.1497456030009534
2024-2025,retained,preseason,2024-08-09,eng-championship:2024-2025:burnley:preston-north-end,9,1.5822973865719865,1.0681131930923085,2.746102732045261
2024-2025,retained,preseason,2024-08-09,eng-championship:2024-2025:sheffield-united:luton-town,9,0.7225149812162591,0.39704302442816497,2.4039287446003907
2024-2025,retained,preseason,2024-08-09,eng-championship:2024-2025:leeds-united:sheffield-united,10,0.7524202131202459,0.4196470835042946,2.4595282565436145
2024-2025,retained,preseason,2024-08-09,eng-championship:2024-2025:luton-town:watford,10,0.7683334786070004,0.4315042375391052,3.1433897643738913
2024-2025,retained,preseason,2024-08-09,eng-championship:2024-2025:sheffield-wednesday:burnley,10,0.6245910089490128,0.3238273215052068,2.3086392237905526
2024-2025,generic,preseason,2024-08-09,eng-championship:2024-2025:preston-north-end:sheffield-united,1,0.8161738173599192,0.46830133655620815,2.571925985545147
2024-2025,generic,preseason,2024-08-09,eng-championship:2024-2025:luton-town:burnley,1,1.1603128855939397,0.727058490720047,4.5338560250525095
2024-2025,generic,preseason,2024-08-09,eng-championship:2024-2025:burnley:cardiff-city,2,0.49530068332415783,0.22947370262151692,4.226738227424576
2024-2025,generic,preseason,2024-08-09,eng-championship:2024-2025:portsmouth:luton-town,2,1.3855048630928137,0.8434434587154864,2.6379540225224574
2024-2025,generic,preseason,2024-08-09,eng-championship:2024-2025:sheffield-united:queens-park-rangers,2,1.4724619164152741,0.9594038259402063,3.124029164298942
2024-2025,generic,preseason,2024-08-09,eng-championship:2024-2025:norwich-city:sheffield-united,3,1.3952990383767048,0.8509959112488841,2.1666736620407456
2024-2025,generic,preseason,2024-08-09,eng-championship:2024-2025:preston-north-end:luton-town,3,1.18173891149254,0.7387556825217788,2.5044240118316132
2024-2025,generic,preseason,2024-08-09,eng-championship:2024-2025:sunderland:burnley,3,1.0569957246373902,0.6473026785768485,2.371446079434313
2024-2025,generic,preseason,2024-08-09,eng-championship:2024-2025:luton-town:queens-park-rangers,4,1.6053681255023553,1.015842509688302,2.9859911960592185
2024-2025,generic,preseason,2024-08-09,eng-championship:2024-2025:burnley:blackburn-rovers,4,1.4868670892263138,0.9598312668950271,2.2545868351791523
2024-2025,generic,preseason,2024-08-09,eng-championship:2024-2025:sheffield-united:watford,4,0.6582696395029649,0.34886411472400614,2.217445071281631
2024-2025,generic,preseason,2024-08-09,eng-championship:2024-2025:hull-city:sheffield-united,5,0.9579763988315924,0.575744396684266,2.747263942471693
2024-2025,generic,preseason,2024-08-09,eng-championship:2024-2025:leeds-united:burnley,5,1.3035477317095456,0.8248043906732531,2.590303753762315
2024-2025,generic,preseason,2024-08-09,eng-championship:2024-2025:millwall:luton-town,5,0.917936344783092,0.5438064003600733,2.2281898304461
2024-2025,generic,preseason,2024-08-09,eng-championship:2024-2025:burnley:portsmouth,6,0.6713890900345483,0.35882892397189203,2.418032521393183
2024-2025,generic,preseason,2024-08-09,eng-championship:2024-2025:luton-town:sheffield-wednesday,6,0.5204430384692745,0.24753229278266448,2.368603407803544
2024-2025,generic,preseason,2024-08-09,eng-championship:2024-2025:sheffield-united:derby-county,6,0.5915890125027835,0.2991900628788065,2.1885105395649354
2024-2025,generic,preseason,2024-08-09,eng-championship:2024-2025:plymouth-argyle:luton-town,7,1.1469374827889884,0.7164301974028531,3.464118896472691
2024-2025,generic,preseason,2024-08-09,eng-championship:2024-2025:oxford-united:burnley,7,1.4252063875133967,0.8653761637598496,2.564280541767009
2024-2025,generic,preseason,2024-08-09,eng-championship:2024-2025:portsmouth:sheffield-united,7,1.383612772069967,0.84234031913402,2.62842298390271
2024-2025,generic,preseason,2024-08-09,eng-championship:2024-2025:burnley:plymouth-argyle,8,0.5595322582254632,0.2755301111331245,2.262361991134947
2024-2025,generic,preseason,2024-08-09,eng-championship:2024-2025:luton-town:oxford-united,8,1.4755087977495513,0.9211056534425823,3.1396575562318825
2024-2025,generic,preseason,2024-08-09,eng-championship:2024-2025:sheffield-united:swansea-city,8,0.6313672304257284,0.3287278961765268,2.23954573526599
2024-2025,generic,preseason,2024-08-09,eng-championship:2024-2025:burnley:preston-north-end,9,1.4890999133651872,0.9677975369695173,2.7385502878267554
2024-2025,generic,preseason,2024-08-09,eng-championship:2024-2025:sheffield-united:luton-town,9,0.816382775950882,0.4693599987691721,2.6360131970612244
2024-2025,generic,preseason,2024-08-09,eng-championship:2024-2025:leeds-united:sheffield-united,10,0.7275513002520497,0.4011811355273438,2.5000549441938285
2024-2025,generic,preseason,2024-08-09,eng-championship:2024-2025:luton-town:watford,10,0.6628724251815996,0.3523168341380901,2.968579288212534
2024-2025,generic,preseason,2024-08-09,eng-championship:2024-2025:sheffield-wednesday:burnley,10,0.7779062820323731,0.4391206771279562,2.51141205155951
2024-2025,mapped,preseason,2024-08-09,eng-championship:2024-2025:preston-north-end:sheffield-united,1,0.9434997976371491,0.566448825978279,2.776029151142452
2024-2025,mapped,preseason,2024-08-09,eng-championship:2024-2025:luton-town:burnley,1,1.1467006871846461,0.7183626014016251,4.478382788002465
2024-2025,mapped,preseason,2024-08-09,eng-championship:2024-2025:burnley:cardiff-city,2,0.4873122834470581,0.22399634116623246,4.219753029182922
2024-2025,mapped,preseason,2024-08-09,eng-championship:2024-2025:portsmouth:luton-town,2,1.4084501029046457,0.8563617176604289,2.7386386316182914
2024-2025,mapped,preseason,2024-08-09,eng-championship:2024-2025:sheffield-united:queens-park-rangers,2,1.4495245879330787,0.9164977659228896,2.986570676335588
2024-2025,mapped,preseason,2024-08-09,eng-championship:2024-2025:norwich-city:sheffield-united,3,1.455235929662294,0.8967580214789472,2.2417213875849056
2024-2025,mapped,preseason,2024-08-09,eng-championship:2024-2025:preston-north-end:luton-town,3,1.1916441973180962,0.7480423633366418,2.574449873893869
2024-2025,mapped,preseason,2024-08-09,eng-championship:2024-2025:sunderland:burnley,3,1.0840114990744842,0.6660816683936173,2.3586975537375006
2024-2025,mapped,preseason,2024-08-09,eng-championship:2024-2025:luton-town:queens-park-rangers,4,1.6235527085629295,1.0308108523408857,2.988956585089049
2024-2025,mapped,preseason,2024-08-09,eng-championship:2024-2025:burnley:blackburn-rovers,4,1.483532329003411,0.9621215909742578,2.2486486791266365
2024-2025,mapped,preseason,2024-08-09,eng-championship:2024-2025:sheffield-united:watford,4,0.7603848359272406,0.42678096904350127,2.365019705177435
2024-2025,mapped,preseason,2024-08-09,eng-championship:2024-2025:hull-city:sheffield-united,5,1.1026241068661922,0.6858746787185181,2.968477527299086
2024-2025,mapped,preseason,2024-08-09,eng-championship:2024-2025:leeds-united:burnley,5,1.2729926281619897,0.8035033426873379,2.566899839187273
2024-2025,mapped,preseason,2024-08-09,eng-championship:2024-2025:millwall:luton-town,5,0.8980974339393352,0.5297432947355565,2.276299582520364
2024-2025,mapped,preseason,2024-08-09,eng-championship:2024-2025:burnley:portsmouth,6,0.6648780480060822,0.3538561461569091,2.4160828895605704
2024-2025,mapped,preseason,2024-08-09,eng-championship:2024-2025:luton-town:sheffield-wednesday,6,0.502900331512756,0.23478682536073267,2.3614272156098153
2024-2025,mapped,preseason,2024-08-09,eng-championship:2024-2025:sheffield-united:derby-county,6,0.6871907823012159,0.37097986253156107,2.314822622219602
2024-2025,mapped,preseason,2024-08-09,eng-championship:2024-2025:plymouth-argyle:luton-town,7,1.155611483872618,0.7247327606287131,3.4421883876249195
2024-2025,mapped,preseason,2024-08-09,eng-championship:2024-2025:oxford-united:burnley,7,1.4134547472317007,0.8590467008203382,2.5279326367942123
2024-2025,mapped,preseason,2024-08-09,eng-championship:2024-2025:portsmouth:sheffield-united,7,1.4277477722953829,0.8717353581756438,2.7817408242746744
2024-2025,mapped,preseason,2024-08-09,eng-championship:2024-2025:burnley:plymouth-argyle,8,0.5507262491328718,0.26917111738494126,2.2308989557748315
2024-2025,mapped,preseason,2024-08-09,eng-championship:2024-2025:luton-town:oxford-united,8,1.500955096558413,0.9362325863377284,3.108594697521238
2024-2025,mapped,preseason,2024-08-09,eng-championship:2024-2025:sheffield-united:swansea-city,8,0.7346780143583475,0.4072780777207024,2.3752178152658723
2024-2025,mapped,preseason,2024-08-09,eng-championship:2024-2025:burnley:preston-north-end,9,1.4866173695042557,0.9705916521745239,2.7068748637770366
2024-2025,mapped,preseason,2024-08-09,eng-championship:2024-2025:sheffield-united:luton-town,9,0.9505932572507908,0.5749061642324852,2.886105911193444
2024-2025,mapped,preseason,2024-08-09,eng-championship:2024-2025:leeds-united:sheffield-united,10,0.5981240639623241,0.30398221609945575,2.4464971668752034
2024-2025,mapped,preseason,2024-08-09,eng-championship:2024-2025:luton-town:watford,10,0.6408990705501459,0.33588056298265767,2.9419523685330136
2024-2025,mapped,preseason,2024-08-09,eng-championship:2024-2025:sheffield-wednesday:burnley,10,0.7647085906250699,0.428974190506367,2.481541792930882
2025-2026,retained,preseason,2025-08-08,eng-championship:2025-2026:birmingham-city:ipswich-town,1,1.3554999112346742,0.8358802828926472,2.1194488900922304
2025-2026,retained,preseason,2025-08-08,eng-championship:2025-2026:southampton:wrexham,1,0.6656762910357963,0.3546677035899394,2.565008437025374
2025-2026,retained,preseason,2025-08-08,eng-championship:2025-2026:leicester-city:sheffield-wednesday,1,0.44916702125467006,0.19776297650799274,2.3772435845584265
2025-2026,retained,preseason,2025-08-08,eng-championship:2025-2026:preston-north-end:leicester-city,2,1.3273312385020408,0.8338962210214146,2.7911827435346908
2025-2026,retained,preseason,2025-08-08,eng-championship:2025-2026:ipswich-town:southampton,2,1.39963697042917,0.8676681868671454,2.161656124338011
2025-2026,retained,preseason,2025-08-08,eng-championship:2025-2026:charlton-athletic:leicester-city,3,0.7630138790801702,0.42767144913541566,2.155075609613455
2025-2026,retained,preseason,2025-08-08,eng-championship:2025-2026:preston-north-end:ipswich-town,3,1.1609602666608323,0.7210084916538819,2.3853411503362163
2025-2026,retained,preseason,2025-08-08,eng-championship:2025-2026:southampton:stoke-city,3,1.6254889543725661,1.0250551810155257,3.012995056597352
2025-2026,retained,preseason,2025-08-08,eng-championship:2025-2026:leicester-city:birmingham-city,4,0.44434351322946325,0.19479128706438698,2.1179511661697448
2025-2026,retained,preseason,2025-08-08,eng-championship:2025-2026:ipswich-town:derby-county,4,1.4391130723430479,0.9370821708380206,3.197520049596135
2025-2026,retained,preseason,2025-08-08,eng-championship:2025-2026:watford:southampton,4,1.3368452407363691,0.816106875608827,3.0303385966395107
2025-2026,retained,preseason,2025-08-08,eng-championship:2025-2026:ipswich-town:sheffield-united,5,0.879701197234354,0.5148508231110676,5.5773621773441455
2025-2026,retained,preseason,2025-08-08,eng-championship:2025-2026:oxford-united:leicester-city,5,1.3758171045869954,0.864130948605563,3.104090619423852
2025-2026,retained,preseason,2025-08-08,eng-championship:2025-2026:southampton:portsmouth,5,1.477458877437691,0.9542440578041842,2.723124133354503
2025-2026,retained,preseason,2025-08-08,eng-championship:2025-2026:hull-city:southampton,6,1.0447370216426235,0.6367212483722694,3.4775679932054975
2025-2026,retained,preseason,2025-08-08,eng-championship:2025-2026:leicester-city:coventry-city,6,1.4496104605426514,0.9372982812511389,2.6239188998418967
2025-2026,retained,preseason,2025-08-08,eng-championship:2025-2026:west-bromwich-albion:leicester-city,7,1.3158468231757747,0.8038192487703499,2.0832256041245665
2025-2026,retained,preseason,2025-08-08,eng-championship:2025-2026:ipswich-town:portsmouth,6,0.5521169305492585,0.2703126489568562,2.373222064094023
2025-2026,retained,preseason,2025-08-08,eng-championship:2025-2026:southampton:middlesbrough,7,1.3938718893744872,0.8699938597208244,2.154570393259311
2025-2026,retained,preseason,2025-08-08,eng-championship:2025-2026:bristol-city:ipswich-town,7,1.3356316507782853,0.8147721152803854,2.0982864223755833
2025-2026,retained,preseason,2025-08-08,eng-championship:2025-2026:leicester-city:wrexham,8,1.5085982291103166,0.9777336341270791,2.349949911871817
2025-2026,retained,preseason,2025-08-08,eng-championship:2025-2026:sheffield-united:southampton,8,1.3392925699158311,0.8422265813970041,2.802007399820985
2025-2026,retained,preseason,2025-08-08,eng-championship:2025-2026:derby-county:southampton,9,1.3240302168583402,0.8090765110571364,2.089936313991114
2025-2026,retained,preseason,2025-08-08,eng-championship:2025-2026:swansea-city:leicester-city,9,0.8189638187689665,0.46955787632415796,3.204138379747322
2025-2026,retained,preseason,2025-08-08,eng-championship:2025-2026:ipswich-town:norwich-city,8,0.6492198312952958,0.3421168902255699,2.9258985939049937
2025-2026,retained,preseason,2025-08-08,eng-championship:2025-2026:middlesbrough:ipswich-town,9,0.9217653374094096,0.5476069754809182,2.509771246178464
2025-2026,retained,preseason,2025-08-08,eng-championship:2025-2026:leicester-city:portsmouth,10,1.5522468498621753,1.0367555829962805,2.3142901052057456
2025-2026,retained,preseason,2025-08-08,eng-championship:2025-2026:southampton:swansea-city,10,1.4214477792359976,0.9077792384058382,2.5922516063757772
2025-2026,retained,preseason,2025-08-08,eng-championship:2025-2026:ipswich-town:charlton-athletic,10,1.5779562553499238,1.001335295223996,4.516585467283427
2025-2026,generic,preseason,2025-08-08,eng-championship:2025-2026:birmingham-city:ipswich-town,1,1.34965575010621,0.8303944625043364,2.121281858576557
2025-2026,generic,preseason,2025-08-08,eng-championship:2025-2026:southampton:wrexham,1,0.6651581040172381,0.35422211352621513,2.5654690695794518
2025-2026,generic,preseason,2025-08-08,eng-championship:2025-2026:leicester-city:sheffield-wednesday,1,0.5429573371359776,0.26372519491322327,2.3678950469884747
2025-2026,generic,preseason,2025-08-08,eng-championship:2025-2026:preston-north-end:leicester-city,2,1.13915000596433,0.7053663077173289,2.652207548666695
2025-2026,generic,preseason,2025-08-08,eng-championship:2025-2026:ipswich-town:southampton,2,1.3851937046907434,0.8544375878539165,2.162766893721325
2025-2026,generic,preseason,2025-08-08,eng-championship:2025-2026:charlton-athletic:leicester-city,3,0.9138652984849052,0.5417723542601433,2.2577512576762913
2025-2026,generic,preseason,2025-08-08,eng-championship:2025-2026:preston-north-end:ipswich-town,3,1.1380303167735162,0.7045697512633486,2.3861347642679758
2025-2026,generic,preseason,2025-08-08,eng-championship:2025-2026:southampton:stoke-city,3,1.6622126754598874,1.046030909657185,3.0442802931348316
2025-2026,generic,preseason,2025-08-08,eng-championship:2025-2026:leicester-city:birmingham-city,4,0.5344030974332604,0.257782004472396,2.2207580508483833
2025-2026,generic,preseason,2025-08-08,eng-championship:2025-2026:ipswich-town:derby-county,4,1.4271218533577938,0.9254642020873362,3.1744320245777677
2025-2026,generic,preseason,2025-08-08,eng-championship:2025-2026:watford:southampton,4,1.3343999321522422,0.8154768473248136,3.029414090910327
2025-2026,generic,preseason,2025-08-08,eng-championship:2025-2026:ipswich-town:sheffield-united,5,0.8969023519806648,0.5276193199581626,5.681415185308141
2025-2026,generic,preseason,2025-08-08,eng-championship:2025-2026:oxford-united:leicester-city,5,1.3534824690075895,0.831715172416573,3.0247317609306226
2025-2026,generic,preseason,2025-08-08,eng-championship:2025-2026:southampton:portsmouth,5,1.4824130327981249,0.961749209776751,2.721051007118979
2025-2026,generic,preseason,2025-08-08,eng-championship:2025-2026:hull-city:southampton,6,1.068700207941124,0.6537509994027375,3.499431899342174
2025-2026,generic,preseason,2025-08-08,eng-championship:2025-2026:leicester-city:coventry-city,6,1.40270674091876,0.880623880116704,2.6239990914996802
2025-2026,generic,preseason,2025-08-08,eng-championship:2025-2026:west-bromwich-albion:leicester-city,7,1.3325810031895704,0.8163362302795085,2.102814199393946
2025-2026,generic,preseason,2025-08-08,eng-championship:2025-2026:ipswich-town:portsmouth,6,0.5680259227422711,0.2819319976630954,2.374117011741335
2025-2026,generic,preseason,2025-08-08,eng-championship:2025-2026:southampton:middlesbrough,7,1.395893269579089,0.8747894770642411,2.1633038691679776
2025-2026,generic,preseason,2025-08-08,eng-championship:2025-2026:bristol-city:ipswich-town,7,1.3335043744592308,0.8136848832116761,2.1025321486168256
2025-2026,generic,preseason,2025-08-08,eng-championship:2025-2026:leicester-city:wrexham,8,1.4555103332238761,0.9151635769365628,2.2986409296569263
2025-2026,generic,preseason,2025-08-08,eng-championship:2025-2026:sheffield-united:southampton,8,1.3138263528227847,0.8245224993681055,2.788002426718747
2025-2026,generic,preseason,2025-08-08,eng-championship:2025-2026:derby-county:southampton,9,1.3200296036022607,0.8074453016246365,2.092736866477087
2025-2026,generic,preseason,2025-08-08,eng-championship:2025-2026:swansea-city:leicester-city,9,0.9604282419407218,0.5757050204519495,3.3491367795250406
2025-2026,generic,preseason,2025-08-08,eng-championship:2025-2026:ipswich-town:norwich-city,8,0.6607907842857663,0.3508128532614842,2.938537191684924
2025-2026,generic,preseason,2025-08-08,eng-championship:2025-2026:middlesbrough:ipswich-town,9,0.9019170337501985,0.5326085961089442,2.50368660146506
2025-2026,generic,preseason,2025-08-08,eng-championship:2025-2026:leicester-city:portsmouth,10,1.4776938268592448,0.9577705603798647,2.24501557976153
2025-2026,generic,preseason,2025-08-08,eng-championship:2025-2026:southampton:swansea-city,10,1.4267579068523581,0.9157361366705542,2.5910361284105417
2025-2026,generic,preseason,2025-08-08,eng-championship:2025-2026:ipswich-town:charlton-athletic,10,1.534003858201496,0.9734553949004149,4.455155988585226
2025-2026,mapped,preseason,2025-08-08,eng-championship:2025-2026:birmingham-city:ipswich-town,1,1.3565352650465619,0.8308773697002857,2.125704223471525
2025-2026,mapped,preseason,2025-08-08,eng-championship:2025-2026:southampton:wrexham,1,0.7511001125159344,0.41963551801972737,2.5932824826489913
2025-2026,mapped,preseason,2025-08-08,eng-championship:2025-2026:leicester-city:sheffield-wednesday,1,0.5733029830776939,0.2857949129150529,2.368923777032344
2025-2026,mapped,preseason,2025-08-08,eng-championship:2025-2026:preston-north-end:leicester-city,2,1.0894643727557365,0.6700301810764335,2.616537958098273
2025-2026,mapped,preseason,2025-08-08,eng-championship:2025-2026:ipswich-town:southampton,2,1.418851219557281,0.8817569855490593,2.198579564725894
2025-2026,mapped,preseason,2025-08-08,eng-championship:2025-2026:charlton-athletic:leicester-city,3,0.9592205515896391,0.5758713308506294,2.2921246816609178
2025-2026,mapped,preseason,2025-08-08,eng-championship:2025-2026:preston-north-end:ipswich-town,3,1.0867273085117133,0.6687553842745274,2.387641894707696
2025-2026,mapped,preseason,2025-08-08,eng-championship:2025-2026:southampton:stoke-city,3,1.5146006198663566,0.9568766313966017,2.9278993383627
2025-2026,mapped,preseason,2025-08-08,eng-championship:2025-2026:leicester-city:birmingham-city,4,0.564958220459253,0.27988012764141046,2.256357690108938
2025-2026,mapped,preseason,2025-08-08,eng-championship:2025-2026:ipswich-town:derby-county,4,1.422074207085152,0.9138713555121701,3.1246988263917146
2025-2026,mapped,preseason,2025-08-08,eng-championship:2025-2026:watford:southampton,4,1.3356816192804806,0.8150920076276311,3.0241227596496136
2025-2026,mapped,preseason,2025-08-08,eng-championship:2025-2026:ipswich-town:sheffield-united,5,0.8908681931640592,0.5237221005874193,5.617636576029613
2025-2026,mapped,preseason,2025-08-08,eng-championship:2025-2026:oxford-united:leicester-city,5,1.3512954930183025,0.8272757448121613,3.009519130645891
2025-2026,mapped,preseason,2025-08-08,eng-championship:2025-2026:southampton:portsmouth,5,1.4374926871564173,0.9134242578839494,2.67990446723147
2025-2026,mapped,preseason,2025-08-08,eng-championship:2025-2026:hull-city:southampton,6,0.9624551494690659,0.5763505559340676,3.3707510473440605
2025-2026,mapped,preseason,2025-08-08,eng-championship:2025-2026:leicester-city:coventry-city,6,1.39256753019446,0.8678284841852644,2.6260917831275483
2025-2026,mapped,preseason,2025-08-08,eng-championship:2025-2026:west-bromwich-albion:leicester-city,7,1.3413491661103176,0.8245993223793823,2.1101543918640533
2025-2026,mapped,preseason,2025-08-08,eng-championship:2025-2026:ipswich-town:portsmouth,6,0.5941792262335135,0.3010897648796481,2.3736927048178984
2025-2026,mapped,preseason,2025-08-08,eng-championship:2025-2026:southampton:middlesbrough,7,1.37201478715204,0.8467625311882472,2.1401916638089697
2025-2026,mapped,preseason,2025-08-08,eng-championship:2025-2026:bristol-city:ipswich-town,7,1.3470904382961773,0.8226586231546538,2.1139510304396683
2025-2026,mapped,preseason,2025-08-08,eng-championship:2025-2026:leicester-city:wrexham,8,1.4432397832394879,0.9001724248752312,2.2850819737759194
2025-2026,mapped,preseason,2025-08-08,eng-championship:2025-2026:sheffield-united:southampton,8,1.3874297946608436,0.8746219987837778,2.8379463310497357
2025-2026,mapped,preseason,2025-08-08,eng-championship:2025-2026:derby-county:southampton,9,1.3195388893844597,0.805494287108222,2.0926925774862304
2025-2026,mapped,preseason,2025-08-08,eng-championship:2025-2026:swansea-city:leicester-city,9,1.0033869989390507,0.6076169729729994,3.393557585990518
2025-2026,mapped,preseason,2025-08-08,eng-championship:2025-2026:ipswich-town:norwich-city,8,0.6874894684119742,0.37106873818787406,2.9490416307055494
2025-2026,mapped,preseason,2025-08-08,eng-championship:2025-2026:middlesbrough:ipswich-town,9,0.8570007095505934,0.49915217900655473,2.475536101211927
2025-2026,mapped,preseason,2025-08-08,eng-championship:2025-2026:leicester-city:portsmouth,10,1.4596128204230958,0.9377196514307072,2.226292157978949
2025-2026,mapped,preseason,2025-08-08,eng-championship:2025-2026:southampton:swansea-city,10,1.39016503130798,0.8750206416042551,2.5575729981954947
2025-2026,mapped,preseason,2025-08-08,eng-championship:2025-2026:ipswich-town:charlton-athletic,10,1.4717492984051834,0.9357559067154347,4.3484448168672865
